{
"type": "FeatureCollection",
"name": "narrow_residential_roadways",
"crs": { "type": "name", "properties": { "name": "urn:ogc:def:crs:OGC:1.3:CRS84" } },
"features": [
{ "type": "Feature", "properties": { "street": "NW 2ND ST", "pavement_max_ft": 18, "pavement_min_ft": 10, "graded_roadway_max_ft": 18, "block_len_ft": 529.0, "n_segments": 2, "row_width_ft": 198.2 }, "geometry": { "type": "LineString", "coordinates": [ [ -122.786341840022558, 45.598527411848735 ], [ -122.786695360324558, 45.599140572448832 ] ] } },
{ "type": "Feature", "properties": { "street": "NW 3RD CT", "pavement_max_ft": 10, "pavement_min_ft": 10, "graded_roadway_max_ft": 10, "block_len_ft": 193.0, "n_segments": 1, "row_width_ft": 29.6 }, "geometry": { "type": "LineString", "coordinates": [ [ -122.786182901997691, 45.597747501003809 ], [ -122.786915529315834, 45.597873696055423 ] ] } },
{ "type": "Feature", "properties": { "street": "NW 3RD ST", "pavement_max_ft": 12, "pavement_min_ft": 12, "graded_roadway_max_ft": 12, "block_len_ft": 394.0, "n_segments": 1, "row_width_ft": 30.0 }, "geometry": { "type": "LineString", "coordinates": [ [ -122.786190054383965, 45.596920105376476 ], [ -122.786915529315834, 45.597873696055423 ] ] } },
{ "type": "Feature", "properties": { "street": "NW WILARK AVE", "pavement_max_ft": 12, "pavement_min_ft": 12, "graded_roadway_max_ft": 12, "block_len_ft": 468.0, "n_segments": 1, "row_width_ft": 50.0 }, "geometry": { "type": "LineString", "coordinates": [ [ -122.783486184667595, 45.59400659336147 ], [ -122.783991732254933, 45.595238887577743 ] ] } },
{ "type": "Feature", "properties": { "street": "NW WILARK AVE", "pavement_max_ft": 12, "pavement_min_ft": 12, "graded_roadway_max_ft": 12, "block_len_ft": 449.0, "n_segments": 1, "row_width_ft": 50.0 }, "geometry": { "type": "LineString", "coordinates": [ [ -122.783000442237253, 45.592822510139548 ], [ -122.783486184667595, 45.59400659336147 ] ] } },
{ "type": "Feature", "properties": { "street": "NW HARBOR BLVD", "pavement_max_ft": 10, "pavement_min_ft": 10, "graded_roadway_max_ft": 10, "block_len_ft": 253.0, "n_segments": 1, "row_width_ft": 38.4 }, "geometry": { "type": "LineString", "coordinates": [ [ -122.778675824000402, 45.589748254094545 ], [ -122.779079719128575, 45.589917095890762 ], [ -122.779108011568454, 45.589926844702774 ], [ -122.77915174694634, 45.589934997418972 ], [ -122.779194031545089, 45.589936030888289 ], [ -122.779222512631165, 45.589933056834987 ], [ -122.779248517960355, 45.58992759277379 ], [ -122.779283786716704, 45.589915281032454 ], [ -122.779310726293744, 45.589900928751021 ], [ -122.779341815189127, 45.589875694852651 ], [ -122.779414380199455, 45.589811084680626 ], [ -122.779492132082254, 45.589759649954274 ] ] } },
{ "type": "Feature", "properties": { "street": "NW HARBOR BLVD", "pavement_max_ft": 12, "pavement_min_ft": 12, "graded_roadway_max_ft": 12, "block_len_ft": 406.0, "n_segments": 1, "row_width_ft": 25.0 }, "geometry": { "type": "LineString", "coordinates": [ [ -122.779492132082254, 45.589759649954274 ], [ -122.779569238974659, 45.589720482963152 ], [ -122.779666152820766, 45.589683767616705 ], [ -122.779712883181844, 45.589673495739056 ], [ -122.779770402309481, 45.589672262359265 ], [ -122.779811165162144, 45.5896787838075 ], [ -122.779843803651346, 45.589689085229928 ], [ -122.779880083910726, 45.589707614207086 ], [ -122.779902649590682, 45.58972491231399 ], [ -122.779921186326547, 45.589745298261647 ], [ -122.779938428590128, 45.589768390466475 ], [ -122.779955896330833, 45.589789583562585 ], [ -122.779992466746066, 45.589823595092604 ], [ -122.78003532536826, 45.589852782480712 ], [ -122.780068572915255, 45.589870194325243 ], [ -122.780109575618056, 45.589886956787936 ], [ -122.780155543309448, 45.589900704958268 ], [ -122.78019909902433, 45.58990952842781 ], [ -122.78025259010623, 45.589914554963414 ], [ -122.780334399679177, 45.589919534351196 ], [ -122.780416235303221, 45.589924337721882 ], [ -122.780481223922436, 45.589932142805445 ], [ -122.780552896905704, 45.589950610096558 ], [ -122.780616454508689, 45.58997765630307 ], [ -122.780667223695289, 45.590009383277057 ], [ -122.780702099887861, 45.590035333124739 ], [ -122.780736984165301, 45.590061282960441 ], [ -122.780761564766436, 45.590074542014335 ], [ -122.78079449700472, 45.590082139629295 ], [ -122.780830579634795, 45.590080949005305 ] ] } },
{ "type": "Feature", "properties": { "street": "NW HARBOR BLVD", "pavement_max_ft": 14, "pavement_min_ft": 14, "graded_roadway_max_ft": 14, "block_len_ft": 343.0, "n_segments": 1, "row_width_ft": 174.4 }, "geometry": { "type": "LineString", "coordinates": [ [ -122.777490257132854, 45.589391983954449 ], [ -122.777508055453566, 45.589383376026092 ], [ -122.777530212400066, 45.589377334193713 ], [ -122.777563519235841, 45.589375541320251 ], [ -122.777590379761136, 45.589380106483944 ], [ -122.777613779077654, 45.589389459347828 ], [ -122.777633866305749, 45.589404122306739 ], [ -122.777647099388162, 45.589422613659785 ], [ -122.777662789362921, 45.589445844297344 ], [ -122.777689684922549, 45.589467557397448 ], [ -122.777719296987556, 45.589481347789054 ], [ -122.777759318730091, 45.589490439752112 ], [ -122.777959691547494, 45.589520497345255 ], [ -122.778161672349214, 45.589564921123312 ], [ -122.778356196235777, 45.589622348172583 ], [ -122.778537437632608, 45.589690404103564 ], [ -122.778675824000402, 45.589748254094545 ] ] } },
{ "type": "Feature", "properties": { "street": "NW SPRINGVILLE RD", "pavement_max_ft": 16, "pavement_min_ft": 16, "graded_roadway_max_ft": 16, "block_len_ft": 374.0, "n_segments": 1, "row_width_ft": 40.0 }, "geometry": { "type": "LineString", "coordinates": [ [ -122.772893199633245, 45.585829069533553 ], [ -122.774271853082951, 45.586167287307667 ] ] } },
{ "type": "Feature", "properties": { "street": "NW SPRINGVILLE RD", "pavement_max_ft": 14, "pavement_min_ft": 14, "graded_roadway_max_ft": 14, "block_len_ft": 351.0, "n_segments": 1, "row_width_ft": 39.9 }, "geometry": { "type": "LineString", "coordinates": [ [ -122.774271853082951, 45.586167287307667 ], [ -122.774378218104204, 45.586330445999273 ], [ -122.774839446408734, 45.586144410513633 ], [ -122.775099981197286, 45.58577642912676 ] ] } },
{ "type": "Feature", "properties": { "street": "NW BAILEY ST", "pavement_max_ft": 14, "pavement_min_ft": 14, "graded_roadway_max_ft": 14, "block_len_ft": 480.0, "n_segments": 1, "row_width_ft": 40.0 }, "geometry": { "type": "LineString", "coordinates": [ [ -122.773355646053332, 45.585019103912103 ], [ -122.774180815117091, 45.586026405237227 ], [ -122.774271853082951, 45.586167287307667 ] ] } },
{ "type": "Feature", "properties": { "street": "NW MIDWAY AVE", "pavement_max_ft": 14, "pavement_min_ft": 14, "graded_roadway_max_ft": 14, "block_len_ft": 208.0, "n_segments": 1, "row_width_ft": 30.4 }, "geometry": { "type": "LineString", "coordinates": [ [ -122.773344253618887, 45.584367183482478 ], [ -122.773264215523696, 45.584217803853718 ], [ -122.772972370854191, 45.583861082412497 ] ] } },
{ "type": "Feature", "properties": { "street": "NW ASPEN AVE", "pavement_max_ft": 16, "pavement_min_ft": 16, "graded_roadway_max_ft": 16, "block_len_ft": 250.0, "n_segments": 1, "row_width_ft": 50.0 }, "geometry": { "type": "LineString", "coordinates": [ [ -122.71817096225513, 45.533692687325363 ], [ -122.718205506969426, 45.534378333067806 ] ] } },
{ "type": "Feature", "properties": { "street": "NW LURAY CIRCUS", "pavement_max_ft": 18, "pavement_min_ft": 18, "graded_roadway_max_ft": 18, "block_len_ft": 418.0, "n_segments": 1, "row_width_ft": 25.0 }, "geometry": { "type": "LineString", "coordinates": [ [ -122.712965158708343, 45.530385340992964 ], [ -122.712870665821924, 45.530414679469921 ], [ -122.712835352149781, 45.530435639471051 ], [ -122.712792618393408, 45.530484258941065 ], [ -122.712686479747646, 45.530596386253634 ], [ -122.712655691787916, 45.530624496866068 ], [ -122.712609876810134, 45.5306485566947 ], [ -122.712559584628949, 45.530666905036696 ], [ -122.712492251406829, 45.530684134487466 ], [ -122.71245184338872, 45.530683464289041 ], [ -122.712408922782728, 45.530672703355663 ], [ -122.712357165449305, 45.530653421771653 ], [ -122.712318147124932, 45.530633893497438 ], [ -122.712280862549107, 45.530604195178 ], [ -122.711976988539632, 45.530142298173487 ] ] } },
{ "type": "Feature", "properties": { "street": "NW UNNAMED RD", "pavement_max_ft": 15, "pavement_min_ft": 15, "graded_roadway_max_ft": 15, "block_len_ft": 156.0, "n_segments": 1, "row_width_ft": 15.0 }, "geometry": { "type": "LineString", "coordinates": [ [ -122.711702377150516, 45.52909990032073 ], [ -122.711782095445471, 45.529110493528776 ], [ -122.712309721825918, 45.529110571563379 ] ] } },
{ "type": "Feature", "properties": { "street": "NW RAPIDAN TER", "pavement_max_ft": 18, "pavement_min_ft": 18, "graded_roadway_max_ft": 18, "block_len_ft": 229.0, "n_segments": 1, "row_width_ft": 34.2 }, "geometry": { "type": "LineString", "coordinates": [ [ -122.709438261511806, 45.528319833730478 ], [ -122.709383775096569, 45.528571961077951 ], [ -122.709393449952202, 45.528681476133329 ], [ -122.709418381794563, 45.528765380976857 ], [ -122.709454699783151, 45.528823752499626 ], [ -122.709532195646133, 45.528923304395995 ] ] } },
{ "type": "Feature", "properties": { "street": "NW WINCHESTER TER", "pavement_max_ft": 18, "pavement_min_ft": 18, "graded_roadway_max_ft": 18, "block_len_ft": 270.0, "n_segments": 1, "row_width_ft": 40.0 }, "geometry": { "type": "LineString", "coordinates": [ [ -122.710378577527052, 45.52798221976407 ], [ -122.71037057713113, 45.528255797791928 ], [ -122.710334284295328, 45.528528242345445 ], [ -122.710301797621412, 45.528598987758549 ], [ -122.710234234430573, 45.528707077359698 ] ] } },
{ "type": "Feature", "properties": { "street": "NW ARIEL TER", "pavement_max_ft": 16, "pavement_min_ft": 16, "graded_roadway_max_ft": 16, "block_len_ft": 291.0, "n_segments": 1, "row_width_ft": 30.1 }, "geometry": { "type": "LineString", "coordinates": [ [ -122.707102631891601, 45.526952804102059 ], [ -122.707165681946478, 45.526935278978904 ], [ -122.707245091220955, 45.526927974902222 ], [ -122.707305964657834, 45.526931513660166 ], [ -122.707372884654944, 45.526944012906341 ], [ -122.707433175085256, 45.526968280731559 ], [ -122.707486488300745, 45.527000641171959 ], [ -122.707525308097416, 45.527026606289759 ], [ -122.707563254731681, 45.52704321129665 ], [ -122.707629476737765, 45.527067684871511 ], [ -122.707679863242035, 45.527076798896537 ], [ -122.707741172361892, 45.527083712137149 ], [ -122.707793041984672, 45.527082705201785 ], [ -122.707834315978758, 45.527080768109975 ], [ -122.707878007339247, 45.527070683022096 ], [ -122.707938196259889, 45.527048723641776 ], [ -122.708045106558487, 45.527017159967549 ], [ -122.708149016484029, 45.527005789136034 ] ] } },
{ "type": "Feature", "properties": { "street": "NW MONTE VISTA TER", "pavement_max_ft": 16, "pavement_min_ft": 16, "graded_roadway_max_ft": 16, "block_len_ft": 765.0, "n_segments": 1, "row_width_ft": 16.0 }, "geometry": { "type": "LineString", "coordinates": [ [ -122.707298220281842, 45.525862458165861 ], [ -122.707819128162228, 45.525898855879518 ], [ -122.708113569861226, 45.525916397688562 ], [ -122.70833604303121, 45.525912121900618 ], [ -122.708552063602539, 45.52590096985876 ], [ -122.708681021253156, 45.525877413365841 ], [ -122.708769399307457, 45.525844099445735 ], [ -122.708866391306998, 45.525793759730085 ], [ -122.708963794734913, 45.525753950245253 ], [ -122.709058844576845, 45.525733152759749 ], [ -122.709209591762971, 45.525713391176538 ], [ -122.709537364552247, 45.525713413203746 ], [ -122.709689589467075, 45.525731564281159 ], [ -122.709813759097216, 45.525743928483855 ], [ -122.710062684957407, 45.52574276607519 ], [ -122.71016733419637, 45.525666708499337 ] ] } },
{ "type": "Feature", "properties": { "street": "NW QUEENS DR", "pavement_max_ft": 12, "pavement_min_ft": 12, "graded_roadway_max_ft": 12, "block_len_ft": 163.0, "n_segments": 1, "row_width_ft": 50.2 }, "geometry": { "type": "LineString", "coordinates": [ [ -122.741267979513111, 45.524700164593156 ], [ -122.741866780311838, 45.524552295348258 ] ] } },
{ "type": "Feature", "properties": { "street": "NW CALUMET TER", "pavement_max_ft": 18, "pavement_min_ft": 18, "graded_roadway_max_ft": 18, "block_len_ft": 802.0, "n_segments": 1, "row_width_ft": 30.1 }, "geometry": { "type": "LineString", "coordinates": [ [ -122.70966679561505, 45.524468059468568 ], [ -122.709634823675756, 45.524562097044985 ], [ -122.709604904386921, 45.524608665465571 ], [ -122.709554958955422, 45.524650205247092 ], [ -122.709464961238709, 45.524681695984789 ], [ -122.708362493924781, 45.524889562984434 ], [ -122.708253312685159, 45.524937650405555 ], [ -122.708076255640975, 45.525076324990906 ], [ -122.707966878568612, 45.525126126619419 ], [ -122.707152454253929, 45.525413870176926 ], [ -122.707012944093663, 45.525475509000117 ] ] } },
{ "type": "Feature", "properties": { "street": "SW PARKSIDE LN", "pavement_max_ft": 9, "pavement_min_ft": 8, "graded_roadway_max_ft": 9, "block_len_ft": 318.0, "n_segments": 1, "row_width_ft": 10.0 }, "geometry": { "type": "LineString", "coordinates": [ [ -122.70600903544117, 45.523422783432054 ], [ -122.706013562950204, 45.522549723298233 ] ] } },
{ "type": "Feature", "properties": { "street": "SW TAYLOR ST", "pavement_max_ft": 18, "pavement_min_ft": 12, "graded_roadway_max_ft": 18, "block_len_ft": 1375.0, "n_segments": 2, "row_width_ft": 65.2 }, "geometry": { "type": "LineString", "coordinates": [ [ -122.735304073325025, 45.516547970275482 ], [ -122.735912365723024, 45.516541915572226 ] ] } },
{ "type": "Feature", "properties": { "street": "SW CASCADE DR", "pavement_max_ft": 14, "pavement_min_ft": 14, "graded_roadway_max_ft": 14, "block_len_ft": 300.0, "n_segments": 1, "row_width_ft": 30.0 }, "geometry": { "type": "LineString", "coordinates": [ [ -122.711186259087185, 45.517310024285166 ], [ -122.711283032796132, 45.517310361667114 ], [ -122.71136859463202, 45.517271306547968 ], [ -122.711455839012359, 45.517192618397658 ], [ -122.711720710867155, 45.516954285385786 ], [ -122.711989607174402, 45.516819289424944 ], [ -122.712056940396522, 45.516809131369769 ] ] } },
{ "type": "Feature", "properties": { "street": "SW EVERGREEN TER", "pavement_max_ft": 18, "pavement_min_ft": 14, "graded_roadway_max_ft": 28, "block_len_ft": 521.0, "n_segments": 1, "row_width_ft": 30.0 }, "geometry": { "type": "LineString", "coordinates": [ [ -122.712056940396522, 45.516809131369769 ], [ -122.712095495190241, 45.516722583255053 ], [ -122.712104961636655, 45.516634388991712 ], [ -122.712079661485021, 45.516564471368397 ], [ -122.711992780922287, 45.516486938535053 ], [ -122.711913721990811, 45.516444452951923 ], [ -122.711830581114597, 45.516380049742061 ], [ -122.711802314725887, 45.516316788289906 ], [ -122.711801482885932, 45.516254098941893 ], [ -122.712196132553188, 45.515621644093855 ], [ -122.7122337495057, 45.515521976126514 ] ] } },
{ "type": "Feature", "properties": { "street": "SW TAYLOR ST", "pavement_max_ft": 18, "pavement_min_ft": 12, "graded_roadway_max_ft": 18, "block_len_ft": 1375.0, "n_segments": 2, "row_width_ft": 30.1 }, "geometry": { "type": "LineString", "coordinates": [ [ -122.735912365723024, 45.516541915572226 ], [ -122.736020752851942, 45.51641538855457 ], [ -122.738066704539079, 45.515941523584615 ], [ -122.738163506095773, 45.515923205059686 ], [ -122.738258183136821, 45.515901337005914 ], [ -122.738353259928189, 45.515877085808349 ], [ -122.738446569733384, 45.515850069381607 ], [ -122.738537807125198, 45.515819764640007 ], [ -122.738624963470727, 45.515785997846912 ], [ -122.738710053691037, 45.515749287672321 ], [ -122.738793073294673, 45.515709467932524 ], [ -122.73887101472198, 45.515663689045091 ], [ -122.738944244485651, 45.515613286086328 ], [ -122.739015400937589, 45.515560249407237 ], [ -122.739080523405789, 45.515504521089774 ], [ -122.739143592325277, 45.515446522237816 ], [ -122.739200646125582, 45.515386193045124 ], [ -122.739255642783917, 45.515323766406695 ], [ -122.739304652170873, 45.515259552013241 ], [ -122.739349638901984, 45.51519348754131 ], [ -122.739408926812416, 45.515118657644834 ], [ -122.739471237553772, 45.51506699651884 ], [ -122.739562823491966, 45.515023536703843 ], [ -122.739680652812794, 45.51499272542334 ], [ -122.739880117433444, 45.51495658817867 ] ] } },
{ "type": "Feature", "properties": { "street": "SW MILL STREET TER", "pavement_max_ft": 18, "pavement_min_ft": 18, "graded_roadway_max_ft": 18, "block_len_ft": 133.0, "n_segments": 1, "row_width_ft": null }, "geometry": { "type": "LineString", "coordinates": [ [ -122.693912723372122, 45.515094731545283 ], [ -122.694394285043145, 45.515227765817301 ] ] } },
{ "type": "Feature", "properties": { "street": "SW JEFFERSON ST", "pavement_max_ft": 14, "pavement_min_ft": 14, "graded_roadway_max_ft": 14, "block_len_ft": 273.0, "n_segments": 1, "row_width_ft": 40.0 }, "geometry": { "type": "LineString", "coordinates": [ [ -122.734220977281879, 45.513479850532924 ], [ -122.735284510713072, 45.513479516275467 ] ] } },
{ "type": "Feature", "properties": { "street": "SW CABLE AVE", "pavement_max_ft": 12, "pavement_min_ft": 12, "graded_roadway_max_ft": 12, "block_len_ft": 431.0, "n_segments": 1, "row_width_ft": 20.0 }, "geometry": { "type": "LineString", "coordinates": [ [ -122.694394285043145, 45.515227765817301 ], [ -122.69480656504615, 45.514450197874581 ], [ -122.694885309567312, 45.514103220251016 ] ] } },
{ "type": "Feature", "properties": { "street": "SW HIGHLAND PKWY", "pavement_max_ft": 16, "pavement_min_ft": 16, "graded_roadway_max_ft": 16, "block_len_ft": 1397.0, "n_segments": 1, "row_width_ft": 50.0 }, "geometry": { "type": "LineString", "coordinates": [ [ -122.729665115622936, 45.513475737466401 ], [ -122.72954029022263, 45.513462143697488 ], [ -122.72946230657449, 45.513449530036695 ], [ -122.72936590027652, 45.513412560877526 ], [ -122.728900379821567, 45.513002973903845 ], [ -122.728878780728891, 45.512936502018938 ], [ -122.72888598342081, 45.512878101421492 ], [ -122.728921479450946, 45.512814835403042 ], [ -122.728991595653824, 45.512746583713735 ], [ -122.729181218332215, 45.512658748326622 ], [ -122.72924653483652, 45.512629429546067 ], [ -122.729285869367871, 45.512583351030621 ], [ -122.729293156501413, 45.512527106095291 ], [ -122.729284714134408, 45.512473325588523 ], [ -122.729164364140814, 45.512309813873955 ], [ -122.729131830754497, 45.512206799909016 ], [ -122.729138015655252, 45.512122470634878 ], [ -122.729397229920366, 45.511751446011338 ], [ -122.729523365962677, 45.511578417186634 ], [ -122.729632389098768, 45.511453224270703 ], [ -122.729739525772843, 45.511360455280482 ], [ -122.729752625006356, 45.511291105218817 ], [ -122.729725294662131, 45.511239811991167 ], [ -122.72966085401525, 45.511210833037467 ], [ -122.72956589400485, 45.511210516392858 ], [ -122.729478443011956, 45.511240284754521 ], [ -122.729349255392634, 45.511335640602496 ], [ -122.729218885590356, 45.511400789259667 ], [ -122.729043727584681, 45.511453849373524 ], [ -122.728820457609032, 45.511490571163314 ], [ -122.728600006546756, 45.511518601932913 ], [ -122.728482906657902, 45.511518713355947 ], [ -122.72836468477324, 45.51149145247588 ] ] } },
{ "type": "Feature", "properties": { "street": "SW HIGHLAND PKWY", "pavement_max_ft": 18, "pavement_min_ft": 18, "graded_roadway_max_ft": 18, "block_len_ft": 316.0, "n_segments": 1, "row_width_ft": 50.0 }, "geometry": { "type": "LineString", "coordinates": [ [ -122.72836468477324, 45.51149145247588 ], [ -122.727366326810895, 45.51098256266485 ] ] } },
{ "type": "Feature", "properties": { "street": "SW HIGHLAND PKWY", "pavement_max_ft": 16, "pavement_min_ft": 16, "graded_roadway_max_ft": 16, "block_len_ft": 585.0, "n_segments": 1, "row_width_ft": 49.0 }, "geometry": { "type": "LineString", "coordinates": [ [ -122.727366326810895, 45.51098256266485 ], [ -122.727293278506878, 45.510945034134778 ], [ -122.727213059850357, 45.51091339029044 ], [ -122.727129132049981, 45.510887526012617 ], [ -122.727041488817619, 45.51086775858542 ], [ -122.726950142729606, 45.510854243505598 ], [ -122.726806394317862, 45.510825898276408 ], [ -122.726512900341476, 45.510729054644479 ], [ -122.726442625136798, 45.510713148623211 ], [ -122.726376017753438, 45.510710123161083 ], [ -122.726294184824326, 45.510722498848708 ], [ -122.726222439077503, 45.510749794095148 ], [ -122.726148793393932, 45.510809503777637 ], [ -122.725888689796619, 45.510999102531073 ], [ -122.725831483282747, 45.51102593620945 ], [ -122.72574111186681, 45.511005911988896 ], [ -122.725701678520807, 45.510945260130676 ], [ -122.725681777244006, 45.510735908830739 ] ] } },
{ "type": "Feature", "properties": { "street": "SW LAUREL ST", "pavement_max_ft": 16, "pavement_min_ft": 16, "graded_roadway_max_ft": 28, "block_len_ft": 129.0, "n_segments": 1, "row_width_ft": 60.0 }, "geometry": { "type": "LineString", "coordinates": [ [ -122.696115719435568, 45.510028406104041 ], [ -122.696590086499469, 45.510146482902471 ] ] } },
{ "type": "Feature", "properties": { "street": "SW HILLCREST DR", "pavement_max_ft": 18, "pavement_min_ft": 18, "graded_roadway_max_ft": 18, "block_len_ft": 147.0, "n_segments": 1, "row_width_ft": 30.0 }, "geometry": { "type": "LineString", "coordinates": [ [ -122.701803213112441, 45.507549527464143 ], [ -122.701809418674429, 45.50746777175376 ], [ -122.70182143992956, 45.507408992785273 ], [ -122.701873264636603, 45.507331560028724 ], [ -122.701944078830437, 45.50725213839695 ], [ -122.702005041200593, 45.507181195530109 ] ] } },
{ "type": "Feature", "properties": { "street": "SW GERALD AVE", "pavement_max_ft": 18, "pavement_min_ft": 14, "graded_roadway_max_ft": 18, "block_len_ft": 1089.0, "n_segments": 3, "row_width_ft": 30.0 }, "geometry": { "type": "LineString", "coordinates": [ [ -122.699969022185542, 45.507125646523598 ], [ -122.700430534357707, 45.507128440501155 ], [ -122.700489821369828, 45.507120801446455 ], [ -122.700522594606298, 45.507105537813828 ], [ -122.700542769869273, 45.507072628916745 ], [ -122.700550202529968, 45.50658792729282 ] ] } },
{ "type": "Feature", "properties": { "street": "SW GERALD AVE", "pavement_max_ft": 18, "pavement_min_ft": 14, "graded_roadway_max_ft": 18, "block_len_ft": 1089.0, "n_segments": 3, "row_width_ft": 30.0 }, "geometry": { "type": "LineString", "coordinates": [ [ -122.700550202529968, 45.50658792729282 ], [ -122.701699815226576, 45.50659272645769 ] ] } },
{ "type": "Feature", "properties": { "street": "SW FERN ST", "pavement_max_ft": 18, "pavement_min_ft": 18, "graded_roadway_max_ft": 20, "block_len_ft": 1022.0, "n_segments": 2, "row_width_ft": 40.0 }, "geometry": { "type": "LineString", "coordinates": [ [ -122.707367548662162, 45.507225254443512 ], [ -122.707357627668173, 45.505986937416345 ] ] } },
{ "type": "Feature", "properties": { "street": "SW FERN ST", "pavement_max_ft": 18, "pavement_min_ft": 18, "graded_roadway_max_ft": 20, "block_len_ft": 1022.0, "n_segments": 2, "row_width_ft": 40.0 }, "geometry": { "type": "LineString", "coordinates": [ [ -122.705130995133004, 45.50595950261377 ], [ -122.707357627668173, 45.505986937416345 ] ] } },
{ "type": "Feature", "properties": { "street": "SW GERALD AVE", "pavement_max_ft": 18, "pavement_min_ft": 14, "graded_roadway_max_ft": 18, "block_len_ft": 1089.0, "n_segments": 3, "row_width_ft": 20.0 }, "geometry": { "type": "LineString", "coordinates": [ [ -122.701699815226576, 45.50659272645769 ], [ -122.701325443230274, 45.506186565070131 ], [ -122.701317747363248, 45.505858844216746 ], [ -122.701382559912631, 45.505743760858778 ], [ -122.701849461078226, 45.505749609594112 ] ] } },
{ "type": "Feature", "properties": { "street": "SW AUDREY LN", "pavement_max_ft": 16, "pavement_min_ft": 16, "graded_roadway_max_ft": 16, "block_len_ft": 477.0, "n_segments": 1, "row_width_ft": 16.0 }, "geometry": { "type": "LineString", "coordinates": [ [ -122.704790641438166, 45.50638499017434 ], [ -122.704701860938641, 45.506347615970469 ], [ -122.704580721325925, 45.506281915629515 ], [ -122.704523184231974, 45.506229552608104 ], [ -122.70449861800391, 45.506185472769126 ], [ -122.704479624923835, 45.506116776749245 ], [ -122.704492482510503, 45.506027423195242 ], [ -122.704578480029326, 45.505520378375479 ], [ -122.704492265118219, 45.505306880642827 ], [ -122.704333964897174, 45.505258719782034 ] ] } },
{ "type": "Feature", "properties": { "street": "SW TALBOT PL", "pavement_max_ft": 18, "pavement_min_ft": 18, "graded_roadway_max_ft": 18, "block_len_ft": 253.0, "n_segments": 1, "row_width_ft": 20.0 }, "geometry": { "type": "LineString", "coordinates": [ [ -122.703031828146749, 45.505574863724874 ], [ -122.702737817639076, 45.505439642150556 ], [ -122.702734528008534, 45.504992833590713 ] ] } },
{ "type": "Feature", "properties": { "street": "SW BRAE MAR CT", "pavement_max_ft": 16, "pavement_min_ft": 16, "graded_roadway_max_ft": 16, "block_len_ft": 417.0, "n_segments": 1, "row_width_ft": 24.5 }, "geometry": { "type": "LineString", "coordinates": [ [ -122.696264414869574, 45.506103256121627 ], [ -122.696266282467064, 45.504960816835414 ] ] } },
{ "type": "Feature", "properties": { "street": "SW DAVENPORT LN", "pavement_max_ft": 12, "pavement_min_ft": 12, "graded_roadway_max_ft": 12, "block_len_ft": 289.0, "n_segments": 1, "row_width_ft": 24.0 }, "geometry": { "type": "LineString", "coordinates": [ [ -122.689953971882545, 45.505676497210317 ], [ -122.68992619058406, 45.504955989200283 ], [ -122.689875442058721, 45.504892855932965 ] ] } },
{ "type": "Feature", "properties": { "street": "SW DAVENPORT ST", "pavement_max_ft": 18, "pavement_min_ft": 18, "graded_roadway_max_ft": 18, "block_len_ft": 137.0, "n_segments": 1, "row_width_ft": 30.0 }, "geometry": { "type": "LineString", "coordinates": [ [ -122.687917813628587, 45.504571260349259 ], [ -122.687775607624189, 45.504933741024253 ] ] } },
{ "type": "Feature", "properties": { "street": "SW COMMONWEALTH AVE", "pavement_max_ft": 18, "pavement_min_ft": 18, "graded_roadway_max_ft": 20, "block_len_ft": 391.0, "n_segments": 1, "row_width_ft": 30.0 }, "geometry": { "type": "LineString", "coordinates": [ [ -122.68620181224702, 45.505583243999197 ], [ -122.686585494382967, 45.504925320989592 ], [ -122.686771790599849, 45.504588267993228 ] ] } },
{ "type": "Feature", "properties": { "street": "SW CROSS AVE", "pavement_max_ft": 18, "pavement_min_ft": 18, "graded_roadway_max_ft": 18, "block_len_ft": 285.0, "n_segments": 1, "row_width_ft": 30.0 }, "geometry": { "type": "LineString", "coordinates": [ [ -122.68703665347148, 45.5053464470978 ], [ -122.686771790599849, 45.504588267993228 ] ] } },
{ "type": "Feature", "properties": { "street": "SW SHEFFIELD AVE", "pavement_max_ft": 12, "pavement_min_ft": 12, "graded_roadway_max_ft": 12, "block_len_ft": 387.0, "n_segments": 1, "row_width_ft": 29.9 }, "geometry": { "type": "LineString", "coordinates": [ [ -122.68620181224702, 45.505583243999197 ], [ -122.686042777204051, 45.505143043391961 ], [ -122.685984740646816, 45.504861213722748 ], [ -122.685971741126366, 45.504540296023215 ] ] } },
{ "type": "Feature", "properties": { "street": "SW SHERWOOD DR", "pavement_max_ft": 16, "pavement_min_ft": 16, "graded_roadway_max_ft": 16, "block_len_ft": 757.0, "n_segments": 1, "row_width_ft": 40.0 }, "geometry": { "type": "LineString", "coordinates": [ [ -122.697628494052111, 45.50191921886195 ], [ -122.696312773876301, 45.502562397567367 ], [ -122.69622202696462, 45.502590798585771 ], [ -122.696124502264098, 45.502587628506731 ], [ -122.696012727588254, 45.502562000913777 ], [ -122.695920968275246, 45.502520690372862 ], [ -122.69583917307537, 45.502503799211617 ], [ -122.695731416563774, 45.502515086220093 ], [ -122.695633855930637, 45.50255693822875 ], [ -122.695568660698896, 45.502619705794928 ], [ -122.695472654151203, 45.502818404758074 ], [ -122.695454786660193, 45.502899870047386 ], [ -122.695487131400341, 45.502959626462982 ] ] } },
{ "type": "Feature", "properties": { "street": "SW 4TH AVE", "pavement_max_ft": 16, "pavement_min_ft": 16, "graded_roadway_max_ft": 16, "block_len_ft": 522.0, "n_segments": 2, "row_width_ft": 20.1 }, "geometry": { "type": "LineString", "coordinates": [ [ -122.681903126575818, 45.502293618796671 ], [ -122.681937310167314, 45.502214919148578 ], [ -122.681951292444708, 45.501670371385849 ], [ -122.68192690138811, 45.50158453727478 ] ] } },
{ "type": "Feature", "properties": { "street": "SW GASTON AVE", "pavement_max_ft": 18, "pavement_min_ft": 18, "graded_roadway_max_ft": 18, "block_len_ft": 435.0, "n_segments": 1, "row_width_ft": 40.0 }, "geometry": { "type": "LineString", "coordinates": [ [ -122.710880702533203, 45.501104331142564 ], [ -122.711571261746627, 45.501098486331976 ], [ -122.711572089095, 45.50039041606005 ] ] } },
{ "type": "Feature", "properties": { "street": "SW 4TH AVE", "pavement_max_ft": 16, "pavement_min_ft": 16, "graded_roadway_max_ft": 16, "block_len_ft": 522.0, "n_segments": 2, "row_width_ft": 20.0 }, "geometry": { "type": "LineString", "coordinates": [ [ -122.68192690138811, 45.50158453727478 ], [ -122.681739837111664, 45.500879293847603 ] ] } },
{ "type": "Feature", "properties": { "street": "SW GROVER ST", "pavement_max_ft": 16, "pavement_min_ft": 1, "graded_roadway_max_ft": 28, "block_len_ft": 259.0, "n_segments": 1, "row_width_ft": 60.0 }, "geometry": { "type": "LineString", "coordinates": [ [ -122.692202967976712, 45.499828735164883 ], [ -122.693211636801905, 45.499877572495663 ] ] } },
{ "type": "Feature", "properties": { "street": "SW CURRY ST", "pavement_max_ft": 12, "pavement_min_ft": 12, "graded_roadway_max_ft": 12, "block_len_ft": 253.0, "n_segments": 1, "row_width_ft": 60.0 }, "geometry": { "type": "LineString", "coordinates": [ [ -122.692344004374647, 45.49770666677351 ], [ -122.693327626373105, 45.497739731005488 ] ] } },
{ "type": "Feature", "properties": { "street": "SW BEAVERTON CT", "pavement_max_ft": 12, "pavement_min_ft": 1, "graded_roadway_max_ft": 28, "block_len_ft": 212.0, "n_segments": 1, "row_width_ft": 15.0 }, "geometry": { "type": "LineString", "coordinates": [ [ -122.703222273681888, 45.497559156653445 ], [ -122.703268877380566, 45.497496938810585 ], [ -122.703320325693511, 45.497401637597847 ], [ -122.703334424751887, 45.497379069714093 ], [ -122.703352899504011, 45.497363846887175 ], [ -122.703383654226073, 45.497349321727306 ], [ -122.703439702811579, 45.497337561432772 ], [ -122.703861625330887, 45.49733318209676 ] ] } },
{ "type": "Feature", "properties": { "street": "SW TUNNELWOOD ST", "pavement_max_ft": 18, "pavement_min_ft": 18, "graded_roadway_max_ft": 18, "block_len_ft": 529.0, "n_segments": 1, "row_width_ft": 53.4 }, "geometry": { "type": "LineString", "coordinates": [ [ -122.713483291692881, 45.496916059320334 ], [ -122.713692781512094, 45.496859138832605 ], [ -122.713982004897588, 45.496837966716164 ], [ -122.714243194558023, 45.49674488209974 ], [ -122.715356467706471, 45.496336558500843 ] ] } },
{ "type": "Feature", "properties": { "street": "SW DOSCH CT", "pavement_max_ft": 18, "pavement_min_ft": 18, "graded_roadway_max_ft": 18, "block_len_ft": 523.0, "n_segments": 1, "row_width_ft": 56.5 }, "geometry": { "type": "LineString", "coordinates": [ [ -122.711669804238355, 45.496284923583168 ], [ -122.711896755509997, 45.496299534024217 ], [ -122.713215404193662, 45.496803685426038 ], [ -122.713483291692881, 45.496916059320334 ] ] } },
{ "type": "Feature", "properties": { "street": "SW TUNNELWOOD ST", "pavement_max_ft": 18, "pavement_min_ft": 18, "graded_roadway_max_ft": 18, "block_len_ft": 253.0, "n_segments": 1, "row_width_ft": 55.0 }, "geometry": { "type": "LineString", "coordinates": [ [ -122.715356467706471, 45.496336558500843 ], [ -122.716228535116315, 45.496012650963827 ] ] } },
{ "type": "Feature", "properties": { "street": "SW BLACKSTONE LN", "pavement_max_ft": 10, "pavement_min_ft": 10, "graded_roadway_max_ft": 10, "block_len_ft": 141.0, "n_segments": 1, "row_width_ft": 20.0 }, "geometry": { "type": "LineString", "coordinates": [ [ -122.701542474406281, 45.496589873172169 ], [ -122.70132566691079, 45.496233199833341 ] ] } },
{ "type": "Feature", "properties": { "street": "SW JERALD WAY", "pavement_max_ft": 18, "pavement_min_ft": 18, "graded_roadway_max_ft": 18, "block_len_ft": 313.0, "n_segments": 1, "row_width_ft": 50.1 }, "geometry": { "type": "LineString", "coordinates": [ [ -122.715356467706471, 45.496336558500843 ], [ -122.714841100634715, 45.495557652179642 ] ] } },
{ "type": "Feature", "properties": { "street": "SW TUNNELWOOD ST", "pavement_max_ft": 18, "pavement_min_ft": 18, "graded_roadway_max_ft": 18, "block_len_ft": 449.0, "n_segments": 1, "row_width_ft": 50.1 }, "geometry": { "type": "LineString", "coordinates": [ [ -122.716228535116315, 45.496012650963827 ], [ -122.716651008302861, 45.495856016695662 ], [ -122.716795994593085, 45.495769905475115 ], [ -122.717299238001758, 45.495584639936013 ], [ -122.71777370388034, 45.495444557100001 ] ] } },
{ "type": "Feature", "properties": { "street": "SW JERALD CT", "pavement_max_ft": 18, "pavement_min_ft": 18, "graded_roadway_max_ft": 20, "block_len_ft": 56.0, "n_segments": 1, "row_width_ft": 175.3 }, "geometry": { "type": "LineString", "coordinates": [ [ -122.713703185799702, 45.49552764128061 ], [ -122.713903209172443, 45.495463392967295 ] ] } },
{ "type": "Feature", "properties": { "street": "SW JERALD WAY", "pavement_max_ft": 18, "pavement_min_ft": 18, "graded_roadway_max_ft": 18, "block_len_ft": 244.0, "n_segments": 1, "row_width_ft": 50.1 }, "geometry": { "type": "LineString", "coordinates": [ [ -122.714841100634715, 45.495557652179642 ], [ -122.714669893419682, 45.4955409283153 ], [ -122.714254602263807, 45.495522133403654 ], [ -122.714013614815812, 45.495497000677744 ], [ -122.713903209172443, 45.495463392967295 ] ] } },
{ "type": "Feature", "properties": { "street": "SW NEHALEM CT", "pavement_max_ft": 18, "pavement_min_ft": 18, "graded_roadway_max_ft": 18, "block_len_ft": 310.0, "n_segments": 1, "row_width_ft": 25.2 }, "geometry": { "type": "LineString", "coordinates": [ [ -122.700688298741966, 45.493813098233211 ], [ -122.700880126784355, 45.49382937174073 ], [ -122.700964080635856, 45.493842771263921 ], [ -122.701044854451268, 45.493862943903409 ], [ -122.701124118198692, 45.493889888392566 ], [ -122.701198519365448, 45.493923271607478 ], [ -122.701268054358323, 45.493962753496056 ], [ -122.701332705211001, 45.494007831541133 ], [ -122.701390784887408, 45.494057995669216 ], [ -122.701443963355601, 45.494112906456536 ], [ -122.701488875526536, 45.49417172575496 ], [ -122.701437035548125, 45.494311942735045 ] ] } },
{ "type": "Feature", "properties": { "street": "SW ALTADENA TER", "pavement_max_ft": 18, "pavement_min_ft": 15, "graded_roadway_max_ft": 18, "block_len_ft": 298.0, "n_segments": 1, "row_width_ft": 32.5 }, "geometry": { "type": "LineString", "coordinates": [ [ -122.708783863980145, 45.493351970953732 ], [ -122.709384345526772, 45.493459205111257 ], [ -122.709523755974004, 45.493089393096994 ] ] } },
{ "type": "Feature", "properties": { "street": "SW CHESAPEAK AVE", "pavement_max_ft": 12, "pavement_min_ft": 12, "graded_roadway_max_ft": 14, "block_len_ft": 280.0, "n_segments": 1, "row_width_ft": 40.0 }, "geometry": { "type": "LineString", "coordinates": [ [ -122.705325315102016, 45.493622668311737 ], [ -122.705524284750922, 45.492866537225176 ] ] } },
{ "type": "Feature", "properties": { "street": "SW CHESAPEAK AVE", "pavement_max_ft": 10, "pavement_min_ft": 1, "graded_roadway_max_ft": 28, "block_len_ft": 1054.0, "n_segments": 2, "row_width_ft": 40.0 }, "geometry": { "type": "LineString", "coordinates": [ [ -122.705524284750922, 45.492866537225176 ], [ -122.705525163303278, 45.492778929001069 ], [ -122.705513998142607, 45.492692182096519 ], [ -122.705472172582958, 45.492570379154166 ], [ -122.705365803968462, 45.492403104967842 ], [ -122.705216365627706, 45.492228878127719 ], [ -122.705079465073354, 45.492083600520914 ], [ -122.704912581449761, 45.491942877359278 ] ] } },
{ "type": "Feature", "properties": { "street": "SW 36TH PL", "pavement_max_ft": 18, "pavement_min_ft": 18, "graded_roadway_max_ft": 18, "block_len_ft": 268.0, "n_segments": 1, "row_width_ft": 50.9 }, "geometry": { "type": "LineString", "coordinates": [ [ -122.714430593906087, 45.491869262784498 ], [ -122.714434124285106, 45.491134597923391 ] ] } },
{ "type": "Feature", "properties": { "street": "SW HAMILTON CT", "pavement_max_ft": 12, "pavement_min_ft": 12, "graded_roadway_max_ft": 12, "block_len_ft": 284.0, "n_segments": 1, "row_width_ft": 49.4 }, "geometry": { "type": "LineString", "coordinates": [ [ -122.726758815048839, 45.490197545161529 ], [ -122.727865146915121, 45.490189690325231 ] ] } },
{ "type": "Feature", "properties": { "street": "SW HAMILTON ST", "pavement_max_ft": 16, "pavement_min_ft": 16, "graded_roadway_max_ft": 16, "block_len_ft": 251.0, "n_segments": 1, "row_width_ft": 44.6 }, "geometry": { "type": "LineString", "coordinates": [ [ -122.705508484283371, 45.490537986052196 ], [ -122.706486292385307, 45.490549668419114 ] ] } },
{ "type": "Feature", "properties": { "street": "SW 25TH AVE", "pavement_max_ft": 16, "pavement_min_ft": 16, "graded_roadway_max_ft": 16, "block_len_ft": 357.0, "n_segments": 2, "row_width_ft": 30.0 }, "geometry": { "type": "LineString", "coordinates": [ [ -122.702627354503534, 45.491165853003537 ], [ -122.702607917655754, 45.491110887704352 ], [ -122.702604296546852, 45.4905794552635 ], [ -122.702667035784586, 45.490521406797704 ] ] } },
{ "type": "Feature", "properties": { "street": "SW 25TH AVE", "pavement_max_ft": 16, "pavement_min_ft": 16, "graded_roadway_max_ft": 16, "block_len_ft": 357.0, "n_segments": 2, "row_width_ft": 45.1 }, "geometry": { "type": "LineString", "coordinates": [ [ -122.702667035784586, 45.490521406797704 ], [ -122.703120688596343, 45.49051862270165 ] ] } },
{ "type": "Feature", "properties": { "street": "SW HAMILTON ST", "pavement_max_ft": 16, "pavement_min_ft": 16, "graded_roadway_max_ft": 16, "block_len_ft": 535.0, "n_segments": 1, "row_width_ft": 25.1 }, "geometry": { "type": "LineString", "coordinates": [ [ -122.703120688596343, 45.49051862270165 ], [ -122.703766243112327, 45.490495433021401 ], [ -122.705206658432758, 45.49050755684739 ] ] } },
{ "type": "Feature", "properties": { "street": "SW 49TH AVE", "pavement_max_ft": 16, "pavement_min_ft": 16, "graded_roadway_max_ft": 18, "block_len_ft": 144.0, "n_segments": 1, "row_width_ft": 50.0 }, "geometry": { "type": "LineString", "coordinates": [ [ -122.727865146915121, 45.490189690325231 ], [ -122.727886170187674, 45.489879916824783 ], [ -122.727871249170818, 45.489795567957529 ] ] } },
{ "type": "Feature", "properties": { "street": "SW HAMILTON CT", "pavement_max_ft": 18, "pavement_min_ft": 18, "graded_roadway_max_ft": 18, "block_len_ft": 286.0, "n_segments": 1, "row_width_ft": 50.0 }, "geometry": { "type": "LineString", "coordinates": [ [ -122.709246467605396, 45.490027411164753 ], [ -122.710220375222363, 45.490035330258088 ], [ -122.710358110311574, 45.490012419987416 ] ] } },
{ "type": "Feature", "properties": { "street": "SW HAMILTON CT", "pavement_max_ft": 18, "pavement_min_ft": 1, "graded_roadway_max_ft": 28, "block_len_ft": 352.0, "n_segments": 2, "row_width_ft": 40.0 }, "geometry": { "type": "LineString", "coordinates": [ [ -122.682493944944895, 45.490923288139072 ], [ -122.682500475697026, 45.490505394307661 ] ] } },
{ "type": "Feature", "properties": { "street": "SW HAMILTON CT", "pavement_max_ft": 18, "pavement_min_ft": 1, "graded_roadway_max_ft": 28, "block_len_ft": 352.0, "n_segments": 2, "row_width_ft": 30.0 }, "geometry": { "type": "LineString", "coordinates": [ [ -122.681723512028029, 45.490501187619813 ], [ -122.682500475697026, 45.490505394307661 ] ] } },
{ "type": "Feature", "properties": { "street": "SW 27TH AVE", "pavement_max_ft": 18, "pavement_min_ft": 18, "graded_roadway_max_ft": 21, "block_len_ft": 330.0, "n_segments": 1, "row_width_ft": 40.0 }, "geometry": { "type": "LineString", "coordinates": [ [ -122.705206658432758, 45.49050755684739 ], [ -122.705193229517548, 45.489603918473222 ] ] } },
{ "type": "Feature", "properties": { "street": "SW 29TH AVE", "pavement_max_ft": 18, "pavement_min_ft": 18, "graded_roadway_max_ft": 18, "block_len_ft": 673.0, "n_segments": 1, "row_width_ft": 20.0 }, "geometry": { "type": "LineString", "coordinates": [ [ -122.706486292385307, 45.490549668419114 ], [ -122.706472461024887, 45.48880134575829 ], [ -122.706491220542958, 45.488703857144678 ] ] } },
{ "type": "Feature", "properties": { "street": "SW 47TH AVE", "pavement_max_ft": 18, "pavement_min_ft": 18, "graded_roadway_max_ft": 18, "block_len_ft": 335.0, "n_segments": 1, "row_width_ft": 50.0 }, "geometry": { "type": "LineString", "coordinates": [ [ -122.72491855959548, 45.488574191774816 ], [ -122.724899413801822, 45.487656924901266 ] ] } },
{ "type": "Feature", "properties": { "street": "SW JULIA ST", "pavement_max_ft": 14, "pavement_min_ft": 14, "graded_roadway_max_ft": 14, "block_len_ft": 433.0, "n_segments": 1, "row_width_ft": 50.0 }, "geometry": { "type": "LineString", "coordinates": [ [ -122.723210592745772, 45.487677839742361 ], [ -122.724329424669207, 45.487682127882103 ], [ -122.724899413801822, 45.487656924901266 ] ] } },
{ "type": "Feature", "properties": { "street": "SW NORTHWOOD AVE", "pavement_max_ft": 16, "pavement_min_ft": 10, "graded_roadway_max_ft": 18, "block_len_ft": 825.0, "n_segments": 1, "row_width_ft": 60.0 }, "geometry": { "type": "LineString", "coordinates": [ [ -122.692431953034202, 45.489508534000073 ], [ -122.69160530893673, 45.489504151536146 ], [ -122.691482165182606, 45.489437257045182 ], [ -122.691286934321923, 45.489311143304121 ], [ -122.691110397402312, 45.48917601869632 ], [ -122.69098741803991, 45.489113445853448 ], [ -122.690801700338028, 45.48906938347185 ], [ -122.690564261235437, 45.489000338462255 ], [ -122.690447124515657, 45.488924669538576 ], [ -122.690341338009432, 45.488814158909221 ], [ -122.690308639333097, 45.488624356334419 ], [ -122.690265689981089, 45.488285495302094 ] ] } },
{ "type": "Feature", "properties": { "street": "SW FAIRMOUNT BLVD", "pavement_max_ft": 12, "pavement_min_ft": 12, "graded_roadway_max_ft": 12, "block_len_ft": 270.0, "n_segments": 1, "row_width_ft": 56.0 }, "geometry": { "type": "LineString", "coordinates": [ [ -122.695028720212548, 45.488196720546426 ], [ -122.695011512983285, 45.488062686547572 ], [ -122.694955380854424, 45.487895526187508 ], [ -122.694943910266559, 45.487462211829111 ] ] } },
{ "type": "Feature", "properties": { "street": "SW 31ST DR", "pavement_max_ft": 18, "pavement_min_ft": 16, "graded_roadway_max_ft": 18, "block_len_ft": 962.0, "n_segments": 1, "row_width_ft": 50.0 }, "geometry": { "type": "LineString", "coordinates": [ [ -122.708493495242635, 45.488723547966387 ], [ -122.708494993632556, 45.488641274960592 ], [ -122.708864344046461, 45.487170936372202 ], [ -122.710245121113488, 45.487193503938336 ], [ -122.710372088097444, 45.487216956966776 ] ] } },
{ "type": "Feature", "properties": { "street": "SW TYROL CIR", "pavement_max_ft": 18, "pavement_min_ft": 18, "graded_roadway_max_ft": 18, "block_len_ft": 100.0, "n_segments": 1, "row_width_ft": 50.1 }, "geometry": { "type": "LineString", "coordinates": [ [ -122.698082681361456, 45.487392701962257 ], [ -122.698355552713821, 45.487198626574319 ] ] } },
{ "type": "Feature", "properties": { "street": "SW NORTHWOOD AVE", "pavement_max_ft": 12, "pavement_min_ft": 12, "graded_roadway_max_ft": 12, "block_len_ft": 486.0, "n_segments": 1, "row_width_ft": 60.1 }, "geometry": { "type": "LineString", "coordinates": [ [ -122.690265689981089, 45.488285495302094 ], [ -122.690041756150421, 45.488069763913444 ], [ -122.689986076772456, 45.488013075686752 ], [ -122.689950239382526, 45.487950394490717 ], [ -122.689930297681499, 45.487883979301046 ], [ -122.689930333614143, 45.487816351088902 ], [ -122.689949626731533, 45.487750247479553 ], [ -122.689988913652144, 45.487687972825839 ], [ -122.690046914276735, 45.487631913990732 ], [ -122.690119476592145, 45.487583787133339 ], [ -122.690204152689162, 45.487545624563715 ], [ -122.690287134563505, 45.487513481378294 ], [ -122.690386958951152, 45.487490833328792 ], [ -122.690479445001245, 45.487468105288478 ], [ -122.690574103177639, 45.487437358276594 ], [ -122.690641776861284, 45.487414116945438 ], [ -122.69071256769891, 45.487386899183107 ], [ -122.690779535306746, 45.487356374438853 ] ] } },
{ "type": "Feature", "properties": { "street": "SW MITCHELL ST", "pavement_max_ft": 15, "pavement_min_ft": 15, "graded_roadway_max_ft": 15, "block_len_ft": 317.0, "n_segments": 1, "row_width_ft": 50.0 }, "geometry": { "type": "LineString", "coordinates": [ [ -122.704118002716342, 45.48655197039556 ], [ -122.704205451912586, 45.486587860105629 ], [ -122.705145914353253, 45.487035571721243 ] ] } },
{ "type": "Feature", "properties": { "street": "SW RICHARDSON DR", "pavement_max_ft": 18, "pavement_min_ft": 18, "graded_roadway_max_ft": 18, "block_len_ft": 618.0, "n_segments": 1, "row_width_ft": 50.0 }, "geometry": { "type": "LineString", "coordinates": [ [ -122.704402753390056, 45.487837983182828 ], [ -122.703617486592861, 45.487471163488522 ], [ -122.703537147562031, 45.487434888287304 ], [ -122.703464264548117, 45.487387632875105 ], [ -122.703406654690625, 45.48733241134736 ], [ -122.703360495658075, 45.487270966911318 ], [ -122.703333574945631, 45.487204810390125 ], [ -122.703322078306584, 45.4871363532001 ], [ -122.703346050748266, 45.486518196751163 ] ] } },
{ "type": "Feature", "properties": { "street": "SW MITCHELL ST", "pavement_max_ft": 16, "pavement_min_ft": 16, "graded_roadway_max_ft": 16, "block_len_ft": 201.0, "n_segments": 1, "row_width_ft": 50.1 }, "geometry": { "type": "LineString", "coordinates": [ [ -122.703346050748266, 45.486518196751163 ], [ -122.703665325475001, 45.486502792758223 ], [ -122.70376415452931, 45.486495916098029 ], [ -122.703860454826085, 45.48649858262246 ], [ -122.703957879813586, 45.486510432721047 ], [ -122.704118002716342, 45.48655197039556 ] ] } },
{ "type": "Feature", "properties": { "street": "SW MITCHELL ST", "pavement_max_ft": 18, "pavement_min_ft": 18, "graded_roadway_max_ft": 18, "block_len_ft": 361.0, "n_segments": 1, "row_width_ft": 60.1 }, "geometry": { "type": "LineString", "coordinates": [ [ -122.693948638017204, 45.486609303105439 ], [ -122.694213069697497, 45.48670072609481 ], [ -122.694371346562349, 45.486751019539554 ], [ -122.694482925405481, 45.486806468989691 ], [ -122.694579618266033, 45.48688139572414 ], [ -122.694633314163823, 45.486976339389543 ], [ -122.694664810894324, 45.487063179488466 ], [ -122.694647139236011, 45.487172284103394 ], [ -122.69454908812277, 45.487318605956958 ] ] } },
{ "type": "Feature", "properties": { "street": "SW MITCHELL LN", "pavement_max_ft": 18, "pavement_min_ft": 18, "graded_roadway_max_ft": 18, "block_len_ft": 421.0, "n_segments": 1, "row_width_ft": 30.1 }, "geometry": { "type": "LineString", "coordinates": [ [ -122.692751742495574, 45.4856932506042 ], [ -122.692846571351893, 45.485629474756706 ], [ -122.692992459550666, 45.485616869344604 ], [ -122.693539486846291, 45.485739000333744 ], [ -122.694111508866413, 45.485949033450389 ], [ -122.694008579002855, 45.486018907230118 ] ] } },
{ "type": "Feature", "properties": { "street": "SW FAIRVALE CT", "pavement_max_ft": 16, "pavement_min_ft": 1, "graded_roadway_max_ft": 28, "block_len_ft": 790.0, "n_segments": 2, "row_width_ft": 50.1 }, "geometry": { "type": "LineString", "coordinates": [ [ -122.72320934857909, 45.48497122977831 ], [ -122.72352877152781, 45.484978968828351 ], [ -122.72378836128874, 45.484963019632623 ], [ -122.724023844759017, 45.484944804391041 ], [ -122.724255008231054, 45.484918482279546 ], [ -122.72449374360265, 45.484881089417236 ], [ -122.725045404408519, 45.484758442015035 ], [ -122.725444140511996, 45.484671491295607 ] ] } },
{ "type": "Feature", "properties": { "street": "SW BOUNDARY ST", "pavement_max_ft": 18, "pavement_min_ft": 18, "graded_roadway_max_ft": 18, "block_len_ft": 249.0, "n_segments": 1, "row_width_ft": 50.0 }, "geometry": { "type": "LineString", "coordinates": [ [ -122.706932450552628, 45.484797065602592 ], [ -122.707902853841688, 45.484798892044303 ] ] } },
{ "type": "Feature", "properties": { "street": "SW FAIRVALE DR", "pavement_max_ft": 18, "pavement_min_ft": 18, "graded_roadway_max_ft": 18, "block_len_ft": 631.0, "n_segments": 1, "row_width_ft": 50.0 }, "geometry": { "type": "LineString", "coordinates": [ [ -122.718047455581697, 45.484088448990086 ], [ -122.720428404309658, 45.484526712529735 ] ] } },
{ "type": "Feature", "properties": { "street": "SW WESTWOOD DR", "pavement_max_ft": 18, "pavement_min_ft": 18, "graded_roadway_max_ft": 18, "block_len_ft": 202.0, "n_segments": 1, "row_width_ft": 61.2 }, "geometry": { "type": "LineString", "coordinates": [ [ -122.687600609518654, 45.484401045037771 ], [ -122.687630553960332, 45.484447426887733 ], [ -122.687694891300978, 45.484493153066424 ], [ -122.687777739326364, 45.484532123861413 ], [ -122.68787597818752, 45.484564399748592 ], [ -122.687995851175685, 45.484589860445709 ], [ -122.688086685223936, 45.484592399208999 ], [ -122.688181164635623, 45.484580092724528 ], [ -122.688279029797613, 45.484554528104312 ] ] } },
{ "type": "Feature", "properties": { "street": "SW MENEFEE DR", "pavement_max_ft": 18, "pavement_min_ft": 18, "graded_roadway_max_ft": 18, "block_len_ft": 588.0, "n_segments": 1, "row_width_ft": 40.1 }, "geometry": { "type": "LineString", "coordinates": [ [ -122.686106642929204, 45.485550120129311 ], [ -122.687409316872163, 45.484389751879064 ], [ -122.687600609518654, 45.484401045037771 ] ] } },
{ "type": "Feature", "properties": { "street": "SW CULLEN BLVD", "pavement_max_ft": 18, "pavement_min_ft": 18, "graded_roadway_max_ft": 18, "block_len_ft": 832.0, "n_segments": 1, "row_width_ft": 50.2 }, "geometry": { "type": "LineString", "coordinates": [ [ -122.723196128073042, 45.484234479692482 ], [ -122.723582223982163, 45.484321806454858 ], [ -122.723753331484232, 45.484322663630124 ], [ -122.723984678212631, 45.484301501916164 ], [ -122.724227906957282, 45.484271767175365 ], [ -122.724446065518947, 45.484225839276519 ], [ -122.724773864359392, 45.484148237965577 ], [ -122.724908393361375, 45.484108744158384 ], [ -122.725042953804447, 45.484065977171625 ], [ -122.725173603881046, 45.484020211597624 ], [ -122.725304282703704, 45.483971173458812 ], [ -122.725431046668433, 45.483919136717212 ], [ -122.725555867577128, 45.483864047829975 ], [ -122.725676770932921, 45.483806137931502 ], [ -122.725795732131076, 45.483745176499383 ], [ -122.726086100868542, 45.483514129981735 ] ] } },
{ "type": "Feature", "properties": { "street": "SW WESTWOOD LN", "pavement_max_ft": 12, "pavement_min_ft": 10, "graded_roadway_max_ft": 28, "block_len_ft": 902.0, "n_segments": 1, "row_width_ft": 20.0 }, "geometry": { "type": "LineString", "coordinates": [ [ -122.68939638129747, 45.485536191491214 ], [ -122.689366902183124, 45.485345327992093 ], [ -122.689229057499404, 45.484452944035375 ], [ -122.689221548481953, 45.484392271127206 ], [ -122.6892310391829, 45.484334010336298 ], [ -122.689249752886923, 45.484292049681329 ], [ -122.689283353471794, 45.484251285640994 ], [ -122.689655985431415, 45.483995177658578 ], [ -122.690634966733128, 45.483942242820078 ], [ -122.690769784094329, 45.483872894881642 ] ] } },
{ "type": "Feature", "properties": { "street": "SW MARTHA ST", "pavement_max_ft": 16, "pavement_min_ft": 16, "graded_roadway_max_ft": 18, "block_len_ft": 253.0, "n_segments": 1, "row_width_ft": 30.6 }, "geometry": { "type": "LineString", "coordinates": [ [ -122.698449838089445, 45.483532285852874 ], [ -122.698627575158298, 45.483579697545807 ], [ -122.699192556183206, 45.483668186711498 ], [ -122.699410960883256, 45.483668733395312 ] ] } },
{ "type": "Feature", "properties": { "street": "SW WESTWOOD DR", "pavement_max_ft": 18, "pavement_min_ft": 18, "graded_roadway_max_ft": 18, "block_len_ft": 821.0, "n_segments": 1, "row_width_ft": 59.9 }, "geometry": { "type": "LineString", "coordinates": [ [ -122.688279029797613, 45.484554528104312 ], [ -122.688439681808092, 45.484458772939 ], [ -122.688493320213695, 45.484389424376815 ], [ -122.688540129626546, 45.484305258120948 ], [ -122.688601500730115, 45.484193058084429 ], [ -122.688734110032371, 45.484062416823541 ], [ -122.689081792183273, 45.483789930178112 ], [ -122.689254213920606, 45.483718362568112 ], [ -122.689476814651385, 45.483650105202912 ], [ -122.689735444113268, 45.483623834761595 ], [ -122.689960590669557, 45.483621673217222 ], [ -122.690167884107893, 45.483643325816665 ], [ -122.690433255425958, 45.483710812290816 ], [ -122.690769784094329, 45.483872894881642 ] ] } },
{ "type": "Feature", "properties": { "street": "SW WESTWOOD DR", "pavement_max_ft": 18, "pavement_min_ft": 18, "graded_roadway_max_ft": 18, "block_len_ft": 426.0, "n_segments": 1, "row_width_ft": 60.4 }, "geometry": { "type": "LineString", "coordinates": [ [ -122.68870139069476, 45.483362856650764 ], [ -122.688662309488336, 45.483507612585008 ], [ -122.688642231243406, 45.48361876974402 ], [ -122.688629925222315, 45.483668615618988 ], [ -122.688582123171116, 45.483727146030901 ], [ -122.688512184834693, 45.483779702550478 ], [ -122.688441593423022, 45.483815194092031 ], [ -122.688367950434326, 45.483852880527209 ], [ -122.688284277755486, 45.483873679634634 ], [ -122.688171805986983, 45.483877958616738 ], [ -122.68802799020159, 45.483880699583594 ], [ -122.687915763673146, 45.483891372473998 ], [ -122.687822793431138, 45.483914487405627 ], [ -122.687711634999559, 45.483952886727209 ], [ -122.687589447951268, 45.484029911395737 ] ] } },
{ "type": "Feature", "properties": { "street": "SW FLOWER ST", "pavement_max_ft": 18, "pavement_min_ft": 18, "graded_roadway_max_ft": 18, "block_len_ft": 691.0, "n_segments": 1, "row_width_ft": 50.0 }, "geometry": { "type": "LineString", "coordinates": [ [ -122.718044121933659, 45.482980402573595 ], [ -122.720043873265737, 45.483003907742294 ], [ -122.720611033603547, 45.482722404360295 ] ] } },
{ "type": "Feature", "properties": { "street": "SW FLOWER ST", "pavement_max_ft": 14, "pavement_min_ft": 14, "graded_roadway_max_ft": 16, "block_len_ft": 707.0, "n_segments": 1, "row_width_ft": 50.0 }, "geometry": { "type": "LineString", "coordinates": [ [ -122.720611033603547, 45.482722404360295 ], [ -122.721106594619911, 45.483014030329606 ], [ -122.723218612904645, 45.483033796830128 ] ] } },
{ "type": "Feature", "properties": { "street": "SW MARTHA ST", "pavement_max_ft": 16, "pavement_min_ft": 16, "graded_roadway_max_ft": 18, "block_len_ft": 625.0, "n_segments": 1, "row_width_ft": 50.5 }, "geometry": { "type": "LineString", "coordinates": [ [ -122.69607694096139, 45.483146479732646 ], [ -122.696461692092512, 45.483230540019683 ], [ -122.698027856281357, 45.483458550066729 ], [ -122.698449838089445, 45.483532285852874 ] ] } },
{ "type": "Feature", "properties": { "street": "SW 14TH AVE", "pavement_max_ft": 18, "pavement_min_ft": 18, "graded_roadway_max_ft": 20, "block_len_ft": 312.0, "n_segments": 1, "row_width_ft": 49.5 }, "geometry": { "type": "LineString", "coordinates": [ [ -122.692479565540879, 45.484047753452344 ], [ -122.692469693954251, 45.483192896626107 ] ] } },
{ "type": "Feature", "properties": { "street": "SW WESTWOOD CT", "pavement_max_ft": 18, "pavement_min_ft": 18, "graded_roadway_max_ft": 18, "block_len_ft": 1043.0, "n_segments": 1, "row_width_ft": 50.0 }, "geometry": { "type": "LineString", "coordinates": [ [ -122.68870139069476, 45.483362856650764 ], [ -122.688905126804571, 45.483276497071998 ], [ -122.689698857528356, 45.48306599169819 ], [ -122.689811490993648, 45.483038903468881 ], [ -122.689892208215142, 45.483026279841894 ], [ -122.690005907082366, 45.483026883846279 ], [ -122.690132635114466, 45.483049405835594 ], [ -122.690950063395448, 45.483348344255219 ], [ -122.691081704313817, 45.483392942682805 ], [ -122.69118772078869, 45.483404778948824 ], [ -122.691301099855664, 45.483397072433355 ], [ -122.691377006598842, 45.483365139131209 ], [ -122.691784734838308, 45.48319939453468 ], [ -122.692469693954251, 45.483192896626107 ] ] } },
{ "type": "Feature", "properties": { "street": "SW EDGEMONT PL", "pavement_max_ft": 18, "pavement_min_ft": 18, "graded_roadway_max_ft": 18, "block_len_ft": 240.0, "n_segments": 1, "row_width_ft": 40.0 }, "geometry": { "type": "LineString", "coordinates": [ [ -122.685203006923658, 45.483348509898825 ], [ -122.685146010615512, 45.483254303941962 ], [ -122.685074767026933, 45.483183743372457 ], [ -122.684590523884822, 45.482860341520755 ] ] } },
{ "type": "Feature", "properties": { "street": "SW MENEFEE DR", "pavement_max_ft": 16, "pavement_min_ft": 16, "graded_roadway_max_ft": 16, "block_len_ft": 871.0, "n_segments": 1, "row_width_ft": 37.5 }, "geometry": { "type": "LineString", "coordinates": [ [ -122.687589447951268, 45.484029911395737 ], [ -122.687475300824687, 45.483949917140272 ], [ -122.687434742787943, 45.483871725939764 ], [ -122.6874010990839, 45.483810474232229 ], [ -122.687336186821511, 45.483749821416204 ], [ -122.687169261875397, 45.483639888886671 ], [ -122.687006505112208, 45.483552282056372 ], [ -122.686695512852438, 45.483391863795696 ], [ -122.686588743589354, 45.483363401448138 ], [ -122.686441791785271, 45.483346793629259 ], [ -122.68630798233383, 45.48335488686326 ], [ -122.686183144357102, 45.483384986755695 ], [ -122.6860870605543, 45.483422855497508 ], [ -122.68602240161681, 45.483432402981393 ], [ -122.685960735865777, 45.483414171499248 ], [ -122.685910295462605, 45.483370776051252 ], [ -122.68590078589699, 45.483334915782706 ], [ -122.685910945842849, 45.483282048344812 ], [ -122.686077180882819, 45.482849172759444 ], [ -122.686183209035818, 45.482752893825818 ], [ -122.686394753302054, 45.482598461102761 ] ] } },
{ "type": "Feature", "properties": { "street": "SW MENEFEE LN", "pavement_max_ft": 12, "pavement_min_ft": 12, "graded_roadway_max_ft": 12, "block_len_ft": 363.0, "n_segments": 1, "row_width_ft": 25.1 }, "geometry": { "type": "LineString", "coordinates": [ [ -122.686394753302054, 45.482598461102761 ], [ -122.686486744380431, 45.482613070055763 ], [ -122.686874339577727, 45.482837457933783 ], [ -122.687493459369861, 45.482978144640846 ], [ -122.68765868470345, 45.482994402384293 ] ] } },
{ "type": "Feature", "properties": { "street": "SW WESTWOOD DR", "pavement_max_ft": 18, "pavement_min_ft": 18, "graded_roadway_max_ft": 18, "block_len_ft": 1123.0, "n_segments": 1, "row_width_ft": 60.1 }, "geometry": { "type": "LineString", "coordinates": [ [ -122.691344589095181, 45.482050806227221 ], [ -122.691426265717453, 45.48227372063959 ], [ -122.691426696908778, 45.482390102820304 ], [ -122.691393601177083, 45.482479414527383 ], [ -122.691331575201659, 45.482555420881738 ], [ -122.691224063031839, 45.482610127481003 ], [ -122.691140254707406, 45.482647752369033 ], [ -122.690991968006813, 45.482697694207559 ], [ -122.690862250381457, 45.482702940699227 ], [ -122.690756021005868, 45.48268556744091 ], [ -122.690644991931649, 45.482648887325411 ], [ -122.690561818716148, 45.48259781993368 ], [ -122.690465417808085, 45.482519293674898 ], [ -122.690386412775467, 45.482470920593443 ], [ -122.690300256254886, 45.482447621158023 ], [ -122.690148975469455, 45.482420023725446 ], [ -122.689982425120832, 45.482417658068655 ], [ -122.689788016218614, 45.482429679710712 ], [ -122.689602462908496, 45.482460930173602 ], [ -122.689449902922107, 45.48250540900559 ], [ -122.68924939984899, 45.482570199900707 ], [ -122.689120164618984, 45.482640554653905 ], [ -122.688970370545363, 45.482757031810998 ], [ -122.688844925307492, 45.482873043913528 ], [ -122.688752248814566, 45.482996747232576 ], [ -122.688692673443271, 45.483136442825455 ], [ -122.68870139069476, 45.483362856650764 ] ] } },
{ "type": "Feature", "properties": { "street": "SW SUNSET DR", "pavement_max_ft": 18, "pavement_min_ft": 18, "graded_roadway_max_ft": 18, "block_len_ft": 1316.0, "n_segments": 1, "row_width_ft": 50.0 }, "geometry": { "type": "LineString", "coordinates": [ [ -122.699124125219811, 45.483154035754055 ], [ -122.699132642146992, 45.482030741468286 ], [ -122.699192246264388, 45.481958664602985 ], [ -122.69926680283973, 45.481914674724784 ], [ -122.699402383768913, 45.48188015886786 ], [ -122.699563216340778, 45.481871169159362 ], [ -122.699702316869235, 45.481882690195178 ], [ -122.69983015881229, 45.481916889241162 ], [ -122.699927283762491, 45.481963501768014 ], [ -122.699984718448519, 45.482014418573428 ], [ -122.700071139972124, 45.48209788598281 ], [ -122.700123659076866, 45.482200916623967 ], [ -122.700125342519726, 45.483766177188649 ] ] } },
{ "type": "Feature", "properties": { "street": "SW FLOWER ST", "pavement_max_ft": 14, "pavement_min_ft": 14, "graded_roadway_max_ft": 18, "block_len_ft": 200.0, "n_segments": 1, "row_width_ft": 50.0 }, "geometry": { "type": "LineString", "coordinates": [ [ -122.693214608428846, 45.481887987779821 ], [ -122.693990931599075, 45.481939885313473 ] ] } },
{ "type": "Feature", "properties": { "street": "SW WESTWOOD CT", "pavement_max_ft": 18, "pavement_min_ft": 18, "graded_roadway_max_ft": 24, "block_len_ft": 559.0, "n_segments": 1, "row_width_ft": 51.8 }, "geometry": { "type": "LineString", "coordinates": [ [ -122.693990931599075, 45.481939885313473 ], [ -122.694066168199058, 45.481891381987531 ], [ -122.694120221626349, 45.481872355148475 ], [ -122.694233668965254, 45.481867419090634 ], [ -122.694691074039952, 45.481876571298521 ], [ -122.695281875341081, 45.481990327871593 ], [ -122.696116247644923, 45.482011401016578 ] ] } },
{ "type": "Feature", "properties": { "street": "SW KANAN DR", "pavement_max_ft": 18, "pavement_min_ft": 18, "graded_roadway_max_ft": 18, "block_len_ft": 517.0, "n_segments": 2, "row_width_ft": 56.9 }, "geometry": { "type": "LineString", "coordinates": [ [ -122.714262751780055, 45.481357599525701 ], [ -122.714435643336273, 45.481382656051473 ], [ -122.714625472627191, 45.481389347531454 ], [ -122.714964932498319, 45.48137224155245 ] ] } },
{ "type": "Feature", "properties": { "street": "SW KANAN DR", "pavement_max_ft": 18, "pavement_min_ft": 18, "graded_roadway_max_ft": 18, "block_len_ft": 507.0, "n_segments": 1, "row_width_ft": 50.0 }, "geometry": { "type": "LineString", "coordinates": [ [ -122.714964932498319, 45.48137224155245 ], [ -122.716322550099008, 45.481182262108938 ], [ -122.716378144136996, 45.481177986701184 ], [ -122.716425746762212, 45.481182245103035 ], [ -122.716496500768926, 45.481196409120955 ], [ -122.716571604418263, 45.481224728958061 ], [ -122.716625452131325, 45.481272917304665 ], [ -122.716759282244055, 45.481415246776116 ] ] } },
{ "type": "Feature", "properties": { "street": "SW WESTWOOD DR", "pavement_max_ft": 18, "pavement_min_ft": 18, "graded_roadway_max_ft": 18, "block_len_ft": 2111.0, "n_segments": 1, "row_width_ft": 60.1 }, "geometry": { "type": "LineString", "coordinates": [ [ -122.68417211108337, 45.481703293190968 ], [ -122.684353157545715, 45.481710038799257 ], [ -122.684908362205405, 45.48177713771755 ], [ -122.685087343440912, 45.481782053628336 ], [ -122.685699409661467, 45.481742665865305 ], [ -122.685881917682764, 45.481733646532334 ], [ -122.686102036368425, 45.481751643627348 ], [ -122.686278021722472, 45.481784350029322 ], [ -122.686422696297285, 45.481848162981599 ], [ -122.68654365265364, 45.481929070969358 ], [ -122.686674541682137, 45.482056941480785 ], [ -122.686789720972925, 45.482198977987139 ], [ -122.686868891295546, 45.482355572138623 ], [ -122.686925091696367, 45.482443257039748 ], [ -122.687054940475733, 45.482517386540671 ], [ -122.687148203568526, 45.48254770354292 ], [ -122.687248522927874, 45.482566833446512 ], [ -122.687458262478742, 45.482568712236578 ], [ -122.687559788275507, 45.482551699201053 ], [ -122.687736871370845, 45.482488165432024 ], [ -122.687816278848686, 45.482440303748945 ], [ -122.687908585235704, 45.482354056756101 ], [ -122.687981972204511, 45.482253038090995 ], [ -122.688080902768462, 45.482149884097105 ], [ -122.688179491074266, 45.482074672051056 ], [ -122.688271598035286, 45.482020843556633 ], [ -122.688411940035508, 45.48195524079685 ], [ -122.688600120917826, 45.481885592498188 ], [ -122.68883734262819, 45.481820089725524 ], [ -122.689096146363212, 45.481787438770318 ], [ -122.689339984165613, 45.481788330625413 ], [ -122.689775309548935, 45.481802205393947 ], [ -122.690145989469457, 45.481825624766024 ], [ -122.691063008576108, 45.482002160023399 ], [ -122.691344589095181, 45.482050806227221 ] ] } },
{ "type": "Feature", "properties": { "street": "SW KANAN DR", "pavement_max_ft": 18, "pavement_min_ft": 18, "graded_roadway_max_ft": 18, "block_len_ft": 517.0, "n_segments": 2, "row_width_ft": 60.1 }, "geometry": { "type": "LineString", "coordinates": [ [ -122.713092661088197, 45.481285496605345 ], [ -122.71321147675927, 45.481193911774604 ], [ -122.713283669867053, 45.481154735229396 ], [ -122.713362825816603, 45.481142861329637 ], [ -122.713435110552609, 45.481149228466187 ], [ -122.713550071552774, 45.481178549155402 ], [ -122.713663445229827, 45.481225799068838 ], [ -122.713846238915451, 45.481289877819179 ], [ -122.714039402752633, 45.481336522986901 ], [ -122.714262751780055, 45.481357599525701 ] ] } },
{ "type": "Feature", "properties": { "street": "SW KANAN ST", "pavement_max_ft": 10, "pavement_min_ft": 1, "graded_roadway_max_ft": 28, "block_len_ft": 471.0, "n_segments": 1, "row_width_ft": 30.0 }, "geometry": { "type": "LineString", "coordinates": [ [ -122.696456675899995, 45.48140335277624 ], [ -122.698291472291359, 45.481413742075702 ] ] } },
{ "type": "Feature", "properties": { "street": "SW CHELTENHAM CT", "pavement_max_ft": 16, "pavement_min_ft": 16, "graded_roadway_max_ft": 20, "block_len_ft": 358.0, "n_segments": 1, "row_width_ft": 52.1 }, "geometry": { "type": "LineString", "coordinates": [ [ -122.691344589095181, 45.482050806227221 ], [ -122.691428453115151, 45.481961913943451 ], [ -122.691571190023893, 45.481873279753813 ], [ -122.691638233090174, 45.481822119072461 ], [ -122.691672607124531, 45.481766038653866 ], [ -122.691696412479558, 45.481646419052289 ], [ -122.691687767093285, 45.481527420852728 ], [ -122.691713171449507, 45.481449340921777 ], [ -122.691786512604239, 45.481350947722262 ], [ -122.691925265484727, 45.481199511750866 ] ] } },
{ "type": "Feature", "properties": { "street": "SW PENDLETON ST", "pavement_max_ft": 18, "pavement_min_ft": 18, "graded_roadway_max_ft": 18, "block_len_ft": 868.0, "n_segments": 1, "row_width_ft": 50.0 }, "geometry": { "type": "LineString", "coordinates": [ [ -122.692322582250043, 45.480950029779478 ], [ -122.692443307739424, 45.481028022853373 ], [ -122.692534142685957, 45.481067821777629 ], [ -122.692652411283049, 45.481082177928293 ], [ -122.694931921350744, 45.481176415860382 ], [ -122.695027286501315, 45.481180080315738 ], [ -122.695129405186236, 45.48117099412881 ], [ -122.69522849385362, 45.48114814449729 ], [ -122.695309407806221, 45.481116259048669 ], [ -122.695381776983822, 45.481074469835399 ], [ -122.695555998944954, 45.48097809213175 ] ] } },
{ "type": "Feature", "properties": { "street": "SW 18TH DR", "pavement_max_ft": 18, "pavement_min_ft": 18, "graded_roadway_max_ft": 18, "block_len_ft": 304.0, "n_segments": 1, "row_width_ft": 59.7 }, "geometry": { "type": "LineString", "coordinates": [ [ -122.696456675899995, 45.48140335277624 ], [ -122.696772288195262, 45.480599380836878 ] ] } },
{ "type": "Feature", "properties": { "street": "SW DEWITT ST", "pavement_max_ft": 15, "pavement_min_ft": 15, "graded_roadway_max_ft": 15, "block_len_ft": 454.0, "n_segments": 1, "row_width_ft": 60.0 }, "geometry": { "type": "LineString", "coordinates": [ [ -122.69703636593934, 45.479910894730182 ], [ -122.698743985141007, 45.480235168860283 ] ] } },
{ "type": "Feature", "properties": { "street": "SW 21ST AVE", "pavement_max_ft": 10, "pavement_min_ft": 10, "graded_roadway_max_ft": 10, "block_len_ft": 260.0, "n_segments": 1, "row_width_ft": 49.5 }, "geometry": { "type": "LineString", "coordinates": [ [ -122.699008164394698, 45.479546709796338 ], [ -122.69927234095347, 45.478858251768358 ] ] } },
{ "type": "Feature", "properties": { "street": "SW NEBRASKA ST", "pavement_max_ft": 10, "pavement_min_ft": 10, "graded_roadway_max_ft": 10, "block_len_ft": 211.0, "n_segments": 1, "row_width_ft": 30.0 }, "geometry": { "type": "LineString", "coordinates": [ [ -122.709493540241141, 45.477558107154699 ], [ -122.709590982296632, 45.477552126363889 ], [ -122.710314279712279, 45.477558670274959 ] ] } },
{ "type": "Feature", "properties": { "street": "SW BURLINGAME AVE", "pavement_max_ft": 18, "pavement_min_ft": 18, "graded_roadway_max_ft": 18, "block_len_ft": 248.0, "n_segments": 1, "row_width_ft": 50.0 }, "geometry": { "type": "LineString", "coordinates": [ [ -122.687921511094302, 45.477830164124349 ], [ -122.68792232586631, 45.477151072418543 ] ] } },
{ "type": "Feature", "properties": { "street": "SW PARKHILL WAY", "pavement_max_ft": 18, "pavement_min_ft": 18, "graded_roadway_max_ft": 20, "block_len_ft": 625.0, "n_segments": 1, "row_width_ft": 40.0 }, "geometry": { "type": "LineString", "coordinates": [ [ -122.680949698750652, 45.478378477307331 ], [ -122.681259840305898, 45.477728383373837 ], [ -122.681301222097787, 45.477653811689869 ], [ -122.681392893375914, 45.47760847049058 ], [ -122.68217004928438, 45.477362285843192 ], [ -122.682489196450319, 45.477211052054827 ] ] } },
{ "type": "Feature", "properties": { "street": "SW IDAHO ST", "pavement_max_ft": 14, "pavement_min_ft": 14, "graded_roadway_max_ft": 14, "block_len_ft": 235.0, "n_segments": 1, "row_width_ft": 60.0 }, "geometry": { "type": "LineString", "coordinates": [ [ -122.701609485133218, 45.476760461837117 ], [ -122.702525524177886, 45.476762167599063 ] ] } },
{ "type": "Feature", "properties": { "street": "SW 36TH AVE", "pavement_max_ft": 16, "pavement_min_ft": 16, "graded_roadway_max_ft": 16, "block_len_ft": 663.0, "n_segments": 1, "row_width_ft": 40.0 }, "geometry": { "type": "LineString", "coordinates": [ [ -122.714251844435879, 45.477963042067273 ], [ -122.714247804712045, 45.47622474735482 ], [ -122.714230044120555, 45.476146099460742 ] ] } },
{ "type": "Feature", "properties": { "street": "SW BURLINGAME AVE", "pavement_max_ft": 18, "pavement_min_ft": 18, "graded_roadway_max_ft": 18, "block_len_ft": 187.0, "n_segments": 1, "row_width_ft": 50.0 }, "geometry": { "type": "LineString", "coordinates": [ [ -122.68792232586631, 45.477151072418543 ], [ -122.687928499987237, 45.476637331891169 ] ] } },
{ "type": "Feature", "properties": { "street": "SW PARKHILL DR", "pavement_max_ft": 18, "pavement_min_ft": 18, "graded_roadway_max_ft": 18, "block_len_ft": 1365.0, "n_segments": 1, "row_width_ft": 40.0 }, "geometry": { "type": "LineString", "coordinates": [ [ -122.680991014067246, 45.477160818751585 ], [ -122.682322060400153, 45.476740980998883 ], [ -122.682368784472999, 45.476719403854084 ], [ -122.682392376927282, 45.476693790314251 ], [ -122.682400850735405, 45.476658398849636 ], [ -122.682406106778117, 45.476283679819126 ], [ -122.68240226468366, 45.476247321825625 ], [ -122.682374027040993, 45.4762159809896 ], [ -122.682361472186599, 45.476205808678309 ], [ -122.682313669237061, 45.47618021821151 ], [ -122.682251636075108, 45.476172951010689 ], [ -122.681430762754985, 45.476167552733997 ], [ -122.681354850621901, 45.476171594827569 ], [ -122.681288865771066, 45.476181236765967 ], [ -122.681210166165641, 45.476213615072275 ], [ -122.680370838754655, 45.476605884819158 ], [ -122.680266467095024, 45.47664695989215 ], [ -122.680154431907781, 45.476676384337893 ], [ -122.68005426436369, 45.476703427124171 ], [ -122.679972565283563, 45.476751926727566 ], [ -122.679927378228115, 45.476791345694991 ], [ -122.67988516729126, 45.476868117487747 ], [ -122.67987817839834, 45.476885967481508 ], [ -122.679685855384207, 45.476929620512493 ] ] } },
{ "type": "Feature", "properties": { "street": "SW CALIFORNIA ST", "pavement_max_ft": 16, "pavement_min_ft": 16, "graded_roadway_max_ft": 28, "block_len_ft": 341.0, "n_segments": 1, "row_width_ft": 39.5 }, "geometry": { "type": "LineString", "coordinates": [ [ -122.712879046205231, 45.474794817803975 ], [ -122.714208357891309, 45.474807680124869 ] ] } },
{ "type": "Feature", "properties": { "street": "SW 53RD AVE", "pavement_max_ft": 18, "pavement_min_ft": 18, "graded_roadway_max_ft": 18, "block_len_ft": 440.0, "n_segments": 1, "row_width_ft": 50.0 }, "geometry": { "type": "LineString", "coordinates": [ [ -122.731531822868163, 45.475306226811398 ], [ -122.731531803105241, 45.474099433622307 ] ] } },
{ "type": "Feature", "properties": { "street": "SW TEXAS ST", "pavement_max_ft": 18, "pavement_min_ft": 18, "graded_roadway_max_ft": 18, "block_len_ft": 250.0, "n_segments": 1, "row_width_ft": 40.0 }, "geometry": { "type": "LineString", "coordinates": [ [ -122.730557206480455, 45.474099446850744 ], [ -122.731531803105241, 45.474099433622307 ] ] } },
{ "type": "Feature", "properties": { "street": "SW TEXAS ST", "pavement_max_ft": 10, "pavement_min_ft": 10, "graded_roadway_max_ft": 10, "block_len_ft": 318.0, "n_segments": 1, "row_width_ft": 39.5 }, "geometry": { "type": "LineString", "coordinates": [ [ -122.714206312427436, 45.474150707773425 ], [ -122.715446613645241, 45.474162864723787 ] ] } },
{ "type": "Feature", "properties": { "street": "SW CALIFORNIA ST", "pavement_max_ft": 10, "pavement_min_ft": 10, "graded_roadway_max_ft": 10, "block_len_ft": 240.0, "n_segments": 1, "row_width_ft": 60.0 }, "geometry": { "type": "LineString", "coordinates": [ [ -122.680570012321098, 45.47446586416293 ], [ -122.681504549474155, 45.474473462923413 ] ] } },
{ "type": "Feature", "properties": { "street": "SW 33RD AVE", "pavement_max_ft": 15, "pavement_min_ft": 15, "graded_roadway_max_ft": 15, "block_len_ft": 139.0, "n_segments": 1, "row_width_ft": 39.9 }, "geometry": { "type": "LineString", "coordinates": [ [ -122.710233117824671, 45.474098588260134 ], [ -122.710236395777116, 45.473717258086801 ] ] } },
{ "type": "Feature", "properties": { "street": "SW BURLINGAME AVE", "pavement_max_ft": 16, "pavement_min_ft": 16, "graded_roadway_max_ft": 16, "block_len_ft": 531.0, "n_segments": 1, "row_width_ft": 40.0 }, "geometry": { "type": "LineString", "coordinates": [ [ -122.687608775204566, 45.475355978624613 ], [ -122.687591346989734, 45.475281193409835 ], [ -122.687591156546901, 45.475203523716253 ], [ -122.687611767492797, 45.473901755228681 ] ] } },
{ "type": "Feature", "properties": { "street": "SW 53RD AVE", "pavement_max_ft": 18, "pavement_min_ft": 18, "graded_roadway_max_ft": 18, "block_len_ft": 439.0, "n_segments": 1, "row_width_ft": 50.0 }, "geometry": { "type": "LineString", "coordinates": [ [ -122.731531803105241, 45.474099433622307 ], [ -122.731526054785718, 45.472896400533038 ] ] } },
{ "type": "Feature", "properties": { "street": "SW NEVADA CT", "pavement_max_ft": 18, "pavement_min_ft": 18, "graded_roadway_max_ft": 28, "block_len_ft": 647.0, "n_segments": 1, "row_width_ft": 50.0 }, "geometry": { "type": "LineString", "coordinates": [ [ -122.726861918287256, 45.472897722148247 ], [ -122.729384080381251, 45.472892624039432 ] ] } },
{ "type": "Feature", "properties": { "street": "SW 3RD AVE", "pavement_max_ft": 16, "pavement_min_ft": 16, "graded_roadway_max_ft": 16, "block_len_ft": 260.0, "n_segments": 1, "row_width_ft": 43.6 }, "geometry": { "type": "LineString", "coordinates": [ [ -122.681504549474155, 45.474473462923413 ], [ -122.681505714589093, 45.473760677978298 ] ] } },
{ "type": "Feature", "properties": { "street": "SW TEXAS ST", "pavement_max_ft": 12, "pavement_min_ft": 12, "graded_roadway_max_ft": 12, "block_len_ft": 204.0, "n_segments": 1, "row_width_ft": 40.0 }, "geometry": { "type": "LineString", "coordinates": [ [ -122.680711739523503, 45.473754251423181 ], [ -122.681505714589093, 45.473760677978298 ] ] } },
{ "type": "Feature", "properties": { "street": "SW 5TH AVE", "pavement_max_ft": 16, "pavement_min_ft": 16, "graded_roadway_max_ft": 16, "block_len_ft": 351.0, "n_segments": 1, "row_width_ft": 58.4 }, "geometry": { "type": "LineString", "coordinates": [ [ -122.683504849676851, 45.47425571264472 ], [ -122.683488176046879, 45.473292195815816 ] ] } },
{ "type": "Feature", "properties": { "street": "SW 3RD AVE", "pavement_max_ft": 16, "pavement_min_ft": 16, "graded_roadway_max_ft": 16, "block_len_ft": 178.0, "n_segments": 1, "row_width_ft": 45.2 }, "geometry": { "type": "LineString", "coordinates": [ [ -122.681505714589093, 45.473760677978298 ], [ -122.681490270752704, 45.473273249224462 ] ] } },
{ "type": "Feature", "properties": { "street": "SW NEVADA ST", "pavement_max_ft": 12, "pavement_min_ft": 12, "graded_roadway_max_ft": 28, "block_len_ft": 255.0, "n_segments": 1, "row_width_ft": 60.0 }, "geometry": { "type": "LineString", "coordinates": [ [ -122.681490270752704, 45.473273249224462 ], [ -122.682484515329378, 45.473290241124026 ] ] } },
{ "type": "Feature", "properties": { "street": "SW 36TH AVE", "pavement_max_ft": 15, "pavement_min_ft": 15, "graded_roadway_max_ft": 15, "block_len_ft": 227.0, "n_segments": 1, "row_width_ft": 50.0 }, "geometry": { "type": "LineString", "coordinates": [ [ -122.714196388738458, 45.473197809890728 ], [ -122.71420281438769, 45.472574110699028 ] ] } },
{ "type": "Feature", "properties": { "street": "SW NEVADA CT", "pavement_max_ft": 10, "pavement_min_ft": 1, "graded_roadway_max_ft": 28, "block_len_ft": 317.0, "n_segments": 1, "row_width_ft": 39.5 }, "geometry": { "type": "LineString", "coordinates": [ [ -122.71420281438769, 45.472574110699028 ], [ -122.715438492875094, 45.472584174685508 ] ] } },
{ "type": "Feature", "properties": { "street": "SW NEVADA CT", "pavement_max_ft": 13, "pavement_min_ft": 13, "graded_roadway_max_ft": 13, "block_len_ft": 175.0, "n_segments": 1, "row_width_ft": 28.0 }, "geometry": { "type": "LineString", "coordinates": [ [ -122.710917190303419, 45.472520715979364 ], [ -122.711510823992597, 45.472525577892576 ], [ -122.711599500287548, 45.47253610615688 ] ] } },
{ "type": "Feature", "properties": { "street": "SW 33RD AVE", "pavement_max_ft": 12, "pavement_min_ft": 12, "graded_roadway_max_ft": 12, "block_len_ft": 439.0, "n_segments": 1, "row_width_ft": 40.1 }, "geometry": { "type": "LineString", "coordinates": [ [ -122.710236395777116, 45.473717258086801 ], [ -122.710218424081518, 45.472568611286491 ], [ -122.710257768494344, 45.472521182768389 ] ] } },
{ "type": "Feature", "properties": { "street": "SW 32ND AVE", "pavement_max_ft": 16, "pavement_min_ft": 1, "graded_roadway_max_ft": 28, "block_len_ft": 955.0, "n_segments": 3, "row_width_ft": 50.0 }, "geometry": { "type": "LineString", "coordinates": [ [ -122.709449123940217, 45.473192507079446 ], [ -122.709443636132164, 45.472519316242163 ] ] } },
{ "type": "Feature", "properties": { "street": "SW NEVADA ST", "pavement_max_ft": 12, "pavement_min_ft": 12, "graded_roadway_max_ft": 12, "block_len_ft": 262.0, "n_segments": 1, "row_width_ft": 54.2 }, "geometry": { "type": "LineString", "coordinates": [ [ -122.680458076846833, 45.473053409211033 ], [ -122.681479823345938, 45.473059187009142 ] ] } },
{ "type": "Feature", "properties": { "street": "SW NEVADA CT", "pavement_max_ft": 18, "pavement_min_ft": 18, "graded_roadway_max_ft": 18, "block_len_ft": 255.0, "n_segments": 1, "row_width_ft": 55.0 }, "geometry": { "type": "LineString", "coordinates": [ [ -122.705708893033375, 45.472457195467108 ], [ -122.706702996574563, 45.472466536297269 ] ] } },
{ "type": "Feature", "properties": { "street": "SW NEVADA CT", "pavement_max_ft": 18, "pavement_min_ft": 18, "graded_roadway_max_ft": 22, "block_len_ft": 812.0, "n_segments": 3, "row_width_ft": 55.0 }, "geometry": { "type": "LineString", "coordinates": [ [ -122.704714789492215, 45.472447842666412 ], [ -122.705708893033375, 45.472457195467108 ] ] } },
{ "type": "Feature", "properties": { "street": "SW 51ST AVE", "pavement_max_ft": 17, "pavement_min_ft": 10, "graded_roadway_max_ft": 28, "block_len_ft": 571.0, "n_segments": 2, "row_width_ft": 50.0 }, "geometry": { "type": "LineString", "coordinates": [ [ -122.729384080381251, 45.472892624039432 ], [ -122.729384107330702, 45.471779903671965 ] ] } },
{ "type": "Feature", "properties": { "street": "SW 51ST AVE", "pavement_max_ft": 17, "pavement_min_ft": 10, "graded_roadway_max_ft": 28, "block_len_ft": 571.0, "n_segments": 2, "row_width_ft": 50.0 }, "geometry": { "type": "LineString", "coordinates": [ [ -122.728741087860442, 45.471779893592682 ], [ -122.729384107330702, 45.471779903671965 ] ] } },
{ "type": "Feature", "properties": { "street": "SW MILES ST", "pavement_max_ft": 14, "pavement_min_ft": 14, "graded_roadway_max_ft": 28, "block_len_ft": 488.0, "n_segments": 1, "row_width_ft": 25.0 }, "geometry": { "type": "LineString", "coordinates": [ [ -122.726853498378105, 45.471812743742589 ], [ -122.728246632670178, 45.471819009251199 ], [ -122.728354022669137, 45.471781064045352 ], [ -122.728741087860442, 45.471779893592682 ] ] } },
{ "type": "Feature", "properties": { "street": "SW 5TH AVE", "pavement_max_ft": 18, "pavement_min_ft": 16, "graded_roadway_max_ft": 18, "block_len_ft": 997.0, "n_segments": 3, "row_width_ft": 59.0 }, "geometry": { "type": "LineString", "coordinates": [ [ -122.683488176046879, 45.473292195815816 ], [ -122.683503561492742, 45.47230829632754 ] ] } },
{ "type": "Feature", "properties": { "street": "SW 3RD AVE", "pavement_max_ft": 16, "pavement_min_ft": 16, "graded_roadway_max_ft": 16, "block_len_ft": 278.0, "n_segments": 1, "row_width_ft": 59.9 }, "geometry": { "type": "LineString", "coordinates": [ [ -122.681479823345938, 45.473059187009142 ], [ -122.681485367747896, 45.472298048347213 ] ] } },
{ "type": "Feature", "properties": { "street": "SW NEVADA CT", "pavement_max_ft": 16, "pavement_min_ft": 16, "graded_roadway_max_ft": 28, "block_len_ft": 259.0, "n_segments": 1, "row_width_ft": 60.0 }, "geometry": { "type": "LineString", "coordinates": [ [ -122.681485367747896, 45.472298048347213 ], [ -122.682495428063419, 45.47230313391082 ] ] } },
{ "type": "Feature", "properties": { "street": "SW 21ST AVE", "pavement_max_ft": 18, "pavement_min_ft": 18, "graded_roadway_max_ft": 18, "block_len_ft": 240.0, "n_segments": 1, "row_width_ft": 50.0 }, "geometry": { "type": "LineString", "coordinates": [ [ -122.699127018693332, 45.472381495503114 ], [ -122.699116244299816, 45.471724345569093 ] ] } },
{ "type": "Feature", "properties": { "street": "SW 8TH AVE", "pavement_max_ft": 15, "pavement_min_ft": 15, "graded_roadway_max_ft": 16, "block_len_ft": 1272.0, "n_segments": 1, "row_width_ft": 40.0 }, "geometry": { "type": "LineString", "coordinates": [ [ -122.686613999723562, 45.4752468101806 ], [ -122.686666487387313, 45.474998661212851 ], [ -122.686677989416211, 45.472893951954148 ], [ -122.686682078547349, 45.472815998646453 ], [ -122.686695905416229, 45.472731527847557 ], [ -122.686719335275484, 45.472640198728811 ], [ -122.686751013465653, 45.472547110027257 ], [ -122.686791991015639, 45.472456317323172 ], [ -122.686840380565073, 45.472367924568765 ], [ -122.686896518982124, 45.472288818989831 ], [ -122.686975637202423, 45.472195705139853 ], [ -122.687084795984191, 45.472088633345514 ], [ -122.687344378558564, 45.471899842817031 ] ] } },
{ "type": "Feature", "properties": { "street": "SW 2ND AVE", "pavement_max_ft": 16, "pavement_min_ft": 12, "graded_roadway_max_ft": 16, "block_len_ft": 744.0, "n_segments": 2, "row_width_ft": 59.9 }, "geometry": { "type": "LineString", "coordinates": [ [ -122.680458076846833, 45.473053409211033 ], [ -122.680477243301752, 45.47200099532516 ] ] } },
{ "type": "Feature", "properties": { "street": "SW MILES CT", "pavement_max_ft": 18, "pavement_min_ft": 18, "graded_roadway_max_ft": 18, "block_len_ft": 195.0, "n_segments": 1, "row_width_ft": 29.2 }, "geometry": { "type": "LineString", "coordinates": [ [ -122.701787105421076, 45.471218127679577 ], [ -122.70254831533498, 45.471218999543176 ] ] } },
{ "type": "Feature", "properties": { "street": "SW 3RD AVE", "pavement_max_ft": 16, "pavement_min_ft": 16, "graded_roadway_max_ft": 16, "block_len_ft": 336.0, "n_segments": 1, "row_width_ft": 59.9 }, "geometry": { "type": "LineString", "coordinates": [ [ -122.681485367747896, 45.472298048347213 ], [ -122.681497306358011, 45.471376899244511 ] ] } },
{ "type": "Feature", "properties": { "street": "SW 5TH AVE", "pavement_max_ft": 18, "pavement_min_ft": 16, "graded_roadway_max_ft": 18, "block_len_ft": 997.0, "n_segments": 3, "row_width_ft": 59.7 }, "geometry": { "type": "LineString", "coordinates": [ [ -122.683503561492742, 45.47230829632754 ], [ -122.683475199882594, 45.471248676916865 ] ] } },
{ "type": "Feature", "properties": { "street": "SW 4TH AVE", "pavement_max_ft": 16, "pavement_min_ft": 16, "graded_roadway_max_ft": 16, "block_len_ft": 391.0, "n_segments": 1, "row_width_ft": 59.4 }, "geometry": { "type": "LineString", "coordinates": [ [ -122.682495428063419, 45.47230313391082 ], [ -122.682497991855271, 45.471230551105251 ] ] } },
{ "type": "Feature", "properties": { "street": "SW LOGAN ST", "pavement_max_ft": 18, "pavement_min_ft": 18, "graded_roadway_max_ft": 18, "block_len_ft": 590.0, "n_segments": 1, "row_width_ft": 50.0 }, "geometry": { "type": "LineString", "coordinates": [ [ -122.695095180272205, 45.47038894460001 ], [ -122.697395585153473, 45.47037716922658 ] ] } },
{ "type": "Feature", "properties": { "street": "SW 31ST AVE", "pavement_max_ft": 18, "pavement_min_ft": 1, "graded_roadway_max_ft": 28, "block_len_ft": 666.0, "n_segments": 1, "row_width_ft": 50.0 }, "geometry": { "type": "LineString", "coordinates": [ [ -122.708585653407638, 45.47104556266828 ], [ -122.70857153189138, 45.469218289598601 ] ] } },
{ "type": "Feature", "properties": { "street": "SW 37TH AVE", "pavement_max_ft": 18, "pavement_min_ft": 18, "graded_roadway_max_ft": 28, "block_len_ft": 267.0, "n_segments": 1, "row_width_ft": 24.6 }, "geometry": { "type": "LineString", "coordinates": [ [ -122.715387922216152, 45.469704243999523 ], [ -122.715384915554893, 45.468972146415467 ] ] } },
{ "type": "Feature", "properties": { "street": "SW VIEW POINT TER", "pavement_max_ft": 18, "pavement_min_ft": 18, "graded_roadway_max_ft": 18, "block_len_ft": 359.0, "n_segments": 1, "row_width_ft": 60.0 }, "geometry": { "type": "LineString", "coordinates": [ [ -122.67745345925816, 45.470267936330551 ], [ -122.677459292019307, 45.469283102702249 ] ] } },
{ "type": "Feature", "properties": { "street": "SW 28TH AVE", "pavement_max_ft": 14, "pavement_min_ft": 14, "graded_roadway_max_ft": 14, "block_len_ft": 396.0, "n_segments": 1, "row_width_ft": 50.0 }, "geometry": { "type": "LineString", "coordinates": [ [ -122.705962876408606, 45.468274923260445 ], [ -122.705958321950092, 45.467188147920922 ] ] } },
{ "type": "Feature", "properties": { "street": "SW MOSS ST", "pavement_max_ft": 18, "pavement_min_ft": 18, "graded_roadway_max_ft": 18, "block_len_ft": 440.0, "n_segments": 1, "row_width_ft": 50.0 }, "geometry": { "type": "LineString", "coordinates": [ [ -122.705958321950092, 45.467188147920922 ], [ -122.707673389083823, 45.467185065309693 ] ] } },
{ "type": "Feature", "properties": { "street": "SW 27TH AVE", "pavement_max_ft": 12, "pavement_min_ft": 12, "graded_roadway_max_ft": 12, "block_len_ft": 396.0, "n_segments": 1, "row_width_ft": 50.0 }, "geometry": { "type": "LineString", "coordinates": [ [ -122.704247769749045, 45.468277599467143 ], [ -122.704243252121458, 45.467191166901621 ] ] } },
{ "type": "Feature", "properties": { "street": "SW MOSS ST", "pavement_max_ft": 14, "pavement_min_ft": 14, "graded_roadway_max_ft": 14, "block_len_ft": 440.0, "n_segments": 1, "row_width_ft": 50.0 }, "geometry": { "type": "LineString", "coordinates": [ [ -122.704243252121458, 45.467191166901621 ], [ -122.705958321950092, 45.467188147920922 ] ] } },
{ "type": "Feature", "properties": { "street": "SW 47TH AVE", "pavement_max_ft": 12, "pavement_min_ft": 12, "graded_roadway_max_ft": 12, "block_len_ft": 125.0, "n_segments": 1, "row_width_ft": 50.0 }, "geometry": { "type": "LineString", "coordinates": [ [ -122.725112327100547, 45.466999203006253 ], [ -122.725117483430296, 45.466656383959602 ] ] } },
{ "type": "Feature", "properties": { "street": "SW EVANS ST", "pavement_max_ft": 16, "pavement_min_ft": 16, "graded_roadway_max_ft": 28, "block_len_ft": 227.0, "n_segments": 1, "row_width_ft": 50.0 }, "geometry": { "type": "LineString", "coordinates": [ [ -122.725117483430296, 45.466656383959602 ], [ -122.726001857759528, 45.466654990376853 ] ] } },
{ "type": "Feature", "properties": { "street": "SW 46TH AVE", "pavement_max_ft": 14, "pavement_min_ft": 14, "graded_roadway_max_ft": 14, "block_len_ft": 125.0, "n_segments": 1, "row_width_ft": 50.0 }, "geometry": { "type": "LineString", "coordinates": [ [ -122.724141759419808, 45.466995914372554 ], [ -122.72414498347338, 45.466652470965691 ] ] } },
{ "type": "Feature", "properties": { "street": "SW EVANS ST", "pavement_max_ft": 14, "pavement_min_ft": 14, "graded_roadway_max_ft": 14, "block_len_ft": 250.0, "n_segments": 1, "row_width_ft": 50.0 }, "geometry": { "type": "LineString", "coordinates": [ [ -122.72414498347338, 45.466652470965691 ], [ -122.725117483430296, 45.466656383959602 ] ] } },
{ "type": "Feature", "properties": { "street": "SW EVANS ST", "pavement_max_ft": 14, "pavement_min_ft": 14, "graded_roadway_max_ft": 14, "block_len_ft": 245.0, "n_segments": 1, "row_width_ft": 50.0 }, "geometry": { "type": "LineString", "coordinates": [ [ -122.723191513427494, 45.466648854706371 ], [ -122.72414498347338, 45.466652470965691 ] ] } },
{ "type": "Feature", "properties": { "street": "SW TROY ST", "pavement_max_ft": 18, "pavement_min_ft": 18, "graded_roadway_max_ft": 18, "block_len_ft": 250.0, "n_segments": 1, "row_width_ft": 40.8 }, "geometry": { "type": "LineString", "coordinates": [ [ -122.68303473433923, 45.467603985153829 ], [ -122.683312500611592, 45.467508913711903 ], [ -122.683903358506541, 45.467292627741855 ] ] } },
{ "type": "Feature", "properties": { "street": "SW 64TH AVE", "pavement_max_ft": 16, "pavement_min_ft": 12, "graded_roadway_max_ft": 16, "block_len_ft": 662.0, "n_segments": 1, "row_width_ft": 32.5 }, "geometry": { "type": "LineString", "coordinates": [ [ -122.74286210107023, 45.467382868062323 ], [ -122.742861828880706, 45.465568555518324 ] ] } },
{ "type": "Feature", "properties": { "street": "SW 4TH AVE", "pavement_max_ft": 18, "pavement_min_ft": 18, "graded_roadway_max_ft": 18, "block_len_ft": 376.0, "n_segments": 1, "row_width_ft": 40.1 }, "geometry": { "type": "LineString", "coordinates": [ [ -122.68303473433923, 45.467603985153829 ], [ -122.682879418321519, 45.467492725840465 ], [ -122.682693416752059, 45.46731630262564 ], [ -122.682544146396239, 45.467135579705278 ], [ -122.682418589767323, 45.466886026015743 ], [ -122.682300446036066, 45.46672500085652 ] ] } },
{ "type": "Feature", "properties": { "street": "SW 62ND PL", "pavement_max_ft": 16, "pavement_min_ft": 16, "graded_roadway_max_ft": 28, "block_len_ft": 680.0, "n_segments": 1, "row_width_ft": 20.4 }, "geometry": { "type": "LineString", "coordinates": [ [ -122.741166466292754, 45.467243340683083 ], [ -122.741122412911196, 45.465377623117739 ] ] } },
{ "type": "Feature", "properties": { "street": "SW 61ST AVE", "pavement_max_ft": 18, "pavement_min_ft": 18, "graded_roadway_max_ft": 28, "block_len_ft": 754.0, "n_segments": 1, "row_width_ft": 30.0 }, "geometry": { "type": "LineString", "coordinates": [ [ -122.739429173042282, 45.46725574356477 ], [ -122.739429668014012, 45.465188976437311 ] ] } },
{ "type": "Feature", "properties": { "street": "SW 47TH AVE", "pavement_max_ft": 14, "pavement_min_ft": 14, "graded_roadway_max_ft": 14, "block_len_ft": 453.0, "n_segments": 1, "row_width_ft": 50.0 }, "geometry": { "type": "LineString", "coordinates": [ [ -122.725117483430296, 45.466656383959602 ], [ -122.725126911249191, 45.465413333528694 ] ] } },
{ "type": "Feature", "properties": { "street": "SW 42ND AVE", "pavement_max_ft": 16, "pavement_min_ft": 16, "graded_roadway_max_ft": 28, "block_len_ft": 175.0, "n_segments": 1, "row_width_ft": 25.0 }, "geometry": { "type": "LineString", "coordinates": [ [ -122.72052887009437, 45.465881592633473 ], [ -122.720529109046268, 45.465446673137514 ], [ -122.720576047816493, 45.465417030510373 ] ] } },
{ "type": "Feature", "properties": { "street": "SW HUME ST", "pavement_max_ft": 12, "pavement_min_ft": 12, "graded_roadway_max_ft": 12, "block_len_ft": 325.0, "n_segments": 1, "row_width_ft": 25.0 }, "geometry": { "type": "LineString", "coordinates": [ [ -122.720576047816493, 45.465417030510373 ], [ -122.721770220544499, 45.465428925364542 ], [ -122.721823582268968, 45.465392932082537 ] ] } },
{ "type": "Feature", "properties": { "street": "SW HUME ST", "pavement_max_ft": 18, "pavement_min_ft": 18, "graded_roadway_max_ft": 18, "block_len_ft": 145.0, "n_segments": 1, "row_width_ft": 50.0 }, "geometry": { "type": "LineString", "coordinates": [ [ -122.689916583102104, 45.465575564517444 ], [ -122.690481775231092, 45.465574504819827 ] ] } },
{ "type": "Feature", "properties": { "street": "SW HUME ST", "pavement_max_ft": 12, "pavement_min_ft": 12, "graded_roadway_max_ft": 12, "block_len_ft": 1317.0, "n_segments": 1, "row_width_ft": 27.0 }, "geometry": { "type": "LineString", "coordinates": [ [ -122.702614809530616, 45.465202341821502 ], [ -122.707665110210144, 45.465269905195207 ], [ -122.707735992675978, 45.465298182004574 ] ] } },
{ "type": "Feature", "properties": { "street": "SW HUME ST", "pavement_max_ft": 10, "pavement_min_ft": 10, "graded_roadway_max_ft": 10, "block_len_ft": 360.0, "n_segments": 1, "row_width_ft": 29.8 }, "geometry": { "type": "LineString", "coordinates": [ [ -122.678020021317977, 45.465358100543227 ], [ -122.678815459739127, 45.46536276713659 ], [ -122.678929154114741, 45.465405581710826 ], [ -122.679406804520966, 45.465402407018537 ] ] } },
{ "type": "Feature", "properties": { "street": "SW 12TH AVE", "pavement_max_ft": 15, "pavement_min_ft": 15, "graded_roadway_max_ft": 15, "block_len_ft": 255.0, "n_segments": 1, "row_width_ft": 29.3 }, "geometry": { "type": "LineString", "coordinates": [ [ -122.690481775231092, 45.465574504819827 ], [ -122.690486980069821, 45.464876256791413 ] ] } },
{ "type": "Feature", "properties": { "street": "SW 12TH AVE", "pavement_max_ft": 14, "pavement_min_ft": 14, "graded_roadway_max_ft": 14, "block_len_ft": 246.0, "n_segments": 1, "row_width_ft": 29.5 }, "geometry": { "type": "LineString", "coordinates": [ [ -122.690486980069821, 45.464876256791413 ], [ -122.690479174608342, 45.464203011986143 ] ] } },
{ "type": "Feature", "properties": { "street": "SW 10TH AVE", "pavement_max_ft": 18, "pavement_min_ft": 18, "graded_roadway_max_ft": 18, "block_len_ft": 460.0, "n_segments": 1, "row_width_ft": 60.0 }, "geometry": { "type": "LineString", "coordinates": [ [ -122.688547760814842, 45.464216399025382 ], [ -122.688533164089804, 45.46532688847693 ], [ -122.688595070589301, 45.465471344233784 ] ] } },
{ "type": "Feature", "properties": { "street": "SW 7TH AVE", "pavement_max_ft": 18, "pavement_min_ft": 18, "graded_roadway_max_ft": 18, "block_len_ft": 900.0, "n_segments": 2, "row_width_ft": 58.8 }, "geometry": { "type": "LineString", "coordinates": [ [ -122.685496541324198, 45.465441150978712 ], [ -122.685509906459004, 45.464198870748234 ] ] } },
{ "type": "Feature", "properties": { "street": "SW RUBY TER", "pavement_max_ft": 18, "pavement_min_ft": 1, "graded_roadway_max_ft": 28, "block_len_ft": 330.0, "n_segments": 1, "row_width_ft": 60.0 }, "geometry": { "type": "LineString", "coordinates": [ [ -122.679425571225579, 45.464498335079597 ], [ -122.679406804520966, 45.465402407018537 ] ] } },
{ "type": "Feature", "properties": { "street": "SW CARSON ST", "pavement_max_ft": 16, "pavement_min_ft": 16, "graded_roadway_max_ft": 16, "block_len_ft": 262.0, "n_segments": 1, "row_width_ft": 60.0 }, "geometry": { "type": "LineString", "coordinates": [ [ -122.680439982980403, 45.464154495282841 ], [ -122.681462454419929, 45.464163078923079 ] ] } },
{ "type": "Feature", "properties": { "street": "SW 58TH AVE", "pavement_max_ft": 18, "pavement_min_ft": 18, "graded_roadway_max_ft": 18, "block_len_ft": 746.0, "n_segments": 1, "row_width_ft": 30.0 }, "geometry": { "type": "LineString", "coordinates": [ [ -122.736808516965624, 45.464941908416648 ], [ -122.736817871122696, 45.462897100729009 ] ] } },
{ "type": "Feature", "properties": { "street": "SW SPRING GARDEN ST", "pavement_max_ft": 18, "pavement_min_ft": 18, "graded_roadway_max_ft": 28, "block_len_ft": 429.0, "n_segments": 1, "row_width_ft": 40.0 }, "geometry": { "type": "LineString", "coordinates": [ [ -122.713712156376147, 45.463114274292884 ], [ -122.713870480851682, 45.463163218434801 ], [ -122.714060546399494, 45.463203341850765 ], [ -122.714895575371855, 45.46332680609067 ], [ -122.715114334008163, 45.463382794602367 ], [ -122.715307147502443, 45.463447644657954 ] ] } },
{ "type": "Feature", "properties": { "street": "SW 41ST AVE", "pavement_max_ft": 18, "pavement_min_ft": 12, "graded_roadway_max_ft": 18, "block_len_ft": 727.0, "n_segments": 2, "row_width_ft": 49.9 }, "geometry": { "type": "LineString", "coordinates": [ [ -122.71930546169547, 45.464160386770075 ], [ -122.719294190533603, 45.462910759630859 ] ] } },
{ "type": "Feature", "properties": { "street": "SW 41ST AVE", "pavement_max_ft": 18, "pavement_min_ft": 12, "graded_roadway_max_ft": 18, "block_len_ft": 727.0, "n_segments": 2, "row_width_ft": 25.2 }, "geometry": { "type": "LineString", "coordinates": [ [ -122.719294190533603, 45.462910759630859 ], [ -122.720350426949736, 45.462920946312785 ] ] } },
{ "type": "Feature", "properties": { "street": "SW 56TH AVE", "pavement_max_ft": 15, "pavement_min_ft": 15, "graded_roadway_max_ft": 15, "block_len_ft": 1143.0, "n_segments": 2, "row_width_ft": 60.0 }, "geometry": { "type": "LineString", "coordinates": [ [ -122.734293871973932, 45.46498486443695 ], [ -122.734264802491339, 45.462360264013903 ] ] } },
{ "type": "Feature", "properties": { "street": "SW 3RD AVE", "pavement_max_ft": 16, "pavement_min_ft": 16, "graded_roadway_max_ft": 16, "block_len_ft": 335.0, "n_segments": 1, "row_width_ft": 59.9 }, "geometry": { "type": "LineString", "coordinates": [ [ -122.681462454419929, 45.464163078923079 ], [ -122.681467063675669, 45.463244743606381 ] ] } },
{ "type": "Feature", "properties": { "street": "SW 56TH AVE", "pavement_max_ft": 15, "pavement_min_ft": 15, "graded_roadway_max_ft": 15, "block_len_ft": 1143.0, "n_segments": 2, "row_width_ft": 60.1 }, "geometry": { "type": "LineString", "coordinates": [ [ -122.734264802491339, 45.462360264013903 ], [ -122.734263866446824, 45.461850712154707 ] ] } },
{ "type": "Feature", "properties": { "street": "SW DOLPH CT", "pavement_max_ft": 11, "pavement_min_ft": 11, "graded_roadway_max_ft": 28, "block_len_ft": 258.0, "n_segments": 1, "row_width_ft": 30.0 }, "geometry": { "type": "LineString", "coordinates": [ [ -122.731430154239277, 45.461864146377209 ], [ -122.73161217088213, 45.461866729008818 ], [ -122.731686924188509, 45.461845714486977 ], [ -122.73243138231895, 45.461844150668036 ] ] } },
{ "type": "Feature", "properties": { "street": "SW 35TH AVE", "pavement_max_ft": 12, "pavement_min_ft": 12, "graded_roadway_max_ft": 12, "block_len_ft": 499.0, "n_segments": 1, "row_width_ft": 42.1 }, "geometry": { "type": "LineString", "coordinates": [ [ -122.712838737001775, 45.463549843088408 ], [ -122.712847451558346, 45.462180695226685 ] ] } },
{ "type": "Feature", "properties": { "street": "SW 37TH AVE", "pavement_max_ft": 16, "pavement_min_ft": 16, "graded_roadway_max_ft": 16, "block_len_ft": 221.0, "n_segments": 1, "row_width_ft": 20.0 }, "geometry": { "type": "LineString", "coordinates": [ [ -122.715386095042859, 45.462746330275756 ], [ -122.715386164213157, 45.462279246651072 ], [ -122.715327541954352, 45.46222570419571 ], [ -122.71524250293794, 45.462186439486125 ] ] } },
{ "type": "Feature", "properties": { "street": "SW 42ND AVE", "pavement_max_ft": 16, "pavement_min_ft": 14, "graded_roadway_max_ft": 28, "block_len_ft": 417.0, "n_segments": 1, "row_width_ft": 25.1 }, "geometry": { "type": "LineString", "coordinates": [ [ -122.720538217963224, 45.462508508342552 ], [ -122.720539476502964, 45.461850104142975 ], [ -122.720578605320114, 45.461776275717021 ], [ -122.720584712067406, 45.461370787859146 ] ] } },
{ "type": "Feature", "properties": { "street": "SW LOBELIA ST", "pavement_max_ft": 14, "pavement_min_ft": 14, "graded_roadway_max_ft": 14, "block_len_ft": 668.0, "n_segments": 1, "row_width_ft": 50.0 }, "geometry": { "type": "LineString", "coordinates": [ [ -122.720584712067406, 45.461370787859146 ], [ -122.723187313803535, 45.461395020320808 ] ] } },
{ "type": "Feature", "properties": { "street": "SW LOBELIA ST", "pavement_max_ft": 18, "pavement_min_ft": 18, "graded_roadway_max_ft": 18, "block_len_ft": 254.0, "n_segments": 1, "row_width_ft": 50.0 }, "geometry": { "type": "LineString", "coordinates": [ [ -122.684962037441949, 45.461161352420753 ], [ -122.685952720198486, 45.461166135924778 ] ] } },
{ "type": "Feature", "properties": { "street": "SW 42ND AVE", "pavement_max_ft": 12, "pavement_min_ft": 12, "graded_roadway_max_ft": 12, "block_len_ft": 330.0, "n_segments": 1, "row_width_ft": 50.0 }, "geometry": { "type": "LineString", "coordinates": [ [ -122.720584712067406, 45.461370787859146 ], [ -122.72057762346148, 45.460465530984635 ] ] } },
{ "type": "Feature", "properties": { "street": "SW MARIGOLD ST", "pavement_max_ft": 16, "pavement_min_ft": 16, "graded_roadway_max_ft": 16, "block_len_ft": 289.0, "n_segments": 1, "row_width_ft": 52.0 }, "geometry": { "type": "LineString", "coordinates": [ [ -122.718024821629768, 45.460262295338516 ], [ -122.719149080275869, 45.460281105165237 ] ] } },
{ "type": "Feature", "properties": { "street": "SW 36TH AVE", "pavement_max_ft": 18, "pavement_min_ft": 18, "graded_roadway_max_ft": 18, "block_len_ft": 1221.0, "n_segments": 2, "row_width_ft": 50.0 }, "geometry": { "type": "LineString", "coordinates": [ [ -122.714762150399324, 45.461793503576523 ], [ -122.714780007110548, 45.460245571076705 ] ] } },
{ "type": "Feature", "properties": { "street": "SW 15TH AVE", "pavement_max_ft": 15, "pavement_min_ft": 1, "graded_roadway_max_ft": 28, "block_len_ft": 196.0, "n_segments": 1, "row_width_ft": 59.0 }, "geometry": { "type": "LineString", "coordinates": [ [ -122.694060442337417, 45.461569864217019 ], [ -122.69405411909618, 45.461032780476692 ] ] } },
{ "type": "Feature", "properties": { "street": "SW 54TH AVE", "pavement_max_ft": 12, "pavement_min_ft": 12, "graded_roadway_max_ft": 28, "block_len_ft": 180.0, "n_segments": 1, "row_width_ft": 60.0 }, "geometry": { "type": "LineString", "coordinates": [ [ -122.732439020693832, 45.459398492666125 ], [ -122.732436762329172, 45.458904798784076 ] ] } },
{ "type": "Feature", "properties": { "street": "SW 15TH AVE", "pavement_max_ft": 17, "pavement_min_ft": 17, "graded_roadway_max_ft": 17, "block_len_ft": 460.0, "n_segments": 1, "row_width_ft": 59.0 }, "geometry": { "type": "LineString", "coordinates": [ [ -122.694071775483096, 45.460309933277642 ], [ -122.694083001729169, 45.459048303800486 ] ] } },
{ "type": "Feature", "properties": { "street": "SW ORCHID ST", "pavement_max_ft": 17, "pavement_min_ft": 17, "graded_roadway_max_ft": 17, "block_len_ft": 278.0, "n_segments": 1, "row_width_ft": 30.0 }, "geometry": { "type": "LineString", "coordinates": [ [ -122.694083001729169, 45.459048303800486 ], [ -122.694739408792145, 45.459053498935994 ], [ -122.694901519666629, 45.459080572861701 ], [ -122.695050587901477, 45.459097116631881 ], [ -122.695161228005162, 45.459096666114114 ] ] } },
{ "type": "Feature", "properties": { "street": "SW 37TH AVE", "pavement_max_ft": 12, "pavement_min_ft": 12, "graded_roadway_max_ft": 12, "block_len_ft": 202.0, "n_segments": 1, "row_width_ft": 25.0 }, "geometry": { "type": "LineString", "coordinates": [ [ -122.715458409423235, 45.459140092227983 ], [ -122.715455023672931, 45.458584833410335 ] ] } },
{ "type": "Feature", "properties": { "street": "SW 36TH AVE", "pavement_max_ft": 18, "pavement_min_ft": 18, "graded_roadway_max_ft": 18, "block_len_ft": 1221.0, "n_segments": 2, "row_width_ft": 50.0 }, "geometry": { "type": "LineString", "coordinates": [ [ -122.714780007110548, 45.460245571076705 ], [ -122.714763349650241, 45.458446044158286 ] ] } },
{ "type": "Feature", "properties": { "street": "SW 54TH AVE", "pavement_max_ft": 12, "pavement_min_ft": 12, "graded_roadway_max_ft": 12, "block_len_ft": 356.0, "n_segments": 1, "row_width_ft": 60.0 }, "geometry": { "type": "LineString", "coordinates": [ [ -122.732436762329172, 45.458904798784076 ], [ -122.732431855731136, 45.457928864124909 ] ] } },
{ "type": "Feature", "properties": { "street": "SW BAIRD ST", "pavement_max_ft": 16, "pavement_min_ft": 12, "graded_roadway_max_ft": 16, "block_len_ft": 481.0, "n_segments": 2, "row_width_ft": 60.0 }, "geometry": { "type": "LineString", "coordinates": [ [ -122.732430602581289, 45.457506011053418 ], [ -122.733289622859957, 45.457510999654069 ] ] } },
{ "type": "Feature", "properties": { "street": "SW 53RD AVE", "pavement_max_ft": 14, "pavement_min_ft": 14, "graded_roadway_max_ft": 14, "block_len_ft": 510.0, "n_segments": 1, "row_width_ft": 60.0 }, "geometry": { "type": "LineString", "coordinates": [ [ -122.731423221041908, 45.458905577583835 ], [ -122.7314170963283, 45.45750679113273 ] ] } },
{ "type": "Feature", "properties": { "street": "SW BAIRD ST", "pavement_max_ft": 16, "pavement_min_ft": 12, "graded_roadway_max_ft": 16, "block_len_ft": 481.0, "n_segments": 2, "row_width_ft": 60.0 }, "geometry": { "type": "LineString", "coordinates": [ [ -122.7314170963283, 45.45750679113273 ], [ -122.732430602581289, 45.457506011053418 ] ] } },
{ "type": "Feature", "properties": { "street": "SW 52ND AVE", "pavement_max_ft": 18, "pavement_min_ft": 18, "graded_roadway_max_ft": 18, "block_len_ft": 510.0, "n_segments": 1, "row_width_ft": 60.0 }, "geometry": { "type": "LineString", "coordinates": [ [ -122.730410170234748, 45.458906348822424 ], [ -122.7304038101625, 45.457507561760323 ] ] } },
{ "type": "Feature", "properties": { "street": "SW BAIRD ST", "pavement_max_ft": 12, "pavement_min_ft": 1, "graded_roadway_max_ft": 28, "block_len_ft": 260.0, "n_segments": 1, "row_width_ft": 60.0 }, "geometry": { "type": "LineString", "coordinates": [ [ -122.7304038101625, 45.457507561760323 ], [ -122.7314170963283, 45.45750679113273 ] ] } },
{ "type": "Feature", "properties": { "street": "SW 51ST AVE", "pavement_max_ft": 14, "pavement_min_ft": 14, "graded_roadway_max_ft": 14, "block_len_ft": 510.0, "n_segments": 1, "row_width_ft": 60.0 }, "geometry": { "type": "LineString", "coordinates": [ [ -122.729396857119511, 45.458907109979478 ], [ -122.729389943685078, 45.457508323566323 ] ] } },
{ "type": "Feature", "properties": { "street": "SW 28TH AVE", "pavement_max_ft": 18, "pavement_min_ft": 18, "graded_roadway_max_ft": 18, "block_len_ft": 521.0, "n_segments": 1, "row_width_ft": 49.6 }, "geometry": { "type": "LineString", "coordinates": [ [ -122.705695364405216, 45.45938352925392 ], [ -122.705713711596559, 45.45795551452828 ] ] } },
{ "type": "Feature", "properties": { "street": "SW BAIRD ST", "pavement_max_ft": 18, "pavement_min_ft": 18, "graded_roadway_max_ft": 18, "block_len_ft": 260.0, "n_segments": 1, "row_width_ft": 60.0 }, "geometry": { "type": "LineString", "coordinates": [ [ -122.728377247712501, 45.457509072770087 ], [ -122.729389943685078, 45.457508323566323 ] ] } },
{ "type": "Feature", "properties": { "street": "SW 30TH AVE", "pavement_max_ft": 18, "pavement_min_ft": 18, "graded_roadway_max_ft": 18, "block_len_ft": 276.0, "n_segments": 1, "row_width_ft": 38.5 }, "geometry": { "type": "LineString", "coordinates": [ [ -122.707744746758394, 45.458330251450228 ], [ -122.707740496828791, 45.457573855228816 ] ] } },
{ "type": "Feature", "properties": { "street": "SW 55TH AVE", "pavement_max_ft": 12, "pavement_min_ft": 12, "graded_roadway_max_ft": 12, "block_len_ft": 360.0, "n_segments": 1, "row_width_ft": 30.0 }, "geometry": { "type": "LineString", "coordinates": [ [ -122.733381556446091, 45.457067552475387 ], [ -122.733378710583267, 45.456080696768467 ] ] } },
{ "type": "Feature", "properties": { "street": "SW 47TH AVE", "pavement_max_ft": 18, "pavement_min_ft": 18, "graded_roadway_max_ft": 28, "block_len_ft": 510.0, "n_segments": 1, "row_width_ft": 60.0 }, "geometry": { "type": "LineString", "coordinates": [ [ -122.725337028990793, 45.457510946094551 ], [ -122.725331185449832, 45.456112480438932 ] ] } },
{ "type": "Feature", "properties": { "street": "SW 7TH AVE", "pavement_max_ft": 14, "pavement_min_ft": 1, "graded_roadway_max_ft": 28, "block_len_ft": 277.0, "n_segments": 1, "row_width_ft": 10.0 }, "geometry": { "type": "LineString", "coordinates": [ [ -122.685965852669668, 45.45751829320556 ], [ -122.685993201878489, 45.456760308899746 ] ] } },
{ "type": "Feature", "properties": { "street": "SW PLUM CT", "pavement_max_ft": 15, "pavement_min_ft": 15, "graded_roadway_max_ft": 15, "block_len_ft": 433.0, "n_segments": 1, "row_width_ft": 50.0 }, "geometry": { "type": "LineString", "coordinates": [ [ -122.702750009574117, 45.456268795470642 ], [ -122.704308548862812, 45.456289217862114 ], [ -122.704432470557947, 45.456317416629439 ] ] } },
{ "type": "Feature", "properties": { "street": "SW 4TH AVE", "pavement_max_ft": 12, "pavement_min_ft": 12, "graded_roadway_max_ft": 12, "block_len_ft": 488.0, "n_segments": 1, "row_width_ft": 50.0 }, "geometry": { "type": "LineString", "coordinates": [ [ -122.682815635241411, 45.456299589107104 ], [ -122.682841326160229, 45.454962191279677 ] ] } },
{ "type": "Feature", "properties": { "street": "SW 3RD AVE", "pavement_max_ft": 18, "pavement_min_ft": 18, "graded_roadway_max_ft": 18, "block_len_ft": 488.0, "n_segments": 1, "row_width_ft": 50.0 }, "geometry": { "type": "LineString", "coordinates": [ [ -122.681841431180402, 45.456290391156948 ], [ -122.681867164320053, 45.45495189918649 ] ] } },
{ "type": "Feature", "properties": { "street": "SW VIEW POINT TER", "pavement_max_ft": 18, "pavement_min_ft": 18, "graded_roadway_max_ft": 18, "block_len_ft": 237.0, "n_segments": 1, "row_width_ft": 50.0 }, "geometry": { "type": "LineString", "coordinates": [ [ -122.677957768967104, 45.455567898418231 ], [ -122.677970170209591, 45.454918293123008 ] ] } },
{ "type": "Feature", "properties": { "street": "SW EVELYN ST", "pavement_max_ft": 18, "pavement_min_ft": 18, "graded_roadway_max_ft": 18, "block_len_ft": 142.0, "n_segments": 1, "row_width_ft": 25.1 }, "geometry": { "type": "LineString", "coordinates": [ [ -122.714825039655736, 45.453735257572667 ], [ -122.715377523318409, 45.453758149826719 ] ] } },
{ "type": "Feature", "properties": { "street": "SW LUCILLE ST", "pavement_max_ft": 18, "pavement_min_ft": 18, "graded_roadway_max_ft": 18, "block_len_ft": 112.0, "n_segments": 1, "row_width_ft": 50.0 }, "geometry": { "type": "LineString", "coordinates": [ [ -122.686605513339046, 45.454272441702166 ], [ -122.687009352771682, 45.454386685018626 ] ] } },
{ "type": "Feature", "properties": { "street": "SW MAPLECREST CT", "pavement_max_ft": 18, "pavement_min_ft": 18, "graded_roadway_max_ft": 20, "block_len_ft": 1373.0, "n_segments": 1, "row_width_ft": 50.0 }, "geometry": { "type": "LineString", "coordinates": [ [ -122.68407444983896, 45.453056087907655 ], [ -122.689328409373203, 45.453091024092238 ], [ -122.68939478858448, 45.453041843088087 ] ] } },
{ "type": "Feature", "properties": { "street": "SW RADCLIFFE LN", "pavement_max_ft": 12, "pavement_min_ft": 12, "graded_roadway_max_ft": 12, "block_len_ft": 375.0, "n_segments": 1, "row_width_ft": 25.0 }, "geometry": { "type": "LineString", "coordinates": [ [ -122.733414370106814, 45.45165886728627 ], [ -122.734876527352071, 45.451670066806251 ] ] } },
{ "type": "Feature", "properties": { "street": "SW 37TH AVE", "pavement_max_ft": 16, "pavement_min_ft": 16, "graded_roadway_max_ft": 16, "block_len_ft": 177.0, "n_segments": 1, "row_width_ft": 59.9 }, "geometry": { "type": "LineString", "coordinates": [ [ -122.715368342536181, 45.452953673214815 ], [ -122.715373313813018, 45.452676237424392 ], [ -122.71541173655433, 45.452471228765511 ] ] } },
{ "type": "Feature", "properties": { "street": "SW 53RD AVE", "pavement_max_ft": 18, "pavement_min_ft": 18, "graded_roadway_max_ft": 18, "block_len_ft": 1250.0, "n_segments": 1, "row_width_ft": 60.0 }, "geometry": { "type": "LineString", "coordinates": [ [ -122.731662134279901, 45.454776289938962 ], [ -122.731652657053658, 45.451348987812075 ] ] } },
{ "type": "Feature", "properties": { "street": "SW ALFRED ST", "pavement_max_ft": 15, "pavement_min_ft": 15, "graded_roadway_max_ft": 15, "block_len_ft": 455.0, "n_segments": 1, "row_width_ft": 50.0 }, "geometry": { "type": "LineString", "coordinates": [ [ -122.731652657053658, 45.451348987812075 ], [ -122.733307665522418, 45.451363880255286 ], [ -122.73341264803642, 45.451325531827976 ] ] } },
{ "type": "Feature", "properties": { "street": "SW 28TH AVE", "pavement_max_ft": 14, "pavement_min_ft": 14, "graded_roadway_max_ft": 28, "block_len_ft": 328.0, "n_segments": 1, "row_width_ft": 28.0 }, "geometry": { "type": "LineString", "coordinates": [ [ -122.705140672683541, 45.45269498991594 ], [ -122.705142168378515, 45.451795003816422 ] ] } },
{ "type": "Feature", "properties": { "street": "SW ALFRED CT", "pavement_max_ft": 12, "pavement_min_ft": 12, "graded_roadway_max_ft": 12, "block_len_ft": 480.0, "n_segments": 1, "row_width_ft": 39.8 }, "geometry": { "type": "LineString", "coordinates": [ [ -122.73341264803642, 45.451325531827976 ], [ -122.733962855368162, 45.451093443032455 ], [ -122.734045582120984, 45.451058896324852 ], [ -122.734137627098264, 45.451032690723579 ], [ -122.734233111724734, 45.451016508834329 ], [ -122.734332035102156, 45.451010350035538 ], [ -122.734430510220236, 45.451014572905876 ], [ -122.734524686899633, 45.451028896380379 ], [ -122.734614558852286, 45.451053316670354 ], [ -122.735072081606248, 45.451261272174413 ] ] } },
{ "type": "Feature", "properties": { "street": "SW 30TH AVE", "pavement_max_ft": 18, "pavement_min_ft": 18, "graded_roadway_max_ft": 18, "block_len_ft": 297.0, "n_segments": 1, "row_width_ft": 20.3 }, "geometry": { "type": "LineString", "coordinates": [ [ -122.707661840342539, 45.451822356614073 ], [ -122.707701178467119, 45.451754399649325 ], [ -122.707700098692143, 45.451012639498039 ] ] } },
{ "type": "Feature", "properties": { "street": "SW 29TH AVE", "pavement_max_ft": 12, "pavement_min_ft": 12, "graded_roadway_max_ft": 28, "block_len_ft": 322.0, "n_segments": 1, "row_width_ft": 40.0 }, "geometry": { "type": "LineString", "coordinates": [ [ -122.706394179136083, 45.450890092312349 ], [ -122.706378216971771, 45.45035766416752 ], [ -122.706364651512658, 45.450008122455181 ] ] } },
{ "type": "Feature", "properties": { "street": "SW 53RD AVE", "pavement_max_ft": 18, "pavement_min_ft": 18, "graded_roadway_max_ft": 18, "block_len_ft": 743.0, "n_segments": 1, "row_width_ft": 60.0 }, "geometry": { "type": "LineString", "coordinates": [ [ -122.731652657053658, 45.451348987812075 ], [ -122.731636920366526, 45.450806232708011 ], [ -122.731644224568115, 45.449739177975786 ], [ -122.731655313371988, 45.449668838235247 ], [ -122.731660521803988, 45.449598227420601 ], [ -122.731659838186047, 45.449527173485755 ], [ -122.73165523521854, 45.449456055810963 ], [ -122.731644758167377, 45.449385016191741 ], [ -122.731628424100577, 45.449314393678058 ] ] } },
{ "type": "Feature", "properties": { "street": "SW DICKINSON ST", "pavement_max_ft": 15, "pavement_min_ft": 15, "graded_roadway_max_ft": 28, "block_len_ft": 265.0, "n_segments": 1, "row_width_ft": 41.3 }, "geometry": { "type": "LineString", "coordinates": [ [ -122.741626092002832, 45.447690694916091 ], [ -122.742656492871362, 45.447699797844855 ] ] } },
{ "type": "Feature", "properties": { "street": "SW DICKINSON ST", "pavement_max_ft": 16, "pavement_min_ft": 16, "graded_roadway_max_ft": 28, "block_len_ft": 271.0, "n_segments": 1, "row_width_ft": 16.5 }, "geometry": { "type": "LineString", "coordinates": [ [ -122.73957251541556, 45.447655853700994 ], [ -122.739689466184089, 45.447645185922156 ], [ -122.740505257734625, 45.447651065899763 ], [ -122.740622457336499, 45.447674953853948 ] ] } },
{ "type": "Feature", "properties": { "street": "SW DICKINSON ST", "pavement_max_ft": 18, "pavement_min_ft": 18, "graded_roadway_max_ft": 18, "block_len_ft": 504.0, "n_segments": 1, "row_width_ft": 40.0 }, "geometry": { "type": "LineString", "coordinates": [ [ -122.710861145311142, 45.447349614477119 ], [ -122.712826486676263, 45.447371250762281 ] ] } },
{ "type": "Feature", "properties": { "street": "SW 62ND PL", "pavement_max_ft": 18, "pavement_min_ft": 1, "graded_roadway_max_ft": 28, "block_len_ft": 490.0, "n_segments": 1, "row_width_ft": 60.0 }, "geometry": { "type": "LineString", "coordinates": [ [ -122.740622457336499, 45.447674953853948 ], [ -122.74062164975102, 45.44633164847761 ] ] } },
{ "type": "Feature", "properties": { "street": "SW COMUS ST", "pavement_max_ft": 12, "pavement_min_ft": 12, "graded_roadway_max_ft": 12, "block_len_ft": 416.0, "n_segments": 1, "row_width_ft": 50.0 }, "geometry": { "type": "LineString", "coordinates": [ [ -122.689929677843992, 45.446542726558363 ], [ -122.691538964759744, 45.446416405258773 ] ] } },
{ "type": "Feature", "properties": { "street": "SW 43RD AVE", "pavement_max_ft": 12, "pavement_min_ft": 12, "graded_roadway_max_ft": 12, "block_len_ft": 260.0, "n_segments": 1, "row_width_ft": 60.0 }, "geometry": { "type": "LineString", "coordinates": [ [ -122.721071687884603, 45.446090420189968 ], [ -122.721072383180626, 45.445377743983819 ] ] } },
{ "type": "Feature", "properties": { "street": "SW 61ST AVE", "pavement_max_ft": 18, "pavement_min_ft": 18, "graded_roadway_max_ft": 18, "block_len_ft": 180.0, "n_segments": 1, "row_width_ft": null }, "geometry": { "type": "LineString", "coordinates": [ [ -122.739593102106923, 45.44507503377509 ], [ -122.739596565112336, 45.444582013030114 ] ] } },
{ "type": "Feature", "properties": { "street": "SW ARNOLD ST", "pavement_max_ft": 18, "pavement_min_ft": 18, "graded_roadway_max_ft": 28, "block_len_ft": 520.0, "n_segments": 1, "row_width_ft": 60.0 }, "geometry": { "type": "LineString", "coordinates": [ [ -122.723096336024796, 45.444666543657199 ], [ -122.725123256004267, 45.444666927483048 ] ] } },
{ "type": "Feature", "properties": { "street": "SW PALATINE ST", "pavement_max_ft": 18, "pavement_min_ft": 16, "graded_roadway_max_ft": 18, "block_len_ft": 634.0, "n_segments": 2, "row_width_ft": 60.0 }, "geometry": { "type": "LineString", "coordinates": [ [ -122.731882051742929, 45.443973840801227 ], [ -122.733316899305208, 45.443975754912174 ] ] } },
{ "type": "Feature", "properties": { "street": "SW PALATINE ST", "pavement_max_ft": 16, "pavement_min_ft": 16, "graded_roadway_max_ft": 28, "block_len_ft": 332.0, "n_segments": 1, "row_width_ft": 40.0 }, "geometry": { "type": "LineString", "coordinates": [ [ -122.694443278260408, 45.444522802880961 ], [ -122.695481304927412, 45.444372307250269 ], [ -122.695712883421137, 45.444350465610775 ] ] } },
{ "type": "Feature", "properties": { "street": "SW PALATINE ST", "pavement_max_ft": 18, "pavement_min_ft": 18, "graded_roadway_max_ft": 18, "block_len_ft": 553.0, "n_segments": 1, "row_width_ft": 50.0 }, "geometry": { "type": "LineString", "coordinates": [ [ -122.710663048824699, 45.443778216054312 ], [ -122.712818237447024, 45.443795451303416 ] ] } },
{ "type": "Feature", "properties": { "street": "SW PALATINE ST", "pavement_max_ft": 18, "pavement_min_ft": 10, "graded_roadway_max_ft": 18, "block_len_ft": 457.0, "n_segments": 1, "row_width_ft": 50.4 }, "geometry": { "type": "LineString", "coordinates": [ [ -122.708883377550677, 45.443766142679152 ], [ -122.710663048824699, 45.443778216054312 ] ] } },
{ "type": "Feature", "properties": { "street": "SW PALATINE ST", "pavement_max_ft": 18, "pavement_min_ft": 16, "graded_roadway_max_ft": 18, "block_len_ft": 634.0, "n_segments": 2, "row_width_ft": 32.9 }, "geometry": { "type": "LineString", "coordinates": [ [ -122.733316899305208, 45.443975754912174 ], [ -122.733361277876881, 45.443246926487518 ] ] } },
{ "type": "Feature", "properties": { "street": "SW CORONADO ST", "pavement_max_ft": 16, "pavement_min_ft": 16, "graded_roadway_max_ft": 16, "block_len_ft": 502.0, "n_segments": 1, "row_width_ft": 60.0 }, "geometry": { "type": "LineString", "coordinates": [ [ -122.725122762829216, 45.442532019724098 ], [ -122.727079754353738, 45.442532023505791 ] ] } },
{ "type": "Feature", "properties": { "street": "SW CORONADO ST", "pavement_max_ft": 12, "pavement_min_ft": 12, "graded_roadway_max_ft": 28, "block_len_ft": 186.0, "n_segments": 1, "row_width_ft": 60.0 }, "geometry": { "type": "LineString", "coordinates": [ [ -122.717111305054431, 45.442526508556952 ], [ -122.717836996480315, 45.442529608903669 ] ] } },
{ "type": "Feature", "properties": { "street": "SW 33RD AVE", "pavement_max_ft": 16, "pavement_min_ft": 12, "graded_roadway_max_ft": 16, "block_len_ft": 648.0, "n_segments": 1, "row_width_ft": 40.0 }, "geometry": { "type": "LineString", "coordinates": [ [ -122.710663048824699, 45.443778216054312 ], [ -122.71067544827055, 45.442001726878686 ] ] } },
{ "type": "Feature", "properties": { "street": "SW LESSER WAY", "pavement_max_ft": 12, "pavement_min_ft": 12, "graded_roadway_max_ft": 12, "block_len_ft": 1165.0, "n_segments": 2, "row_width_ft": 50.0 }, "geometry": { "type": "LineString", "coordinates": [ [ -122.74245961539873, 45.439546190416152 ], [ -122.742489779927681, 45.438325357621274 ] ] } },
{ "type": "Feature", "properties": { "street": "SW 34TH AVE", "pavement_max_ft": 18, "pavement_min_ft": 18, "graded_roadway_max_ft": 18, "block_len_ft": 481.0, "n_segments": 1, "row_width_ft": 50.0 }, "geometry": { "type": "LineString", "coordinates": [ [ -122.711561599467402, 45.440223481829413 ], [ -122.711530383909604, 45.440140305376922 ], [ -122.71152277967073, 45.438905898253097 ] ] } },
{ "type": "Feature", "properties": { "street": "SW 25TH AVE", "pavement_max_ft": 12, "pavement_min_ft": 12, "graded_roadway_max_ft": 28, "block_len_ft": 489.0, "n_segments": 1, "row_width_ft": 19.3 }, "geometry": { "type": "LineString", "coordinates": [ [ -122.702933674625541, 45.440165024734036 ], [ -122.702979334194822, 45.438825100581653 ] ] } },
{ "type": "Feature", "properties": { "street": "SW 60TH AVE", "pavement_max_ft": 12, "pavement_min_ft": 12, "graded_roadway_max_ft": 12, "block_len_ft": 1286.0, "n_segments": 1, "row_width_ft": 25.0 }, "geometry": { "type": "LineString", "coordinates": [ [ -122.738643630462292, 45.440413685056143 ], [ -122.738642146445486, 45.437706535903828 ], [ -122.738648461601912, 45.436886082495036 ] ] } },
{ "type": "Feature", "properties": { "street": "SW HAINES ST", "pavement_max_ft": 16, "pavement_min_ft": 16, "graded_roadway_max_ft": 16, "block_len_ft": 638.0, "n_segments": 1, "row_width_ft": 43.7 }, "geometry": { "type": "LineString", "coordinates": [ [ -122.738648461601912, 45.436886082495036 ], [ -122.7411353010406, 45.43689547901603 ] ] } },
{ "type": "Feature", "properties": { "street": "SW 59TH AVE", "pavement_max_ft": 12, "pavement_min_ft": 12, "graded_roadway_max_ft": 12, "block_len_ft": 437.0, "n_segments": 1, "row_width_ft": 60.0 }, "geometry": { "type": "LineString", "coordinates": [ [ -122.737386688852155, 45.43807261679661 ], [ -122.737376957402688, 45.436875302369586 ] ] } },
{ "type": "Feature", "properties": { "street": "SW HAINES ST", "pavement_max_ft": 16, "pavement_min_ft": 16, "graded_roadway_max_ft": 16, "block_len_ft": 326.0, "n_segments": 1, "row_width_ft": 45.6 }, "geometry": { "type": "LineString", "coordinates": [ [ -122.737376957402688, 45.436875302369586 ], [ -122.738648461601912, 45.436886082495036 ] ] } },
{ "type": "Feature", "properties": { "street": "SW HAINES ST", "pavement_max_ft": 15, "pavement_min_ft": 15, "graded_roadway_max_ft": 15, "block_len_ft": 375.0, "n_segments": 1, "row_width_ft": 30.9 }, "geometry": { "type": "LineString", "coordinates": [ [ -122.735917637935444, 45.436841824211008 ], [ -122.736510707482623, 45.436874988458733 ], [ -122.737376957402688, 45.436875302369586 ] ] } },
{ "type": "Feature", "properties": { "street": "SW HAINES ST", "pavement_max_ft": 10, "pavement_min_ft": 10, "graded_roadway_max_ft": 10, "block_len_ft": 307.0, "n_segments": 1, "row_width_ft": 52.4 }, "geometry": { "type": "LineString", "coordinates": [ [ -122.734720537597923, 45.436834086114857 ], [ -122.735917637935444, 45.436841824211008 ] ] } },
{ "type": "Feature", "properties": { "street": "SW GUNTHER LN", "pavement_max_ft": 16, "pavement_min_ft": 12, "graded_roadway_max_ft": 16, "block_len_ft": 1327.0, "n_segments": 3, "row_width_ft": 50.0 }, "geometry": { "type": "LineString", "coordinates": [ [ -122.736600824675278, 45.435927395906219 ], [ -122.738512527634825, 45.435949535181692 ], [ -122.738640332746897, 45.435990115426037 ] ] } },
{ "type": "Feature", "properties": { "street": "SW 57TH AVE", "pavement_max_ft": 12, "pavement_min_ft": 12, "graded_roadway_max_ft": 12, "block_len_ft": 531.0, "n_segments": 1, "row_width_ft": 50.0 }, "geometry": { "type": "LineString", "coordinates": [ [ -122.735917637935444, 45.436841824211008 ], [ -122.735919570211593, 45.436765692544036 ], [ -122.735930383232656, 45.436291549386183 ], [ -122.735880763889639, 45.436148737211333 ], [ -122.735367983965887, 45.435481019311609 ] ] } },
{ "type": "Feature", "properties": { "street": "SW FAIRVALE CT", "pavement_max_ft": 16, "pavement_min_ft": 1, "graded_roadway_max_ft": 28, "block_len_ft": 790.0, "n_segments": 2, "row_width_ft": 50.0 }, "geometry": { "type": "LineString", "coordinates": [ [ -122.722434152794563, 45.484882001377137 ], [ -122.722818781754796, 45.484943364025057 ], [ -122.72320934857909, 45.48497122977831 ] ] } },
{ "type": "Feature", "properties": { "street": "SW HAMILTON CT", "pavement_max_ft": 18, "pavement_min_ft": 18, "graded_roadway_max_ft": 18, "block_len_ft": 621.0, "n_segments": 1, "row_width_ft": 30.0 }, "geometry": { "type": "LineString", "coordinates": [ [ -122.702772670475497, 45.489580588610941 ], [ -122.705193229517548, 45.489603918473222 ] ] } },
{ "type": "Feature", "properties": { "street": "SW PATRICK WAY", "pavement_max_ft": 18, "pavement_min_ft": 18, "graded_roadway_max_ft": 18, "block_len_ft": 141.0, "n_segments": 1, "row_width_ft": 20.0 }, "geometry": { "type": "LineString", "coordinates": [ [ -122.698171769084809, 45.494128885806091 ], [ -122.698672028290105, 45.49397152276741 ] ] } },
{ "type": "Feature", "properties": { "street": "NW MARCIA ST", "pavement_max_ft": 18, "pavement_min_ft": 18, "graded_roadway_max_ft": 18, "block_len_ft": 321.0, "n_segments": 1, "row_width_ft": 29.9 }, "geometry": { "type": "LineString", "coordinates": [ [ -122.705040436867492, 45.529425008257135 ], [ -122.705013642817534, 45.529368950698284 ], [ -122.705020417911427, 45.529222549950617 ], [ -122.705376175018458, 45.52885433279981 ], [ -122.705666134124158, 45.528750945101038 ] ] } },
{ "type": "Feature", "properties": { "street": "SW HILLCREST PL", "pavement_max_ft": 10, "pavement_min_ft": 10, "graded_roadway_max_ft": 10, "block_len_ft": 180.0, "n_segments": 1, "row_width_ft": 12.0 }, "geometry": { "type": "LineString", "coordinates": [ [ -122.701803213112441, 45.507549527464143 ], [ -122.701864266212425, 45.507548971568752 ], [ -122.702499363440182, 45.507495201414386 ] ] } },
{ "type": "Feature", "properties": { "street": "SW CHESAPEAK AVE", "pavement_max_ft": 10, "pavement_min_ft": 1, "graded_roadway_max_ft": 28, "block_len_ft": 1054.0, "n_segments": 2, "row_width_ft": 40.0 }, "geometry": { "type": "LineString", "coordinates": [ [ -122.704912581449761, 45.491942877359278 ], [ -122.704889736393767, 45.491923612099498 ], [ -122.704801998838292, 45.49186090187964 ], [ -122.704712311938664, 45.491800185312599 ], [ -122.704507232847476, 45.491658979068987 ], [ -122.704280030945839, 45.491542619185665 ], [ -122.703989770904499, 45.491419680866628 ], [ -122.703758076528089, 45.491334558472481 ], [ -122.703509866625154, 45.491265331097523 ], [ -122.703290641763246, 45.491207229811081 ], [ -122.703060759288775, 45.491168803317997 ], [ -122.702627354503534, 45.491165853003537 ] ] } },
{ "type": "Feature", "properties": { "street": "NW 3RD ST", "pavement_max_ft": 12, "pavement_min_ft": 12, "graded_roadway_max_ft": 12, "block_len_ft": 786.0, "n_segments": 3, "row_width_ft": 60.0 }, "geometry": { "type": "LineString", "coordinates": [ [ -122.787473677754676, 45.598896779145996 ], [ -122.787960756878149, 45.599529705292703 ] ] } },
{ "type": "Feature", "properties": { "street": "NW 3RD ST", "pavement_max_ft": 12, "pavement_min_ft": 12, "graded_roadway_max_ft": 12, "block_len_ft": 786.0, "n_segments": 3, "row_width_ft": 60.0 }, "geometry": { "type": "LineString", "coordinates": [ [ -122.787960756878149, 45.599529705292703 ], [ -122.788450136587059, 45.600157635136078 ] ] } },
{ "type": "Feature", "properties": { "street": "NW 2ND CT", "pavement_max_ft": 12, "pavement_min_ft": 12, "graded_roadway_max_ft": 12, "block_len_ft": 573.0, "n_segments": 2, "row_width_ft": 16.0 }, "geometry": { "type": "LineString", "coordinates": [ [ -122.787907246033299, 45.600363661211745 ], [ -122.787992073945603, 45.600426387522212 ], [ -122.788415921554517, 45.600979992048707 ] ] } },
{ "type": "Feature", "properties": { "street": "N KALMAR ST", "pavement_max_ft": 12, "pavement_min_ft": 12, "graded_roadway_max_ft": 20, "block_len_ft": 515.0, "n_segments": 1, "row_width_ft": 39.9 }, "geometry": { "type": "LineString", "coordinates": [ [ -122.750569188067175, 45.598977176955465 ], [ -122.751703991138058, 45.600144455771904 ] ] } },
{ "type": "Feature", "properties": { "street": "N CENTRAL ST", "pavement_max_ft": 12, "pavement_min_ft": 12, "graded_roadway_max_ft": 30, "block_len_ft": 238.0, "n_segments": 1, "row_width_ft": 60.0 }, "geometry": { "type": "LineString", "coordinates": [ [ -122.743852635604782, 45.589693077054207 ], [ -122.744734728213203, 45.589900116559221 ] ] } },
{ "type": "Feature", "properties": { "street": "NE 88TH AVE", "pavement_max_ft": 18, "pavement_min_ft": 18, "graded_roadway_max_ft": 18, "block_len_ft": 250.0, "n_segments": 1, "row_width_ft": 60.0 }, "geometry": { "type": "LineString", "coordinates": [ [ -122.57243893200247, 45.53935664497925 ], [ -122.572427653654074, 45.540041605687463 ] ] } },
{ "type": "Feature", "properties": { "street": "NE TILLAMOOK ST", "pavement_max_ft": 18, "pavement_min_ft": 18, "graded_roadway_max_ft": 18, "block_len_ft": 262.0, "n_segments": 1, "row_width_ft": 60.0 }, "geometry": { "type": "LineString", "coordinates": [ [ -122.603632520611711, 45.537688737902599 ], [ -122.602608509459813, 45.537681401873861 ] ] } },
{ "type": "Feature", "properties": { "street": "NE TILLAMOOK ST", "pavement_max_ft": 18, "pavement_min_ft": 18, "graded_roadway_max_ft": 18, "block_len_ft": 260.0, "n_segments": 1, "row_width_ft": 50.0 }, "geometry": { "type": "LineString", "coordinates": [ [ -122.601569414695916, 45.537651748804194 ], [ -122.6005550011445, 45.537650313561798 ] ] } },
{ "type": "Feature", "properties": { "street": "NE TILLAMOOK ST", "pavement_max_ft": 16, "pavement_min_ft": 16, "graded_roadway_max_ft": 16, "block_len_ft": 265.0, "n_segments": 1, "row_width_ft": 50.0 }, "geometry": { "type": "LineString", "coordinates": [ [ -122.6005550011445, 45.537650313561798 ], [ -122.599522644643599, 45.537649246410837 ] ] } },
{ "type": "Feature", "properties": { "street": "NE 86TH AVE", "pavement_max_ft": 16, "pavement_min_ft": 16, "graded_roadway_max_ft": 16, "block_len_ft": 301.0, "n_segments": 1, "row_width_ft": 50.0 }, "geometry": { "type": "LineString", "coordinates": [ [ -122.574472536346022, 45.537175072006001 ], [ -122.574459071498211, 45.538001444753711 ] ] } },
{ "type": "Feature", "properties": { "street": "NE HANCOCK ST", "pavement_max_ft": 17, "pavement_min_ft": 17, "graded_roadway_max_ft": 17, "block_len_ft": 266.0, "n_segments": 1, "row_width_ft": 54.9 }, "geometry": { "type": "LineString", "coordinates": [ [ -122.602624990850359, 45.536557099957143 ], [ -122.601585335537749, 45.536555198428374 ] ] } },
{ "type": "Feature", "properties": { "street": "NE HANCOCK ST", "pavement_max_ft": 15, "pavement_min_ft": 15, "graded_roadway_max_ft": 15, "block_len_ft": 260.0, "n_segments": 1, "row_width_ft": 49.9 }, "geometry": { "type": "LineString", "coordinates": [ [ -122.601585335537749, 45.536555198428374 ], [ -122.600570906714921, 45.536553231459806 ] ] } },
{ "type": "Feature", "properties": { "street": "NE HANCOCK ST", "pavement_max_ft": 17, "pavement_min_ft": 17, "graded_roadway_max_ft": 18, "block_len_ft": 265.0, "n_segments": 1, "row_width_ft": 50.8 }, "geometry": { "type": "LineString", "coordinates": [ [ -122.600570906714921, 45.536553231459806 ], [ -122.599536687108113, 45.536549792725303 ] ] } },
{ "type": "Feature", "properties": { "street": "NE 75TH AVE", "pavement_max_ft": 14, "pavement_min_ft": 14, "graded_roadway_max_ft": 14, "block_len_ft": 664.0, "n_segments": 1, "row_width_ft": 60.0 }, "geometry": { "type": "LineString", "coordinates": [ [ -122.586209985832085, 45.533604233349045 ], [ -122.586170047632876, 45.535425197609285 ] ] } },
{ "type": "Feature", "properties": { "street": "NE 62ND AVE", "pavement_max_ft": 14, "pavement_min_ft": 14, "graded_roadway_max_ft": 14, "block_len_ft": 258.0, "n_segments": 1, "row_width_ft": 50.0 }, "geometry": { "type": "LineString", "coordinates": [ [ -122.600231013855819, 45.533002492423364 ], [ -122.600222045974348, 45.53370970567628 ] ] } },
{ "type": "Feature", "properties": { "street": "NE CLACKAMAS ST", "pavement_max_ft": 12, "pavement_min_ft": 12, "graded_roadway_max_ft": 12, "block_len_ft": 251.0, "n_segments": 1, "row_width_ft": 50.1 }, "geometry": { "type": "LineString", "coordinates": [ [ -122.587773921300695, 45.532811779743533 ], [ -122.586796501270982, 45.53281631804203 ] ] } },
{ "type": "Feature", "properties": { "street": "NE CLACKAMAS ST", "pavement_max_ft": 16, "pavement_min_ft": 16, "graded_roadway_max_ft": 16, "block_len_ft": 250.0, "n_segments": 1, "row_width_ft": 49.9 }, "geometry": { "type": "LineString", "coordinates": [ [ -122.585819442363999, 45.532820531636645 ], [ -122.584842404118291, 45.532825452530751 ] ] } },
{ "type": "Feature", "properties": { "street": "NE CLACKAMAS ST", "pavement_max_ft": 16, "pavement_min_ft": 16, "graded_roadway_max_ft": 16, "block_len_ft": 236.0, "n_segments": 1, "row_width_ft": 49.8 }, "geometry": { "type": "LineString", "coordinates": [ [ -122.584842404118291, 45.532825452530751 ], [ -122.583922815829908, 45.532829903359584 ] ] } },
{ "type": "Feature", "properties": { "street": "NE CLACKAMAS ST", "pavement_max_ft": 16, "pavement_min_ft": 16, "graded_roadway_max_ft": 16, "block_len_ft": 250.0, "n_segments": 1, "row_width_ft": 49.6 }, "geometry": { "type": "LineString", "coordinates": [ [ -122.583922815829908, 45.532829903359584 ], [ -122.582945874602231, 45.532832146078832 ] ] } },
{ "type": "Feature", "properties": { "street": "NE CLACKAMAS ST", "pavement_max_ft": 12, "pavement_min_ft": 12, "graded_roadway_max_ft": 12, "block_len_ft": 250.0, "n_segments": 1, "row_width_ft": 49.6 }, "geometry": { "type": "LineString", "coordinates": [ [ -122.582945874602231, 45.532832146078832 ], [ -122.581969080698286, 45.532834371178367 ] ] } },
{ "type": "Feature", "properties": { "street": "NE WASCO ST", "pavement_max_ft": 14, "pavement_min_ft": 14, "graded_roadway_max_ft": 14, "block_len_ft": 306.0, "n_segments": 1, "row_width_ft": 55.0 }, "geometry": { "type": "LineString", "coordinates": [ [ -122.608802172358253, 45.532269386251023 ], [ -122.607608052630866, 45.532266886764489 ] ] } },
{ "type": "Feature", "properties": { "street": "NE 61ST AVE", "pavement_max_ft": 14, "pavement_min_ft": 14, "graded_roadway_max_ft": 14, "block_len_ft": 250.0, "n_segments": 1, "row_width_ft": 50.0 }, "geometry": { "type": "LineString", "coordinates": [ [ -122.601215970750786, 45.532324284939278 ], [ -122.601206521372319, 45.533009888213705 ] ] } },
{ "type": "Feature", "properties": { "street": "NE WASCO ST", "pavement_max_ft": 16, "pavement_min_ft": 16, "graded_roadway_max_ft": 16, "block_len_ft": 250.0, "n_segments": 1, "row_width_ft": 50.0 }, "geometry": { "type": "LineString", "coordinates": [ [ -122.601215970750786, 45.532324284939278 ], [ -122.600240478505668, 45.532316882766004 ] ] } },
{ "type": "Feature", "properties": { "street": "NE 61ST AVE", "pavement_max_ft": 14, "pavement_min_ft": 14, "graded_roadway_max_ft": 14, "block_len_ft": 250.0, "n_segments": 1, "row_width_ft": 50.0 }, "geometry": { "type": "LineString", "coordinates": [ [ -122.601225423722525, 45.531638678970431 ], [ -122.601215970750786, 45.532324284939278 ] ] } },
{ "type": "Feature", "properties": { "street": "NE 62ND AVE", "pavement_max_ft": 13, "pavement_min_ft": 13, "graded_roadway_max_ft": 13, "block_len_ft": 250.0, "n_segments": 1, "row_width_ft": 50.0 }, "geometry": { "type": "LineString", "coordinates": [ [ -122.600249942257207, 45.531631277336189 ], [ -122.600240478505668, 45.532316882766004 ] ] } },
{ "type": "Feature", "properties": { "street": "NE MULTNOMAH ST", "pavement_max_ft": 12, "pavement_min_ft": 12, "graded_roadway_max_ft": 12, "block_len_ft": 250.0, "n_segments": 1, "row_width_ft": 50.0 }, "geometry": { "type": "LineString", "coordinates": [ [ -122.601225423722525, 45.531638678970431 ], [ -122.600249942257207, 45.531631277336189 ] ] } },
{ "type": "Feature", "properties": { "street": "NE MULTNOMAH ST", "pavement_max_ft": 18, "pavement_min_ft": 18, "graded_roadway_max_ft": 18, "block_len_ft": 207.0, "n_segments": 1, "row_width_ft": 50.0 }, "geometry": { "type": "LineString", "coordinates": [ [ -122.600249942257207, 45.531631277336189 ], [ -122.599444054632642, 45.531625246281045 ] ] } },
{ "type": "Feature", "properties": { "street": "NE 71ST AVE", "pavement_max_ft": 18, "pavement_min_ft": 18, "graded_roadway_max_ft": 18, "block_len_ft": 450.0, "n_segments": 1, "row_width_ft": 56.0 }, "geometry": { "type": "LineString", "coordinates": [ [ -122.589838959492695, 45.531583814852866 ], [ -122.589833389039626, 45.532817850944774 ] ] } },
{ "type": "Feature", "properties": { "street": "NE MULTNOMAH ST", "pavement_max_ft": 16, "pavement_min_ft": 16, "graded_roadway_max_ft": 16, "block_len_ft": 316.0, "n_segments": 1, "row_width_ft": 60.0 }, "geometry": { "type": "LineString", "coordinates": [ [ -122.608800852733111, 45.531204660395602 ], [ -122.60756695021503, 45.531203641577591 ] ] } },
{ "type": "Feature", "properties": { "street": "NE MULTNOMAH ST", "pavement_max_ft": 14, "pavement_min_ft": 14, "graded_roadway_max_ft": 14, "block_len_ft": 250.0, "n_segments": 1, "row_width_ft": 50.1 }, "geometry": { "type": "LineString", "coordinates": [ [ -122.586793071503223, 45.531582361835561 ], [ -122.585816339583019, 45.531586493086422 ] ] } },
{ "type": "Feature", "properties": { "street": "NE MULTNOMAH ST", "pavement_max_ft": 15, "pavement_min_ft": 15, "graded_roadway_max_ft": 15, "block_len_ft": 267.0, "n_segments": 1, "row_width_ft": 50.0 }, "geometry": { "type": "LineString", "coordinates": [ [ -122.585816339583019, 45.531586493086422 ], [ -122.584776413877506, 45.531592046519087 ] ] } },
{ "type": "Feature", "properties": { "street": "NE MULTNOMAH ST", "pavement_max_ft": 16, "pavement_min_ft": 16, "graded_roadway_max_ft": 16, "block_len_ft": 218.0, "n_segments": 1, "row_width_ft": 49.7 }, "geometry": { "type": "LineString", "coordinates": [ [ -122.584776413877506, 45.531592046519087 ], [ -122.583925137076619, 45.531595905918451 ] ] } },
{ "type": "Feature", "properties": { "street": "NE MULTNOMAH ST", "pavement_max_ft": 18, "pavement_min_ft": 18, "graded_roadway_max_ft": 18, "block_len_ft": 251.0, "n_segments": 1, "row_width_ft": 49.1 }, "geometry": { "type": "LineString", "coordinates": [ [ -122.582948343172632, 45.531598808176568 ], [ -122.581970183829426, 45.531600343000314 ] ] } },
{ "type": "Feature", "properties": { "street": "NE MULTNOMAH ST", "pavement_max_ft": 18, "pavement_min_ft": 18, "graded_roadway_max_ft": 18, "block_len_ft": 250.0, "n_segments": 1, "row_width_ft": 49.0 }, "geometry": { "type": "LineString", "coordinates": [ [ -122.581970183829426, 45.531600343000314 ], [ -122.580993386332196, 45.531602508995938 ] ] } },
{ "type": "Feature", "properties": { "street": "NE MULTNOMAH ST", "pavement_max_ft": 16, "pavement_min_ft": 16, "graded_roadway_max_ft": 16, "block_len_ft": 250.0, "n_segments": 1, "row_width_ft": 49.0 }, "geometry": { "type": "LineString", "coordinates": [ [ -122.580993386332196, 45.531602508995938 ], [ -122.580017442234507, 45.531604647932227 ] ] } },
{ "type": "Feature", "properties": { "street": "NE HASSALO ST", "pavement_max_ft": 14, "pavement_min_ft": 14, "graded_roadway_max_ft": 14, "block_len_ft": 251.0, "n_segments": 1, "row_width_ft": 50.0 }, "geometry": { "type": "LineString", "coordinates": [ [ -122.602212333554874, 45.531007240932716 ], [ -122.60123424068702, 45.531002079490399 ] ] } },
{ "type": "Feature", "properties": { "street": "NE 62ND AVE", "pavement_max_ft": 14, "pavement_min_ft": 14, "graded_roadway_max_ft": 14, "block_len_ft": 231.0, "n_segments": 1, "row_width_ft": 50.0 }, "geometry": { "type": "LineString", "coordinates": [ [ -122.600258763713242, 45.530996662555573 ], [ -122.600251647259554, 45.531565386261555 ], [ -122.600249942257207, 45.531631277336189 ] ] } },
{ "type": "Feature", "properties": { "street": "NE HASSALO ST", "pavement_max_ft": 11, "pavement_min_ft": 11, "graded_roadway_max_ft": 11, "block_len_ft": 250.0, "n_segments": 1, "row_width_ft": 50.0 }, "geometry": { "type": "LineString", "coordinates": [ [ -122.60123424068702, 45.531002079490399 ], [ -122.600258763713242, 45.530996662555573 ] ] } },
{ "type": "Feature", "properties": { "street": "NE HASSALO ST", "pavement_max_ft": 12, "pavement_min_ft": 12, "graded_roadway_max_ft": 12, "block_len_ft": 207.0, "n_segments": 1, "row_width_ft": 50.0 }, "geometry": { "type": "LineString", "coordinates": [ [ -122.600258763713242, 45.530996662555573 ], [ -122.599451353444309, 45.530992154945508 ] ] } },
{ "type": "Feature", "properties": { "street": "NE HASSALO ST", "pavement_max_ft": 18, "pavement_min_ft": 18, "graded_roadway_max_ft": 18, "block_len_ft": 695.0, "n_segments": 1, "row_width_ft": 50.0 }, "geometry": { "type": "LineString", "coordinates": [ [ -122.579056413763738, 45.530950624252199 ], [ -122.576344633482989, 45.53094640359528 ] ] } },
{ "type": "Feature", "properties": { "street": "NE 61ST AVE", "pavement_max_ft": 12, "pavement_min_ft": 12, "graded_roadway_max_ft": 12, "block_len_ft": 250.0, "n_segments": 1, "row_width_ft": 50.0 }, "geometry": { "type": "LineString", "coordinates": [ [ -122.601242833971043, 45.530316518445439 ], [ -122.60123424068702, 45.531002079490399 ] ] } },
{ "type": "Feature", "properties": { "street": "NE HASSALO ST", "pavement_max_ft": 15, "pavement_min_ft": 15, "graded_roadway_max_ft": 15, "block_len_ft": 250.0, "n_segments": 1, "row_width_ft": 50.0 }, "geometry": { "type": "LineString", "coordinates": [ [ -122.583927647867839, 45.530528461340452 ], [ -122.582952091842316, 45.530523970683873 ] ] } },
{ "type": "Feature", "properties": { "street": "NE HASSALO ST", "pavement_max_ft": 15, "pavement_min_ft": 15, "graded_roadway_max_ft": 15, "block_len_ft": 250.0, "n_segments": 1, "row_width_ft": 50.1 }, "geometry": { "type": "LineString", "coordinates": [ [ -122.58876396805006, 45.530362770599844 ], [ -122.587952340190853, 45.530356325959936 ], [ -122.587788050003496, 45.530360628469801 ] ] } },
{ "type": "Feature", "properties": { "street": "NE HASSALO ST", "pavement_max_ft": 16, "pavement_min_ft": 16, "graded_roadway_max_ft": 16, "block_len_ft": 250.0, "n_segments": 1, "row_width_ft": 49.9 }, "geometry": { "type": "LineString", "coordinates": [ [ -122.587788050003496, 45.530360628469801 ], [ -122.586812476011687, 45.530358520321805 ] ] } },
{ "type": "Feature", "properties": { "street": "NE HASSALO ST", "pavement_max_ft": 14, "pavement_min_ft": 14, "graded_roadway_max_ft": 14, "block_len_ft": 252.0, "n_segments": 1, "row_width_ft": 50.0 }, "geometry": { "type": "LineString", "coordinates": [ [ -122.586812476011687, 45.530358520321805 ], [ -122.585831180649819, 45.530356198212445 ] ] } },
{ "type": "Feature", "properties": { "street": "NE HOLLADAY ST", "pavement_max_ft": 14, "pavement_min_ft": 14, "graded_roadway_max_ft": 14, "block_len_ft": 250.0, "n_segments": 1, "row_width_ft": 50.0 }, "geometry": { "type": "LineString", "coordinates": [ [ -122.583928300044718, 45.529842793833943 ], [ -122.582951932840501, 45.529840502539095 ] ] } },
{ "type": "Feature", "properties": { "street": "NE PACIFIC ST", "pavement_max_ft": 14, "pavement_min_ft": 14, "graded_roadway_max_ft": 14, "block_len_ft": 260.0, "n_segments": 1, "row_width_ft": 60.0 }, "geometry": { "type": "LineString", "coordinates": [ [ -122.593429313680886, 45.529308020968159 ], [ -122.592415389711292, 45.529294662610042 ] ] } },
{ "type": "Feature", "properties": { "street": "NE PACIFIC ST", "pavement_max_ft": 10, "pavement_min_ft": 10, "graded_roadway_max_ft": 10, "block_len_ft": 250.0, "n_segments": 1, "row_width_ft": 25.0 }, "geometry": { "type": "LineString", "coordinates": [ [ -122.58392854348817, 45.529191453815599 ], [ -122.582953518366992, 45.529189119071802 ] ] } },
{ "type": "Feature", "properties": { "street": "NE OREGON ST", "pavement_max_ft": 14, "pavement_min_ft": 14, "graded_roadway_max_ft": 14, "block_len_ft": 154.0, "n_segments": 1, "row_width_ft": 47.5 }, "geometry": { "type": "LineString", "coordinates": [ [ -122.600282434321002, 45.528314332208318 ], [ -122.599682004876684, 45.528309522309286 ] ] } },
{ "type": "Feature", "properties": { "street": "NE OREGON ST", "pavement_max_ft": 13, "pavement_min_ft": 13, "graded_roadway_max_ft": 13, "block_len_ft": 261.0, "n_segments": 1, "row_width_ft": 47.0 }, "geometry": { "type": "LineString", "coordinates": [ [ -122.592445054776945, 45.52821578992512 ], [ -122.591426060715847, 45.528207874943057 ] ] } },
{ "type": "Feature", "properties": { "street": "NE OREGON ST", "pavement_max_ft": 15, "pavement_min_ft": 15, "graded_roadway_max_ft": 15, "block_len_ft": 277.0, "n_segments": 1, "row_width_ft": 56.9 }, "geometry": { "type": "LineString", "coordinates": [ [ -122.589854136529425, 45.528214915797008 ], [ -122.588772939524816, 45.528211577873513 ] ] } },
{ "type": "Feature", "properties": { "street": "NE OREGON ST", "pavement_max_ft": 14, "pavement_min_ft": 14, "graded_roadway_max_ft": 14, "block_len_ft": 250.0, "n_segments": 1, "row_width_ft": 56.7 }, "geometry": { "type": "LineString", "coordinates": [ [ -122.588772939524816, 45.528211577873513 ], [ -122.587796251622052, 45.528207692439693 ] ] } },
{ "type": "Feature", "properties": { "street": "NE OREGON ST", "pavement_max_ft": 15, "pavement_min_ft": 15, "graded_roadway_max_ft": 15, "block_len_ft": 251.0, "n_segments": 1, "row_width_ft": 56.9 }, "geometry": { "type": "LineString", "coordinates": [ [ -122.587796251622052, 45.528207692439693 ], [ -122.586818495622396, 45.528204723927772 ] ] } },
{ "type": "Feature", "properties": { "street": "NE IRVING ST", "pavement_max_ft": 15, "pavement_min_ft": 15, "graded_roadway_max_ft": 15, "block_len_ft": 296.0, "n_segments": 1, "row_width_ft": 49.8 }, "geometry": { "type": "LineString", "coordinates": [ [ -122.585831929844773, 45.527834457950526 ], [ -122.584677249751579, 45.527829369848227 ] ] } },
{ "type": "Feature", "properties": { "street": "NE 91ST AVE", "pavement_max_ft": 16, "pavement_min_ft": 16, "graded_roadway_max_ft": 16, "block_len_ft": 261.0, "n_segments": 1, "row_width_ft": 49.8 }, "geometry": { "type": "LineString", "coordinates": [ [ -122.56992004696265, 45.526360110558201 ], [ -122.569912754439159, 45.527075409325576 ] ] } },
{ "type": "Feature", "properties": { "street": "NE FLANDERS ST", "pavement_max_ft": 15, "pavement_min_ft": 15, "graded_roadway_max_ft": 15, "block_len_ft": 259.0, "n_segments": 1, "row_width_ft": 50.0 }, "geometry": { "type": "LineString", "coordinates": [ [ -122.572278456960149, 45.525639771665638 ], [ -122.571269329095799, 45.525628574885879 ] ] } },
{ "type": "Feature", "properties": { "street": "NE 55TH AVE", "pavement_max_ft": 18, "pavement_min_ft": 18, "graded_roadway_max_ft": 28, "block_len_ft": 233.0, "n_segments": 1, "row_width_ft": 49.1 }, "geometry": { "type": "LineString", "coordinates": [ [ -122.60754285021261, 45.52432024877389 ], [ -122.607538744013439, 45.524959262574846 ] ] } },
{ "type": "Feature", "properties": { "street": "NE EVERETT ST", "pavement_max_ft": 18, "pavement_min_ft": 18, "graded_roadway_max_ft": 28, "block_len_ft": 231.0, "n_segments": 1, "row_width_ft": 50.0 }, "geometry": { "type": "LineString", "coordinates": [ [ -122.568382034178185, 45.524856208829711 ], [ -122.56747956867747, 45.524849163779145 ] ] } },
{ "type": "Feature", "properties": { "street": "NE 19TH AVE", "pavement_max_ft": 9, "pavement_min_ft": 9, "graded_roadway_max_ft": 9, "block_len_ft": 261.0, "n_segments": 1, "row_width_ft": 10.0 }, "geometry": { "type": "LineString", "coordinates": [ [ -122.646419455460787, 45.522887737428327 ], [ -122.646418559840455, 45.523603403846785 ] ] } },
{ "type": "Feature", "properties": { "street": "NE DAVIS ST", "pavement_max_ft": 15, "pavement_min_ft": 15, "graded_roadway_max_ft": 15, "block_len_ft": 408.0, "n_segments": 1, "row_width_ft": 50.0 }, "geometry": { "type": "LineString", "coordinates": [ [ -122.573887945996788, 45.524196228392981 ], [ -122.572296459198412, 45.524186737539807 ] ] } },
{ "type": "Feature", "properties": { "street": "NE DAVIS ST", "pavement_max_ft": 14, "pavement_min_ft": 14, "graded_roadway_max_ft": 14, "block_len_ft": 260.0, "n_segments": 1, "row_width_ft": 50.0 }, "geometry": { "type": "LineString", "coordinates": [ [ -122.572296459198412, 45.524186737539807 ], [ -122.571282347480903, 45.524180527575488 ] ] } },
{ "type": "Feature", "properties": { "street": "SE 19TH AVE", "pavement_max_ft": 9, "pavement_min_ft": 9, "graded_roadway_max_ft": 9, "block_len_ft": 259.0, "n_segments": 1, "row_width_ft": 10.0 }, "geometry": { "type": "LineString", "coordinates": [ [ -122.646419455460787, 45.522887737428327 ], [ -122.646428302069722, 45.522176316578857 ] ] } },
{ "type": "Feature", "properties": { "street": "NE COUCH ST", "pavement_max_ft": 14, "pavement_min_ft": 14, "graded_roadway_max_ft": 14, "block_len_ft": 407.0, "n_segments": 1, "row_width_ft": 50.0 }, "geometry": { "type": "LineString", "coordinates": [ [ -122.573894110236282, 45.523469690140757 ], [ -122.572305459419255, 45.523460216158128 ] ] } },
{ "type": "Feature", "properties": { "street": "NE COUCH ST", "pavement_max_ft": 12, "pavement_min_ft": 12, "graded_roadway_max_ft": 12, "block_len_ft": 260.0, "n_segments": 1, "row_width_ft": 50.0 }, "geometry": { "type": "LineString", "coordinates": [ [ -122.572305459419255, 45.523460216158128 ], [ -122.571291371956249, 45.523454008631148 ] ] } },
{ "type": "Feature", "properties": { "street": "NE 89TH AVE", "pavement_max_ft": 10, "pavement_min_ft": 10, "graded_roadway_max_ft": 10, "block_len_ft": 252.0, "n_segments": 1, "row_width_ft": 50.0 }, "geometry": { "type": "LineString", "coordinates": [ [ -122.572314099415635, 45.522769275745759 ], [ -122.572305459419255, 45.523460216158128 ] ] } },
{ "type": "Feature", "properties": { "street": "SE ANKENY ST", "pavement_max_ft": 12, "pavement_min_ft": 12, "graded_roadway_max_ft": 12, "block_len_ft": 245.0, "n_segments": 1, "row_width_ft": 40.0 }, "geometry": { "type": "LineString", "coordinates": [ [ -122.572957579721688, 45.521539316705891 ], [ -122.572001721953683, 45.521533011410483 ] ] } },
{ "type": "Feature", "properties": { "street": "SE ANKENY ST", "pavement_max_ft": 13, "pavement_min_ft": 13, "graded_roadway_max_ft": 28, "block_len_ft": 174.0, "n_segments": 1, "row_width_ft": 40.0 }, "geometry": { "type": "LineString", "coordinates": [ [ -122.572001721953683, 45.521533011410483 ], [ -122.57132145563682, 45.521528491712864 ] ] } },
{ "type": "Feature", "properties": { "street": "SE 88TH AVE", "pavement_max_ft": 13, "pavement_min_ft": 13, "graded_roadway_max_ft": 13, "block_len_ft": 440.0, "n_segments": 1, "row_width_ft": 45.0 }, "geometry": { "type": "LineString", "coordinates": [ [ -122.572957579721688, 45.521539316705891 ], [ -122.572973673039954, 45.520332595666986 ] ] } },
{ "type": "Feature", "properties": { "street": "SE PINE ST", "pavement_max_ft": 10, "pavement_min_ft": 10, "graded_roadway_max_ft": 10, "block_len_ft": 245.0, "n_segments": 1, "row_width_ft": 40.0 }, "geometry": { "type": "LineString", "coordinates": [ [ -122.572973673039954, 45.520332595666986 ], [ -122.572017838628227, 45.520326292753992 ] ] } },
{ "type": "Feature", "properties": { "street": "SE 36TH AVE", "pavement_max_ft": 10, "pavement_min_ft": 10, "graded_roadway_max_ft": 10, "block_len_ft": 262.0, "n_segments": 1, "row_width_ft": 10.0 }, "geometry": { "type": "LineString", "coordinates": [ [ -122.627098524465893, 45.519310304804044 ], [ -122.627098801147056, 45.518592461967827 ] ] } },
{ "type": "Feature", "properties": { "street": "SE STARK ST", "pavement_max_ft": 16, "pavement_min_ft": 16, "graded_roadway_max_ft": 16, "block_len_ft": 230.0, "n_segments": 1, "row_width_ft": 40.1 }, "geometry": { "type": "LineString", "coordinates": [ [ -122.588658176153999, 45.519211486796394 ], [ -122.587763043600972, 45.519201222171141 ] ] } },
{ "type": "Feature", "properties": { "street": "N DECATUR ST", "pavement_max_ft": 14, "pavement_min_ft": 14, "graded_roadway_max_ft": 14, "block_len_ft": 360.0, "n_segments": 1, "row_width_ft": 58.2 }, "geometry": { "type": "LineString", "coordinates": [ [ -122.748593822401801, 45.583488135649283 ], [ -122.749871220447602, 45.583900793544245 ] ] } },
{ "type": "Feature", "properties": { "street": "N FOX ST", "pavement_max_ft": 15, "pavement_min_ft": 15, "graded_roadway_max_ft": 28, "block_len_ft": 297.0, "n_segments": 1, "row_width_ft": 40.0 }, "geometry": { "type": "LineString", "coordinates": [ [ -122.748809631869008, 45.597382456834133 ], [ -122.748926213429954, 45.597373604369139 ], [ -122.749788969801912, 45.596960328339613 ] ] } },
{ "type": "Feature", "properties": { "street": "SE 18TH AVE", "pavement_max_ft": 10, "pavement_min_ft": 10, "graded_roadway_max_ft": 28, "block_len_ft": 251.0, "n_segments": 1, "row_width_ft": 30.0 }, "geometry": { "type": "LineString", "coordinates": [ [ -122.64747309933901, 45.482358028494254 ], [ -122.647468678729467, 45.48174092687249 ], [ -122.647443003980342, 45.481672383052555 ] ] } },
{ "type": "Feature", "properties": { "street": "SE 18TH AVE", "pavement_max_ft": 12, "pavement_min_ft": 12, "graded_roadway_max_ft": 28, "block_len_ft": 160.0, "n_segments": 1, "row_width_ft": 30.0 }, "geometry": { "type": "LineString", "coordinates": [ [ -122.647496614538198, 45.483562202372475 ], [ -122.64748511789918, 45.48312362901288 ] ] } },
{ "type": "Feature", "properties": { "street": "SE 37TH AVE", "pavement_max_ft": 16, "pavement_min_ft": 16, "graded_roadway_max_ft": 16, "block_len_ft": 233.0, "n_segments": 1, "row_width_ft": 50.0 }, "geometry": { "type": "LineString", "coordinates": [ [ -122.624715081116435, 45.484003628535241 ], [ -122.624716017160978, 45.483879126928649 ], [ -122.62471808957433, 45.483363548197005 ] ] } },
{ "type": "Feature", "properties": { "street": "SE MORELAND LN", "pavement_max_ft": 16, "pavement_min_ft": 16, "graded_roadway_max_ft": 16, "block_len_ft": 242.0, "n_segments": 1, "row_width_ft": 20.0 }, "geometry": { "type": "LineString", "coordinates": [ [ -122.632393996047767, 45.478634955994821 ], [ -122.632315901008553, 45.478631915581417 ], [ -122.631933618447803, 45.478657925062258 ], [ -122.631454069901366, 45.478678296512179 ] ] } },
{ "type": "Feature", "properties": { "street": "SE 30TH AVE", "pavement_max_ft": 10, "pavement_min_ft": 10, "graded_roadway_max_ft": 10, "block_len_ft": 232.0, "n_segments": 1, "row_width_ft": 16.0 }, "geometry": { "type": "LineString", "coordinates": [ [ -122.634617382071497, 45.49542219056196 ], [ -122.634614149933114, 45.494872516245252 ], [ -122.634646801897077, 45.494790300078186 ] ] } },
{ "type": "Feature", "properties": { "street": "SE 51ST AVE", "pavement_max_ft": 10, "pavement_min_ft": 10, "graded_roadway_max_ft": 10, "block_len_ft": 667.0, "n_segments": 1, "row_width_ft": 50.0 }, "geometry": { "type": "LineString", "coordinates": [ [ -122.610004729961133, 45.490306117867576 ], [ -122.61000373911935, 45.488557562190799 ], [ -122.610003711271588, 45.488477727397893 ] ] } },
{ "type": "Feature", "properties": { "street": "SE 69TH AVE", "pavement_max_ft": 12, "pavement_min_ft": 12, "graded_roadway_max_ft": 12, "block_len_ft": 451.0, "n_segments": 1, "row_width_ft": 29.8 }, "geometry": { "type": "LineString", "coordinates": [ [ -122.591886409569724, 45.483060242008627 ], [ -122.591911044968057, 45.481822727498667 ] ] } },
{ "type": "Feature", "properties": { "street": "SE MITCHELL ST", "pavement_max_ft": 18, "pavement_min_ft": 18, "graded_roadway_max_ft": 18, "block_len_ft": 468.0, "n_segments": 1, "row_width_ft": 30.4 }, "geometry": { "type": "LineString", "coordinates": [ [ -122.601367553370153, 45.485398090206409 ], [ -122.601297460523455, 45.485378821448442 ], [ -122.599666872755719, 45.485375571045466 ], [ -122.599568566520915, 45.485421120756442 ] ] } },
{ "type": "Feature", "properties": { "street": "SE FIRENZE LN", "pavement_max_ft": 16, "pavement_min_ft": 16, "graded_roadway_max_ft": 20, "block_len_ft": 310.0, "n_segments": 2, "row_width_ft": 30.0 }, "geometry": { "type": "LineString", "coordinates": [ [ -122.585005476190133, 45.48913398229837 ], [ -122.584632908909171, 45.488868343025899 ], [ -122.584494015891522, 45.488771489329352 ] ] } },
{ "type": "Feature", "properties": { "street": "SE 75TH AVE", "pavement_max_ft": 16, "pavement_min_ft": 16, "graded_roadway_max_ft": 16, "block_len_ft": 260.0, "n_segments": 1, "row_width_ft": 50.0 }, "geometry": { "type": "LineString", "coordinates": [ [ -122.586040607586952, 45.488785864299096 ], [ -122.58610051892822, 45.48871550525498 ], [ -122.58611037883675, 45.488085198966395 ] ] } },
{ "type": "Feature", "properties": { "street": "SE FIRENZE LN", "pavement_max_ft": 16, "pavement_min_ft": 16, "graded_roadway_max_ft": 20, "block_len_ft": 298.0, "n_segments": 2, "row_width_ft": 30.0 }, "geometry": { "type": "LineString", "coordinates": [ [ -122.586040607586952, 45.488785864299096 ], [ -122.585959043254121, 45.48886792612349 ], [ -122.585564657691563, 45.489142383912643 ], [ -122.585545840681291, 45.489156025748542 ] ] } },
{ "type": "Feature", "properties": { "street": "SE LOUNSBERRY LN", "pavement_max_ft": 16, "pavement_min_ft": 16, "graded_roadway_max_ft": 20, "block_len_ft": 197.0, "n_segments": 1, "row_width_ft": 30.0 }, "geometry": { "type": "LineString", "coordinates": [ [ -122.586083516514819, 45.489840134201721 ], [ -122.585985887609752, 45.489774185997128 ], [ -122.585559907400324, 45.489482307224847 ], [ -122.585533824816054, 45.4894646155117 ] ] } },
{ "type": "Feature", "properties": { "street": "SE LOUNSBERRY LN", "pavement_max_ft": 16, "pavement_min_ft": 16, "graded_roadway_max_ft": 20, "block_len_ft": 199.0, "n_segments": 1, "row_width_ft": 30.0 }, "geometry": { "type": "LineString", "coordinates": [ [ -122.585040580554775, 45.489466359304117 ], [ -122.585013032818267, 45.489482271958536 ], [ -122.58457707412272, 45.489774993338941 ], [ -122.584478849634579, 45.489842552445943 ] ] } },
{ "type": "Feature", "properties": { "street": "SE 86TH CT", "pavement_max_ft": 18, "pavement_min_ft": 18, "graded_roadway_max_ft": 18, "block_len_ft": 216.0, "n_segments": 1, "row_width_ft": 23.6 }, "geometry": { "type": "LineString", "coordinates": [ [ -122.574117691927327, 45.486389909997932 ], [ -122.574131498134946, 45.486342100123487 ], [ -122.574134709612068, 45.485797737687008 ] ] } },
{ "type": "Feature", "properties": { "street": "SE 86TH CT", "pavement_max_ft": 8, "pavement_min_ft": 8, "graded_roadway_max_ft": 8, "block_len_ft": 286.0, "n_segments": 1, "row_width_ft": 13.0 }, "geometry": { "type": "LineString", "coordinates": [ [ -122.574391422967452, 45.482251568053869 ], [ -122.574336842229101, 45.482188006233592 ], [ -122.574349955835615, 45.481562495597089 ], [ -122.57434625028506, 45.481479113053375 ] ] } },
{ "type": "Feature", "properties": { "street": "SE FRANKLIN ST", "pavement_max_ft": 12, "pavement_min_ft": 12, "graded_roadway_max_ft": 12, "block_len_ft": 250.0, "n_segments": 1, "row_width_ft": 50.0 }, "geometry": { "type": "LineString", "coordinates": [ [ -122.58486713563633, 45.498688372329724 ], [ -122.5838918886313, 45.498688391219304 ] ] } },
{ "type": "Feature", "properties": { "street": "SE 58TH AVE", "pavement_max_ft": 17, "pavement_min_ft": 17, "graded_roadway_max_ft": 17, "block_len_ft": 241.0, "n_segments": 1, "row_width_ft": 25.0 }, "geometry": { "type": "LineString", "coordinates": [ [ -122.603537147376343, 45.496097046561829 ], [ -122.603537046765041, 45.495501871313088 ], [ -122.603561378532817, 45.495438576948523 ] ] } },
{ "type": "Feature", "properties": { "street": "SE 56TH AVE", "pavement_max_ft": 12, "pavement_min_ft": 12, "graded_roadway_max_ft": 12, "block_len_ft": 245.0, "n_segments": 1, "row_width_ft": 23.6 }, "geometry": { "type": "LineString", "coordinates": [ [ -122.605430971166783, 45.496141838282831 ], [ -122.605431177779266, 45.496045845904924 ], [ -122.605429985714878, 45.49555212541496 ], [ -122.605402848508476, 45.49547295415266 ] ] } },
{ "type": "Feature", "properties": { "street": "SE 36TH AVE", "pavement_max_ft": 16, "pavement_min_ft": 16, "graded_roadway_max_ft": 18, "block_len_ft": 265.0, "n_segments": 1, "row_width_ft": 17.9 }, "geometry": { "type": "LineString", "coordinates": [ [ -122.626702104219262, 45.494071586567912 ], [ -122.626702839041158, 45.494004277488813 ], [ -122.62670172782515, 45.493345835670972 ] ] } },
{ "type": "Feature", "properties": { "street": "SE FRANKLIN ST", "pavement_max_ft": 18, "pavement_min_ft": 12, "graded_roadway_max_ft": 30, "block_len_ft": 610.0, "n_segments": 1, "row_width_ft": 60.0 }, "geometry": { "type": "LineString", "coordinates": [ [ -122.626230954022404, 45.499089662081538 ], [ -122.623852374151852, 45.499086727293601 ] ] } },
{ "type": "Feature", "properties": { "street": "SE FRANKLIN ST", "pavement_max_ft": 18, "pavement_min_ft": 12, "graded_roadway_max_ft": 28, "block_len_ft": 312.0, "n_segments": 1, "row_width_ft": 60.0 }, "geometry": { "type": "LineString", "coordinates": [ [ -122.623852374151852, 45.499086727293601 ], [ -122.622637267084485, 45.499087246123338 ] ] } },
{ "type": "Feature", "properties": { "street": "SE CLINTON ST", "pavement_max_ft": 12, "pavement_min_ft": 12, "graded_roadway_max_ft": 12, "block_len_ft": 235.0, "n_segments": 1, "row_width_ft": 50.0 }, "geometry": { "type": "LineString", "coordinates": [ [ -122.583804536453073, 45.50345515191259 ], [ -122.582889498131635, 45.503456865051078 ] ] } },
{ "type": "Feature", "properties": { "street": "SE HAIG ST", "pavement_max_ft": 16, "pavement_min_ft": 16, "graded_roadway_max_ft": 16, "block_len_ft": 459.0, "n_segments": 1, "row_width_ft": 21.0 }, "geometry": { "type": "LineString", "coordinates": [ [ -122.655815568329672, 45.498146218420764 ], [ -122.654154260874151, 45.498123541274893 ], [ -122.654048465384818, 45.498173221937407 ] ] } },
{ "type": "Feature", "properties": { "street": "SE 84TH AVE", "pavement_max_ft": 18, "pavement_min_ft": 18, "graded_roadway_max_ft": 20, "block_len_ft": 662.0, "n_segments": 1, "row_width_ft": 46.0 }, "geometry": { "type": "LineString", "coordinates": [ [ -122.577046851930461, 45.474031640829175 ], [ -122.577040490959945, 45.472273651746178 ], [ -122.577006032483951, 45.472222937800879 ] ] } },
{ "type": "Feature", "properties": { "street": "SE TOLMAN ST", "pavement_max_ft": 12, "pavement_min_ft": 12, "graded_roadway_max_ft": 12, "block_len_ft": 343.0, "n_segments": 1, "row_width_ft": 60.0 }, "geometry": { "type": "LineString", "coordinates": [ [ -122.610071351717522, 45.477004967925176 ], [ -122.608734289367177, 45.477001674836146 ] ] } },
{ "type": "Feature", "properties": { "street": "SE RURAL ST", "pavement_max_ft": 18, "pavement_min_ft": 18, "graded_roadway_max_ft": 18, "block_len_ft": 676.0, "n_segments": 1, "row_width_ft": 50.0 }, "geometry": { "type": "LineString", "coordinates": [ [ -122.60999815339494, 45.471882752225774 ], [ -122.609847494243709, 45.471864925845253 ], [ -122.607365163449387, 45.471861856088843 ] ] } },
{ "type": "Feature", "properties": { "street": "SE NEHALEM ST", "pavement_max_ft": 18, "pavement_min_ft": 18, "graded_roadway_max_ft": 28, "block_len_ft": 302.0, "n_segments": 1, "row_width_ft": 59.9 }, "geometry": { "type": "LineString", "coordinates": [ [ -122.614866921623545, 45.465996456937823 ], [ -122.614648192631662, 45.465916723108101 ], [ -122.614166592333092, 45.465689705551149 ], [ -122.613997007475461, 45.46562928523764 ], [ -122.613841812730328, 45.46560447182555 ] ] } },
{ "type": "Feature", "properties": { "street": "SE TACOMA ST", "pavement_max_ft": 13, "pavement_min_ft": 13, "graded_roadway_max_ft": 13, "block_len_ft": 304.0, "n_segments": 1, "row_width_ft": 10.0 }, "geometry": { "type": "LineString", "coordinates": [ [ -122.629848134599939, 45.463117043992007 ], [ -122.629739797776722, 45.46316608641915 ], [ -122.628711042621745, 45.463330022482971 ] ] } },
{ "type": "Feature", "properties": { "street": "SE 32ND AVE", "pavement_max_ft": 18, "pavement_min_ft": 18, "graded_roadway_max_ft": 18, "block_len_ft": 258.0, "n_segments": 1, "row_width_ft": 39.8 }, "geometry": { "type": "LineString", "coordinates": [ [ -122.629816730395945, 45.463820139301696 ], [ -122.629817450844797, 45.463171150755031 ], [ -122.629848134599939, 45.463117043992007 ] ] } },
{ "type": "Feature", "properties": { "street": "SE MARKET ST", "pavement_max_ft": 14, "pavement_min_ft": 14, "graded_roadway_max_ft": 14, "block_len_ft": 252.0, "n_segments": 1, "row_width_ft": 33.2 }, "geometry": { "type": "LineString", "coordinates": [ [ -122.574106409985674, 45.510723898266299 ], [ -122.573122785292298, 45.510723638275522 ] ] } },
{ "type": "Feature", "properties": { "street": "SE MARKET ST", "pavement_max_ft": 18, "pavement_min_ft": 18, "graded_roadway_max_ft": 18, "block_len_ft": 258.0, "n_segments": 1, "row_width_ft": 32.8 }, "geometry": { "type": "LineString", "coordinates": [ [ -122.573122785292298, 45.510723638275522 ], [ -122.572246972806042, 45.510723960588507 ], [ -122.572124651908737, 45.510757751822553 ] ] } },
{ "type": "Feature", "properties": { "street": "SE 84TH AVE", "pavement_max_ft": 12, "pavement_min_ft": 12, "graded_roadway_max_ft": 12, "block_len_ft": 126.0, "n_segments": 1, "row_width_ft": 30.0 }, "geometry": { "type": "LineString", "coordinates": [ [ -122.577102233966059, 45.511032619761252 ], [ -122.577093911973265, 45.510963932174867 ], [ -122.577093775429319, 45.510687587051542 ] ] } },
{ "type": "Feature", "properties": { "street": "SE MILL ST", "pavement_max_ft": 18, "pavement_min_ft": 18, "graded_roadway_max_ft": 18, "block_len_ft": 1178.0, "n_segments": 1, "row_width_ft": 50.0 }, "geometry": { "type": "LineString", "coordinates": [ [ -122.578684829239734, 45.510097247177093 ], [ -122.578548334723905, 45.510067361748732 ], [ -122.57409593293454, 45.510071149600037 ] ] } },
{ "type": "Feature", "properties": { "street": "SE LINCOLN ST", "pavement_max_ft": 12, "pavement_min_ft": 12, "graded_roadway_max_ft": 12, "block_len_ft": 1031.0, "n_segments": 3, "row_width_ft": 40.0 }, "geometry": { "type": "LineString", "coordinates": [ [ -122.588921065426959, 45.507669367171282 ], [ -122.588822559766157, 45.507644243644563 ], [ -122.586268338596312, 45.50764221900527 ] ] } },
{ "type": "Feature", "properties": { "street": "SE 47TH AVE", "pavement_max_ft": 16, "pavement_min_ft": 12, "graded_roadway_max_ft": 28, "block_len_ft": 898.0, "n_segments": 2, "row_width_ft": 21.8 }, "geometry": { "type": "LineString", "coordinates": [ [ -122.614040994381639, 45.501600091399851 ], [ -122.613789493949866, 45.501614697313684 ], [ -122.613045942219514, 45.50161412373037 ] ] } },
{ "type": "Feature", "properties": { "street": "SE HARRISON ST", "pavement_max_ft": 16, "pavement_min_ft": 16, "graded_roadway_max_ft": 28, "block_len_ft": 181.0, "n_segments": 1, "row_width_ft": 35.0 }, "geometry": { "type": "LineString", "coordinates": [ [ -122.611353447952283, 45.508757541862735 ], [ -122.610649864065593, 45.508781787944308 ] ] } },
{ "type": "Feature", "properties": { "street": "SE 42ND AVE", "pavement_max_ft": 16, "pavement_min_ft": 16, "graded_roadway_max_ft": 16, "block_len_ft": 261.0, "n_segments": 1, "row_width_ft": 16.0 }, "geometry": { "type": "LineString", "coordinates": [ [ -122.61953814133804, 45.512758871453762 ], [ -122.619543281498082, 45.512689445057795 ], [ -122.619501441565404, 45.512142943922385 ], [ -122.619501971571438, 45.512045111089698 ] ] } },
{ "type": "Feature", "properties": { "street": "SE 33RD AVE", "pavement_max_ft": 14, "pavement_min_ft": 14, "graded_roadway_max_ft": 14, "block_len_ft": 290.0, "n_segments": 1, "row_width_ft": 16.0 }, "geometry": { "type": "LineString", "coordinates": [ [ -122.630886559220642, 45.512864063085679 ], [ -122.630891460428813, 45.512747465636131 ], [ -122.630889867715808, 45.512068105563081 ] ] } },
{ "type": "Feature", "properties": { "street": "SE 88TH AVE", "pavement_max_ft": 14, "pavement_min_ft": 14, "graded_roadway_max_ft": 14, "block_len_ft": 1175.0, "n_segments": 2, "row_width_ft": 50.0 }, "geometry": { "type": "LineString", "coordinates": [ [ -122.573076077389089, 45.515477676327968 ], [ -122.573117084583487, 45.515396430040354 ], [ -122.573118697059442, 45.5136297821158 ] ] } },
{ "type": "Feature", "properties": { "street": "SE 86TH AVE", "pavement_max_ft": 18, "pavement_min_ft": 18, "graded_roadway_max_ft": 18, "block_len_ft": 244.0, "n_segments": 1, "row_width_ft": 60.0 }, "geometry": { "type": "LineString", "coordinates": [ [ -122.575060870873401, 45.516151415737554 ], [ -122.575068747301771, 45.515558304365079 ], [ -122.575097434102091, 45.515483976007303 ] ] } },
{ "type": "Feature", "properties": { "street": "SE 86TH AVE", "pavement_max_ft": 14, "pavement_min_ft": 14, "graded_roadway_max_ft": 14, "block_len_ft": 674.0, "n_segments": 1, "row_width_ft": 60.0 }, "geometry": { "type": "LineString", "coordinates": [ [ -122.575097434102091, 45.515483976007303 ], [ -122.57512624037831, 45.515396695045332 ], [ -122.57512660329769, 45.51363902925074 ] ] } },
{ "type": "Feature", "properties": { "street": "SE 89TH AVE", "pavement_max_ft": 14, "pavement_min_ft": 14, "graded_roadway_max_ft": 14, "block_len_ft": 1097.0, "n_segments": 2, "row_width_ft": 49.7 }, "geometry": { "type": "LineString", "coordinates": [ [ -122.572141726187354, 45.515475919492786 ], [ -122.572146005761383, 45.513625577784929 ] ] } },
{ "type": "Feature", "properties": { "street": "SE MORRISON ST", "pavement_max_ft": 14, "pavement_min_ft": 14, "graded_roadway_max_ft": 28, "block_len_ft": 533.0, "n_segments": 1, "row_width_ft": 60.0 }, "geometry": { "type": "LineString", "coordinates": [ [ -122.577130575813257, 45.516903944639488 ], [ -122.575051037914278, 45.516890748880741 ] ] } },
{ "type": "Feature", "properties": { "street": "SE ALDER ST", "pavement_max_ft": 14, "pavement_min_ft": 14, "graded_roadway_max_ft": 28, "block_len_ft": 545.0, "n_segments": 1, "row_width_ft": 52.5 }, "geometry": { "type": "LineString", "coordinates": [ [ -122.577166061063593, 45.51764647992858 ], [ -122.575041174412476, 45.517633169156426 ] ] } },
{ "type": "Feature", "properties": { "street": "SE HAWTHORNE BLVD", "pavement_max_ft": 14, "pavement_min_ft": 14, "graded_roadway_max_ft": 14, "block_len_ft": 399.0, "n_segments": 1, "row_width_ft": 40.0 }, "geometry": { "type": "LineString", "coordinates": [ [ -122.578707933908845, 45.511972757251108 ], [ -122.577269988955464, 45.511974265541731 ], [ -122.577152948355405, 45.511974294498913 ] ] } },
{ "type": "Feature", "properties": { "street": "SE MAIN ST", "pavement_max_ft": 12, "pavement_min_ft": 12, "graded_roadway_max_ft": 12, "block_len_ft": 689.0, "n_segments": 1, "row_width_ft": 40.0 }, "geometry": { "type": "LineString", "coordinates": [ [ -122.58144904508201, 45.513514690725074 ], [ -122.578908154012623, 45.513514605114928 ], [ -122.578761886724791, 45.513518546328889 ] ] } },
{ "type": "Feature", "properties": { "street": "SE BELMONT ST", "pavement_max_ft": 17, "pavement_min_ft": 17, "graded_roadway_max_ft": 28, "block_len_ft": 380.0, "n_segments": 1, "row_width_ft": 30.0 }, "geometry": { "type": "LineString", "coordinates": [ [ -122.592225648455283, 45.51693338519442 ], [ -122.592112738308913, 45.516928100977204 ], [ -122.592055512032076, 45.516920569629349 ], [ -122.591996799941725, 45.516910855982964 ], [ -122.591883705640711, 45.516885883242892 ], [ -122.591769199188093, 45.516850669356742 ], [ -122.591653490789568, 45.516803602284988 ], [ -122.59156690846757, 45.516758475139078 ], [ -122.591497062657581, 45.516716193702926 ], [ -122.591404782321732, 45.516647090061831 ], [ -122.591328789340253, 45.516584516271493 ], [ -122.591277006854014, 45.516541877175641 ], [ -122.591229565925545, 45.516509497500508 ], [ -122.591187691856888, 45.51649090975458 ], [ -122.591139343629962, 45.51647756786582 ], [ -122.590967094369205, 45.516470127728361 ] ] } },
{ "type": "Feature", "properties": { "street": "NE FLANDERS ST", "pavement_max_ft": 12, "pavement_min_ft": 12, "graded_roadway_max_ft": 12, "block_len_ft": 414.0, "n_segments": 1, "row_width_ft": 50.0 }, "geometry": { "type": "LineString", "coordinates": [ [ -122.573874341910127, 45.525600564990249 ], [ -122.573766191936471, 45.525648860747978 ], [ -122.572278456960149, 45.525639771665638 ] ] } },
{ "type": "Feature", "properties": { "street": "NE 91ST AVE", "pavement_max_ft": 16, "pavement_min_ft": 16, "graded_roadway_max_ft": 16, "block_len_ft": 260.0, "n_segments": 1, "row_width_ft": 49.6 }, "geometry": { "type": "LineString", "coordinates": [ [ -122.569912754439159, 45.527075409325576 ], [ -122.569902804699097, 45.52778846740491 ] ] } },
{ "type": "Feature", "properties": { "street": "NE HASSALO ST", "pavement_max_ft": 18, "pavement_min_ft": 18, "graded_roadway_max_ft": 18, "block_len_ft": 701.0, "n_segments": 1, "row_width_ft": 50.0 }, "geometry": { "type": "LineString", "coordinates": [ [ -122.576344633482989, 45.53094640359528 ], [ -122.57371059969509, 45.530942087285773 ], [ -122.573612720160042, 45.530920239542866 ] ] } },
{ "type": "Feature", "properties": { "street": "NE PACIFIC ST", "pavement_max_ft": 14, "pavement_min_ft": 14, "graded_roadway_max_ft": 14, "block_len_ft": 304.0, "n_segments": 1, "row_width_ft": 60.9 }, "geometry": { "type": "LineString", "coordinates": [ [ -122.58583026346993, 45.529241135378541 ], [ -122.585732302188191, 45.529164734523583 ], [ -122.584812244080908, 45.529160294732314 ], [ -122.584694866612651, 45.529180411924067 ] ] } },
{ "type": "Feature", "properties": { "street": "NE PACIFIC ST", "pavement_max_ft": 16, "pavement_min_ft": 16, "graded_roadway_max_ft": 16, "block_len_ft": 260.0, "n_segments": 1, "row_width_ft": 61.7 }, "geometry": { "type": "LineString", "coordinates": [ [ -122.58681443793229, 45.529301043811309 ], [ -122.585930347470679, 45.529298985339054 ], [ -122.58583026346993, 45.529241135378541 ] ] } },
{ "type": "Feature", "properties": { "street": "NE CLACKAMAS ST", "pavement_max_ft": 16, "pavement_min_ft": 16, "graded_roadway_max_ft": 16, "block_len_ft": 250.0, "n_segments": 1, "row_width_ft": 50.0 }, "geometry": { "type": "LineString", "coordinates": [ [ -122.586796501270982, 45.53281631804203 ], [ -122.585819442363999, 45.532820531636645 ] ] } },
{ "type": "Feature", "properties": { "street": "NE CLACKAMAS ST", "pavement_max_ft": 14, "pavement_min_ft": 14, "graded_roadway_max_ft": 14, "block_len_ft": 251.0, "n_segments": 1, "row_width_ft": 49.9 }, "geometry": { "type": "LineString", "coordinates": [ [ -122.588753930275089, 45.532807537201869 ], [ -122.588654947608873, 45.532808092218389 ], [ -122.587773921300695, 45.532811779743533 ] ] } },
{ "type": "Feature", "properties": { "street": "NE MULTNOMAH ST", "pavement_max_ft": 14, "pavement_min_ft": 14, "graded_roadway_max_ft": 14, "block_len_ft": 252.0, "n_segments": 1, "row_width_ft": 49.8 }, "geometry": { "type": "LineString", "coordinates": [ [ -122.588751983625855, 45.531573212042112 ], [ -122.587770571483006, 45.531577937967228 ] ] } },
{ "type": "Feature", "properties": { "street": "NE MULTNOMAH ST", "pavement_max_ft": 13, "pavement_min_ft": 13, "graded_roadway_max_ft": 13, "block_len_ft": 251.0, "n_segments": 1, "row_width_ft": 49.7 }, "geometry": { "type": "LineString", "coordinates": [ [ -122.587770571483006, 45.531577937967228 ], [ -122.587673195902823, 45.531576634719485 ], [ -122.586793071503223, 45.531582361835561 ] ] } },
{ "type": "Feature", "properties": { "street": "NE MULTNOMAH ST", "pavement_max_ft": 18, "pavement_min_ft": 18, "graded_roadway_max_ft": 18, "block_len_ft": 250.0, "n_segments": 1, "row_width_ft": 49.1 }, "geometry": { "type": "LineString", "coordinates": [ [ -122.583925137076619, 45.531595905918451 ], [ -122.582948343172632, 45.531598808176568 ] ] } },
{ "type": "Feature", "properties": { "street": "NE MULTNOMAH ST", "pavement_max_ft": 14, "pavement_min_ft": 14, "graded_roadway_max_ft": 14, "block_len_ft": 279.0, "n_segments": 1, "row_width_ft": 50.0 }, "geometry": { "type": "LineString", "coordinates": [ [ -122.589838959492695, 45.531583814852866 ], [ -122.58972978993117, 45.531571595410597 ], [ -122.588751983625855, 45.531573212042112 ] ] } },
{ "type": "Feature", "properties": { "street": "NE PACIFIC ST", "pavement_max_ft": 11, "pavement_min_ft": 11, "graded_roadway_max_ft": 11, "block_len_ft": 197.0, "n_segments": 1, "row_width_ft": 29.9 }, "geometry": { "type": "LineString", "coordinates": [ [ -122.584694866612651, 45.529180411924067 ], [ -122.584577495432569, 45.529200527220652 ], [ -122.584026434701315, 45.529191884893663 ], [ -122.58392854348817, 45.529191453815599 ] ] } },
{ "type": "Feature", "properties": { "street": "NE MULTNOMAH ST", "pavement_max_ft": 14, "pavement_min_ft": 14, "graded_roadway_max_ft": 14, "block_len_ft": 264.0, "n_segments": 1, "row_width_ft": 50.0 }, "geometry": { "type": "LineString", "coordinates": [ [ -122.5908687522018, 45.531598134842611 ], [ -122.589948132647478, 45.531596031146002 ], [ -122.589838959492695, 45.531583814852866 ] ] } },
{ "type": "Feature", "properties": { "street": "NE PACIFIC ST", "pavement_max_ft": 14, "pavement_min_ft": 14, "graded_roadway_max_ft": 14, "block_len_ft": 255.0, "n_segments": 1, "row_width_ft": 60.0 }, "geometry": { "type": "LineString", "coordinates": [ [ -122.592415389711292, 45.529294662610042 ], [ -122.591421248440867, 45.529294293205162 ] ] } },
{ "type": "Feature", "properties": { "street": "NE HOYT ST", "pavement_max_ft": 14, "pavement_min_ft": 14, "graded_roadway_max_ft": 14, "block_len_ft": 259.0, "n_segments": 1, "row_width_ft": 50.0 }, "geometry": { "type": "LineString", "coordinates": [ [ -122.599696952842962, 45.527207943272302 ], [ -122.599583607013727, 45.527196409482045 ], [ -122.598686190943198, 45.527189841129953 ] ] } },
{ "type": "Feature", "properties": { "street": "NE 55TH AVE", "pavement_max_ft": 16, "pavement_min_ft": 16, "graded_roadway_max_ft": 16, "block_len_ft": 388.0, "n_segments": 1, "row_width_ft": 44.8 }, "geometry": { "type": "LineString", "coordinates": [ [ -122.60756695021503, 45.531203641577591 ], [ -122.607577480266784, 45.531286967489983 ], [ -122.607597002454568, 45.531561238647804 ], [ -122.607608052630866, 45.532266886764489 ] ] } },
{ "type": "Feature", "properties": { "street": "NE WASCO ST", "pavement_max_ft": 12, "pavement_min_ft": 12, "graded_roadway_max_ft": 12, "block_len_ft": 340.0, "n_segments": 1, "row_width_ft": 55.0 }, "geometry": { "type": "LineString", "coordinates": [ [ -122.610127404794639, 45.532273030391345 ], [ -122.608802172358253, 45.532269386251023 ] ] } },
{ "type": "Feature", "properties": { "street": "NE OREGON ST", "pavement_max_ft": 16, "pavement_min_ft": 16, "graded_roadway_max_ft": 16, "block_len_ft": 260.0, "n_segments": 1, "row_width_ft": 60.0 }, "geometry": { "type": "LineString", "coordinates": [ [ -122.599682004876684, 45.528309522309286 ], [ -122.599478349615254, 45.528300752093223 ], [ -122.598669674518391, 45.528300560779655 ] ] } },
{ "type": "Feature", "properties": { "street": "NE OREGON ST", "pavement_max_ft": 15, "pavement_min_ft": 15, "graded_roadway_max_ft": 15, "block_len_ft": 197.0, "n_segments": 1, "row_width_ft": 47.5 }, "geometry": { "type": "LineString", "coordinates": [ [ -122.601045102200573, 45.528347027302111 ], [ -122.600822554470426, 45.528315752585321 ], [ -122.600282434321002, 45.528314332208318 ] ] } },
{ "type": "Feature", "properties": { "street": "NE WASCO ST", "pavement_max_ft": 15, "pavement_min_ft": 15, "graded_roadway_max_ft": 15, "block_len_ft": 254.0, "n_segments": 1, "row_width_ft": 50.0 }, "geometry": { "type": "LineString", "coordinates": [ [ -122.602193450069322, 45.53229148329256 ], [ -122.602093949075183, 45.532328968639831 ], [ -122.601215970750786, 45.532324284939278 ] ] } },
{ "type": "Feature", "properties": { "street": "NE 61ST AVE", "pavement_max_ft": 14, "pavement_min_ft": 14, "graded_roadway_max_ft": 14, "block_len_ft": 232.0, "n_segments": 1, "row_width_ft": 50.0 }, "geometry": { "type": "LineString", "coordinates": [ [ -122.60123424068702, 45.531002079490399 ], [ -122.601225423722525, 45.531638678970431 ] ] } },
{ "type": "Feature", "properties": { "street": "NE 62ND AVE", "pavement_max_ft": 13, "pavement_min_ft": 13, "graded_roadway_max_ft": 13, "block_len_ft": 250.0, "n_segments": 1, "row_width_ft": 50.0 }, "geometry": { "type": "LineString", "coordinates": [ [ -122.600240478505668, 45.532316882766004 ], [ -122.600231013855819, 45.533002492423364 ] ] } },
{ "type": "Feature", "properties": { "street": "NE 48TH AVE", "pavement_max_ft": 18, "pavement_min_ft": 18, "graded_roadway_max_ft": 18, "block_len_ft": 188.0, "n_segments": 1, "row_width_ft": 60.0 }, "geometry": { "type": "LineString", "coordinates": [ [ -122.61371226847983, 45.531176183197793 ], [ -122.613718424634484, 45.531561107127331 ], [ -122.613706064714492, 45.531600366913111 ], [ -122.613643285052547, 45.531680095884717 ] ] } },
{ "type": "Feature", "properties": { "street": "NE 19TH AVE", "pavement_max_ft": 9, "pavement_min_ft": 9, "graded_roadway_max_ft": 9, "block_len_ft": 263.0, "n_segments": 1, "row_width_ft": 10.0 }, "geometry": { "type": "LineString", "coordinates": [ [ -122.646418559840455, 45.523603403846785 ], [ -122.646414254215273, 45.524234209411922 ], [ -122.646462541356783, 45.524316618593723 ] ] } },
{ "type": "Feature", "properties": { "street": "NE 88TH AVE", "pavement_max_ft": 14, "pavement_min_ft": 14, "graded_roadway_max_ft": 14, "block_len_ft": 250.0, "n_segments": 1, "row_width_ft": 60.0 }, "geometry": { "type": "LineString", "coordinates": [ [ -122.572460795199859, 45.537984961273892 ], [ -122.572449865397815, 45.538670803848667 ] ] } },
{ "type": "Feature", "properties": { "street": "NE RUSSELL PL", "pavement_max_ft": 18, "pavement_min_ft": 18, "graded_roadway_max_ft": 18, "block_len_ft": 478.0, "n_segments": 1, "row_width_ft": 50.0 }, "geometry": { "type": "LineString", "coordinates": [ [ -122.572393094566806, 45.541690686124475 ], [ -122.571876627058771, 45.54168387912167 ], [ -122.571621650146852, 45.541683482743828 ], [ -122.571426282742252, 45.541694245974597 ], [ -122.571271863243226, 45.541718087149327 ], [ -122.571151809693731, 45.5417470654913 ], [ -122.571014712408314, 45.541792562678602 ], [ -122.570888347295607, 45.541847827055179 ], [ -122.570643103629777, 45.541983516073088 ] ] } },
{ "type": "Feature", "properties": { "street": "NE TILLAMOOK ST", "pavement_max_ft": 17, "pavement_min_ft": 17, "graded_roadway_max_ft": 17, "block_len_ft": 268.0, "n_segments": 1, "row_width_ft": 50.0 }, "geometry": { "type": "LineString", "coordinates": [ [ -122.602608509459813, 45.537681401873861 ], [ -122.6022386514978, 45.537678723930554 ], [ -122.602095926267154, 45.537651961479355 ], [ -122.601569414695916, 45.537651748804194 ] ] } },
{ "type": "Feature", "properties": { "street": "N HOUGHTON ST", "pavement_max_ft": 12, "pavement_min_ft": 12, "graded_roadway_max_ft": 36, "block_len_ft": 283.0, "n_segments": 1, "row_width_ft": 58.1 }, "geometry": { "type": "LineString", "coordinates": [ [ -122.724231291809218, 45.586549627447148 ], [ -122.725336496289813, 45.586539483873139 ] ] } },
{ "type": "Feature", "properties": { "street": "N HOUGHTON ST", "pavement_max_ft": 12, "pavement_min_ft": 12, "graded_roadway_max_ft": 36, "block_len_ft": 272.0, "n_segments": 1, "row_width_ft": 58.1 }, "geometry": { "type": "LineString", "coordinates": [ [ -122.723168953137389, 45.586559327807798 ], [ -122.724231291809218, 45.586549627447148 ] ] } },
{ "type": "Feature", "properties": { "street": "N HOUGHTON ST", "pavement_max_ft": 12, "pavement_min_ft": 12, "graded_roadway_max_ft": 36, "block_len_ft": 246.0, "n_segments": 1, "row_width_ft": 58.0 }, "geometry": { "type": "LineString", "coordinates": [ [ -122.722207299439219, 45.586570018320032 ], [ -122.723168953137389, 45.586559327807798 ] ] } },
{ "type": "Feature", "properties": { "street": "N HOUGHTON ST", "pavement_max_ft": 12, "pavement_min_ft": 12, "graded_roadway_max_ft": 36, "block_len_ft": 215.0, "n_segments": 1, "row_width_ft": 61.2 }, "geometry": { "type": "LineString", "coordinates": [ [ -122.721093719066928, 45.586582925515536 ], [ -122.721932660202341, 45.58657485969745 ] ] } },
{ "type": "Feature", "properties": { "street": "N EASY ST", "pavement_max_ft": 14, "pavement_min_ft": 14, "graded_roadway_max_ft": 28, "block_len_ft": 323.0, "n_segments": 1, "row_width_ft": 40.0 }, "geometry": { "type": "LineString", "coordinates": [ [ -122.726801432024232, 45.586023410859134 ], [ -122.727917452220836, 45.586433510919221 ] ] } },
{ "type": "Feature", "properties": { "street": "N CRAWFORD ST", "pavement_max_ft": 14, "pavement_min_ft": 14, "graded_roadway_max_ft": 14, "block_len_ft": 360.0, "n_segments": 1, "row_width_ft": 60.0 }, "geometry": { "type": "LineString", "coordinates": [ [ -122.749018495562481, 45.582837687484826 ], [ -122.7502948479693, 45.58325135357542 ] ] } },
{ "type": "Feature", "properties": { "street": "N ALBINA AVE", "pavement_max_ft": 18, "pavement_min_ft": 18, "graded_roadway_max_ft": 20, "block_len_ft": 250.0, "n_segments": 1, "row_width_ft": 70.0 }, "geometry": { "type": "LineString", "coordinates": [ [ -122.674363773008679, 45.581380630748427 ], [ -122.674363841280666, 45.582066262580973 ] ] } },
{ "type": "Feature", "properties": { "street": "N WATTS ST", "pavement_max_ft": 14, "pavement_min_ft": 14, "graded_roadway_max_ft": 30, "block_len_ft": 515.0, "n_segments": 1, "row_width_ft": 50.0 }, "geometry": { "type": "LineString", "coordinates": [ [ -122.672352385798774, 45.58138072379996 ], [ -122.674363773008679, 45.581380630748427 ] ] } },
{ "type": "Feature", "properties": { "street": "N TERRY ST", "pavement_max_ft": 16, "pavement_min_ft": 16, "graded_roadway_max_ft": 16, "block_len_ft": 256.0, "n_segments": 1, "row_width_ft": 60.0 }, "geometry": { "type": "LineString", "coordinates": [ [ -122.699946236418356, 45.579867321503968 ], [ -122.700946208653292, 45.57986982893398 ] ] } },
{ "type": "Feature", "properties": { "street": "N FARRAGUT ST", "pavement_max_ft": 16, "pavement_min_ft": 16, "graded_roadway_max_ft": 16, "block_len_ft": 710.0, "n_segments": 2, "row_width_ft": 51.3 }, "geometry": { "type": "LineString", "coordinates": [ [ -122.701344616871651, 45.579169239945976 ], [ -122.702712634268408, 45.579170613139354 ] ] } },
{ "type": "Feature", "properties": { "street": "N FARRAGUT ST", "pavement_max_ft": 16, "pavement_min_ft": 16, "graded_roadway_max_ft": 16, "block_len_ft": 710.0, "n_segments": 2, "row_width_ft": 51.3 }, "geometry": { "type": "LineString", "coordinates": [ [ -122.699939777531469, 45.5791661219668 ], [ -122.701344616871651, 45.579169239945976 ] ] } },
{ "type": "Feature", "properties": { "street": "N FARRAGUT ST", "pavement_max_ft": 18, "pavement_min_ft": 18, "graded_roadway_max_ft": 18, "block_len_ft": 258.0, "n_segments": 1, "row_width_ft": 51.0 }, "geometry": { "type": "LineString", "coordinates": [ [ -122.697904393625322, 45.579160928478245 ], [ -122.698912031184577, 45.579163070635161 ] ] } },
{ "type": "Feature", "properties": { "street": "N BALDWIN ST", "pavement_max_ft": 16, "pavement_min_ft": 16, "graded_roadway_max_ft": 24, "block_len_ft": 687.0, "n_segments": 1, "row_width_ft": 50.0 }, "geometry": { "type": "LineString", "coordinates": [ [ -122.70271506870283, 45.578634177351169 ], [ -122.705396869507609, 45.578626840378647 ] ] } },
{ "type": "Feature", "properties": { "street": "N OBERLIN ST", "pavement_max_ft": 17, "pavement_min_ft": 17, "graded_roadway_max_ft": 28, "block_len_ft": 250.0, "n_segments": 1, "row_width_ft": 40.0 }, "geometry": { "type": "LineString", "coordinates": [ [ -122.716904202058956, 45.577818659661105 ], [ -122.717769585104776, 45.578136158280543 ] ] } },
{ "type": "Feature", "properties": { "street": "N BUTLER ST", "pavement_max_ft": 16, "pavement_min_ft": 16, "graded_roadway_max_ft": 28, "block_len_ft": 259.0, "n_segments": 1, "row_width_ft": 50.0 }, "geometry": { "type": "LineString", "coordinates": [ [ -122.720707087761909, 45.577156102275111 ], [ -122.721603016222332, 45.577484647737158 ] ] } },
{ "type": "Feature", "properties": { "street": "N STAFFORD ST", "pavement_max_ft": 16, "pavement_min_ft": 16, "graded_roadway_max_ft": 16, "block_len_ft": 243.0, "n_segments": 1, "row_width_ft": 59.0 }, "geometry": { "type": "LineString", "coordinates": [ [ -122.715521569072521, 45.577119659144195 ], [ -122.716470423574535, 45.577120120035907 ] ] } },
{ "type": "Feature", "properties": { "street": "N DEPAUW ST", "pavement_max_ft": 10, "pavement_min_ft": 10, "graded_roadway_max_ft": 10, "block_len_ft": 477.0, "n_segments": 1, "row_width_ft": 50.0 }, "geometry": { "type": "LineString", "coordinates": [ [ -122.716470423574535, 45.577120120035907 ], [ -122.716504890135397, 45.577175760265682 ], [ -122.71654334701266, 45.57724059058971 ], [ -122.718031814115946, 45.577783678214985 ] ] } },
{ "type": "Feature", "properties": { "street": "NE MALLORY AVE", "pavement_max_ft": 16, "pavement_min_ft": 16, "graded_roadway_max_ft": 30, "block_len_ft": 265.0, "n_segments": 1, "row_width_ft": 50.0 }, "geometry": { "type": "LineString", "coordinates": [ [ -122.663356493948527, 45.576494729241126 ], [ -122.66335641579505, 45.577221058376523 ] ] } },
{ "type": "Feature", "properties": { "street": "N LANCASTER AVE", "pavement_max_ft": 12, "pavement_min_ft": 12, "graded_roadway_max_ft": 30, "block_len_ft": 661.0, "n_segments": 1, "row_width_ft": 50.0 }, "geometry": { "type": "LineString", "coordinates": [ [ -122.688334010286255, 45.575322126229082 ], [ -122.688328765921611, 45.577135490426947 ] ] } },
{ "type": "Feature", "properties": { "street": "N MORGAN ST", "pavement_max_ft": 12, "pavement_min_ft": 12, "graded_roadway_max_ft": 12, "block_len_ft": 169.0, "n_segments": 1, "row_width_ft": 50.0 }, "geometry": { "type": "LineString", "coordinates": [ [ -122.697538369672898, 45.574632312878656 ], [ -122.698199193752089, 45.574632756184307 ] ] } },
{ "type": "Feature", "properties": { "street": "NE BUFFALO ST", "pavement_max_ft": 16, "pavement_min_ft": 16, "graded_roadway_max_ft": 36, "block_len_ft": 252.0, "n_segments": 1, "row_width_ft": 60.0 }, "geometry": { "type": "LineString", "coordinates": [ [ -122.654659826427832, 45.574946059865162 ], [ -122.653676972488952, 45.5749445997942 ] ] } },
{ "type": "Feature", "properties": { "street": "NE 18TH AVE", "pavement_max_ft": 14, "pavement_min_ft": 14, "graded_roadway_max_ft": 28, "block_len_ft": 130.0, "n_segments": 1, "row_width_ft": 22.8 }, "geometry": { "type": "LineString", "coordinates": [ [ -122.646594058307628, 45.574826169172958 ], [ -122.646589021453835, 45.575182794592955 ] ] } },
{ "type": "Feature", "properties": { "street": "NE RODNEY AVE", "pavement_max_ft": 15, "pavement_min_ft": 15, "graded_roadway_max_ft": 30, "block_len_ft": 250.0, "n_segments": 1, "row_width_ft": 50.0 }, "geometry": { "type": "LineString", "coordinates": [ [ -122.665024240527998, 45.574437622120342 ], [ -122.665024186629068, 45.575123110482295 ] ] } },
{ "type": "Feature", "properties": { "street": "N LANCASTER AVE", "pavement_max_ft": 12, "pavement_min_ft": 12, "graded_roadway_max_ft": 28, "block_len_ft": 651.0, "n_segments": 1, "row_width_ft": 50.0 }, "geometry": { "type": "LineString", "coordinates": [ [ -122.688347096045021, 45.573535462687715 ], [ -122.688334010286255, 45.575322126229082 ] ] } },
{ "type": "Feature", "properties": { "street": "NE 18TH AVE", "pavement_max_ft": 18, "pavement_min_ft": 18, "graded_roadway_max_ft": 18, "block_len_ft": 261.0, "n_segments": 1, "row_width_ft": 23.6 }, "geometry": { "type": "LineString", "coordinates": [ [ -122.646621433567589, 45.574113099552314 ], [ -122.646595930396671, 45.574195397279226 ], [ -122.646594058307628, 45.574826169172958 ] ] } },
{ "type": "Feature", "properties": { "street": "NE RODNEY AVE", "pavement_max_ft": 15, "pavement_min_ft": 15, "graded_roadway_max_ft": 30, "block_len_ft": 414.0, "n_segments": 1, "row_width_ft": 50.0 }, "geometry": { "type": "LineString", "coordinates": [ [ -122.66502591678433, 45.573302027965681 ], [ -122.665024240527998, 45.574437622120342 ] ] } },
{ "type": "Feature", "properties": { "street": "NE 8TH AVE", "pavement_max_ft": 18, "pavement_min_ft": 18, "graded_roadway_max_ft": 36, "block_len_ft": 260.0, "n_segments": 1, "row_width_ft": 60.0 }, "geometry": { "type": "LineString", "coordinates": [ [ -122.657374963712854, 45.570328721356468 ], [ -122.657370579934266, 45.571041383745417 ] ] } },
{ "type": "Feature", "properties": { "street": "NE 13TH AVE", "pavement_max_ft": 12, "pavement_min_ft": 12, "graded_roadway_max_ft": 12, "block_len_ft": 141.0, "n_segments": 1, "row_width_ft": 36.0 }, "geometry": { "type": "LineString", "coordinates": [ [ -122.651720750820573, 45.569808677770013 ], [ -122.651722565417501, 45.570195033227321 ] ] } },
{ "type": "Feature", "properties": { "street": "NE 13TH AVE", "pavement_max_ft": 12, "pavement_min_ft": 12, "graded_roadway_max_ft": 12, "block_len_ft": 164.0, "n_segments": 1, "row_width_ft": 39.5 }, "geometry": { "type": "LineString", "coordinates": [ [ -122.651721210758041, 45.569251113323254 ], [ -122.651717608513749, 45.569699735841844 ] ] } },
{ "type": "Feature", "properties": { "street": "N GAY AVE", "pavement_max_ft": 18, "pavement_min_ft": 18, "graded_roadway_max_ft": 18, "block_len_ft": 616.0, "n_segments": 1, "row_width_ft": 39.0 }, "geometry": { "type": "LineString", "coordinates": [ [ -122.689261354628798, 45.568236529268034 ], [ -122.689240907176298, 45.569927154188115 ] ] } },
{ "type": "Feature", "properties": { "street": "N HOLMAN ST", "pavement_max_ft": 18, "pavement_min_ft": 18, "graded_roadway_max_ft": 24, "block_len_ft": 165.0, "n_segments": 1, "row_width_ft": 60.0 }, "geometry": { "type": "LineString", "coordinates": [ [ -122.688617267959955, 45.568228413648633 ], [ -122.689261354628798, 45.568236529268034 ] ] } },
{ "type": "Feature", "properties": { "street": "N HOLMAN ST", "pavement_max_ft": 16, "pavement_min_ft": 16, "graded_roadway_max_ft": 24, "block_len_ft": 274.0, "n_segments": 1, "row_width_ft": 60.0 }, "geometry": { "type": "LineString", "coordinates": [ [ -122.686415117211197, 45.568212013239147 ], [ -122.68748575631632, 45.568218695656682 ] ] } },
{ "type": "Feature", "properties": { "street": "N HOLMAN ST", "pavement_max_ft": 16, "pavement_min_ft": 16, "graded_roadway_max_ft": 24, "block_len_ft": 290.0, "n_segments": 1, "row_width_ft": 60.0 }, "geometry": { "type": "LineString", "coordinates": [ [ -122.68748575631632, 45.568218695656682 ], [ -122.688617267959955, 45.568228413648633 ] ] } },
{ "type": "Feature", "properties": { "street": "NE 13TH AVE", "pavement_max_ft": 12, "pavement_min_ft": 12, "graded_roadway_max_ft": 12, "block_len_ft": 248.0, "n_segments": 1, "row_width_ft": 36.0 }, "geometry": { "type": "LineString", "coordinates": [ [ -122.651715385183437, 45.568437601303543 ], [ -122.651720551394604, 45.569116312684038 ] ] } },
{ "type": "Feature", "properties": { "street": "N GAY AVE", "pavement_max_ft": 18, "pavement_min_ft": 18, "graded_roadway_max_ft": 18, "block_len_ft": 633.0, "n_segments": 1, "row_width_ft": 39.0 }, "geometry": { "type": "LineString", "coordinates": [ [ -122.689276566699817, 45.566355775916534 ], [ -122.689259812221479, 45.568092614416038 ] ] } },
{ "type": "Feature", "properties": { "street": "NE 50TH AVE", "pavement_max_ft": 18, "pavement_min_ft": 18, "graded_roadway_max_ft": 20, "block_len_ft": 279.0, "n_segments": 1, "row_width_ft": 50.5 }, "geometry": { "type": "LineString", "coordinates": [ [ -122.611575989394254, 45.567417977148871 ], [ -122.611535355000655, 45.568183141614391 ] ] } },
{ "type": "Feature", "properties": { "street": "NE PARK LN", "pavement_max_ft": 15, "pavement_min_ft": 15, "graded_roadway_max_ft": 15, "block_len_ft": 450.0, "n_segments": 1, "row_width_ft": 20.0 }, "geometry": { "type": "LineString", "coordinates": [ [ -122.659647884637991, 45.5659018225465 ], [ -122.657890723348373, 45.565894404040129 ] ] } },
{ "type": "Feature", "properties": { "street": "NE PARK LN", "pavement_max_ft": 18, "pavement_min_ft": 18, "graded_roadway_max_ft": 18, "block_len_ft": 454.0, "n_segments": 1, "row_width_ft": 20.0 }, "geometry": { "type": "LineString", "coordinates": [ [ -122.657890723348373, 45.565894404040129 ], [ -122.656119696562342, 45.565886990563953 ] ] } },
{ "type": "Feature", "properties": { "street": "N GAY AVE", "pavement_max_ft": 18, "pavement_min_ft": 18, "graded_roadway_max_ft": 18, "block_len_ft": 665.0, "n_segments": 1, "row_width_ft": 39.0 }, "geometry": { "type": "LineString", "coordinates": [ [ -122.689294859992245, 45.564531943137091 ], [ -122.689276566699817, 45.566355775916534 ] ] } },
{ "type": "Feature", "properties": { "street": "N GAY AVE", "pavement_max_ft": 18, "pavement_min_ft": 18, "graded_roadway_max_ft": 18, "block_len_ft": 661.0, "n_segments": 1, "row_width_ft": 39.0 }, "geometry": { "type": "LineString", "coordinates": [ [ -122.689313982429738, 45.562719704695937 ], [ -122.689294859992245, 45.564531943137091 ] ] } },
{ "type": "Feature", "properties": { "street": "NE 40TH AVE", "pavement_max_ft": 18, "pavement_min_ft": 18, "graded_roadway_max_ft": 18, "block_len_ft": 160.0, "n_segments": 1, "row_width_ft": 18.0 }, "geometry": { "type": "LineString", "coordinates": [ [ -122.622452601309845, 45.562791469992746 ], [ -122.622456649118519, 45.563230668643442 ] ] } },
{ "type": "Feature", "properties": { "street": "NE EMERSON ST", "pavement_max_ft": 16, "pavement_min_ft": 16, "graded_roadway_max_ft": 30, "block_len_ft": 250.0, "n_segments": 1, "row_width_ft": 50.0 }, "geometry": { "type": "LineString", "coordinates": [ [ -122.650684492936392, 45.561581443987663 ], [ -122.649708685382606, 45.561577793570514 ] ] } },
{ "type": "Feature", "properties": { "street": "NE EMERSON ST", "pavement_max_ft": 16, "pavement_min_ft": 16, "graded_roadway_max_ft": 30, "block_len_ft": 250.0, "n_segments": 1, "row_width_ft": 50.0 }, "geometry": { "type": "LineString", "coordinates": [ [ -122.649708685382606, 45.561577793570514 ], [ -122.648732831116419, 45.561574123655639 ] ] } },
{ "type": "Feature", "properties": { "street": "NE EMERSON ST", "pavement_max_ft": 16, "pavement_min_ft": 16, "graded_roadway_max_ft": 30, "block_len_ft": 250.0, "n_segments": 1, "row_width_ft": 50.0 }, "geometry": { "type": "LineString", "coordinates": [ [ -122.648732831116419, 45.561574123655639 ], [ -122.647756971460367, 45.561570432356397 ] ] } },
{ "type": "Feature", "properties": { "street": "NE CESAR E CHAVEZ BLVD", "pavement_max_ft": 18, "pavement_min_ft": 18, "graded_roadway_max_ft": 28, "block_len_ft": 150.0, "n_segments": 1, "row_width_ft": 60.0 }, "geometry": { "type": "LineString", "coordinates": [ [ -122.623460693416646, 45.560911134359955 ], [ -122.623462385842615, 45.561323484574054 ] ] } },
{ "type": "Feature", "properties": { "street": "NE 58TH CT", "pavement_max_ft": 10, "pavement_min_ft": 10, "graded_roadway_max_ft": 10, "block_len_ft": 259.0, "n_segments": 1, "row_width_ft": 12.0 }, "geometry": { "type": "LineString", "coordinates": [ [ -122.602115585897096, 45.560252035555813 ], [ -122.602110163666055, 45.56096095771602 ] ] } },
{ "type": "Feature", "properties": { "street": "N GAY AVE", "pavement_max_ft": 16, "pavement_min_ft": 16, "graded_roadway_max_ft": 36, "block_len_ft": 263.0, "n_segments": 1, "row_width_ft": 60.0 }, "geometry": { "type": "LineString", "coordinates": [ [ -122.690030441869411, 45.558359213246128 ], [ -122.690031585424776, 45.559080758317975 ] ] } },
{ "type": "Feature", "properties": { "street": "NE HUMBOLDT ST", "pavement_max_ft": 18, "pavement_min_ft": 18, "graded_roadway_max_ft": 18, "block_len_ft": 251.0, "n_segments": 1, "row_width_ft": 25.0 }, "geometry": { "type": "LineString", "coordinates": [ [ -122.656593410550997, 45.558245849986129 ], [ -122.655612373005667, 45.558242015688357 ] ] } },
{ "type": "Feature", "properties": { "street": "NE HUMBOLDT ST", "pavement_max_ft": 14, "pavement_min_ft": 14, "graded_roadway_max_ft": 28, "block_len_ft": 250.0, "n_segments": 1, "row_width_ft": 25.0 }, "geometry": { "type": "LineString", "coordinates": [ [ -122.654638962157023, 45.558239393446186 ], [ -122.653662423374627, 45.558235126405613 ] ] } },
{ "type": "Feature", "properties": { "street": "NE HUMBOLDT ST", "pavement_max_ft": 11, "pavement_min_ft": 11, "graded_roadway_max_ft": 28, "block_len_ft": 250.0, "n_segments": 1, "row_width_ft": 26.3 }, "geometry": { "type": "LineString", "coordinates": [ [ -122.653662423374627, 45.558235126405613 ], [ -122.652685545927341, 45.558231810391597 ] ] } },
{ "type": "Feature", "properties": { "street": "NE HUMBOLDT ST", "pavement_max_ft": 11, "pavement_min_ft": 11, "graded_roadway_max_ft": 28, "block_len_ft": 250.0, "n_segments": 1, "row_width_ft": 25.0 }, "geometry": { "type": "LineString", "coordinates": [ [ -122.652685545927341, 45.558231810391597 ], [ -122.651709904561883, 45.558227755318811 ] ] } },
{ "type": "Feature", "properties": { "street": "NE WYGANT ST", "pavement_max_ft": 16, "pavement_min_ft": 16, "graded_roadway_max_ft": 16, "block_len_ft": 909.0, "n_segments": 1, "row_width_ft": 60.0 }, "geometry": { "type": "LineString", "coordinates": [ [ -122.604433457620758, 45.557897994585147 ], [ -122.600884120508411, 45.557879219238714 ] ] } },
{ "type": "Feature", "properties": { "street": "N PRESCOTT ST", "pavement_max_ft": 18, "pavement_min_ft": 18, "graded_roadway_max_ft": 18, "block_len_ft": 131.0, "n_segments": 1, "row_width_ft": 30.0 }, "geometry": { "type": "LineString", "coordinates": [ [ -122.673951363648257, 45.555502916722432 ], [ -122.674461927428197, 45.555500809517021 ] ] } },
{ "type": "Feature", "properties": { "street": "N PRESCOTT ST", "pavement_max_ft": 18, "pavement_min_ft": 18, "graded_roadway_max_ft": 18, "block_len_ft": 147.0, "n_segments": 1, "row_width_ft": 36.0 }, "geometry": { "type": "LineString", "coordinates": [ [ -122.676019545045463, 45.555495632710468 ], [ -122.676592119529431, 45.555492234133638 ] ] } },
{ "type": "Feature", "properties": { "street": "N PRESCOTT ST", "pavement_max_ft": 18, "pavement_min_ft": 18, "graded_roadway_max_ft": 18, "block_len_ft": 150.0, "n_segments": 1, "row_width_ft": 30.0 }, "geometry": { "type": "LineString", "coordinates": [ [ -122.672308883084483, 45.555508732609063 ], [ -122.672895394930109, 45.555506429150704 ] ] } },
{ "type": "Feature", "properties": { "street": "NE PRESCOTT ST", "pavement_max_ft": 18, "pavement_min_ft": 18, "graded_roadway_max_ft": 18, "block_len_ft": 261.0, "n_segments": 1, "row_width_ft": 31.2 }, "geometry": { "type": "LineString", "coordinates": [ [ -122.665701412148749, 45.555537323287382 ], [ -122.664681334719447, 45.555539165046589 ] ] } },
{ "type": "Feature", "properties": { "street": "N OVERLOOK TER", "pavement_max_ft": 18, "pavement_min_ft": 18, "graded_roadway_max_ft": 18, "block_len_ft": 121.0, "n_segments": 1, "row_width_ft": 20.0 }, "geometry": { "type": "LineString", "coordinates": [ [ -122.689521870552767, 45.553810391412362 ], [ -122.689058983059908, 45.553882413412524 ] ] } },
{ "type": "Feature", "properties": { "street": "NE SKIDMORE ST", "pavement_max_ft": 15, "pavement_min_ft": 15, "graded_roadway_max_ft": 15, "block_len_ft": 260.0, "n_segments": 1, "row_width_ft": 60.0 }, "geometry": { "type": "LineString", "coordinates": [ [ -122.597308404367752, 45.553867161835733 ], [ -122.596293296418594, 45.553867397094734 ] ] } },
{ "type": "Feature", "properties": { "street": "NE SKIDMORE ST", "pavement_max_ft": 16, "pavement_min_ft": 16, "graded_roadway_max_ft": 24, "block_len_ft": 260.0, "n_segments": 1, "row_width_ft": 60.0 }, "geometry": { "type": "LineString", "coordinates": [ [ -122.593247966282917, 45.553868058210419 ], [ -122.592232856537152, 45.553868261388622 ] ] } },
{ "type": "Feature", "properties": { "street": "NE SKIDMORE ST", "pavement_max_ft": 15, "pavement_min_ft": 15, "graded_roadway_max_ft": 15, "block_len_ft": 260.0, "n_segments": 1, "row_width_ft": 60.0 }, "geometry": { "type": "LineString", "coordinates": [ [ -122.592232856537152, 45.553868261388622 ], [ -122.591217764757673, 45.553868667745121 ] ] } },
{ "type": "Feature", "properties": { "street": "NE SKIDMORE ST", "pavement_max_ft": 12, "pavement_min_ft": 12, "graded_roadway_max_ft": 12, "block_len_ft": 260.0, "n_segments": 1, "row_width_ft": 60.0 }, "geometry": { "type": "LineString", "coordinates": [ [ -122.591217764757673, 45.553868667745121 ], [ -122.590202909235103, 45.55386906466611 ] ] } },
{ "type": "Feature", "properties": { "street": "NE SKIDMORE ST", "pavement_max_ft": 16, "pavement_min_ft": 16, "graded_roadway_max_ft": 16, "block_len_ft": 260.0, "n_segments": 1, "row_width_ft": 60.0 }, "geometry": { "type": "LineString", "coordinates": [ [ -122.590202909235103, 45.55386906466611 ], [ -122.589188613362978, 45.55386724172314 ] ] } },
{ "type": "Feature", "properties": { "street": "NE SKIDMORE ST", "pavement_max_ft": 16, "pavement_min_ft": 16, "graded_roadway_max_ft": 16, "block_len_ft": 260.0, "n_segments": 1, "row_width_ft": 60.0 }, "geometry": { "type": "LineString", "coordinates": [ [ -122.588795774699335, 45.553870052250772 ], [ -122.588394958097666, 45.553866781898719 ], [ -122.587780274186386, 45.553863119028662 ] ] } },
{ "type": "Feature", "properties": { "street": "NE MASON ST", "pavement_max_ft": 18, "pavement_min_ft": 18, "graded_roadway_max_ft": 18, "block_len_ft": 260.0, "n_segments": 1, "row_width_ft": 60.0 }, "geometry": { "type": "LineString", "coordinates": [ [ -122.598335550640002, 45.552468035683603 ], [ -122.597320477725162, 45.55246828227142 ] ] } },
{ "type": "Feature", "properties": { "street": "NE MASON ST", "pavement_max_ft": 12, "pavement_min_ft": 12, "graded_roadway_max_ft": 12, "block_len_ft": 260.0, "n_segments": 1, "row_width_ft": 60.0 }, "geometry": { "type": "LineString", "coordinates": [ [ -122.597320477725162, 45.55246828227142 ], [ -122.596305384149048, 45.55246852445584 ] ] } },
{ "type": "Feature", "properties": { "street": "NE MASON ST", "pavement_max_ft": 15, "pavement_min_ft": 15, "graded_roadway_max_ft": 15, "block_len_ft": 260.0, "n_segments": 1, "row_width_ft": 60.0 }, "geometry": { "type": "LineString", "coordinates": [ [ -122.593260133963454, 45.552469184958888 ], [ -122.592245042183961, 45.552469385625955 ] ] } },
{ "type": "Feature", "properties": { "street": "NE 34TH AVE", "pavement_max_ft": 12, "pavement_min_ft": 12, "graded_roadway_max_ft": 28, "block_len_ft": 161.0, "n_segments": 1, "row_width_ft": 50.0 }, "geometry": { "type": "LineString", "coordinates": [ [ -122.629691171072039, 45.551794584646636 ], [ -122.62968245022725, 45.552237249789663 ] ] } },
{ "type": "Feature", "properties": { "street": "NE 35TH AVE", "pavement_max_ft": 10, "pavement_min_ft": 10, "graded_roadway_max_ft": 28, "block_len_ft": 162.0, "n_segments": 1, "row_width_ft": 50.0 }, "geometry": { "type": "LineString", "coordinates": [ [ -122.628667182377995, 45.55179405875414 ], [ -122.62866821544057, 45.552238105301861 ] ] } },
{ "type": "Feature", "properties": { "street": "NE MASON ST", "pavement_max_ft": 18, "pavement_min_ft": 18, "graded_roadway_max_ft": 24, "block_len_ft": 260.0, "n_segments": 1, "row_width_ft": 60.0 }, "geometry": { "type": "LineString", "coordinates": [ [ -122.592245042183961, 45.552469385625955 ], [ -122.59123012377934, 45.552469872511075 ] ] } },
{ "type": "Feature", "properties": { "street": "NE 35TH PL", "pavement_max_ft": 10, "pavement_min_ft": 10, "graded_roadway_max_ft": 28, "block_len_ft": 160.0, "n_segments": 1, "row_width_ft": 50.0 }, "geometry": { "type": "LineString", "coordinates": [ [ -122.627657397845184, 45.551804416823018 ], [ -122.627652024123194, 45.552243340281358 ] ] } },
{ "type": "Feature", "properties": { "street": "NE MASON ST", "pavement_max_ft": 16, "pavement_min_ft": 16, "graded_roadway_max_ft": 16, "block_len_ft": 260.0, "n_segments": 1, "row_width_ft": 60.0 }, "geometry": { "type": "LineString", "coordinates": [ [ -122.59123012377934, 45.552469872511075 ], [ -122.590215105661741, 45.552470326685501 ] ] } },
{ "type": "Feature", "properties": { "street": "NE 36TH AVE", "pavement_max_ft": 10, "pavement_min_ft": 10, "graded_roadway_max_ft": 28, "block_len_ft": 159.0, "n_segments": 1, "row_width_ft": 50.0 }, "geometry": { "type": "LineString", "coordinates": [ [ -122.626634782675225, 45.551797513540819 ], [ -122.626630928902657, 45.552233960470979 ] ] } },
{ "type": "Feature", "properties": { "street": "NE MASON ST", "pavement_max_ft": 16, "pavement_min_ft": 16, "graded_roadway_max_ft": 16, "block_len_ft": 260.0, "n_segments": 1, "row_width_ft": 60.0 }, "geometry": { "type": "LineString", "coordinates": [ [ -122.586793903343178, 45.552457561362665 ], [ -122.585778984040246, 45.55245060909477 ] ] } },
{ "type": "Feature", "properties": { "street": "NE FAILING ST", "pavement_max_ft": 10, "pavement_min_ft": 10, "graded_roadway_max_ft": 10, "block_len_ft": 260.0, "n_segments": 1, "row_width_ft": 60.0 }, "geometry": { "type": "LineString", "coordinates": [ [ -122.598345335988398, 45.55107326117772 ], [ -122.597332051619304, 45.551072650983585 ] ] } },
{ "type": "Feature", "properties": { "street": "NE FAILING ST", "pavement_max_ft": 12, "pavement_min_ft": 12, "graded_roadway_max_ft": 12, "block_len_ft": 260.0, "n_segments": 1, "row_width_ft": 60.0 }, "geometry": { "type": "LineString", "coordinates": [ [ -122.597332051619304, 45.551072650983585 ], [ -122.596317095485418, 45.551072876189238 ] ] } },
{ "type": "Feature", "properties": { "street": "NE FAILING ST", "pavement_max_ft": 16, "pavement_min_ft": 16, "graded_roadway_max_ft": 16, "block_len_ft": 260.0, "n_segments": 1, "row_width_ft": 60.0 }, "geometry": { "type": "LineString", "coordinates": [ [ -122.596317095485418, 45.551072876189238 ], [ -122.59539601868866, 45.551068265134433 ], [ -122.595302179775743, 45.55107307937763 ] ] } },
{ "type": "Feature", "properties": { "street": "NE FAILING ST", "pavement_max_ft": 16, "pavement_min_ft": 16, "graded_roadway_max_ft": 16, "block_len_ft": 260.0, "n_segments": 1, "row_width_ft": 60.0 }, "geometry": { "type": "LineString", "coordinates": [ [ -122.595302179775743, 45.55107307937763 ], [ -122.594287218251964, 45.551073263693972 ] ] } },
{ "type": "Feature", "properties": { "street": "NE FAILING ST", "pavement_max_ft": 12, "pavement_min_ft": 12, "graded_roadway_max_ft": 12, "block_len_ft": 260.0, "n_segments": 1, "row_width_ft": 60.0 }, "geometry": { "type": "LineString", "coordinates": [ [ -122.593272298050721, 45.551073462478925 ], [ -122.592257341916834, 45.551073643649914 ] ] } },
{ "type": "Feature", "properties": { "street": "NE FAILING ST", "pavement_max_ft": 14, "pavement_min_ft": 14, "graded_roadway_max_ft": 14, "block_len_ft": 260.0, "n_segments": 1, "row_width_ft": 60.0 }, "geometry": { "type": "LineString", "coordinates": [ [ -122.592257341916834, 45.551073643649914 ], [ -122.591242428902078, 45.551073812868715 ] ] } },
{ "type": "Feature", "properties": { "street": "NE FAILING ST", "pavement_max_ft": 14, "pavement_min_ft": 14, "graded_roadway_max_ft": 14, "block_len_ft": 260.0, "n_segments": 1, "row_width_ft": 60.0 }, "geometry": { "type": "LineString", "coordinates": [ [ -122.591242428902078, 45.551073812868715 ], [ -122.59071311279061, 45.551076227224392 ], [ -122.590227481751384, 45.551073976425869 ] ] } },
{ "type": "Feature", "properties": { "street": "NE FAILING ST", "pavement_max_ft": 14, "pavement_min_ft": 14, "graded_roadway_max_ft": 14, "block_len_ft": 260.0, "n_segments": 1, "row_width_ft": 60.0 }, "geometry": { "type": "LineString", "coordinates": [ [ -122.590227481751384, 45.551073976425869 ], [ -122.589213494001413, 45.551074075818342 ] ] } },
{ "type": "Feature", "properties": { "street": "NE FAILING ST", "pavement_max_ft": 15, "pavement_min_ft": 15, "graded_roadway_max_ft": 15, "block_len_ft": 260.0, "n_segments": 1, "row_width_ft": 60.0 }, "geometry": { "type": "LineString", "coordinates": [ [ -122.588852779092292, 45.551075964903845 ], [ -122.587837376495742, 45.551065917459425 ] ] } },
{ "type": "Feature", "properties": { "street": "NE FAILING ST", "pavement_max_ft": 14, "pavement_min_ft": 14, "graded_roadway_max_ft": 14, "block_len_ft": 260.0, "n_segments": 1, "row_width_ft": 60.0 }, "geometry": { "type": "LineString", "coordinates": [ [ -122.587837376495742, 45.551065917459425 ], [ -122.586822472464164, 45.551058971310006 ] ] } },
{ "type": "Feature", "properties": { "street": "NE FAILING ST", "pavement_max_ft": 15, "pavement_min_ft": 15, "graded_roadway_max_ft": 15, "block_len_ft": 260.0, "n_segments": 1, "row_width_ft": 60.0 }, "geometry": { "type": "LineString", "coordinates": [ [ -122.586822472464164, 45.551058971310006 ], [ -122.586575064756801, 45.551055971921947 ], [ -122.585807579212357, 45.551052022014474 ] ] } },
{ "type": "Feature", "properties": { "street": "NE FAILING ST", "pavement_max_ft": 16, "pavement_min_ft": 16, "graded_roadway_max_ft": 16, "block_len_ft": 255.0, "n_segments": 1, "row_width_ft": 60.0 }, "geometry": { "type": "LineString", "coordinates": [ [ -122.579719904042719, 45.551013670342044 ], [ -122.578723951768652, 45.551007036832473 ] ] } },
{ "type": "Feature", "properties": { "street": "NE 61ST AVE", "pavement_max_ft": 18, "pavement_min_ft": 18, "graded_roadway_max_ft": 22, "block_len_ft": 260.0, "n_segments": 1, "row_width_ft": 60.0 }, "geometry": { "type": "LineString", "coordinates": [ [ -122.600933016707643, 45.549654348786405 ], [ -122.600922232432666, 45.550368390691276 ] ] } },
{ "type": "Feature", "properties": { "street": "NE BEECH ST", "pavement_max_ft": 16, "pavement_min_ft": 16, "graded_roadway_max_ft": 16, "block_len_ft": 260.0, "n_segments": 1, "row_width_ft": 60.0 }, "geometry": { "type": "LineString", "coordinates": [ [ -122.598359370368087, 45.549646297165346 ], [ -122.597344477116323, 45.54964653055481 ] ] } },
{ "type": "Feature", "properties": { "street": "NE BEECH ST", "pavement_max_ft": 14, "pavement_min_ft": 14, "graded_roadway_max_ft": 14, "block_len_ft": 260.0, "n_segments": 1, "row_width_ft": 60.0 }, "geometry": { "type": "LineString", "coordinates": [ [ -122.597344477116323, 45.54964653055481 ], [ -122.596329347607579, 45.549646756395255 ] ] } },
{ "type": "Feature", "properties": { "street": "NE BEECH ST", "pavement_max_ft": 15, "pavement_min_ft": 15, "graded_roadway_max_ft": 15, "block_len_ft": 260.0, "n_segments": 1, "row_width_ft": 60.0 }, "geometry": { "type": "LineString", "coordinates": [ [ -122.596329347607579, 45.549646756395255 ], [ -122.595314641205348, 45.549646963363237 ] ] } },
{ "type": "Feature", "properties": { "street": "NE BEECH ST", "pavement_max_ft": 14, "pavement_min_ft": 14, "graded_roadway_max_ft": 14, "block_len_ft": 260.0, "n_segments": 1, "row_width_ft": 60.0 }, "geometry": { "type": "LineString", "coordinates": [ [ -122.593284795412956, 45.549647355910459 ], [ -122.592269856347045, 45.549647549038689 ] ] } },
{ "type": "Feature", "properties": { "street": "NE BEECH ST", "pavement_max_ft": 12, "pavement_min_ft": 12, "graded_roadway_max_ft": 12, "block_len_ft": 260.0, "n_segments": 1, "row_width_ft": 60.0 }, "geometry": { "type": "LineString", "coordinates": [ [ -122.592269856347045, 45.549647549038689 ], [ -122.59125496040032, 45.549647724552543 ] ] } },
{ "type": "Feature", "properties": { "street": "NE BEECH ST", "pavement_max_ft": 15, "pavement_min_ft": 15, "graded_roadway_max_ft": 15, "block_len_ft": 260.0, "n_segments": 1, "row_width_ft": 60.0 }, "geometry": { "type": "LineString", "coordinates": [ [ -122.59125496040032, 45.549647724552543 ], [ -122.590240023131074, 45.549647889372068 ] ] } },
{ "type": "Feature", "properties": { "street": "NE BEECH ST", "pavement_max_ft": 16, "pavement_min_ft": 16, "graded_roadway_max_ft": 16, "block_len_ft": 260.0, "n_segments": 1, "row_width_ft": 59.7 }, "geometry": { "type": "LineString", "coordinates": [ [ -122.587866766676896, 45.549640159840131 ], [ -122.586851905764448, 45.549632801465727 ] ] } },
{ "type": "Feature", "properties": { "street": "NE BEECH ST", "pavement_max_ft": 16, "pavement_min_ft": 16, "graded_roadway_max_ft": 16, "block_len_ft": 260.0, "n_segments": 1, "row_width_ft": 60.0 }, "geometry": { "type": "LineString", "coordinates": [ [ -122.582792723524392, 45.549607498514192 ], [ -122.581777838357411, 45.549600886227445 ] ] } },
{ "type": "Feature", "properties": { "street": "NE BEECH ST", "pavement_max_ft": 16, "pavement_min_ft": 16, "graded_roadway_max_ft": 16, "block_len_ft": 260.0, "n_segments": 1, "row_width_ft": 60.0 }, "geometry": { "type": "LineString", "coordinates": [ [ -122.580762962173608, 45.549594261987359 ], [ -122.579748084193184, 45.549587630197458 ] ] } },
{ "type": "Feature", "properties": { "street": "NE KLICKITAT ST", "pavement_max_ft": 18, "pavement_min_ft": 18, "graded_roadway_max_ft": 18, "block_len_ft": 260.0, "n_segments": 1, "row_width_ft": 60.0 }, "geometry": { "type": "LineString", "coordinates": [ [ -122.58894454828679, 45.546404797855566 ], [ -122.587929719713685, 45.546404513494004 ] ] } },
{ "type": "Feature", "properties": { "street": "NE 76TH AVE", "pavement_max_ft": 16, "pavement_min_ft": 16, "graded_roadway_max_ft": 24, "block_len_ft": 158.0, "n_segments": 1, "row_width_ft": 49.9 }, "geometry": { "type": "LineString", "coordinates": [ [ -122.585315269199029, 45.544126507106448 ], [ -122.585309259469739, 45.544560629795143 ] ] } },
{ "type": "Feature", "properties": { "street": "NE MORRIS ST", "pavement_max_ft": 16, "pavement_min_ft": 16, "graded_roadway_max_ft": 16, "block_len_ft": 321.0, "n_segments": 1, "row_width_ft": 59.9 }, "geometry": { "type": "LineString", "coordinates": [ [ -122.586567577298936, 45.544135811514273 ], [ -122.585315269199029, 45.544126507106448 ] ] } },
{ "type": "Feature", "properties": { "street": "NE 76TH AVE", "pavement_max_ft": 14, "pavement_min_ft": 14, "graded_roadway_max_ft": 24, "block_len_ft": 260.0, "n_segments": 1, "row_width_ft": 49.9 }, "geometry": { "type": "LineString", "coordinates": [ [ -122.585325589045013, 45.54341428909288 ], [ -122.585315269199029, 45.544126507106448 ] ] } },
{ "type": "Feature", "properties": { "street": "SE ALDER ST", "pavement_max_ft": 12, "pavement_min_ft": 12, "graded_roadway_max_ft": 12, "block_len_ft": 260.0, "n_segments": 1, "row_width_ft": 60.0 }, "geometry": { "type": "LineString", "coordinates": [ [ -122.637104299663619, 45.517866670247216 ], [ -122.636089957977433, 45.517863457597265 ] ] } },
{ "type": "Feature", "properties": { "street": "SE 36TH AVE", "pavement_max_ft": 10, "pavement_min_ft": 10, "graded_roadway_max_ft": 10, "block_len_ft": 260.0, "n_segments": 1, "row_width_ft": 10.0 }, "geometry": { "type": "LineString", "coordinates": [ [ -122.627098801147056, 45.518592461967827 ], [ -122.62710049716631, 45.517879367892064 ] ] } },
{ "type": "Feature", "properties": { "street": "SE 36TH AVE", "pavement_max_ft": 10, "pavement_min_ft": 10, "graded_roadway_max_ft": 10, "block_len_ft": 260.0, "n_segments": 1, "row_width_ft": 10.0 }, "geometry": { "type": "LineString", "coordinates": [ [ -122.62710049716631, 45.517879367892064 ], [ -122.627102238999626, 45.517166273591442 ] ] } },
{ "type": "Feature", "properties": { "street": "SE ALDER ST", "pavement_max_ft": 18, "pavement_min_ft": 18, "graded_roadway_max_ft": 18, "block_len_ft": 469.0, "n_segments": 1, "row_width_ft": 60.0 }, "geometry": { "type": "LineString", "coordinates": [ [ -122.578997154599392, 45.517657551779592 ], [ -122.577166061063593, 45.51764647992858 ] ] } },
{ "type": "Feature", "properties": { "street": "SE MORRISON ST", "pavement_max_ft": 14, "pavement_min_ft": 14, "graded_roadway_max_ft": 28, "block_len_ft": 468.0, "n_segments": 1, "row_width_ft": 60.0 }, "geometry": { "type": "LineString", "coordinates": [ [ -122.578956665732917, 45.51691706045515 ], [ -122.577130575813257, 45.516903944639488 ] ] } },
{ "type": "Feature", "properties": { "street": "SE 85TH AVE", "pavement_max_ft": 15, "pavement_min_ft": 14, "graded_roadway_max_ft": 15, "block_len_ft": 809.0, "n_segments": 2, "row_width_ft": 50.0 }, "geometry": { "type": "LineString", "coordinates": [ [ -122.577144112526284, 45.515161713267936 ], [ -122.576140371858742, 45.515155753465251 ] ] } },
{ "type": "Feature", "properties": { "street": "SE SALMON CT", "pavement_max_ft": 18, "pavement_min_ft": 18, "graded_roadway_max_ft": 18, "block_len_ft": 148.0, "n_segments": 1, "row_width_ft": 33.1 }, "geometry": { "type": "LineString", "coordinates": [ [ -122.615135290619733, 45.51425713917574 ], [ -122.614557492432368, 45.514256976140899 ] ] } },
{ "type": "Feature", "properties": { "street": "SE 42ND AVE", "pavement_max_ft": 16, "pavement_min_ft": 16, "graded_roadway_max_ft": 16, "block_len_ft": 107.0, "n_segments": 1, "row_width_ft": 16.0 }, "geometry": { "type": "LineString", "coordinates": [ [ -122.619627256010844, 45.51378613969483 ], [ -122.619599273489769, 45.51349452512607 ] ] } },
{ "type": "Feature", "properties": { "street": "SE 85TH AVE", "pavement_max_ft": 15, "pavement_min_ft": 14, "graded_roadway_max_ft": 15, "block_len_ft": 809.0, "n_segments": 2, "row_width_ft": 60.0 }, "geometry": { "type": "LineString", "coordinates": [ [ -122.576140371858742, 45.515155753465251 ], [ -122.576140257772678, 45.513643683032861 ] ] } },
{ "type": "Feature", "properties": { "street": "SE 89TH AVE", "pavement_max_ft": 14, "pavement_min_ft": 14, "graded_roadway_max_ft": 14, "block_len_ft": 1097.0, "n_segments": 2, "row_width_ft": 49.1 }, "geometry": { "type": "LineString", "coordinates": [ [ -122.572146005761383, 45.513625577784929 ], [ -122.572149672684375, 45.512465867295703 ] ] } },
{ "type": "Feature", "properties": { "street": "SE HAWTHORNE BLVD", "pavement_max_ft": 14, "pavement_min_ft": 14, "graded_roadway_max_ft": 14, "block_len_ft": 259.0, "n_segments": 1, "row_width_ft": 50.2 }, "geometry": { "type": "LineString", "coordinates": [ [ -122.577150654058187, 45.512260231927272 ], [ -122.576140044871963, 45.512268429910229 ] ] } },
{ "type": "Feature", "properties": { "street": "SE 86TH AVE", "pavement_max_ft": 14, "pavement_min_ft": 14, "graded_roadway_max_ft": 14, "block_len_ft": 501.0, "n_segments": 1, "row_width_ft": 59.9 }, "geometry": { "type": "LineString", "coordinates": [ [ -122.57512660329769, 45.51363902925074 ], [ -122.575127222236915, 45.512265507769769 ] ] } },
{ "type": "Feature", "properties": { "street": "SE HAWTHORNE BLVD", "pavement_max_ft": 12, "pavement_min_ft": 12, "graded_roadway_max_ft": 12, "block_len_ft": 260.0, "n_segments": 1, "row_width_ft": 50.1 }, "geometry": { "type": "LineString", "coordinates": [ [ -122.576140044871963, 45.512268429910229 ], [ -122.575127222236915, 45.512265507769769 ] ] } },
{ "type": "Feature", "properties": { "street": "SE HAWTHORNE BLVD", "pavement_max_ft": 12, "pavement_min_ft": 12, "graded_roadway_max_ft": 12, "block_len_ft": 260.0, "n_segments": 1, "row_width_ft": 50.1 }, "geometry": { "type": "LineString", "coordinates": [ [ -122.575127222236915, 45.512265507769769 ], [ -122.574114322346716, 45.512262575557145 ] ] } },
{ "type": "Feature", "properties": { "street": "SE 88TH AVE", "pavement_max_ft": 14, "pavement_min_ft": 14, "graded_roadway_max_ft": 14, "block_len_ft": 1175.0, "n_segments": 2, "row_width_ft": 49.9 }, "geometry": { "type": "LineString", "coordinates": [ [ -122.573118697059442, 45.5136297821158 ], [ -122.573121055137065, 45.512259689927433 ] ] } },
{ "type": "Feature", "properties": { "street": "SE HAWTHORNE BLVD", "pavement_max_ft": 12, "pavement_min_ft": 12, "graded_roadway_max_ft": 12, "block_len_ft": 255.0, "n_segments": 1, "row_width_ft": 50.0 }, "geometry": { "type": "LineString", "coordinates": [ [ -122.574114322346716, 45.512262575557145 ], [ -122.573121055137065, 45.512259689927433 ] ] } },
{ "type": "Feature", "properties": { "street": "SE HAWTHORNE BLVD", "pavement_max_ft": 16, "pavement_min_ft": 16, "graded_roadway_max_ft": 16, "block_len_ft": 249.0, "n_segments": 1, "row_width_ft": 50.0 }, "geometry": { "type": "LineString", "coordinates": [ [ -122.573121055137065, 45.512259689927433 ], [ -122.572148423127771, 45.512256531723857 ] ] } },
{ "type": "Feature", "properties": { "street": "SE CLAY ST", "pavement_max_ft": 12, "pavement_min_ft": 1, "graded_roadway_max_ft": 28, "block_len_ft": 181.0, "n_segments": 1, "row_width_ft": 35.0 }, "geometry": { "type": "LineString", "coordinates": [ [ -122.611542343893603, 45.511330308646365 ], [ -122.610838885770974, 45.51135647929231 ] ] } },
{ "type": "Feature", "properties": { "street": "SE 85TH AVE", "pavement_max_ft": 14, "pavement_min_ft": 14, "graded_roadway_max_ft": 14, "block_len_ft": 451.0, "n_segments": 1, "row_width_ft": 59.9 }, "geometry": { "type": "LineString", "coordinates": [ [ -122.576140044871963, 45.512268429910229 ], [ -122.576139860717319, 45.511031074304057 ] ] } },
{ "type": "Feature", "properties": { "street": "SE CLAY ST", "pavement_max_ft": 12, "pavement_min_ft": 12, "graded_roadway_max_ft": 12, "block_len_ft": 247.0, "n_segments": 1, "row_width_ft": 50.0 }, "geometry": { "type": "LineString", "coordinates": [ [ -122.577102233966059, 45.511032619761252 ], [ -122.576139860717319, 45.511031074304057 ] ] } },
{ "type": "Feature", "properties": { "street": "SE 85TH AVE", "pavement_max_ft": 12, "pavement_min_ft": 12, "graded_roadway_max_ft": 12, "block_len_ft": 113.0, "n_segments": 1, "row_width_ft": 59.9 }, "geometry": { "type": "LineString", "coordinates": [ [ -122.576139860717319, 45.511031074304057 ], [ -122.576133809665578, 45.510720988006476 ] ] } },
{ "type": "Feature", "properties": { "street": "SE MARKET ST", "pavement_max_ft": 12, "pavement_min_ft": 12, "graded_roadway_max_ft": 12, "block_len_ft": 258.0, "n_segments": 1, "row_width_ft": 31.1 }, "geometry": { "type": "LineString", "coordinates": [ [ -122.576133809665578, 45.510720988006476 ], [ -122.575128081924632, 45.510726333240207 ] ] } },
{ "type": "Feature", "properties": { "street": "SE MARKET ST", "pavement_max_ft": 16, "pavement_min_ft": 16, "graded_roadway_max_ft": 16, "block_len_ft": 262.0, "n_segments": 1, "row_width_ft": 32.2 }, "geometry": { "type": "LineString", "coordinates": [ [ -122.575128081924632, 45.510726333240207 ], [ -122.574106409985674, 45.510723898266299 ] ] } },
{ "type": "Feature", "properties": { "street": "SE 88TH AVE", "pavement_max_ft": 14, "pavement_min_ft": 14, "graded_roadway_max_ft": 14, "block_len_ft": 560.0, "n_segments": 1, "row_width_ft": 49.9 }, "geometry": { "type": "LineString", "coordinates": [ [ -122.573121055137065, 45.512259689927433 ], [ -122.573122785292298, 45.510723638275522 ] ] } },
{ "type": "Feature", "properties": { "street": "SE LINCOLN ST", "pavement_max_ft": 12, "pavement_min_ft": 12, "graded_roadway_max_ft": 12, "block_len_ft": 1031.0, "n_segments": 3, "row_width_ft": 50.0 }, "geometry": { "type": "LineString", "coordinates": [ [ -122.586269228826751, 45.507903475569826 ], [ -122.585279130873431, 45.507900181768747 ] ] } },
{ "type": "Feature", "properties": { "street": "SE 64TH AVE", "pavement_max_ft": 18, "pavement_min_ft": 18, "graded_roadway_max_ft": 18, "block_len_ft": 250.0, "n_segments": 1, "row_width_ft": 53.0 }, "geometry": { "type": "LineString", "coordinates": [ [ -122.597779607565187, 45.508088220232153 ], [ -122.597762036518219, 45.507403148629201 ] ] } },
{ "type": "Feature", "properties": { "street": "SE LINCOLN ST", "pavement_max_ft": 12, "pavement_min_ft": 12, "graded_roadway_max_ft": 12, "block_len_ft": 1031.0, "n_segments": 3, "row_width_ft": 20.1 }, "geometry": { "type": "LineString", "coordinates": [ [ -122.586269228826751, 45.507903475569826 ], [ -122.586268338596312, 45.50764221900527 ] ] } },
{ "type": "Feature", "properties": { "street": "SE WINDSOR CT", "pavement_max_ft": 18, "pavement_min_ft": 18, "graded_roadway_max_ft": 18, "block_len_ft": 176.0, "n_segments": 1, "row_width_ft": 50.0 }, "geometry": { "type": "LineString", "coordinates": [ [ -122.597520395995005, 45.504679301676127 ], [ -122.596834114558987, 45.504680312789901 ] ] } },
{ "type": "Feature", "properties": { "street": "SE IVON ST", "pavement_max_ft": 12, "pavement_min_ft": 12, "graded_roadway_max_ft": 12, "block_len_ft": 262.0, "n_segments": 1, "row_width_ft": 38.8 }, "geometry": { "type": "LineString", "coordinates": [ [ -122.612039413181336, 45.504361444629552 ], [ -122.61101796761784, 45.504362853649155 ] ] } },
{ "type": "Feature", "properties": { "street": "SE IVON ST", "pavement_max_ft": 15, "pavement_min_ft": 15, "graded_roadway_max_ft": 15, "block_len_ft": 257.0, "n_segments": 1, "row_width_ft": 31.0 }, "geometry": { "type": "LineString", "coordinates": [ [ -122.61101796761784, 45.504362853649155 ], [ -122.610630425421149, 45.504364974103929 ], [ -122.610015560948497, 45.504365601174207 ] ] } },
{ "type": "Feature", "properties": { "street": "SE 63RD AVE", "pavement_max_ft": 17, "pavement_min_ft": 12, "graded_roadway_max_ft": 17, "block_len_ft": 527.0, "n_segments": 2, "row_width_ft": 50.0 }, "geometry": { "type": "LineString", "coordinates": [ [ -122.599443914495438, 45.503991588996755 ], [ -122.598493461890556, 45.503992435799148 ] ] } },
{ "type": "Feature", "properties": { "street": "SE 63RD AVE", "pavement_max_ft": 17, "pavement_min_ft": 12, "graded_roadway_max_ft": 17, "block_len_ft": 527.0, "n_segments": 2, "row_width_ft": 50.0 }, "geometry": { "type": "LineString", "coordinates": [ [ -122.598493461890556, 45.503992435799148 ], [ -122.598498669424274, 45.503215979387456 ] ] } },
{ "type": "Feature", "properties": { "street": "SE CLINTON ST", "pavement_max_ft": 14, "pavement_min_ft": 14, "graded_roadway_max_ft": 14, "block_len_ft": 250.0, "n_segments": 1, "row_width_ft": 50.1 }, "geometry": { "type": "LineString", "coordinates": [ [ -122.582889498131635, 45.503456865051078 ], [ -122.581914676029712, 45.503459416815161 ] ] } },
{ "type": "Feature", "properties": { "street": "SE TAGGART ST", "pavement_max_ft": 10, "pavement_min_ft": 10, "graded_roadway_max_ft": 10, "block_len_ft": 460.0, "n_segments": 1, "row_width_ft": 50.0 }, "geometry": { "type": "LineString", "coordinates": [ [ -122.591642062422551, 45.502466958858612 ], [ -122.589846234049858, 45.502470662853632 ] ] } },
{ "type": "Feature", "properties": { "street": "SE TAGGART ST", "pavement_max_ft": 10, "pavement_min_ft": 10, "graded_roadway_max_ft": 10, "block_len_ft": 242.0, "n_segments": 1, "row_width_ft": 50.1 }, "geometry": { "type": "LineString", "coordinates": [ [ -122.599452143063459, 45.502277746909165 ], [ -122.598508455670981, 45.502270545406276 ] ] } },
{ "type": "Feature", "properties": { "street": "SE TAGGART ST", "pavement_max_ft": 10, "pavement_min_ft": 10, "graded_roadway_max_ft": 10, "block_len_ft": 249.0, "n_segments": 1, "row_width_ft": 50.2 }, "geometry": { "type": "LineString", "coordinates": [ [ -122.595602027536088, 45.5022723429488 ], [ -122.594631777858993, 45.50226851931447 ] ] } },
{ "type": "Feature", "properties": { "street": "SE 47TH AVE", "pavement_max_ft": 16, "pavement_min_ft": 12, "graded_roadway_max_ft": 28, "block_len_ft": 898.0, "n_segments": 2, "row_width_ft": 60.4 }, "geometry": { "type": "LineString", "coordinates": [ [ -122.614034731327479, 45.503363673641473 ], [ -122.614040994381639, 45.501600091399851 ] ] } },
{ "type": "Feature", "properties": { "street": "SE 35TH AVE", "pavement_max_ft": 16, "pavement_min_ft": 16, "graded_roadway_max_ft": 16, "block_len_ft": 260.0, "n_segments": 1, "row_width_ft": 60.0 }, "geometry": { "type": "LineString", "coordinates": [ [ -122.628587212554777, 45.500518657073208 ], [ -122.628583994789423, 45.499805556244119 ] ] } },
{ "type": "Feature", "properties": { "street": "SE PERSHING ST", "pavement_max_ft": 16, "pavement_min_ft": 16, "graded_roadway_max_ft": 16, "block_len_ft": 260.0, "n_segments": 1, "row_width_ft": 30.4 }, "geometry": { "type": "LineString", "coordinates": [ [ -122.654217216605886, 45.49889829545404 ], [ -122.653204495480452, 45.498889232273719 ] ] } },
{ "type": "Feature", "properties": { "street": "SE PERSHING ST", "pavement_max_ft": 18, "pavement_min_ft": 18, "graded_roadway_max_ft": 18, "block_len_ft": 242.0, "n_segments": 1, "row_width_ft": 30.4 }, "geometry": { "type": "LineString", "coordinates": [ [ -122.653204495480452, 45.498889232273719 ], [ -122.652261235686012, 45.498881367945614 ] ] } },
{ "type": "Feature", "properties": { "street": "SE PERSHING ST", "pavement_max_ft": 16, "pavement_min_ft": 16, "graded_roadway_max_ft": 16, "block_len_ft": 261.0, "n_segments": 1, "row_width_ft": 30.5 }, "geometry": { "type": "LineString", "coordinates": [ [ -122.652261235686012, 45.498881367945614 ], [ -122.651245080301265, 45.498872333726474 ] ] } },
{ "type": "Feature", "properties": { "street": "SE PERSHING ST", "pavement_max_ft": 18, "pavement_min_ft": 18, "graded_roadway_max_ft": 18, "block_len_ft": 257.0, "n_segments": 1, "row_width_ft": 30.0 }, "geometry": { "type": "LineString", "coordinates": [ [ -122.651245080301265, 45.498872333726474 ], [ -122.650242989838887, 45.498864476951802 ] ] } },
{ "type": "Feature", "properties": { "street": "SE 76TH AVE", "pavement_max_ft": 15, "pavement_min_ft": 15, "graded_roadway_max_ft": 15, "block_len_ft": 481.0, "n_segments": 1, "row_width_ft": 50.0 }, "geometry": { "type": "LineString", "coordinates": [ [ -122.584851225574383, 45.501378121716442 ], [ -122.584859024747658, 45.500059995582205 ] ] } },
{ "type": "Feature", "properties": { "street": "SE PERSHING ST", "pavement_max_ft": 18, "pavement_min_ft": 18, "graded_roadway_max_ft": 18, "block_len_ft": 258.0, "n_segments": 1, "row_width_ft": 35.7 }, "geometry": { "type": "LineString", "coordinates": [ [ -122.650242989838887, 45.498864476951802 ], [ -122.649238660774827, 45.498856216570225 ] ] } },
{ "type": "Feature", "properties": { "street": "SE FRANKLIN ST", "pavement_max_ft": 15, "pavement_min_ft": 15, "graded_roadway_max_ft": 15, "block_len_ft": 258.0, "n_segments": 1, "row_width_ft": 50.0 }, "geometry": { "type": "LineString", "coordinates": [ [ -122.606066734944477, 45.498912973219227 ], [ -122.605061063797365, 45.498911132123574 ] ] } },
{ "type": "Feature", "properties": { "street": "SE FRANKLIN ST", "pavement_max_ft": 15, "pavement_min_ft": 15, "graded_roadway_max_ft": 15, "block_len_ft": 248.0, "n_segments": 1, "row_width_ft": 50.0 }, "geometry": { "type": "LineString", "coordinates": [ [ -122.598546629578976, 45.498893654305029 ], [ -122.597579359613647, 45.498891352934677 ] ] } },
{ "type": "Feature", "properties": { "street": "SE FRANKLIN ST", "pavement_max_ft": 12, "pavement_min_ft": 12, "graded_roadway_max_ft": 12, "block_len_ft": 250.0, "n_segments": 1, "row_width_ft": 50.0 }, "geometry": { "type": "LineString", "coordinates": [ [ -122.5838918886313, 45.498688391219304 ], [ -122.582916739542611, 45.498688457332776 ] ] } },
{ "type": "Feature", "properties": { "street": "SE BUSH ST", "pavement_max_ft": 18, "pavement_min_ft": 18, "graded_roadway_max_ft": 18, "block_len_ft": 260.0, "n_segments": 1, "row_width_ft": 30.0 }, "geometry": { "type": "LineString", "coordinates": [ [ -122.650356691401043, 45.495381209777094 ], [ -122.649343111486175, 45.495372656708668 ] ] } },
{ "type": "Feature", "properties": { "street": "SE 85TH AVE", "pavement_max_ft": 16, "pavement_min_ft": 16, "graded_roadway_max_ft": 16, "block_len_ft": 304.0, "n_segments": 1, "row_width_ft": 40.3 }, "geometry": { "type": "LineString", "coordinates": [ [ -122.575176152572112, 45.496180552295115 ], [ -122.575164978428305, 45.495347542177015 ] ] } },
{ "type": "Feature", "properties": { "street": "SE CORA ST", "pavement_max_ft": 18, "pavement_min_ft": 18, "graded_roadway_max_ft": 18, "block_len_ft": 250.0, "n_segments": 1, "row_width_ft": 60.0 }, "geometry": { "type": "LineString", "coordinates": [ [ -122.638602411079816, 45.492082411598169 ], [ -122.637627482078358, 45.492080438666449 ] ] } },
{ "type": "Feature", "properties": { "street": "SE CORA ST", "pavement_max_ft": 12, "pavement_min_ft": 12, "graded_roadway_max_ft": 12, "block_len_ft": 250.0, "n_segments": 1, "row_width_ft": 60.0 }, "geometry": { "type": "LineString", "coordinates": [ [ -122.634663717173851, 45.492074382590594 ], [ -122.63368879446061, 45.492072863061416 ] ] } },
{ "type": "Feature", "properties": { "street": "SE 58TH AVE", "pavement_max_ft": 18, "pavement_min_ft": 18, "graded_roadway_max_ft": 18, "block_len_ft": 383.0, "n_segments": 1, "row_width_ft": 25.0 }, "geometry": { "type": "LineString", "coordinates": [ [ -122.603687117519769, 45.492384315306147 ], [ -122.603681934240569, 45.491335312894293 ] ] } },
{ "type": "Feature", "properties": { "street": "SE 55TH AVE", "pavement_max_ft": 12, "pavement_min_ft": 12, "graded_roadway_max_ft": 28, "block_len_ft": 383.0, "n_segments": 1, "row_width_ft": 25.0 }, "geometry": { "type": "LineString", "coordinates": [ [ -122.606794422426873, 45.491345427687214 ], [ -122.606790150039402, 45.490294033042446 ] ] } },
{ "type": "Feature", "properties": { "street": "SE 58TH AVE", "pavement_max_ft": 18, "pavement_min_ft": 18, "graded_roadway_max_ft": 18, "block_len_ft": 383.0, "n_segments": 1, "row_width_ft": 25.0 }, "geometry": { "type": "LineString", "coordinates": [ [ -122.603681934240569, 45.491335312894293 ], [ -122.60367262410098, 45.490284391629793 ] ] } },
{ "type": "Feature", "properties": { "street": "SE LONG ST", "pavement_max_ft": 14, "pavement_min_ft": 14, "graded_roadway_max_ft": 14, "block_len_ft": 260.0, "n_segments": 1, "row_width_ft": 50.0 }, "geometry": { "type": "LineString", "coordinates": [ [ -122.625705387478931, 45.4891798665208 ], [ -122.624691529984617, 45.48917837273364 ] ] } },
{ "type": "Feature", "properties": { "street": "SE LIEBE ST", "pavement_max_ft": 10, "pavement_min_ft": 10, "graded_roadway_max_ft": 28, "block_len_ft": 259.0, "n_segments": 1, "row_width_ft": 50.0 }, "geometry": { "type": "LineString", "coordinates": [ [ -122.624686549724686, 45.487419952470219 ], [ -122.623675241649195, 45.487419294981841 ] ] } },
{ "type": "Feature", "properties": { "street": "SE LIEBE ST", "pavement_max_ft": 10, "pavement_min_ft": 10, "graded_roadway_max_ft": 28, "block_len_ft": 238.0, "n_segments": 1, "row_width_ft": 49.9 }, "geometry": { "type": "LineString", "coordinates": [ [ -122.623675241649195, 45.487419294981841 ], [ -122.6227493274246, 45.487418971275829 ] ] } },
{ "type": "Feature", "properties": { "street": "SE 80TH AVE", "pavement_max_ft": 16, "pavement_min_ft": 16, "graded_roadway_max_ft": 28, "block_len_ft": 165.0, "n_segments": 1, "row_width_ft": 50.0 }, "geometry": { "type": "LineString", "coordinates": [ [ -122.580793651318658, 45.488430128378027 ], [ -122.580801878090071, 45.487977671809091 ] ] } },
{ "type": "Feature", "properties": { "street": "SE 75TH AVE", "pavement_max_ft": 16, "pavement_min_ft": 16, "graded_roadway_max_ft": 16, "block_len_ft": 547.0, "n_segments": 1, "row_width_ft": 50.0 }, "geometry": { "type": "LineString", "coordinates": [ [ -122.58611037883675, 45.488085198966395 ], [ -122.586133804204437, 45.486585990266633 ] ] } },
{ "type": "Feature", "properties": { "street": "SE RAYMOND ST", "pavement_max_ft": 18, "pavement_min_ft": 18, "graded_roadway_max_ft": 18, "block_len_ft": 149.0, "n_segments": 1, "row_width_ft": 30.6 }, "geometry": { "type": "LineString", "coordinates": [ [ -122.574117691927327, 45.486389909997932 ], [ -122.573537462898813, 45.486379225614932 ] ] } },
{ "type": "Feature", "properties": { "street": "SE MITCHELL CT", "pavement_max_ft": 18, "pavement_min_ft": 18, "graded_roadway_max_ft": 18, "block_len_ft": 336.0, "n_segments": 1, "row_width_ft": 34.0 }, "geometry": { "type": "LineString", "coordinates": [ [ -122.587958233139133, 45.485064120351531 ], [ -122.586647639648632, 45.48507096947511 ] ] } },
{ "type": "Feature", "properties": { "street": "SE HAROLD ST", "pavement_max_ft": 12, "pavement_min_ft": 12, "graded_roadway_max_ft": 12, "block_len_ft": 247.0, "n_segments": 1, "row_width_ft": 59.9 }, "geometry": { "type": "LineString", "coordinates": [ [ -122.623619413150919, 45.482795699599173 ], [ -122.622656033789099, 45.482789484437681 ] ] } },
{ "type": "Feature", "properties": { "street": "SE HAROLD ST", "pavement_max_ft": 11, "pavement_min_ft": 11, "graded_roadway_max_ft": 11, "block_len_ft": 252.0, "n_segments": 1, "row_width_ft": 41.1 }, "geometry": { "type": "LineString", "coordinates": [ [ -122.615476860633478, 45.482739301455467 ], [ -122.614495256251146, 45.482741406978732 ] ] } },
{ "type": "Feature", "properties": { "street": "SE KNIGHT ST", "pavement_max_ft": 18, "pavement_min_ft": 18, "graded_roadway_max_ft": 18, "block_len_ft": 270.0, "n_segments": 1, "row_width_ft": 59.8 }, "geometry": { "type": "LineString", "coordinates": [ [ -122.621653934343556, 45.479936128260682 ], [ -122.620601271425627, 45.479932868725577 ] ] } },
{ "type": "Feature", "properties": { "street": "SE KNIGHT ST", "pavement_max_ft": 14, "pavement_min_ft": 14, "graded_roadway_max_ft": 28, "block_len_ft": 260.0, "n_segments": 1, "row_width_ft": 59.9 }, "geometry": { "type": "LineString", "coordinates": [ [ -122.622667608581523, 45.479939263082926 ], [ -122.621653934343556, 45.479936128260682 ] ] } },
{ "type": "Feature", "properties": { "street": "SE 38TH AVE", "pavement_max_ft": 14, "pavement_min_ft": 14, "graded_roadway_max_ft": 28, "block_len_ft": 270.0, "n_segments": 1, "row_width_ft": 30.0 }, "geometry": { "type": "LineString", "coordinates": [ [ -122.623625845986666, 45.479204079814103 ], [ -122.623629158973415, 45.478464528195097 ] ] } },
{ "type": "Feature", "properties": { "street": "SE 56TH AVE", "pavement_max_ft": 12, "pavement_min_ft": 12, "graded_roadway_max_ft": 12, "block_len_ft": 346.0, "n_segments": 1, "row_width_ft": 50.0 }, "geometry": { "type": "LineString", "coordinates": [ [ -122.605795199386904, 45.479170207913803 ], [ -122.605791830704604, 45.47822260087424 ] ] } },
{ "type": "Feature", "properties": { "street": "SE GLENWOOD ST", "pavement_max_ft": 18, "pavement_min_ft": 18, "graded_roadway_max_ft": 18, "block_len_ft": 266.0, "n_segments": 1, "row_width_ft": 50.0 }, "geometry": { "type": "LineString", "coordinates": [ [ -122.617507264279695, 45.474677355368605 ], [ -122.616471036938222, 45.474685362918969 ] ] } },
{ "type": "Feature", "properties": { "street": "SE 42ND AVE", "pavement_max_ft": 15, "pavement_min_ft": 15, "graded_roadway_max_ft": 15, "block_len_ft": 250.0, "n_segments": 1, "row_width_ft": 60.0 }, "geometry": { "type": "LineString", "coordinates": [ [ -122.61954156122431, 45.47395597573626 ], [ -122.619531499194807, 45.473270236868906 ] ] } },
{ "type": "Feature", "properties": { "street": "SE 48TH AVE", "pavement_max_ft": 18, "pavement_min_ft": 18, "graded_roadway_max_ft": 18, "block_len_ft": 669.0, "n_segments": 1, "row_width_ft": 50.1 }, "geometry": { "type": "LineString", "coordinates": [ [ -122.613455385342874, 45.474421367015708 ], [ -122.613464658651537, 45.47258648972975 ] ] } },
{ "type": "Feature", "properties": { "street": "SE BYBEE BLVD", "pavement_max_ft": 18, "pavement_min_ft": 18, "graded_roadway_max_ft": 18, "block_len_ft": 407.0, "n_segments": 1, "row_width_ft": 50.0 }, "geometry": { "type": "LineString", "coordinates": [ [ -122.611437556314016, 45.472584549502244 ], [ -122.610015008484609, 45.472579516249333 ], [ -122.609863874124571, 45.472625691130638 ] ] } },
{ "type": "Feature", "properties": { "street": "SE RURAL ST", "pavement_max_ft": 18, "pavement_min_ft": 18, "graded_roadway_max_ft": 18, "block_len_ft": 647.0, "n_segments": 1, "row_width_ft": 50.0 }, "geometry": { "type": "LineString", "coordinates": [ [ -122.607365163449387, 45.471861856088843 ], [ -122.604841388879493, 45.47186539830934 ] ] } },
{ "type": "Feature", "properties": { "street": "SE 41ST AVE", "pavement_max_ft": 13, "pavement_min_ft": 13, "graded_roadway_max_ft": 28, "block_len_ft": 242.0, "n_segments": 1, "row_width_ft": 50.1 }, "geometry": { "type": "LineString", "coordinates": [ [ -122.62105870075483, 45.471864937814402 ], [ -122.621049533447348, 45.471200900810274 ] ] } },
{ "type": "Feature", "properties": { "street": "SE 57TH AVE", "pavement_max_ft": 18, "pavement_min_ft": 18, "graded_roadway_max_ft": 18, "block_len_ft": 222.0, "n_segments": 1, "row_width_ft": 25.1 }, "geometry": { "type": "LineString", "coordinates": [ [ -122.604841388879493, 45.47186539830934 ], [ -122.604855619091907, 45.471255781593456 ] ] } },
{ "type": "Feature", "properties": { "street": "SE 21ST AVE", "pavement_max_ft": 12, "pavement_min_ft": 12, "graded_roadway_max_ft": 28, "block_len_ft": 660.0, "n_segments": 1, "row_width_ft": 50.0 }, "geometry": { "type": "LineString", "coordinates": [ [ -122.643580051527621, 45.472218106729031 ], [ -122.643362559515836, 45.470415357915321 ] ] } },
{ "type": "Feature", "properties": { "street": "SE REX ST", "pavement_max_ft": 12, "pavement_min_ft": 12, "graded_roadway_max_ft": 28, "block_len_ft": 250.0, "n_segments": 1, "row_width_ft": 60.0 }, "geometry": { "type": "LineString", "coordinates": [ [ -122.644333465861436, 45.470358483092348 ], [ -122.643362559515836, 45.470415357915321 ] ] } },
{ "type": "Feature", "properties": { "street": "SE MILLER ST", "pavement_max_ft": 18, "pavement_min_ft": 18, "graded_roadway_max_ft": 18, "block_len_ft": 509.0, "n_segments": 1, "row_width_ft": 50.0 }, "geometry": { "type": "LineString", "coordinates": [ [ -122.647048676808311, 45.466469515673317 ], [ -122.645064660366714, 45.466468197057409 ] ] } },
{ "type": "Feature", "properties": { "street": "SE MILLER ST", "pavement_max_ft": 18, "pavement_min_ft": 18, "graded_roadway_max_ft": 18, "block_len_ft": 510.0, "n_segments": 1, "row_width_ft": 50.0 }, "geometry": { "type": "LineString", "coordinates": [ [ -122.645064660366714, 45.466468197057409 ], [ -122.643076747931786, 45.466466840010781 ] ] } },
{ "type": "Feature", "properties": { "street": "SE MILLER ST", "pavement_max_ft": 17, "pavement_min_ft": 17, "graded_roadway_max_ft": 17, "block_len_ft": 101.0, "n_segments": 1, "row_width_ft": 50.0 }, "geometry": { "type": "LineString", "coordinates": [ [ -122.643076747931786, 45.466466840010781 ], [ -122.642682335419764, 45.466466570365469 ] ] } },
{ "type": "Feature", "properties": { "street": "SE 8TH AVE", "pavement_max_ft": 16, "pavement_min_ft": 16, "graded_roadway_max_ft": 28, "block_len_ft": 157.0, "n_segments": 1, "row_width_ft": 60.0 }, "geometry": { "type": "LineString", "coordinates": [ [ -122.657998050465281, 45.466189027172781 ], [ -122.657998625387052, 45.465757540509507 ] ] } },
{ "type": "Feature", "properties": { "street": "SE 80TH AVE", "pavement_max_ft": 15, "pavement_min_ft": 15, "graded_roadway_max_ft": 15, "block_len_ft": 155.0, "n_segments": 1, "row_width_ft": 25.0 }, "geometry": { "type": "LineString", "coordinates": [ [ -122.581587465585827, 45.467309284392954 ], [ -122.581586926596614, 45.466883994240909 ] ] } },
{ "type": "Feature", "properties": { "street": "SE 37TH AVE", "pavement_max_ft": 16, "pavement_min_ft": 16, "graded_roadway_max_ft": 16, "block_len_ft": 250.0, "n_segments": 1, "row_width_ft": 52.7 }, "geometry": { "type": "LineString", "coordinates": [ [ -122.624287600720507, 45.465019954518588 ], [ -122.624277535996058, 45.464335654295077 ] ] } },
{ "type": "Feature", "properties": { "street": "SE TENINO ST", "pavement_max_ft": 16, "pavement_min_ft": 16, "graded_roadway_max_ft": 16, "block_len_ft": 377.0, "n_segments": 1, "row_width_ft": 50.0 }, "geometry": { "type": "LineString", "coordinates": [ [ -122.625745935634228, 45.464335518837309 ], [ -122.624277535996058, 45.464335654295077 ] ] } },
{ "type": "Feature", "properties": { "street": "SE TENINO ST", "pavement_max_ft": 18, "pavement_min_ft": 18, "graded_roadway_max_ft": 28, "block_len_ft": 276.0, "n_segments": 1, "row_width_ft": 50.0 }, "geometry": { "type": "LineString", "coordinates": [ [ -122.571869024616575, 45.464075075757499 ], [ -122.570794141870081, 45.464059418653143 ] ] } },
{ "type": "Feature", "properties": { "street": "SE HARNEY CT", "pavement_max_ft": 17, "pavement_min_ft": 17, "graded_roadway_max_ft": 17, "block_len_ft": 227.0, "n_segments": 1, "row_width_ft": 50.0 }, "geometry": { "type": "LineString", "coordinates": [ [ -122.628933480757496, 45.462067680568964 ], [ -122.628048738118949, 45.462062254478631 ] ] } },
{ "type": "Feature", "properties": { "street": "NE BEECH ST", "pavement_max_ft": 16, "pavement_min_ft": 16, "graded_roadway_max_ft": 16, "block_len_ft": 260.0, "n_segments": 1, "row_width_ft": 60.0 }, "geometry": { "type": "LineString", "coordinates": [ [ -122.583807599708209, 45.549614100734914 ], [ -122.582792723524392, 45.549607498514192 ] ] } },
{ "type": "Feature", "properties": { "street": "NE BEECH ST", "pavement_max_ft": 14, "pavement_min_ft": 14, "graded_roadway_max_ft": 14, "block_len_ft": 260.0, "n_segments": 1, "row_width_ft": 60.0 }, "geometry": { "type": "LineString", "coordinates": [ [ -122.590240023131074, 45.549647889372068 ], [ -122.589226132399133, 45.549648210203941 ] ] } },
{ "type": "Feature", "properties": { "street": "NE STUART DR", "pavement_max_ft": 18, "pavement_min_ft": 18, "graded_roadway_max_ft": 18, "block_len_ft": 552.0, "n_segments": 1, "row_width_ft": 31.1 }, "geometry": { "type": "LineString", "coordinates": [ [ -122.64039170510712, 45.550992720527056 ], [ -122.640202722927526, 45.550740056449833 ], [ -122.639436995386077, 45.550189273535317 ], [ -122.639039798995, 45.549825766449239 ] ] } },
{ "type": "Feature", "properties": { "street": "NE EMERSON ST", "pavement_max_ft": 18, "pavement_min_ft": 18, "graded_roadway_max_ft": 30, "block_len_ft": 250.0, "n_segments": 1, "row_width_ft": 50.0 }, "geometry": { "type": "LineString", "coordinates": [ [ -122.647756971460367, 45.561570432356397 ], [ -122.64678082344507, 45.561566987604699 ] ] } },
{ "type": "Feature", "properties": { "street": "N OVERLOOK TER", "pavement_max_ft": 18, "pavement_min_ft": 18, "graded_roadway_max_ft": 18, "block_len_ft": 390.0, "n_segments": 1, "row_width_ft": 30.4 }, "geometry": { "type": "LineString", "coordinates": [ [ -122.688085813858081, 45.553403320321003 ], [ -122.688217619168171, 45.55338303503423 ], [ -122.688819921599872, 45.553384412632404 ], [ -122.688865019722073, 45.553391478641075 ], [ -122.68890577179495, 45.553412586079965 ], [ -122.688929494504947, 45.553442895731898 ], [ -122.689042869080311, 45.553813334040257 ], [ -122.689058983059908, 45.553882413412524 ] ] } },
{ "type": "Feature", "properties": { "street": "NE BRYANT ST", "pavement_max_ft": 16, "pavement_min_ft": 16, "graded_roadway_max_ft": 16, "block_len_ft": 828.0, "n_segments": 1, "row_width_ft": 50.0 }, "geometry": { "type": "LineString", "coordinates": [ [ -122.601206014722479, 45.573806003254866 ], [ -122.598893375685364, 45.573608335971251 ], [ -122.598411619978307, 45.573566019298958 ], [ -122.598352091319327, 45.573553664353902 ], [ -122.598269890080957, 45.573523147980133 ], [ -122.59820504788712, 45.573483442084573 ], [ -122.598068471624615, 45.573402552491352 ] ] } },
{ "type": "Feature", "properties": { "street": "NE LEVEE RD", "pavement_max_ft": 14, "pavement_min_ft": 14, "graded_roadway_max_ft": 14, "block_len_ft": 567.0, "n_segments": 1, "row_width_ft": 50.0 }, "geometry": { "type": "LineString", "coordinates": [ [ -122.64635909496188, 45.587946540706909 ], [ -122.646116301001854, 45.588160150398586 ], [ -122.645713078711836, 45.588402221959427 ], [ -122.644822882401272, 45.589061293467296 ] ] } },
{ "type": "Feature", "properties": { "street": "NE SIMPSON CT", "pavement_max_ft": 18, "pavement_min_ft": 18, "graded_roadway_max_ft": 18, "block_len_ft": 879.0, "n_segments": 1, "row_width_ft": 40.0 }, "geometry": { "type": "LineString", "coordinates": [ [ -122.620455149664892, 45.566440869753727 ], [ -122.619932709258592, 45.566444136229535 ], [ -122.619815939949746, 45.566438437820246 ], [ -122.61969646222029, 45.566421291648368 ], [ -122.619596390796019, 45.566397312532125 ], [ -122.619123465528148, 45.566238691259798 ], [ -122.619045695679063, 45.566208889111465 ], [ -122.618966180403362, 45.566170496842247 ], [ -122.618880841349693, 45.566118162515295 ], [ -122.618800531963316, 45.566054064595903 ], [ -122.618044545752781, 45.565256035885021 ], [ -122.617901320160485, 45.565106536860831 ] ] } },
{ "type": "Feature", "properties": { "street": "N BRYANT ST", "pavement_max_ft": 16, "pavement_min_ft": 16, "graded_roadway_max_ft": 16, "block_len_ft": 170.0, "n_segments": 1, "row_width_ft": 60.0 }, "geometry": { "type": "LineString", "coordinates": [ [ -122.697547368097091, 45.573590050690534 ], [ -122.697654063698323, 45.573612653406904 ], [ -122.698204733662493, 45.573612494317068 ] ] } },
{ "type": "Feature", "properties": { "street": "SE 36TH AVE", "pavement_max_ft": 16, "pavement_min_ft": 16, "graded_roadway_max_ft": 18, "block_len_ft": 256.0, "n_segments": 1, "row_width_ft": 28.4 }, "geometry": { "type": "LineString", "coordinates": [ [ -122.626704314973153, 45.494773319070056 ], [ -122.626702104219262, 45.494071586567912 ] ] } },
{ "type": "Feature", "properties": { "street": "N OBERLIN ST", "pavement_max_ft": 17, "pavement_min_ft": 17, "graded_roadway_max_ft": 28, "block_len_ft": 405.0, "n_segments": 1, "row_width_ft": 40.0 }, "geometry": { "type": "LineString", "coordinates": [ [ -122.715505098461819, 45.577303681025555 ], [ -122.715628352708691, 45.577350547190434 ], [ -122.716904202058956, 45.577818659661105 ] ] } },
{ "type": "Feature", "properties": { "street": "N BUTLER ST", "pavement_max_ft": 14, "pavement_min_ft": 14, "graded_roadway_max_ft": 28, "block_len_ft": 505.0, "n_segments": 1, "row_width_ft": 49.9 }, "geometry": { "type": "LineString", "coordinates": [ [ -122.718957786731067, 45.576516980557244 ], [ -122.720707087761909, 45.577156102275111 ] ] } },
{ "type": "Feature", "properties": { "street": "N BUTLER ST", "pavement_max_ft": 14, "pavement_min_ft": 14, "graded_roadway_max_ft": 14, "block_len_ft": 260.0, "n_segments": 1, "row_width_ft": 50.1 }, "geometry": { "type": "LineString", "coordinates": [ [ -122.721603016222332, 45.577484647737158 ], [ -122.722414947712096, 45.577782373523206 ], [ -122.722508464129817, 45.577803370568006 ] ] } },
{ "type": "Feature", "properties": { "street": "N DWIGHT AVE", "pavement_max_ft": 8, "pavement_min_ft": 8, "graded_roadway_max_ft": 24, "block_len_ft": 560.0, "n_segments": 1, "row_width_ft": 60.0 }, "geometry": { "type": "LineString", "coordinates": [ [ -122.714580758085589, 45.580822888195797 ], [ -122.714573885973678, 45.58235875264829 ] ] } },
{ "type": "Feature", "properties": { "street": "N WILLAMETTE LN", "pavement_max_ft": 15, "pavement_min_ft": 10, "graded_roadway_max_ft": 28, "block_len_ft": 541.0, "n_segments": 1, "row_width_ft": 15.0 }, "geometry": { "type": "LineString", "coordinates": [ [ -122.733331616404541, 45.577183221296266 ], [ -122.733455114993149, 45.577173517429109 ], [ -122.733905315579236, 45.57733876463184 ], [ -122.734730723594922, 45.57805508110097 ], [ -122.734821080637772, 45.578153507110535 ] ] } },
{ "type": "Feature", "properties": { "street": "N IVANHOE ST", "pavement_max_ft": 11, "pavement_min_ft": 11, "graded_roadway_max_ft": 11, "block_len_ft": 187.0, "n_segments": 1, "row_width_ft": 30.0 }, "geometry": { "type": "LineString", "coordinates": [ [ -122.746577326472817, 45.586571391332463 ], [ -122.746718608110854, 45.586552612995767 ], [ -122.747251118631453, 45.586724212308127 ] ] } },
{ "type": "Feature", "properties": { "street": "N ST LOUIS AVE", "pavement_max_ft": 15, "pavement_min_ft": 1, "graded_roadway_max_ft": 28, "block_len_ft": 522.0, "n_segments": 1, "row_width_ft": 60.0 }, "geometry": { "type": "LineString", "coordinates": [ [ -122.763419421119877, 45.590084776100795 ], [ -122.763304982939189, 45.590157435546551 ], [ -122.761746767043974, 45.590900978091057 ] ] } },
{ "type": "Feature", "properties": { "street": "NE STAFFORD ST", "pavement_max_ft": 14, "pavement_min_ft": 10, "graded_roadway_max_ft": 28, "block_len_ft": 430.0, "n_segments": 1, "row_width_ft": 120.2 }, "geometry": { "type": "LineString", "coordinates": [ [ -122.651768296851955, 45.576254726593483 ], [ -122.650649730829869, 45.576254913971177 ], [ -122.650088072673199, 45.576272645054274 ] ] } },
{ "type": "Feature", "properties": { "street": "N NEWCASTLE AVE", "pavement_max_ft": 15, "pavement_min_ft": 15, "graded_roadway_max_ft": 15, "block_len_ft": 328.0, "n_segments": 1, "row_width_ft": 60.0 }, "geometry": { "type": "LineString", "coordinates": [ [ -122.689903657243462, 45.572633708817527 ], [ -122.689900772753077, 45.57345646716189 ], [ -122.689895788899861, 45.573532495311319 ] ] } },
{ "type": "Feature", "properties": { "street": "N STAFFORD ST", "pavement_max_ft": 15, "pavement_min_ft": 15, "graded_roadway_max_ft": 15, "block_len_ft": 292.0, "n_segments": 1, "row_width_ft": 59.3 }, "geometry": { "type": "LineString", "coordinates": [ [ -122.716470423574535, 45.577120120035907 ], [ -122.717611329799468, 45.577115118763153 ] ] } },
{ "type": "Feature", "properties": { "street": "NE 35TH PL", "pavement_max_ft": 18, "pavement_min_ft": 18, "graded_roadway_max_ft": 28, "block_len_ft": 252.0, "n_segments": 1, "row_width_ft": 60.0 }, "geometry": { "type": "LineString", "coordinates": [ [ -122.627078700444244, 45.548277260102594 ], [ -122.62704419884912, 45.54835969885395 ], [ -122.627045613695657, 45.548963489837085 ] ] } },
{ "type": "Feature", "properties": { "street": "SE IVON ST", "pavement_max_ft": 16, "pavement_min_ft": 16, "graded_roadway_max_ft": 16, "block_len_ft": 263.0, "n_segments": 1, "row_width_ft": 31.0 }, "geometry": { "type": "LineString", "coordinates": [ [ -122.610015560948497, 45.504365601174207 ], [ -122.609124347745038, 45.504367267695436 ], [ -122.609007533520412, 45.504321678532172 ] ] } },
{ "type": "Feature", "properties": { "street": "NE ALBERTA CT", "pavement_max_ft": 18, "pavement_min_ft": 18, "graded_roadway_max_ft": 18, "block_len_ft": 1344.0, "n_segments": 1, "row_width_ft": 50.0 }, "geometry": { "type": "LineString", "coordinates": [ [ -122.6148428566554, 45.558442751139744 ], [ -122.609596020761373, 45.558416825057606 ] ] } },
{ "type": "Feature", "properties": { "street": "N GAY AVE", "pavement_max_ft": 18, "pavement_min_ft": 1, "graded_roadway_max_ft": 28, "block_len_ft": 156.0, "n_segments": 1, "row_width_ft": null }, "geometry": { "type": "LineString", "coordinates": [ [ -122.690040072707532, 45.557206502298946 ], [ -122.690036634855019, 45.557635163065854 ] ] } },
{ "type": "Feature", "properties": { "street": "N YALE ST", "pavement_max_ft": 16, "pavement_min_ft": 16, "graded_roadway_max_ft": 28, "block_len_ft": 478.0, "n_segments": 1, "row_width_ft": 40.2 }, "geometry": { "type": "LineString", "coordinates": [ [ -122.737029724409396, 45.580816654307213 ], [ -122.73718206969842, 45.580802341195749 ], [ -122.738803168561816, 45.581191006421776 ] ] } },
{ "type": "Feature", "properties": { "street": "NE ALBERTA ST", "pavement_max_ft": 14, "pavement_min_ft": 14, "graded_roadway_max_ft": 28, "block_len_ft": 252.0, "n_segments": 1, "row_width_ft": 50.0 }, "geometry": { "type": "LineString", "coordinates": [ [ -122.587802478743598, 45.559234230886744 ], [ -122.587355828299494, 45.559233596251254 ], [ -122.587232854326984, 45.559260601276669 ], [ -122.586823395932285, 45.559259938337568 ] ] } },
{ "type": "Feature", "properties": { "street": "N MCKENNA AVE", "pavement_max_ft": 16, "pavement_min_ft": 16, "graded_roadway_max_ft": 16, "block_len_ft": 160.0, "n_segments": 1, "row_width_ft": 26.1 }, "geometry": { "type": "LineString", "coordinates": [ [ -122.733331616404541, 45.577183221296266 ], [ -122.733137265892779, 45.577450762659218 ], [ -122.733076986242295, 45.577581632349677 ] ] } },
{ "type": "Feature", "properties": { "street": "SE 88TH AVE", "pavement_max_ft": 16, "pavement_min_ft": 16, "graded_roadway_max_ft": 16, "block_len_ft": 450.0, "n_segments": 1, "row_width_ft": 45.0 }, "geometry": { "type": "LineString", "coordinates": [ [ -122.572941216010435, 45.522773222605345 ], [ -122.572957579721688, 45.521539316705891 ] ] } },
{ "type": "Feature", "properties": { "street": "SE TENINO ST", "pavement_max_ft": 16, "pavement_min_ft": 16, "graded_roadway_max_ft": 16, "block_len_ft": 272.0, "n_segments": 1, "row_width_ft": 50.0 }, "geometry": { "type": "LineString", "coordinates": [ [ -122.623574142552201, 45.464336550836592 ], [ -122.622512878265411, 45.46433578723272 ] ] } },
{ "type": "Feature", "properties": { "street": "NE 98TH AVE", "pavement_max_ft": 16, "pavement_min_ft": 16, "graded_roadway_max_ft": 16, "block_len_ft": 661.0, "n_segments": 1, "row_width_ft": 60.0 }, "geometry": { "type": "LineString", "coordinates": [ [ -122.56184077716371, 45.555393885406595 ], [ -122.561844921990414, 45.557205538674829 ] ] } },
{ "type": "Feature", "properties": { "street": "NE 112TH AVE", "pavement_max_ft": 12, "pavement_min_ft": 12, "graded_roadway_max_ft": 12, "block_len_ft": 230.0, "n_segments": 1, "row_width_ft": 25.3 }, "geometry": { "type": "LineString", "coordinates": [ [ -122.547620508199856, 45.538859154137256 ], [ -122.547614946729922, 45.539490056658046 ] ] } },
{ "type": "Feature", "properties": { "street": "NE HASSALO ST", "pavement_max_ft": 10, "pavement_min_ft": 10, "graded_roadway_max_ft": 15, "block_len_ft": 294.0, "n_segments": 1, "row_width_ft": null }, "geometry": { "type": "LineString", "coordinates": [ [ -122.556663579568834, 45.530600295435661 ], [ -122.555517812559884, 45.530595891627542 ] ] } },
{ "type": "Feature", "properties": { "street": "NE HOLLADAY ST", "pavement_max_ft": 12, "pavement_min_ft": 12, "graded_roadway_max_ft": 12, "block_len_ft": 341.0, "n_segments": 1, "row_width_ft": 50.0 }, "geometry": { "type": "LineString", "coordinates": [ [ -122.532557173036778, 45.530019128228751 ], [ -122.531362703864744, 45.530022432692014 ], [ -122.531228833327859, 45.530003415191857 ] ] } },
{ "type": "Feature", "properties": { "street": "NE 113TH AVE", "pavement_max_ft": 18, "pavement_min_ft": 18, "graded_roadway_max_ft": 18, "block_len_ft": 306.0, "n_segments": 1, "row_width_ft": 50.0 }, "geometry": { "type": "LineString", "coordinates": [ [ -122.546715545382639, 45.527247213019351 ], [ -122.546673326360903, 45.528085732852546 ] ] } },
{ "type": "Feature", "properties": { "street": "NE 147TH AVE", "pavement_max_ft": 12, "pavement_min_ft": 12, "graded_roadway_max_ft": 12, "block_len_ft": 141.0, "n_segments": 1, "row_width_ft": 49.9 }, "geometry": { "type": "LineString", "coordinates": [ [ -122.511965873313216, 45.524828078341763 ], [ -122.511960007314386, 45.525213693321824 ] ] } },
{ "type": "Feature", "properties": { "street": "NE 147TH AVE", "pavement_max_ft": 13, "pavement_min_ft": 1, "graded_roadway_max_ft": 28, "block_len_ft": 140.0, "n_segments": 1, "row_width_ft": 25.0 }, "geometry": { "type": "LineString", "coordinates": [ [ -122.511971836330076, 45.524443185745838 ], [ -122.511965873313216, 45.524828078341763 ] ] } },
{ "type": "Feature", "properties": { "street": "SE CLINTON ST", "pavement_max_ft": 11, "pavement_min_ft": 11, "graded_roadway_max_ft": 11, "block_len_ft": 278.0, "n_segments": 1, "row_width_ft": 50.0 }, "geometry": { "type": "LineString", "coordinates": [ [ -122.563898092539176, 45.502780016408771 ], [ -122.562813023795698, 45.5027601176945 ] ] } },
{ "type": "Feature", "properties": { "street": "SE IVON ST", "pavement_max_ft": 17, "pavement_min_ft": 17, "graded_roadway_max_ft": 28, "block_len_ft": 235.0, "n_segments": 1, "row_width_ft": 50.0 }, "geometry": { "type": "LineString", "coordinates": [ [ -122.489632147365668, 45.503837242834756 ], [ -122.488716100236147, 45.503839747991577 ] ] } },
{ "type": "Feature", "properties": { "street": "SE FRANCIS ST", "pavement_max_ft": 15, "pavement_min_ft": 15, "graded_roadway_max_ft": 28, "block_len_ft": 293.0, "n_segments": 1, "row_width_ft": 25.2 }, "geometry": { "type": "LineString", "coordinates": [ [ -122.562879687772963, 45.493554806440791 ], [ -122.561738439289911, 45.493539818721217 ] ] } },
{ "type": "Feature", "properties": { "street": "SE FRANCIS ST", "pavement_max_ft": 18, "pavement_min_ft": 18, "graded_roadway_max_ft": 28, "block_len_ft": 214.0, "n_segments": 1, "row_width_ft": 49.9 }, "geometry": { "type": "LineString", "coordinates": [ [ -122.55914775101111, 45.493439554987177 ], [ -122.558315674801094, 45.493423239805999 ] ] } },
{ "type": "Feature", "properties": { "street": "SE 132ND AVE", "pavement_max_ft": 18, "pavement_min_ft": 18, "graded_roadway_max_ft": 18, "block_len_ft": 283.0, "n_segments": 1, "row_width_ft": 50.7 }, "geometry": { "type": "LineString", "coordinates": [ [ -122.527491569556389, 45.493855267155425 ], [ -122.527493835107521, 45.493080126213513 ] ] } },
{ "type": "Feature", "properties": { "street": "SE CENTER ST", "pavement_max_ft": 18, "pavement_min_ft": 16, "graded_roadway_max_ft": 18, "block_len_ft": 659.0, "n_segments": 1, "row_width_ft": 50.0 }, "geometry": { "type": "LineString", "coordinates": [ [ -122.553186299918693, 45.492493034929907 ], [ -122.5506158255304, 45.492484248425868 ] ] } },
{ "type": "Feature", "properties": { "street": "SE RAYMOND ST", "pavement_max_ft": 18, "pavement_min_ft": 18, "graded_roadway_max_ft": 18, "block_len_ft": 527.0, "n_segments": 1, "row_width_ft": 50.2 }, "geometry": { "type": "LineString", "coordinates": [ [ -122.523590957031985, 45.486263291898986 ], [ -122.521535463439875, 45.486287904759642 ] ] } },
{ "type": "Feature", "properties": { "street": "SE 104TH AVE", "pavement_max_ft": 18, "pavement_min_ft": 18, "graded_roadway_max_ft": 20, "block_len_ft": 250.0, "n_segments": 1, "row_width_ft": 60.0 }, "geometry": { "type": "LineString", "coordinates": [ [ -122.555764216849099, 45.481786989693582 ], [ -122.555799209822652, 45.481102231687785 ] ] } },
{ "type": "Feature", "properties": { "street": "SE 104TH AVE", "pavement_max_ft": 18, "pavement_min_ft": 18, "graded_roadway_max_ft": 20, "block_len_ft": 250.0, "n_segments": 1, "row_width_ft": 60.0 }, "geometry": { "type": "LineString", "coordinates": [ [ -122.555869195769787, 45.479732683150381 ], [ -122.55590420042148, 45.479047543039876 ] ] } },
{ "type": "Feature", "properties": { "street": "SE HENRY ST", "pavement_max_ft": 18, "pavement_min_ft": 18, "graded_roadway_max_ft": 18, "block_len_ft": 146.0, "n_segments": 1, "row_width_ft": 9.9 }, "geometry": { "type": "LineString", "coordinates": [ [ -122.561712508520941, 45.477892709188069 ], [ -122.561269583390285, 45.478145543700741 ] ] } },
{ "type": "Feature", "properties": { "street": "SE MARTINS ST", "pavement_max_ft": 12, "pavement_min_ft": 12, "graded_roadway_max_ft": 12, "block_len_ft": 955.0, "n_segments": 1, "row_width_ft": 29.9 }, "geometry": { "type": "LineString", "coordinates": [ [ -122.506293712979939, 45.478802768670093 ], [ -122.502628488704332, 45.478336864949341 ] ] } },
{ "type": "Feature", "properties": { "street": "SE 120TH AVE", "pavement_max_ft": 18, "pavement_min_ft": 18, "graded_roadway_max_ft": 18, "block_len_ft": 318.0, "n_segments": 1, "row_width_ft": 25.0 }, "geometry": { "type": "LineString", "coordinates": [ [ -122.539896009157744, 45.477370572053509 ], [ -122.539882799431481, 45.476498758413612 ] ] } },
{ "type": "Feature", "properties": { "street": "SE OGDEN CT", "pavement_max_ft": 16, "pavement_min_ft": 16, "graded_roadway_max_ft": 16, "block_len_ft": 369.0, "n_segments": 1, "row_width_ft": 50.0 }, "geometry": { "type": "LineString", "coordinates": [ [ -122.537762221998761, 45.471271951375257 ], [ -122.536323235897953, 45.47126073999943 ] ] } },
{ "type": "Feature", "properties": { "street": "SE HENDERSON ST", "pavement_max_ft": 10, "pavement_min_ft": 10, "graded_roadway_max_ft": 28, "block_len_ft": 473.0, "n_segments": 1, "row_width_ft": 25.3 }, "geometry": { "type": "LineString", "coordinates": [ [ -122.536325352328774, 45.469197470591546 ], [ -122.534482211486704, 45.46921032537017 ] ] } },
{ "type": "Feature", "properties": { "street": "SE GLADSTONE ST", "pavement_max_ft": 15, "pavement_min_ft": 15, "graded_roadway_max_ft": 15, "block_len_ft": 132.0, "n_segments": 1, "row_width_ft": 24.0 }, "geometry": { "type": "LineString", "coordinates": [ [ -122.522260378721356, 45.492362225890233 ], [ -122.522061400987582, 45.492332955102292 ], [ -122.521749136713353, 45.492332490366536 ] ] } },
{ "type": "Feature", "properties": { "street": "SE RHONE CT", "pavement_max_ft": 16, "pavement_min_ft": 16, "graded_roadway_max_ft": 16, "block_len_ft": 360.0, "n_segments": 1, "row_width_ft": 25.1 }, "geometry": { "type": "LineString", "coordinates": [ [ -122.504779927758676, 45.495555748635283 ], [ -122.503772583050193, 45.495557924834166 ], [ -122.503398545227142, 45.495468366874448 ] ] } },
{ "type": "Feature", "properties": { "street": "SE MARTINS ST", "pavement_max_ft": 12, "pavement_min_ft": 12, "graded_roadway_max_ft": 12, "block_len_ft": 413.0, "n_segments": 1, "row_width_ft": 30.0 }, "geometry": { "type": "LineString", "coordinates": [ [ -122.502628488704332, 45.478336864949341 ], [ -122.502183489363745, 45.478299908634696 ], [ -122.501959403717777, 45.478287377168179 ], [ -122.501722225126642, 45.478282120817141 ], [ -122.501411487988349, 45.478273446104609 ], [ -122.501023084307278, 45.478285583269141 ] ] } },
{ "type": "Feature", "properties": { "street": "SE KNAPP ST", "pavement_max_ft": 17, "pavement_min_ft": 17, "graded_roadway_max_ft": 18, "block_len_ft": 474.0, "n_segments": 1, "row_width_ft": 50.2 }, "geometry": { "type": "LineString", "coordinates": [ [ -122.53632451330229, 45.47034924837758 ], [ -122.534477091089585, 45.470365737183698 ] ] } },
{ "type": "Feature", "properties": { "street": "SE HENDERSON DR", "pavement_max_ft": 18, "pavement_min_ft": 1, "graded_roadway_max_ft": 28, "block_len_ft": 1181.0, "n_segments": 1, "row_width_ft": 50.0 }, "geometry": { "type": "LineString", "coordinates": [ [ -122.540160905267044, 45.468471259351908 ], [ -122.539710913988429, 45.469111154189491 ], [ -122.539636065460599, 45.46915867188477 ], [ -122.539550153281809, 45.469202537535537 ], [ -122.538351380281242, 45.469624120418793 ], [ -122.538224487857462, 45.46966367981701 ], [ -122.538124201735741, 45.469676101695434 ], [ -122.536325006477398, 45.469670074709711 ] ] } },
{ "type": "Feature", "properties": { "street": "SE ARNOLD WAY", "pavement_max_ft": 12, "pavement_min_ft": 12, "graded_roadway_max_ft": 28, "block_len_ft": 1168.0, "n_segments": 1, "row_width_ft": 40.0 }, "geometry": { "type": "LineString", "coordinates": [ [ -122.525134781916293, 45.469040718284575 ], [ -122.525831405656206, 45.46849072414922 ], [ -122.526422752234723, 45.467709843900757 ], [ -122.527390526154903, 45.466785110031282 ], [ -122.52761301549458, 45.466382016968836 ] ] } },
{ "type": "Feature", "properties": { "street": "SW HIGHLAND RD", "pavement_max_ft": 18, "pavement_min_ft": 18, "graded_roadway_max_ft": 18, "block_len_ft": 206.0, "n_segments": 1, "row_width_ft": 50.1 }, "geometry": { "type": "LineString", "coordinates": [ [ -122.721211075873967, 45.512340609626847 ], [ -122.721136081819097, 45.512298601851292 ], [ -122.721096733812999, 45.512243023902059 ], [ -122.721106078986907, 45.512182891456533 ], [ -122.721312344752576, 45.511838560142571 ] ] } },
{ "type": "Feature", "properties": { "street": "SW HIGHLAND RD", "pavement_max_ft": 18, "pavement_min_ft": 18, "graded_roadway_max_ft": 18, "block_len_ft": 481.0, "n_segments": 1, "row_width_ft": 50.0 }, "geometry": { "type": "LineString", "coordinates": [ [ -122.721312344752576, 45.511838560142571 ], [ -122.721441202690215, 45.511600157871172 ], [ -122.721657160379451, 45.511286213286887 ], [ -122.721860964761234, 45.511070617220582 ], [ -122.722260179666733, 45.510709484200596 ] ] } },
{ "type": "Feature", "properties": { "street": "NE LEVEE RD", "pavement_max_ft": 18, "pavement_min_ft": 18, "graded_roadway_max_ft": 20, "block_len_ft": 587.0, "n_segments": 1, "row_width_ft": 50.2 }, "geometry": { "type": "LineString", "coordinates": [ [ -122.644822882401272, 45.589061293467296 ], [ -122.644407721501139, 45.589415313929351 ], [ -122.64425421469042, 45.58956846473955 ], [ -122.643988469673175, 45.589842541437001 ], [ -122.643820367035758, 45.590030916370985 ], [ -122.643627712543321, 45.590272171449243 ], [ -122.643527792035925, 45.590385729700991 ] ] } },
{ "type": "Feature", "properties": { "street": "SW 8TH AVE", "pavement_max_ft": 18, "pavement_min_ft": 18, "graded_roadway_max_ft": 18, "block_len_ft": 298.0, "n_segments": 1, "row_width_ft": 50.3 }, "geometry": { "type": "LineString", "coordinates": [ [ -122.687010471174233, 45.455205058423836 ], [ -122.687009352771682, 45.454386685018626 ] ] } },
{ "type": "Feature", "properties": { "street": "SE 142ND AVE", "pavement_max_ft": 17, "pavement_min_ft": 17, "graded_roadway_max_ft": 20, "block_len_ft": 494.0, "n_segments": 2, "row_width_ft": 40.1 }, "geometry": { "type": "LineString", "coordinates": [ [ -122.516735251040473, 45.478130445430693 ], [ -122.516718588190272, 45.477120170490927 ] ] } },
{ "type": "Feature", "properties": { "street": "SE 142ND AVE", "pavement_max_ft": 17, "pavement_min_ft": 17, "graded_roadway_max_ft": 20, "block_len_ft": 494.0, "n_segments": 2, "row_width_ft": 40.1 }, "geometry": { "type": "LineString", "coordinates": [ [ -122.516735251040473, 45.478130445430693 ], [ -122.516247055311126, 45.478135401342207 ] ] } },
{ "type": "Feature", "properties": { "street": "SE 67TH AVE", "pavement_max_ft": 10, "pavement_min_ft": 10, "graded_roadway_max_ft": 10, "block_len_ft": 157.0, "n_segments": 1, "row_width_ft": 50.0 }, "geometry": { "type": "LineString", "coordinates": [ [ -122.594192144155556, 45.516611828817403 ], [ -122.59419014270911, 45.516180913966814 ] ] } },
{ "type": "Feature", "properties": { "street": "SW BARBUR BLVD FRONTAGE RD", "pavement_max_ft": 18, "pavement_min_ft": 18, "graded_roadway_max_ft": 18, "block_len_ft": 263.0, "n_segments": 1, "row_width_ft": 121.9 }, "geometry": { "type": "LineString", "coordinates": [ [ -122.681497306358011, 45.471376899244511 ], [ -122.68176986868994, 45.471330160787467 ], [ -122.681992022059688, 45.47128708676054 ], [ -122.682173573375252, 45.471260322966721 ], [ -122.682340562101743, 45.471237724449608 ], [ -122.682434503422556, 45.471230110133845 ], [ -122.682497991855271, 45.471230551105251 ] ] } },
{ "type": "Feature", "properties": { "street": "SW 5TH AVE", "pavement_max_ft": 18, "pavement_min_ft": 16, "graded_roadway_max_ft": 18, "block_len_ft": 997.0, "n_segments": 3, "row_width_ft": 122.1 }, "geometry": { "type": "LineString", "coordinates": [ [ -122.682497991855271, 45.471230551105251 ], [ -122.682775634160151, 45.471217795691018 ], [ -122.683002295275998, 45.471215428933903 ], [ -122.683329753654931, 45.471230570004025 ], [ -122.683415390949293, 45.471236710845474 ], [ -122.683475199882594, 45.471248676916865 ] ] } },
{ "type": "Feature", "properties": { "street": "SW NORTHWOOD AVE", "pavement_max_ft": 18, "pavement_min_ft": 1, "graded_roadway_max_ft": 28, "block_len_ft": 695.0, "n_segments": 1, "row_width_ft": 50.2 }, "geometry": { "type": "LineString", "coordinates": [ [ -122.689099418027482, 45.486106906364299 ], [ -122.688895920869541, 45.486029904688969 ], [ -122.688814774253316, 45.48597835290122 ], [ -122.688758540614856, 45.485922273470891 ], [ -122.68871473067675, 45.485854227868124 ], [ -122.688695839106288, 45.485781652687074 ], [ -122.688705953238085, 45.485683600846457 ], [ -122.688894177239547, 45.485405101777999 ], [ -122.688939565517586, 45.485293967667438 ], [ -122.68893718588042, 45.485186270803339 ], [ -122.688897452497102, 45.485089278516774 ], [ -122.688828687360413, 45.485007560099532 ], [ -122.688724346243518, 45.484932565372766 ], [ -122.688479285834021, 45.4848373682293 ], [ -122.688358224374767, 45.484729003525324 ], [ -122.688327884674365, 45.484634779723038 ], [ -122.688279029797613, 45.484554528104312 ] ] } },
{ "type": "Feature", "properties": { "street": "SE 139TH AVE", "pavement_max_ft": 18, "pavement_min_ft": 18, "graded_roadway_max_ft": 18, "block_len_ft": 219.0, "n_segments": 1, "row_width_ft": 60.0 }, "geometry": { "type": "LineString", "coordinates": [ [ -122.521036920016769, 45.483227382077047 ], [ -122.521046146613031, 45.482626909350593 ] ] } },
{ "type": "Feature", "properties": { "street": "SE WOODWARD ST", "pavement_max_ft": 18, "pavement_min_ft": 18, "graded_roadway_max_ft": 20, "block_len_ft": 247.0, "n_segments": 1, "row_width_ft": 32.5 }, "geometry": { "type": "LineString", "coordinates": [ [ -122.518483069851129, 45.501590594846462 ], [ -122.517520759484484, 45.501600198435163 ] ] } },
{ "type": "Feature", "properties": { "street": "SW 42ND AVE", "pavement_max_ft": 15, "pavement_min_ft": 1, "graded_roadway_max_ft": 28, "block_len_ft": 389.0, "n_segments": 1, "row_width_ft": 50.0 }, "geometry": { "type": "LineString", "coordinates": [ [ -122.72057762346148, 45.460465530984635 ], [ -122.720566449317673, 45.460392006964618 ], [ -122.720580744208789, 45.460323380468992 ], [ -122.720606635451873, 45.460255891187444 ], [ -122.720647981311174, 45.460190646179193 ], [ -122.72069896160184, 45.460129157021576 ], [ -122.720763428299918, 45.46007253204445 ], [ -122.72083750247991, 45.460021837365296 ], [ -122.720919243780884, 45.459978026948697 ], [ -122.721008634236483, 45.459942100125957 ], [ -122.721113857498963, 45.459918924323382 ], [ -122.721202968578567, 45.45990321250752 ], [ -122.721341821172004, 45.459862494461859 ], [ -122.721430394160706, 45.459805992083865 ], [ -122.721490186924342, 45.459727289143281 ] ] } },
{ "type": "Feature", "properties": { "street": "SE 140TH AVE", "pavement_max_ft": 18, "pavement_min_ft": 18, "graded_roadway_max_ft": 20, "block_len_ft": 324.0, "n_segments": 1, "row_width_ft": 30.2 }, "geometry": { "type": "LineString", "coordinates": [ [ -122.519852455382036, 45.483226005909266 ], [ -122.519860745933784, 45.482336188339843 ] ] } },
{ "type": "Feature", "properties": { "street": "SE 140TH PL", "pavement_max_ft": 18, "pavement_min_ft": 18, "graded_roadway_max_ft": 20, "block_len_ft": 233.0, "n_segments": 1, "row_width_ft": 32.0 }, "geometry": { "type": "LineString", "coordinates": [ [ -122.518861368383554, 45.483855989938888 ], [ -122.518883754400463, 45.483828956253767 ], [ -122.518896065811418, 45.483803260290408 ], [ -122.518904687841513, 45.483756860275179 ], [ -122.518909911544881, 45.48371103461718 ], [ -122.518915912290993, 45.483223076592893 ] ] } },
{ "type": "Feature", "properties": { "street": "SW FAIRVALE CT", "pavement_max_ft": 16, "pavement_min_ft": 16, "graded_roadway_max_ft": 16, "block_len_ft": 900.0, "n_segments": 1, "row_width_ft": 60.0 }, "geometry": { "type": "LineString", "coordinates": [ [ -122.727091972339963, 45.483510391989007 ], [ -122.728183003201949, 45.482304316790085 ], [ -122.728266277927105, 45.482227776625699 ], [ -122.728348702846034, 45.482157624794318 ], [ -122.728435340863598, 45.482089725175548 ], [ -122.728526196471407, 45.482024079037082 ], [ -122.728678267774271, 45.481923867234698 ], [ -122.729255390428591, 45.481597399002204 ] ] } },
{ "type": "Feature", "properties": { "street": "SE BOISE ST", "pavement_max_ft": 18, "pavement_min_ft": 18, "graded_roadway_max_ft": 18, "block_len_ft": 436.0, "n_segments": 1, "row_width_ft": 60.0 }, "geometry": { "type": "LineString", "coordinates": [ [ -122.537703860251384, 45.492037071305063 ], [ -122.537371500664236, 45.492032557425027 ], [ -122.536003091602069, 45.492038582019049 ] ] } },
{ "type": "Feature", "properties": { "street": "SE BOISE CT", "pavement_max_ft": 17, "pavement_min_ft": 17, "graded_roadway_max_ft": 20, "block_len_ft": 243.0, "n_segments": 1, "row_width_ft": 35.2 }, "geometry": { "type": "LineString", "coordinates": [ [ -122.520349774401424, 45.491915448937284 ], [ -122.519402984227924, 45.49190615604175 ] ] } },
{ "type": "Feature", "properties": { "street": "SE 116TH AVE", "pavement_max_ft": 18, "pavement_min_ft": 18, "graded_roadway_max_ft": 20, "block_len_ft": 218.0, "n_segments": 1, "row_width_ft": 40.0 }, "geometry": { "type": "LineString", "coordinates": [ [ -122.543382840594347, 45.488292128653264 ], [ -122.543384490799497, 45.487694201301935 ] ] } },
{ "type": "Feature", "properties": { "street": "SE 116TH AVE", "pavement_max_ft": 18, "pavement_min_ft": 18, "graded_roadway_max_ft": 20, "block_len_ft": 62.0, "n_segments": 1, "row_width_ft": 40.0 }, "geometry": { "type": "LineString", "coordinates": [ [ -122.543384490799497, 45.487694201301935 ], [ -122.543387239644261, 45.487525124696511 ] ] } },
{ "type": "Feature", "properties": { "street": "SE LONG ST", "pavement_max_ft": 18, "pavement_min_ft": 18, "graded_roadway_max_ft": 20, "block_len_ft": 112.0, "n_segments": 1, "row_width_ft": 40.0 }, "geometry": { "type": "LineString", "coordinates": [ [ -122.543384490799497, 45.487694201301935 ], [ -122.542948123370451, 45.487685694928913 ] ] } },
{ "type": "Feature", "properties": { "street": "SW 12TH AVE", "pavement_max_ft": 12, "pavement_min_ft": 1, "graded_roadway_max_ft": 28, "block_len_ft": 113.0, "n_segments": 1, "row_width_ft": 60.0 }, "geometry": { "type": "LineString", "coordinates": [ [ -122.692344004374647, 45.49770666677351 ], [ -122.692358322621942, 45.497398336885624 ] ] } },
{ "type": "Feature", "properties": { "street": "SW 30TH AVE", "pavement_max_ft": 10, "pavement_min_ft": 10, "graded_roadway_max_ft": 10, "block_len_ft": 320.0, "n_segments": 1, "row_width_ft": 40.0 }, "geometry": { "type": "LineString", "coordinates": [ [ -122.707660334766089, 45.449133302359463 ], [ -122.707659954778734, 45.448255521175589 ], [ -122.707659955677045, 45.448254604841686 ] ] } },
{ "type": "Feature", "properties": { "street": "SE LOUNSBERRY LN", "pavement_max_ft": 16, "pavement_min_ft": 16, "graded_roadway_max_ft": 20, "block_len_ft": 127.0, "n_segments": 1, "row_width_ft": 30.0 }, "geometry": { "type": "LineString", "coordinates": [ [ -122.585533824816054, 45.4894646155117 ], [ -122.585040580554775, 45.489466359304117 ] ] } },
{ "type": "Feature", "properties": { "street": "SE FIRENZE LN", "pavement_max_ft": 16, "pavement_min_ft": 16, "graded_roadway_max_ft": 20, "block_len_ft": 298.0, "n_segments": 2, "row_width_ft": 30.0 }, "geometry": { "type": "LineString", "coordinates": [ [ -122.585545840681291, 45.489156025748542 ], [ -122.585546919557927, 45.489192197190761 ], [ -122.585533824816054, 45.4894646155117 ] ] } },
{ "type": "Feature", "properties": { "street": "SE FIRENZE LN", "pavement_max_ft": 16, "pavement_min_ft": 16, "graded_roadway_max_ft": 20, "block_len_ft": 310.0, "n_segments": 2, "row_width_ft": 30.0 }, "geometry": { "type": "LineString", "coordinates": [ [ -122.585040580554775, 45.489466359304117 ], [ -122.585041699855637, 45.489178206477391 ], [ -122.585005476190133, 45.48913398229837 ] ] } },
{ "type": "Feature", "properties": { "street": "SW NEVADA CT", "pavement_max_ft": 16, "pavement_min_ft": 16, "graded_roadway_max_ft": 16, "block_len_ft": 330.0, "n_segments": 1, "row_width_ft": 28.9 }, "geometry": { "type": "LineString", "coordinates": [ [ -122.699127018693332, 45.472381495503114 ], [ -122.700413492418448, 45.472382371758378 ] ] } },
{ "type": "Feature", "properties": { "street": "SW TROY ST", "pavement_max_ft": 18, "pavement_min_ft": 18, "graded_roadway_max_ft": 18, "block_len_ft": 427.0, "n_segments": 1, "row_width_ft": 40.0 }, "geometry": { "type": "LineString", "coordinates": [ [ -122.681586438997115, 45.467855756403871 ], [ -122.681715348138752, 45.467928761023451 ], [ -122.681848112849465, 45.467989206592115 ], [ -122.681947256314132, 45.468008762275176 ], [ -122.681987163072321, 45.468010516181643 ], [ -122.682026788657836, 45.468005600329377 ], [ -122.682119352861307, 45.467975805958915 ], [ -122.682367021978422, 45.467876781285341 ], [ -122.68303473433923, 45.467603985153829 ] ] } },
{ "type": "Feature", "properties": { "street": "SW LESSER WAY", "pavement_max_ft": 12, "pavement_min_ft": 12, "graded_roadway_max_ft": 12, "block_len_ft": 1165.0, "n_segments": 2, "row_width_ft": 50.0 }, "geometry": { "type": "LineString", "coordinates": [ [ -122.739722867342977, 45.439862217851015 ], [ -122.73984317601402, 45.439864055203643 ], [ -122.739992056500995, 45.439844622754038 ], [ -122.741505236257751, 45.439534503147719 ], [ -122.74245961539873, 45.439546190416152 ] ] } },
{ "type": "Feature", "properties": { "street": "NW 2ND CT", "pavement_max_ft": 12, "pavement_min_ft": 12, "graded_roadway_max_ft": 12, "block_len_ft": 573.0, "n_segments": 2, "row_width_ft": 30.0 }, "geometry": { "type": "LineString", "coordinates": [ [ -122.788450136587059, 45.600157635136078 ], [ -122.788399011667593, 45.600324565100848 ], [ -122.78852653201379, 45.600867145964457 ], [ -122.788415921554517, 45.600979992048707 ] ] } },
{ "type": "Feature", "properties": { "street": "SW EVERGREEN LN", "pavement_max_ft": 14, "pavement_min_ft": 14, "graded_roadway_max_ft": 14, "block_len_ft": 381.0, "n_segments": 1, "row_width_ft": 14.0 }, "geometry": { "type": "LineString", "coordinates": [ [ -122.711291869523563, 45.517615688967439 ], [ -122.711510364055187, 45.517578721286256 ], [ -122.71223826174338, 45.516992727643128 ], [ -122.712232901496066, 45.516945948347967 ], [ -122.71225313694616, 45.516884958582814 ] ] } },
{ "type": "Feature", "properties": { "street": "SW LODI LN", "pavement_max_ft": 17, "pavement_min_ft": 17, "graded_roadway_max_ft": 20, "block_len_ft": 146.0, "n_segments": 1, "row_width_ft": 34.9 }, "geometry": { "type": "LineString", "coordinates": [ [ -122.727725231614642, 45.492849971250486 ], [ -122.728294735656974, 45.4928525499434 ] ] } },
{ "type": "Feature", "properties": { "street": "SW DAVENPORT CT", "pavement_max_ft": 18, "pavement_min_ft": 18, "graded_roadway_max_ft": 18, "block_len_ft": 209.0, "n_segments": 1, "row_width_ft": 49.8 }, "geometry": { "type": "LineString", "coordinates": [ [ -122.697277840274197, 45.505804064502193 ], [ -122.697053196774462, 45.505548087886972 ], [ -122.697047635304529, 45.505274790405508 ] ] } },
{ "type": "Feature", "properties": { "street": "SW SHERWOOD DR", "pavement_max_ft": 16, "pavement_min_ft": 16, "graded_roadway_max_ft": 16, "block_len_ft": 757.0, "n_segments": 1, "row_width_ft": 39.8 }, "geometry": { "type": "LineString", "coordinates": [ [ -122.701688252112277, 45.501455388257114 ], [ -122.701128291771454, 45.501511234373218 ], [ -122.700955269061225, 45.50154428314908 ], [ -122.70080929103095, 45.5016006032806 ], [ -122.700539682359675, 45.501727678632548 ], [ -122.700418794275237, 45.501756755022406 ], [ -122.69997003728183, 45.501829044550512 ], [ -122.699848634462739, 45.501830870439932 ], [ -122.699796153985488, 45.501825931094118 ], [ -122.699747330549854, 45.501803094248153 ], [ -122.699697367152041, 45.5017505665081 ], [ -122.699629965657934, 45.501585454001251 ], [ -122.699608014425678, 45.50155936444056 ], [ -122.699580223245718, 45.501538864007472 ], [ -122.699538319532678, 45.501518501453795 ], [ -122.699491757156565, 45.501504899759993 ], [ -122.6994309052792, 45.501501244811827 ], [ -122.699361012756839, 45.501504432581406 ], [ -122.69927264907561, 45.501517269916029 ], [ -122.699240645695269, 45.501523484270386 ], [ -122.699215958194671, 45.501530964790661 ], [ -122.699133341934598, 45.501564762802744 ] ] } },
{ "type": "Feature", "properties": { "street": "SW SHERWOOD DR", "pavement_max_ft": 16, "pavement_min_ft": 16, "graded_roadway_max_ft": 16, "block_len_ft": 459.0, "n_segments": 1, "row_width_ft": 39.3 }, "geometry": { "type": "LineString", "coordinates": [ [ -122.699133341934598, 45.501564762802744 ], [ -122.699091526256453, 45.50158427346414 ], [ -122.699047046175167, 45.501611472402793 ], [ -122.698797266915463, 45.501800486373085 ], [ -122.698744771166858, 45.501828550301141 ], [ -122.698698724423735, 45.501843972768789 ], [ -122.698652717206443, 45.501849774688104 ], [ -122.698603155355613, 45.501851744129496 ], [ -122.698506442732082, 45.501829824646052 ], [ -122.698276219796156, 45.501736174070068 ], [ -122.698220438908592, 45.501724581540628 ], [ -122.698171027076384, 45.5017203574318 ], [ -122.69809977091144, 45.501721330821638 ], [ -122.698032026260904, 45.501731932962443 ], [ -122.697933142409354, 45.501766509691052 ], [ -122.697628494052111, 45.50191921886195 ] ] } },
{ "type": "Feature", "properties": { "street": "SW 32ND AVE", "pavement_max_ft": 16, "pavement_min_ft": 1, "graded_roadway_max_ft": 28, "block_len_ft": 955.0, "n_segments": 3, "row_width_ft": 50.0 }, "geometry": { "type": "LineString", "coordinates": [ [ -122.709443636132164, 45.472519316242163 ], [ -122.709438691804863, 45.471043840984258 ] ] } },
{ "type": "Feature", "properties": { "street": "SW 44TH AVE", "pavement_max_ft": 12, "pavement_min_ft": 12, "graded_roadway_max_ft": 12, "block_len_ft": 299.0, "n_segments": 1, "row_width_ft": 50.0 }, "geometry": { "type": "LineString", "coordinates": [ [ -122.722461215440788, 45.459519595469772 ], [ -122.722588278544464, 45.459271794378601 ], [ -122.72257873933448, 45.4587148645751 ] ] } },
{ "type": "Feature", "properties": { "street": "NW VERDE VISTA TER", "pavement_max_ft": 18, "pavement_min_ft": 18, "graded_roadway_max_ft": 18, "block_len_ft": 240.0, "n_segments": 1, "row_width_ft": 30.5 }, "geometry": { "type": "LineString", "coordinates": [ [ -122.712593168145844, 45.524389120825731 ], [ -122.71293939951758, 45.524389886133228 ], [ -122.713081617200118, 45.524387147137951 ], [ -122.71314523948179, 45.524383837308726 ], [ -122.713214580438574, 45.524375203682169 ], [ -122.713298497459178, 45.524360032210687 ], [ -122.713375819048892, 45.524335459906183 ], [ -122.713486226488925, 45.524273982210303 ] ] } },
{ "type": "Feature", "properties": { "street": "NW RAINIER TER", "pavement_max_ft": 16, "pavement_min_ft": 16, "graded_roadway_max_ft": 16, "block_len_ft": 235.0, "n_segments": 1, "row_width_ft": 25.9 }, "geometry": { "type": "LineString", "coordinates": [ [ -122.708034402233565, 45.525509054110721 ], [ -122.707891926734561, 45.525539245385495 ], [ -122.707802282055724, 45.52556054579459 ], [ -122.707726578331801, 45.525586348575125 ], [ -122.70757812454454, 45.525665135752568 ], [ -122.707414549416114, 45.525752648750618 ], [ -122.70732731761214, 45.52581549555218 ], [ -122.707298220281842, 45.525862458165861 ] ] } },
{ "type": "Feature", "properties": { "street": "SW BRIER PL", "pavement_max_ft": 16, "pavement_min_ft": 16, "graded_roadway_max_ft": 16, "block_len_ft": 608.0, "n_segments": 1, "row_width_ft": 59.7 }, "geometry": { "type": "LineString", "coordinates": [ [ -122.679159022216155, 45.472751102043439 ], [ -122.679000072513148, 45.472658658586894 ], [ -122.678914090265721, 45.472602715824735 ], [ -122.67883864345994, 45.472548465667678 ], [ -122.678768533545309, 45.472494274043285 ], [ -122.67870437586771, 45.47243676381315 ], [ -122.678644174370632, 45.472376472941214 ], [ -122.678593986394034, 45.472313620010254 ], [ -122.67854776268274, 45.47224832848142 ], [ -122.678509545655643, 45.472181017262038 ], [ -122.678479350583984, 45.472112024627599 ], [ -122.678455168834859, 45.472041726652165 ], [ -122.678439027905839, 45.471970587604623 ], [ -122.678432312999078, 45.471895433785157 ], [ -122.678435735580308, 45.471819838898725 ], [ -122.678460113162203, 45.471260901268877 ] ] } },
{ "type": "Feature", "properties": { "street": "NW HARBOR BLVD", "pavement_max_ft": 18, "pavement_min_ft": 18, "graded_roadway_max_ft": 18, "block_len_ft": 342.0, "n_segments": 1, "row_width_ft": 200.3 }, "geometry": { "type": "LineString", "coordinates": [ [ -122.778113742737247, 45.590078330135256 ], [ -122.778174094252989, 45.589997323634485 ], [ -122.778188172650104, 45.589974466631638 ], [ -122.778189349443124, 45.589950356758287 ], [ -122.778177375798705, 45.589918982413046 ], [ -122.778152611941252, 45.589889366961252 ], [ -122.778085894963468, 45.589828969269455 ], [ -122.778017938310512, 45.589791176517679 ], [ -122.777666416760042, 45.589629535979149 ], [ -122.77761601857766, 45.589601931377217 ], [ -122.777554187536666, 45.589556490496619 ], [ -122.777477718448111, 45.589486409566653 ], [ -122.777458684045584, 45.589458010926592 ], [ -122.777457438082266, 45.589434642622628 ], [ -122.777490257132854, 45.589391983954449 ] ] } },
{ "type": "Feature", "properties": { "street": "NW 2ND ST", "pavement_max_ft": 18, "pavement_min_ft": 10, "graded_roadway_max_ft": 18, "block_len_ft": 529.0, "n_segments": 2, "row_width_ft": 30.0 }, "geometry": { "type": "LineString", "coordinates": [ [ -122.786182901997691, 45.597747501003809 ], [ -122.786294208651285, 45.598395052955517 ], [ -122.786341840022558, 45.598527411848735 ] ] } },
{ "type": "Feature", "properties": { "street": "NW 2ND ST", "pavement_max_ft": 12, "pavement_min_ft": 10, "graded_roadway_max_ft": 12, "block_len_ft": 549.0, "n_segments": 2, "row_width_ft": 119.7 }, "geometry": { "type": "LineString", "coordinates": [ [ -122.786695360324558, 45.599140572448832 ], [ -122.786737180494256, 45.599152272494472 ], [ -122.786773584721175, 45.599173396051718 ], [ -122.786813871466734, 45.599217328851971 ], [ -122.786875201247767, 45.599305578378662 ], [ -122.787004362815949, 45.599456063026658 ], [ -122.78711664054839, 45.599571264510892 ], [ -122.787246642041367, 45.599696915560706 ], [ -122.787344598831524, 45.599767862413202 ] ] } },
{ "type": "Feature", "properties": { "street": "NW 2ND ST", "pavement_max_ft": 12, "pavement_min_ft": 10, "graded_roadway_max_ft": 12, "block_len_ft": 549.0, "n_segments": 2, "row_width_ft": 20.0 }, "geometry": { "type": "LineString", "coordinates": [ [ -122.787344598831524, 45.599767862413202 ], [ -122.787806392176378, 45.600307003142149 ], [ -122.787907246033299, 45.600363661211745 ] ] } },
{ "type": "Feature", "properties": { "street": "NE OREGON ST", "pavement_max_ft": 18, "pavement_min_ft": 18, "graded_roadway_max_ft": 28, "block_len_ft": 286.0, "n_segments": 1, "row_width_ft": 60.2 }, "geometry": { "type": "LineString", "coordinates": [ [ -122.597610408084776, 45.528292270104849 ], [ -122.596496566302761, 45.528271247002152 ] ] } },
{ "type": "Feature", "properties": { "street": "NW 3RD ST", "pavement_max_ft": 12, "pavement_min_ft": 12, "graded_roadway_max_ft": 12, "block_len_ft": 786.0, "n_segments": 3, "row_width_ft": 60.3 }, "geometry": { "type": "LineString", "coordinates": [ [ -122.787166608437758, 45.598212788460437 ], [ -122.787185127207337, 45.598325262760994 ], [ -122.787270500396986, 45.598555666365044 ], [ -122.787473677754676, 45.598896779145996 ] ] } },
{ "type": "Feature", "properties": { "street": "SW 2ND AVE", "pavement_max_ft": 16, "pavement_min_ft": 12, "graded_roadway_max_ft": 16, "block_len_ft": 744.0, "n_segments": 2, "row_width_ft": 148.8 }, "geometry": { "type": "LineString", "coordinates": [ [ -122.680477243301752, 45.47200099532516 ], [ -122.680488384207905, 45.471928706565002 ], [ -122.680520146839697, 45.471858825389262 ], [ -122.680634703598002, 45.471777504180871 ], [ -122.680959444573205, 45.471604646693308 ], [ -122.68119606620894, 45.471496364260233 ], [ -122.681409834703828, 45.471413675522037 ], [ -122.681497306358011, 45.471376899244511 ] ] } },
{ "type": "Feature", "properties": { "street": "N OVERLOOK TER", "pavement_max_ft": 18, "pavement_min_ft": 18, "graded_roadway_max_ft": 18, "block_len_ft": 238.0, "n_segments": 1, "row_width_ft": 30.0 }, "geometry": { "type": "LineString", "coordinates": [ [ -122.689058983059908, 45.553882413412524 ], [ -122.688156210335364, 45.554034209338795 ] ] } },
{ "type": "Feature", "properties": { "street": "SW CONDOR LN", "pavement_max_ft": 18, "pavement_min_ft": 18, "graded_roadway_max_ft": 18, "block_len_ft": 520.0, "n_segments": 1, "row_width_ft": null }, "geometry": { "type": "LineString", "coordinates": [ [ -122.68070299711917, 45.496105831242801 ], [ -122.680706281359846, 45.496008068767054 ], [ -122.680741324639072, 45.495936497789685 ], [ -122.680850532828174, 45.495828066282265 ], [ -122.680988993756159, 45.49571612469974 ], [ -122.681078582739431, 45.495643517517486 ], [ -122.681150253926063, 45.49554170723858 ], [ -122.681163067495305, 45.495438059974227 ], [ -122.681197315765516, 45.495345825013651 ], [ -122.681212463157806, 45.495307649442097 ], [ -122.681248912300489, 45.495268028705219 ], [ -122.681343605511202, 45.495218960057862 ], [ -122.681492270402515, 45.495154096183633 ], [ -122.681569948623491, 45.495099442066632 ], [ -122.681601926850931, 45.49505747116978 ], [ -122.681601992427971, 45.495036979074143 ], [ -122.681591834278706, 45.495013348579882 ], [ -122.681565049211883, 45.494992849541553 ], [ -122.681540122759401, 45.49497887790055 ], [ -122.681478955573368, 45.49495301574656 ] ] } },
{ "type": "Feature", "properties": { "street": "SW ABERNETHY ST", "pavement_max_ft": 12, "pavement_min_ft": 12, "graded_roadway_max_ft": 28, "block_len_ft": 276.0, "n_segments": 1, "row_width_ft": 60.4 }, "geometry": { "type": "LineString", "coordinates": [ [ -122.678029269473811, 45.495130791918918 ], [ -122.678049023426951, 45.495124098293104 ], [ -122.67813191277483, 45.495116788827531 ], [ -122.678330549148754, 45.49510843218291 ], [ -122.678513063458269, 45.495104970135046 ], [ -122.678719534938125, 45.495088432525264 ], [ -122.678826341032149, 45.495066898929267 ], [ -122.678943719398774, 45.495023361331633 ], [ -122.679058470193127, 45.494970685585535 ] ] } },
{ "type": "Feature", "properties": { "street": "SW 34TH AVE", "pavement_max_ft": 18, "pavement_min_ft": 18, "graded_roadway_max_ft": 18, "block_len_ft": 1031.0, "n_segments": 1, "row_width_ft": 50.0 }, "geometry": { "type": "LineString", "coordinates": [ [ -122.711528943910224, 45.438526888507575 ], [ -122.712338422999252, 45.438141649827834 ], [ -122.712338635001672, 45.436782053126834 ], [ -122.711706469874969, 45.436305224187684 ], [ -122.711550012996895, 45.436239488162478 ] ] } },
{ "type": "Feature", "properties": { "street": "SW 34TH AVE", "pavement_max_ft": 18, "pavement_min_ft": 1, "graded_roadway_max_ft": 28, "block_len_ft": 596.0, "n_segments": 1, "row_width_ft": 50.0 }, "geometry": { "type": "LineString", "coordinates": [ [ -122.711550012996895, 45.436239488162478 ], [ -122.711532046691204, 45.436138919491363 ], [ -122.711535685766407, 45.435517134435607 ], [ -122.712829503218984, 45.43551632631641 ] ] } },
{ "type": "Feature", "properties": { "street": "NE HASSALO ST", "pavement_max_ft": 14, "pavement_min_ft": 14, "graded_roadway_max_ft": 14, "block_len_ft": 288.0, "n_segments": 1, "row_width_ft": 50.1 }, "geometry": { "type": "LineString", "coordinates": [ [ -122.585831180649819, 45.530356198212445 ], [ -122.584707038784742, 45.530354108943165 ] ] } },
{ "type": "Feature", "properties": { "street": "NE 88TH AVE", "pavement_max_ft": 18, "pavement_min_ft": 18, "graded_roadway_max_ft": 18, "block_len_ft": 303.0, "n_segments": 1, "row_width_ft": 60.5 }, "geometry": { "type": "LineString", "coordinates": [ [ -122.572427653654074, 45.540041605687463 ], [ -122.572413983092076, 45.540872130423388 ] ] } },
{ "type": "Feature", "properties": { "street": "SE 41ST AVE", "pavement_max_ft": 16, "pavement_min_ft": 16, "graded_roadway_max_ft": 28, "block_len_ft": 255.0, "n_segments": 1, "row_width_ft": 51.2 }, "geometry": { "type": "LineString", "coordinates": [ [ -122.621049533447348, 45.471200900810274 ], [ -122.62103795865491, 45.470502491277671 ] ] } },
{ "type": "Feature", "properties": { "street": "SE 88TH AVE", "pavement_max_ft": 12, "pavement_min_ft": 12, "graded_roadway_max_ft": 12, "block_len_ft": 450.0, "n_segments": 1, "row_width_ft": 45.0 }, "geometry": { "type": "LineString", "coordinates": [ [ -122.572973673039954, 45.520332595666986 ], [ -122.572988996502104, 45.519098439860322 ] ] } },
{ "type": "Feature", "properties": { "street": "SE MILL ST", "pavement_max_ft": 18, "pavement_min_ft": 18, "graded_roadway_max_ft": 18, "block_len_ft": 502.0, "n_segments": 1, "row_width_ft": 50.0 }, "geometry": { "type": "LineString", "coordinates": [ [ -122.57409593293454, 45.510071149600037 ], [ -122.572135981461116, 45.51007588488595 ] ] } },
{ "type": "Feature", "properties": { "street": "NE 62ND AVE", "pavement_max_ft": 16, "pavement_min_ft": 16, "graded_roadway_max_ft": 16, "block_len_ft": 510.0, "n_segments": 1, "row_width_ft": 55.0 }, "geometry": { "type": "LineString", "coordinates": [ [ -122.599332402127672, 45.552469854897652 ], [ -122.599306529749157, 45.553868151936598 ] ] } },
{ "type": "Feature", "properties": { "street": "NE 88TH AVE", "pavement_max_ft": 18, "pavement_min_ft": 18, "graded_roadway_max_ft": 28, "block_len_ft": 240.0, "n_segments": 1, "row_width_ft": 50.0 }, "geometry": { "type": "LineString", "coordinates": [ [ -122.57213949028062, 45.555100270473652 ], [ -122.572259292301837, 45.555245385440656 ], [ -122.572293911576281, 45.555300204456174 ], [ -122.572314131755007, 45.555352399783267 ], [ -122.572323075381959, 45.555400535381885 ], [ -122.572324167733356, 45.555433121004391 ], [ -122.572323727558867, 45.555487068648638 ], [ -122.57232340416536, 45.555526094089934 ], [ -122.572320284316376, 45.555728099787665 ] ] } },
{ "type": "Feature", "properties": { "street": "N SKIDMORE TER", "pavement_max_ft": 16, "pavement_min_ft": 16, "graded_roadway_max_ft": 16, "block_len_ft": 611.0, "n_segments": 1, "row_width_ft": 54.0 }, "geometry": { "type": "LineString", "coordinates": [ [ -122.688153419269781, 45.554396774598267 ], [ -122.690406530546241, 45.554406154676691 ], [ -122.69043704182485, 45.554397886721404 ], [ -122.690520684859294, 45.55435956626755 ] ] } },
{ "type": "Feature", "properties": { "street": "SW MENEFEE DR", "pavement_max_ft": 16, "pavement_min_ft": 16, "graded_roadway_max_ft": 16, "block_len_ft": 527.0, "n_segments": 1, "row_width_ft": 40.1 }, "geometry": { "type": "LineString", "coordinates": [ [ -122.686394753302054, 45.482598461102761 ], [ -122.686367110344136, 45.482566392563783 ], [ -122.686318353383797, 45.482541703127062 ], [ -122.686216184393245, 45.482527016056267 ], [ -122.686068696294925, 45.482496557960197 ], [ -122.685683746636158, 45.482420710874379 ], [ -122.685631702740153, 45.482417419361539 ], [ -122.68557815147112, 45.482422720674826 ], [ -122.685469672714049, 45.48245528308518 ], [ -122.685020048846383, 45.482620035996256 ], [ -122.684925249634418, 45.482661751632534 ], [ -122.684870755134369, 45.482694713847359 ], [ -122.684830246504944, 45.482722756435663 ], [ -122.684757603341154, 45.482775355460959 ], [ -122.684679908052232, 45.482819406390433 ], [ -122.684590523884822, 45.482860341520755 ] ] } },
{ "type": "Feature", "properties": { "street": "SW WESTWOOD DR", "pavement_max_ft": 18, "pavement_min_ft": 18, "graded_roadway_max_ft": 18, "block_len_ft": 588.0, "n_segments": 1, "row_width_ft": 63.4 }, "geometry": { "type": "LineString", "coordinates": [ [ -122.683644218801589, 45.483068022889725 ], [ -122.683644339175856, 45.482968198398936 ], [ -122.683547911318286, 45.482860318217064 ], [ -122.683458623270639, 45.482732518810415 ], [ -122.683442134693593, 45.482646503413065 ], [ -122.683411998012446, 45.482479808173274 ], [ -122.683429899639407, 45.482396734976142 ], [ -122.683674820810069, 45.482011894810078 ], [ -122.683788781985342, 45.481879456596147 ], [ -122.683857300983604, 45.4818225353972 ], [ -122.683957216999431, 45.481770872056394 ], [ -122.684047415938764, 45.481736956350574 ], [ -122.68417211108337, 45.481703293190968 ] ] } },
{ "type": "Feature", "properties": { "street": "SW MENEFEE DR", "pavement_max_ft": 16, "pavement_min_ft": 16, "graded_roadway_max_ft": 16, "block_len_ft": 462.0, "n_segments": 1, "row_width_ft": 40.0 }, "geometry": { "type": "LineString", "coordinates": [ [ -122.684590523884822, 45.482860341520755 ], [ -122.684503554388925, 45.482757062672682 ], [ -122.684478051217994, 45.482710792170735 ], [ -122.684062053986366, 45.482107298276098 ], [ -122.684031956831063, 45.482044339678055 ], [ -122.684029399327443, 45.481977809192792 ], [ -122.684048261253466, 45.48191986838286 ], [ -122.684102294019496, 45.481812019575102 ], [ -122.68417211108337, 45.481703293190968 ] ] } },
{ "type": "Feature", "properties": { "street": "SW MENEFEE DR", "pavement_max_ft": 8, "pavement_min_ft": 8, "graded_roadway_max_ft": 8, "block_len_ft": 141.0, "n_segments": 1, "row_width_ft": 40.1 }, "geometry": { "type": "LineString", "coordinates": [ [ -122.68417211108337, 45.481703293190968 ], [ -122.684190409765719, 45.481615680199951 ], [ -122.684199798058771, 45.48131709663781 ] ] } },
{ "type": "Feature", "properties": { "street": "SW MITCHELL ST", "pavement_max_ft": 18, "pavement_min_ft": 18, "graded_roadway_max_ft": 18, "block_len_ft": 482.0, "n_segments": 1, "row_width_ft": 62.8 }, "geometry": { "type": "LineString", "coordinates": [ [ -122.690938438297351, 45.485494081839356 ], [ -122.691979870477553, 45.485489415023402 ], [ -122.692108142713593, 45.485497560222996 ], [ -122.692234247314872, 45.4855145748881 ], [ -122.692332910180852, 45.485535645455279 ], [ -122.692449669608251, 45.485570494755407 ], [ -122.692587096575338, 45.485620839593082 ], [ -122.692751742495574, 45.4856932506042 ] ] } },
{ "type": "Feature", "properties": { "street": "SW WESTWOOD DR", "pavement_max_ft": 18, "pavement_min_ft": 18, "graded_roadway_max_ft": 18, "block_len_ft": 252.0, "n_segments": 1, "row_width_ft": 118.9 }, "geometry": { "type": "LineString", "coordinates": [ [ -122.690769784094329, 45.483872894881642 ], [ -122.690967137674065, 45.483962983951315 ], [ -122.691093858519594, 45.484005363049441 ], [ -122.691229702655193, 45.484041162428909 ], [ -122.691346641745611, 45.484068570752463 ], [ -122.691447979794475, 45.484087409164871 ], [ -122.691556020173721, 45.484106115939547 ], [ -122.691676135706956, 45.484119662003636 ] ] } },
{ "type": "Feature", "properties": { "street": "SW WESTWOOD VW", "pavement_max_ft": 18, "pavement_min_ft": 18, "graded_roadway_max_ft": 18, "block_len_ft": 790.0, "n_segments": 1, "row_width_ft": 50.1 }, "geometry": { "type": "LineString", "coordinates": [ [ -122.689861879294554, 45.484999509929651 ], [ -122.689804988987618, 45.48470588766822 ], [ -122.689801584372674, 45.484617539320418 ], [ -122.689818232849859, 45.484551731746926 ], [ -122.689877026686844, 45.484458924093765 ], [ -122.689984509212309, 45.484345293429165 ], [ -122.690054139426579, 45.484297219817151 ], [ -122.690135648063915, 45.4842576171567 ], [ -122.690225053790897, 45.484227588899493 ], [ -122.690324347274185, 45.484207912881253 ], [ -122.690425583813436, 45.48419898022744 ], [ -122.690530745092175, 45.484201078138454 ], [ -122.690840290166037, 45.484201105220471 ], [ -122.690946717171016, 45.484203656597536 ], [ -122.691028670474381, 45.484206815745111 ], [ -122.691117473431788, 45.484213618996556 ], [ -122.691236054642545, 45.484227402474566 ], [ -122.691333108625841, 45.484249294800193 ], [ -122.69138594393759, 45.484264439296403 ], [ -122.691452187503288, 45.484294514140117 ], [ -122.691521713512998, 45.484320909601422 ], [ -122.691549330419775, 45.484326410386281 ], [ -122.691590587345843, 45.484330443077233 ], [ -122.691633235762282, 45.484326013604239 ], [ -122.691670516744892, 45.484315660741188 ], [ -122.691703816394138, 45.48429091601767 ], [ -122.691730084929688, 45.484261488620291 ], [ -122.691739240559045, 45.484232382412564 ], [ -122.691737939798514, 45.484198658392359 ], [ -122.691724983397179, 45.484173589892912 ], [ -122.691676135706956, 45.484119662003636 ] ] } },
{ "type": "Feature", "properties": { "street": "NE SIMPSON ST", "pavement_max_ft": 18, "pavement_min_ft": 18, "graded_roadway_max_ft": 18, "block_len_ft": 483.0, "n_segments": 1, "row_width_ft": 50.0 }, "geometry": { "type": "LineString", "coordinates": [ [ -122.611080312495204, 45.565099871053626 ], [ -122.609192753555575, 45.56509490267149 ] ] } },
{ "type": "Feature", "properties": { "street": "SE 127TH AVE", "pavement_max_ft": 17, "pavement_min_ft": 17, "graded_roadway_max_ft": 18, "block_len_ft": 291.0, "n_segments": 1, "row_width_ft": 32.0 }, "geometry": { "type": "LineString", "coordinates": [ [ -122.533091546663329, 45.489635496836506 ], [ -122.533082323660324, 45.488837957632192 ] ] } },
{ "type": "Feature", "properties": { "street": "SE 140TH AVE", "pavement_max_ft": 12, "pavement_min_ft": 12, "graded_roadway_max_ft": 13, "block_len_ft": 127.0, "n_segments": 1, "row_width_ft": 56.5 }, "geometry": { "type": "LineString", "coordinates": [ [ -122.519702734970267, 45.517478679749495 ], [ -122.519702472662189, 45.517130551288489 ] ] } },
{ "type": "Feature", "properties": { "street": "SE ALDER ST", "pavement_max_ft": 17, "pavement_min_ft": 17, "graded_roadway_max_ft": 20, "block_len_ft": 310.0, "n_segments": 1, "row_width_ft": 47.6 }, "geometry": { "type": "LineString", "coordinates": [ [ -122.519702734970267, 45.517478679749495 ], [ -122.519290598697722, 45.517482007609338 ], [ -122.519020940619072, 45.517520425587399 ], [ -122.518497283893865, 45.517523852267111 ] ] } },
{ "type": "Feature", "properties": { "street": "NE 21ST AVE", "pavement_max_ft": 14, "pavement_min_ft": 14, "graded_roadway_max_ft": 14, "block_len_ft": 197.0, "n_segments": 1, "row_width_ft": 24.1 }, "geometry": { "type": "LineString", "coordinates": [ [ -122.644546824724557, 45.525738254897348 ], [ -122.644534021036819, 45.526153916756577 ], [ -122.644525902961576, 45.526279469049278 ] ] } },
{ "type": "Feature", "properties": { "street": "N KILPATRICK ST", "pavement_max_ft": 15, "pavement_min_ft": 15, "graded_roadway_max_ft": 30, "block_len_ft": 454.0, "n_segments": 1, "row_width_ft": 50.0 }, "geometry": { "type": "LineString", "coordinates": [ [ -122.680189361999268, 45.582065872146423 ], [ -122.681961571866495, 45.582067416909261 ] ] } },
{ "type": "Feature", "properties": { "street": "SE MCLOUGHLIN BLVD-MILWAUKIE AVE RAMP", "pavement_max_ft": 18, "pavement_min_ft": 18, "graded_roadway_max_ft": 18, "block_len_ft": 1104.0, "n_segments": 1, "row_width_ft": 197.8 }, "geometry": { "type": "LineString", "coordinates": [ [ -122.652410104494905, 45.488997797378566 ], [ -122.651006894698625, 45.487531827412639 ], [ -122.650560673649224, 45.487079508477898 ], [ -122.650439376831372, 45.486943350709801 ], [ -122.650303976463519, 45.486775683829521 ], [ -122.650080787336222, 45.486454386569449 ] ] } },
{ "type": "Feature", "properties": { "street": "NW SALTZMAN RD", "pavement_max_ft": 18, "pavement_min_ft": 18, "graded_roadway_max_ft": 18, "block_len_ft": 1422.0, "n_segments": 2, "row_width_ft": 48.8 }, "geometry": { "type": "LineString", "coordinates": [ [ -122.746574454558882, 45.564226857304902 ], [ -122.74846145384808, 45.56361118260125 ], [ -122.748587986047397, 45.563550374251378 ], [ -122.748708997201049, 45.563478548289105 ] ] } },
{ "type": "Feature", "properties": { "street": "NW SALTZMAN RD", "pavement_max_ft": 18, "pavement_min_ft": 18, "graded_roadway_max_ft": 18, "block_len_ft": 1422.0, "n_segments": 2, "row_width_ft": 50.1 }, "geometry": { "type": "LineString", "coordinates": [ [ -122.748708997201049, 45.563478548289105 ], [ -122.748748501513944, 45.563451502523883 ], [ -122.748808287091052, 45.563383109755044 ], [ -122.748828175791459, 45.563351985341527 ], [ -122.748859777624816, 45.5633025376898 ], [ -122.74911536089958, 45.56276642768438 ], [ -122.749684074424493, 45.561729700159546 ], [ -122.749890790246084, 45.561426763327312 ] ] } },
{ "type": "Feature", "properties": { "street": "NW SPRINGVILLE RD", "pavement_max_ft": 14, "pavement_min_ft": 14, "graded_roadway_max_ft": 14, "block_len_ft": 291.0, "n_segments": 1, "row_width_ft": 40.0 }, "geometry": { "type": "LineString", "coordinates": [ [ -122.776012223961587, 45.585513057865903 ], [ -122.77608360589069, 45.585600377752108 ], [ -122.776571824976273, 45.585508870224757 ], [ -122.776993347745218, 45.58533466319426 ] ] } },
{ "type": "Feature", "properties": { "street": "N CRAWFORD ST", "pavement_max_ft": 14, "pavement_min_ft": 13, "graded_roadway_max_ft": 24, "block_len_ft": 369.0, "n_segments": 1, "row_width_ft": 60.0 }, "geometry": { "type": "LineString", "coordinates": [ [ -122.747708746488343, 45.58241572999404 ], [ -122.749018495562481, 45.582837687484826 ] ] } },
{ "type": "Feature", "properties": { "street": "NW COLLEGE DR", "pavement_max_ft": 12, "pavement_min_ft": 12, "graded_roadway_max_ft": 28, "block_len_ft": 600.0, "n_segments": 1, "row_width_ft": 40.0 }, "geometry": { "type": "LineString", "coordinates": [ [ -122.792517977688135, 45.577999485756052 ], [ -122.793264372586364, 45.577773294125492 ], [ -122.794787131078991, 45.57765951984171 ] ] } },
{ "type": "Feature", "properties": { "street": "SE GLADSTONE ST", "pavement_max_ft": 12, "pavement_min_ft": 12, "graded_roadway_max_ft": 12, "block_len_ft": 307.0, "n_segments": 1, "row_width_ft": 44.4 }, "geometry": { "type": "LineString", "coordinates": [ [ -122.519399319999877, 45.492333700694623 ], [ -122.518203025451186, 45.492328324117409 ] ] } },
{ "type": "Feature", "properties": { "street": "SW NEBRASKA ST", "pavement_max_ft": 18, "pavement_min_ft": 18, "graded_roadway_max_ft": 18, "block_len_ft": 1786.0, "n_segments": 1, "row_width_ft": 50.0 }, "geometry": { "type": "LineString", "coordinates": [ [ -122.728810411749222, 45.47739689202254 ], [ -122.728997408651992, 45.477571952730344 ], [ -122.729270495600105, 45.477818029381226 ], [ -122.729351544299973, 45.477876330924239 ], [ -122.729471106471024, 45.477933305870813 ], [ -122.729576187799694, 45.477969236345167 ], [ -122.729705807508694, 45.478009004046285 ], [ -122.729813746378241, 45.478027843854932 ], [ -122.73009232921919, 45.478041889617955 ], [ -122.731354730789676, 45.478056267325719 ], [ -122.734150050798647, 45.478074855165545 ], [ -122.734355741642503, 45.478104219026932 ], [ -122.734562832959895, 45.478147646876174 ], [ -122.735206161450634, 45.478325037066853 ], [ -122.735311530240196, 45.478373088060231 ] ] } },
{ "type": "Feature", "properties": { "street": "NE 126TH AVE", "pavement_max_ft": 15, "pavement_min_ft": 15, "graded_roadway_max_ft": 15, "block_len_ft": 226.0, "n_segments": 1, "row_width_ft": 50.1 }, "geometry": { "type": "LineString", "coordinates": [ [ -122.533879254183148, 45.522540160417343 ], [ -122.533885744511068, 45.523160432669279 ] ] } },
{ "type": "Feature", "properties": { "street": "SW GUNTHER LN", "pavement_max_ft": 16, "pavement_min_ft": 16, "graded_roadway_max_ft": 16, "block_len_ft": 472.0, "n_segments": 1, "row_width_ft": 50.0 }, "geometry": { "type": "LineString", "coordinates": [ [ -122.738640332746897, 45.435990115426037 ], [ -122.738708919118835, 45.436023336275753 ], [ -122.740079715903065, 45.436034291171588 ], [ -122.740196289379185, 45.435997965840777 ], [ -122.740378365310818, 45.435869475834309 ] ] } },
{ "type": "Feature", "properties": { "street": "SW GUNTHER LN", "pavement_max_ft": 16, "pavement_min_ft": 12, "graded_roadway_max_ft": 16, "block_len_ft": 1327.0, "n_segments": 3, "row_width_ft": 50.0 }, "geometry": { "type": "LineString", "coordinates": [ [ -122.736600824675278, 45.435927395906219 ], [ -122.736601012423193, 45.435037042762467 ] ] } },
{ "type": "Feature", "properties": { "street": "SW GUNTHER LN", "pavement_max_ft": 16, "pavement_min_ft": 12, "graded_roadway_max_ft": 16, "block_len_ft": 1327.0, "n_segments": 3, "row_width_ft": 50.0 }, "geometry": { "type": "LineString", "coordinates": [ [ -122.736601012423193, 45.435037042762467 ], [ -122.736649850231942, 45.434989943868402 ], [ -122.73672160226694, 45.434961782345681 ], [ -122.736804284103968, 45.434957548818204 ], [ -122.737764831976065, 45.435068562822934 ], [ -122.737844365218052, 45.435060993421018 ], [ -122.737908742982881, 45.435049817709 ], [ -122.737960804845187, 45.435022240563313 ], [ -122.73821150308143, 45.434786983916666 ] ] } },
{ "type": "Feature", "properties": { "street": "SW 19TH AVE", "pavement_max_ft": 10, "pavement_min_ft": 10, "graded_roadway_max_ft": 10, "block_len_ft": 177.0, "n_segments": 1, "row_width_ft": 50.2 }, "geometry": { "type": "LineString", "coordinates": [ [ -122.697398919699793, 45.472219617344571 ], [ -122.697403920620957, 45.471839932491932 ], [ -122.697357403160638, 45.471739589184935 ] ] } },
{ "type": "Feature", "properties": { "street": "SW PATRICK PL", "pavement_max_ft": 14, "pavement_min_ft": 14, "graded_roadway_max_ft": 14, "block_len_ft": 150.0, "n_segments": 1, "row_width_ft": 40.1 }, "geometry": { "type": "LineString", "coordinates": [ [ -122.698610453268969, 45.493681767082919 ], [ -122.698291814549478, 45.493335830177479 ] ] } },
{ "type": "Feature", "properties": { "street": "SW COUNCIL CREST DR", "pavement_max_ft": 18, "pavement_min_ft": 18, "graded_roadway_max_ft": 20, "block_len_ft": 230.0, "n_segments": 1, "row_width_ft": 81.8 }, "geometry": { "type": "LineString", "coordinates": [ [ -122.697660151581047, 45.491931071854722 ], [ -122.69748552627631, 45.49186312734016 ], [ -122.69735616438382, 45.491800795520135 ], [ -122.697272373127419, 45.491751994005845 ], [ -122.697186480711494, 45.491701793188554 ], [ -122.697112752382893, 45.49164847893713 ], [ -122.69697628661315, 45.491531388542718 ] ] } },
{ "type": "Feature", "properties": { "street": "SW 33RD AVE", "pavement_max_ft": 16, "pavement_min_ft": 16, "graded_roadway_max_ft": 28, "block_len_ft": 261.0, "n_segments": 1, "row_width_ft": 40.0 }, "geometry": { "type": "LineString", "coordinates": [ [ -122.710281436407158, 45.466033280827247 ], [ -122.710260893733249, 45.465972569813673 ], [ -122.710257578051511, 45.465887296824555 ], [ -122.710267250212169, 45.465379322293963 ], [ -122.71023402332645, 45.465325016042186 ] ] } },
{ "type": "Feature", "properties": { "street": "NW TUALATIN AVE", "pavement_max_ft": 16, "pavement_min_ft": 16, "graded_roadway_max_ft": 28, "block_len_ft": 564.0, "n_segments": 1, "row_width_ft": 40.0 }, "geometry": { "type": "LineString", "coordinates": [ [ -122.799314243953916, 45.580505744286242 ], [ -122.799573051282238, 45.580033133562956 ], [ -122.799907537181596, 45.579727606922141 ], [ -122.800627835122498, 45.579312757339558 ] ] } },
{ "type": "Feature", "properties": { "street": "NW SHEPARD ST", "pavement_max_ft": 14, "pavement_min_ft": 14, "graded_roadway_max_ft": 14, "block_len_ft": 273.0, "n_segments": 1, "row_width_ft": 50.0 }, "geometry": { "type": "LineString", "coordinates": [ [ -122.773171242586756, 45.583417134264693 ], [ -122.773701890001462, 45.584066146059357 ] ] } },
{ "type": "Feature", "properties": { "street": "SE 35TH AVE", "pavement_max_ft": 15, "pavement_min_ft": 15, "graded_roadway_max_ft": 15, "block_len_ft": 262.0, "n_segments": 1, "row_width_ft": 60.0 }, "geometry": { "type": "LineString", "coordinates": [ [ -122.628583994789423, 45.499805556244119 ], [ -122.628581146231639, 45.499174733086321 ], [ -122.628580058371838, 45.49908578534059 ] ] } },
{ "type": "Feature", "properties": { "street": "SE 33RD AVE", "pavement_max_ft": 15, "pavement_min_ft": 15, "graded_roadway_max_ft": 15, "block_len_ft": 257.0, "n_segments": 1, "row_width_ft": 17.2 }, "geometry": { "type": "LineString", "coordinates": [ [ -122.630886937411361, 45.513568542627581 ], [ -122.630889534440882, 45.513494603182338 ], [ -122.630886559220642, 45.512864063085679 ] ] } },
{ "type": "Feature", "properties": { "street": "SE OAK CT", "pavement_max_ft": 18, "pavement_min_ft": 18, "graded_roadway_max_ft": 18, "block_len_ft": 770.0, "n_segments": 1, "row_width_ft": 20.2 }, "geometry": { "type": "LineString", "coordinates": [ [ -122.623053404453344, 45.519734779415984 ], [ -122.620390769205116, 45.519731814862894 ], [ -122.620049624094491, 45.519726976535601 ] ] } },
{ "type": "Feature", "properties": { "street": "SE BUSH ST", "pavement_max_ft": 18, "pavement_min_ft": 18, "graded_roadway_max_ft": 18, "block_len_ft": 260.0, "n_segments": 1, "row_width_ft": 32.5 }, "geometry": { "type": "LineString", "coordinates": [ [ -122.652384401898004, 45.495398314650629 ], [ -122.651370541708786, 45.495389765362972 ] ] } },
{ "type": "Feature", "properties": { "street": "SE BUSH ST", "pavement_max_ft": 18, "pavement_min_ft": 18, "graded_roadway_max_ft": 18, "block_len_ft": 260.0, "n_segments": 1, "row_width_ft": 30.0 }, "geometry": { "type": "LineString", "coordinates": [ [ -122.651370541708786, 45.495389765362972 ], [ -122.650356691401043, 45.495381209777094 ] ] } },
{ "type": "Feature", "properties": { "street": "SW 51ST AVE", "pavement_max_ft": 16, "pavement_min_ft": 16, "graded_roadway_max_ft": 28, "block_len_ft": 457.0, "n_segments": 1, "row_width_ft": 50.0 }, "geometry": { "type": "LineString", "coordinates": [ [ -122.728741087860442, 45.471779893592682 ], [ -122.728750751037936, 45.470527919271412 ] ] } },
{ "type": "Feature", "properties": { "street": "SW HEWETT BLVD", "pavement_max_ft": 18, "pavement_min_ft": 18, "graded_roadway_max_ft": 18, "block_len_ft": 1168.0, "n_segments": 1, "row_width_ft": 61.7 }, "geometry": { "type": "LineString", "coordinates": [ [ -122.725123187732351, 45.502063549340029 ], [ -122.725185619746242, 45.502144653693811 ], [ -122.725245336153108, 45.502177705245927 ], [ -122.725317219342145, 45.502201056333675 ], [ -122.725423515193086, 45.502231841877183 ], [ -122.725515683239536, 45.502250431184478 ], [ -122.725620657668699, 45.502272336652737 ], [ -122.7257131562952, 45.502304769221524 ], [ -122.725809384726759, 45.502344794884287 ], [ -122.725889320413941, 45.502399120238003 ], [ -122.726010603757132, 45.502513330239488 ], [ -122.726065650721097, 45.502587521473323 ], [ -122.726130031180872, 45.502748390639979 ], [ -122.726143089091835, 45.502857039886571 ], [ -122.726175406882518, 45.502918290400025 ], [ -122.726211519156934, 45.502971996929013 ], [ -122.726272216524038, 45.503031036149565 ], [ -122.726319663740696, 45.503051623554192 ], [ -122.726374628059716, 45.5030618949028 ], [ -122.726444810737902, 45.503056622604809 ], [ -122.726525562993729, 45.503039810934368 ], [ -122.726598253768216, 45.50302023466903 ], [ -122.726706003991566, 45.50297609754147 ], [ -122.727082900253876, 45.502760774374202 ], [ -122.727503649573379, 45.502571970769083 ], [ -122.727680950959325, 45.502527476931263 ], [ -122.727900925016257, 45.502479416948617 ], [ -122.728368925719678, 45.502281153739773 ], [ -122.728552450633941, 45.502211325948572 ] ] } },
{ "type": "Feature", "properties": { "street": "SW FREEMAN ST", "pavement_max_ft": 12, "pavement_min_ft": 12, "graded_roadway_max_ft": 12, "block_len_ft": 632.0, "n_segments": 1, "row_width_ft": 40.0 }, "geometry": { "type": "LineString", "coordinates": [ [ -122.707760121424513, 45.46254442407912 ], [ -122.710223575021374, 45.462568639654947 ] ] } },
{ "type": "Feature", "properties": { "street": "N EDGEWATER ST", "pavement_max_ft": 18, "pavement_min_ft": 18, "graded_roadway_max_ft": 18, "block_len_ft": 276.0, "n_segments": 1, "row_width_ft": 32.1 }, "geometry": { "type": "LineString", "coordinates": [ [ -122.746779329732433, 45.583688811068441 ], [ -122.746790778760754, 45.583782442796149 ], [ -122.746397040883508, 45.584385220063474 ] ] } },
{ "type": "Feature", "properties": { "street": "SE FRANKLIN ST", "pavement_max_ft": 12, "pavement_min_ft": 12, "graded_roadway_max_ft": 12, "block_len_ft": 323.0, "n_segments": 1, "row_width_ft": 50.0 }, "geometry": { "type": "LineString", "coordinates": [ [ -122.587122825077742, 45.498684603231716 ], [ -122.585861880574654, 45.4986883572181 ] ] } },
{ "type": "Feature", "properties": { "street": "SE FRANKLIN ST", "pavement_max_ft": 12, "pavement_min_ft": 12, "graded_roadway_max_ft": 12, "block_len_ft": 255.0, "n_segments": 1, "row_width_ft": 50.0 }, "geometry": { "type": "LineString", "coordinates": [ [ -122.585861880574654, 45.4986883572181 ], [ -122.58486713563633, 45.498688372329724 ] ] } },
{ "type": "Feature", "properties": { "street": "NE 13TH AVE", "pavement_max_ft": 12, "pavement_min_ft": 12, "graded_roadway_max_ft": 12, "block_len_ft": 243.0, "n_segments": 1, "row_width_ft": 36.0 }, "geometry": { "type": "LineString", "coordinates": [ [ -122.651717789973418, 45.57049607899399 ], [ -122.651722003072109, 45.571162691750693 ] ] } },
{ "type": "Feature", "properties": { "street": "SW ENGLISH CT", "pavement_max_ft": 15, "pavement_min_ft": 15, "graded_roadway_max_ft": 15, "block_len_ft": 159.0, "n_segments": 1, "row_width_ft": 40.0 }, "geometry": { "type": "LineString", "coordinates": [ [ -122.709935585022777, 45.5038780883987 ], [ -122.71049000635152, 45.504074345770228 ] ] } },
{ "type": "Feature", "properties": { "street": "SW CALDEW DR", "pavement_max_ft": 18, "pavement_min_ft": 18, "graded_roadway_max_ft": 18, "block_len_ft": 555.0, "n_segments": 1, "row_width_ft": 40.0 }, "geometry": { "type": "LineString", "coordinates": [ [ -122.685451860918604, 45.472490006795553 ], [ -122.685536972698515, 45.47246548428852 ], [ -122.685646923794337, 45.472410805006184 ], [ -122.685742744390765, 45.472339645006329 ], [ -122.685868180645457, 45.472240202154602 ], [ -122.685997803947657, 45.472160093517928 ], [ -122.686160009145254, 45.472075720008164 ], [ -122.686338159439174, 45.472005567505938 ], [ -122.686545457369093, 45.471951244959669 ], [ -122.686753474849525, 45.471915565778502 ], [ -122.686961848961161, 45.471889208601993 ], [ -122.687084115959536, 45.471886965973553 ], [ -122.687200374126974, 45.471890734345152 ], [ -122.687344378558564, 45.471899842817031 ] ] } },
{ "type": "Feature", "properties": { "street": "SE LAMBERT ST", "pavement_max_ft": 12, "pavement_min_ft": 12, "graded_roadway_max_ft": 12, "block_len_ft": 261.0, "n_segments": 1, "row_width_ft": 40.0 }, "geometry": { "type": "LineString", "coordinates": [ [ -122.579059607274601, 45.466890855654619 ], [ -122.578042130468035, 45.466868530069121 ] ] } },
{ "type": "Feature", "properties": { "street": "SW 9TH AVE", "pavement_max_ft": 16, "pavement_min_ft": 16, "graded_roadway_max_ft": 16, "block_len_ft": 456.0, "n_segments": 1, "row_width_ft": 60.0 }, "geometry": { "type": "LineString", "coordinates": [ [ -122.6875683276606, 45.463150999257117 ], [ -122.687595511579403, 45.461901444253364 ] ] } },
{ "type": "Feature", "properties": { "street": "SW 7TH AVE", "pavement_max_ft": 18, "pavement_min_ft": 18, "graded_roadway_max_ft": 18, "block_len_ft": 900.0, "n_segments": 2, "row_width_ft": 59.2 }, "geometry": { "type": "LineString", "coordinates": [ [ -122.685509906459004, 45.464198870748234 ], [ -122.68552220978512, 45.462972861945161 ] ] } },
{ "type": "Feature", "properties": { "street": "SW NEVADA CT", "pavement_max_ft": 18, "pavement_min_ft": 18, "graded_roadway_max_ft": 28, "block_len_ft": 307.0, "n_segments": 1, "row_width_ft": 44.8 }, "geometry": { "type": "LineString", "coordinates": [ [ -122.729384080381251, 45.472892624039432 ], [ -122.730580298573116, 45.472893122952357 ] ] } },
{ "type": "Feature", "properties": { "street": "SW 49TH DR", "pavement_max_ft": 18, "pavement_min_ft": 18, "graded_roadway_max_ft": 18, "block_len_ft": 386.0, "n_segments": 1, "row_width_ft": 50.1 }, "geometry": { "type": "LineString", "coordinates": [ [ -122.726703368334583, 45.485758580088081 ], [ -122.725728124922753, 45.484954017190091 ] ] } },
{ "type": "Feature", "properties": { "street": "SW MARTHA ST", "pavement_max_ft": 18, "pavement_min_ft": 18, "graded_roadway_max_ft": 18, "block_len_ft": 675.0, "n_segments": 1, "row_width_ft": 50.0 }, "geometry": { "type": "LineString", "coordinates": [ [ -122.725728124922753, 45.484954017190091 ], [ -122.725903504812322, 45.4850054534013 ], [ -122.728344781699803, 45.485016621105331 ] ] } },
{ "type": "Feature", "properties": { "street": "SE FOSTER PL", "pavement_max_ft": 16, "pavement_min_ft": 16, "graded_roadway_max_ft": 16, "block_len_ft": 1247.0, "n_segments": 1, "row_width_ft": 50.0 }, "geometry": { "type": "LineString", "coordinates": [ [ -122.541359242584733, 45.476484188818731 ], [ -122.541356676996259, 45.475966889540508 ], [ -122.539172891405144, 45.475295311037719 ], [ -122.538999016193728, 45.475252927277644 ], [ -122.538874268048531, 45.475228618883968 ], [ -122.53876607315911, 45.475215380600169 ], [ -122.538478349061833, 45.475187708444686 ], [ -122.538352457361228, 45.475174619441148 ], [ -122.537895982042912, 45.475135823589092 ], [ -122.537801013947671, 45.475116991632305 ], [ -122.537711406099774, 45.475086239139159 ], [ -122.537629079995526, 45.475044398839778 ], [ -122.537500054072993, 45.475001753475439 ] ] } },
{ "type": "Feature", "properties": { "street": "SW 52ND AVE", "pavement_max_ft": 18, "pavement_min_ft": 1, "graded_roadway_max_ft": 28, "block_len_ft": 706.0, "n_segments": 1, "row_width_ft": 25.0 }, "geometry": { "type": "LineString", "coordinates": [ [ -122.729977751799709, 45.451333844552714 ], [ -122.729970508683579, 45.451002013316078 ], [ -122.730018573941109, 45.450948659290496 ], [ -122.730017741202872, 45.449408603434904 ] ] } },
{ "type": "Feature", "properties": { "street": "N GILBERT AVE", "pavement_max_ft": 14, "pavement_min_ft": 14, "graded_roadway_max_ft": 14, "block_len_ft": 242.0, "n_segments": 1, "row_width_ft": 32.4 }, "geometry": { "type": "LineString", "coordinates": [ [ -122.733004639522548, 45.592215630044805 ], [ -122.73275452878454, 45.592699523417984 ], [ -122.732669487073196, 45.592835009822672 ] ] } },
{ "type": "Feature", "properties": { "street": "N SUPERIOR ST", "pavement_max_ft": 15, "pavement_min_ft": 15, "graded_roadway_max_ft": 28, "block_len_ft": 355.0, "n_segments": 1, "row_width_ft": 60.0 }, "geometry": { "type": "LineString", "coordinates": [ [ -122.72867487932902, 45.585893857803867 ], [ -122.729705210129026, 45.586269036716608 ], [ -122.729726803831795, 45.58628757625285 ], [ -122.729737461444316, 45.586308912743021 ], [ -122.729737319510534, 45.586336491931583 ], [ -122.729737023066505, 45.586420754570284 ] ] } },
{ "type": "Feature", "properties": { "street": "N CLARENDON AVE", "pavement_max_ft": 12, "pavement_min_ft": 12, "graded_roadway_max_ft": 24, "block_len_ft": 800.0, "n_segments": 1, "row_width_ft": 50.0 }, "geometry": { "type": "LineString", "coordinates": [ [ -122.726508903736814, 45.583382678131038 ], [ -122.725069951771971, 45.585328873656493 ] ] } },
{ "type": "Feature", "properties": { "street": "NW UNNAMED RD", "pavement_max_ft": 15, "pavement_min_ft": 15, "graded_roadway_max_ft": 15, "block_len_ft": 203.0, "n_segments": 1, "row_width_ft": 15.0 }, "geometry": { "type": "LineString", "coordinates": [ [ -122.71177883815426, 45.528547361664636 ], [ -122.711780348222263, 45.528668640588677 ], [ -122.711704629226958, 45.529028669708154 ], [ -122.711702377150516, 45.52909990032073 ] ] } },
{ "type": "Feature", "properties": { "street": "SW MAPLECREST DR", "pavement_max_ft": 18, "pavement_min_ft": 18, "graded_roadway_max_ft": 18, "block_len_ft": 1086.0, "n_segments": 1, "row_width_ft": 50.0 }, "geometry": { "type": "LineString", "coordinates": [ [ -122.695135951209679, 45.453609664457083 ], [ -122.695206663893927, 45.453569152969173 ], [ -122.695318982948805, 45.453489389590651 ], [ -122.695393782967614, 45.453405887369954 ], [ -122.695449550380431, 45.453316475391624 ], [ -122.695486313035119, 45.45321675006636 ], [ -122.695492020930459, 45.453123944368635 ], [ -122.695477932651841, 45.452999735619834 ], [ -122.695426708917708, 45.452886611816155 ], [ -122.694842539878337, 45.451574890981583 ], [ -122.694624907729377, 45.451152911592011 ], [ -122.69459434704342, 45.451089863586141 ], [ -122.694557328368873, 45.451015627835602 ], [ -122.694547334611372, 45.450964913040373 ], [ -122.694559968517481, 45.450927906638 ], [ -122.694590398049428, 45.450883488588097 ], [ -122.694667186938233, 45.450857590436478 ] ] } },
{ "type": "Feature", "properties": { "street": "SW BUENAVISTA PL", "pavement_max_ft": 12, "pavement_min_ft": 12, "graded_roadway_max_ft": 12, "block_len_ft": 170.0, "n_segments": 1, "row_width_ft": 20.0 }, "geometry": { "type": "LineString", "coordinates": [ [ -122.70403547179626, 45.5098039742035 ], [ -122.704134003508187, 45.509732981672379 ], [ -122.70420752252933, 45.509669870130352 ], [ -122.70428941564559, 45.509636214221608 ], [ -122.704385008069949, 45.509582551822206 ], [ -122.704513237186816, 45.50948447279886 ] ] } },
{ "type": "Feature", "properties": { "street": "SW ARTHUR WAY", "pavement_max_ft": 18, "pavement_min_ft": 15, "graded_roadway_max_ft": 18, "block_len_ft": 851.0, "n_segments": 1, "row_width_ft": 20.1 }, "geometry": { "type": "LineString", "coordinates": [ [ -122.719793494829759, 45.50198436393692 ], [ -122.719729822242442, 45.50205186180618 ], [ -122.719649910809679, 45.502114486383498 ], [ -122.719473608350313, 45.502298974274858 ], [ -122.7194680271175, 45.502339368893978 ], [ -122.719487825088024, 45.502387818725239 ], [ -122.719528084884132, 45.502410236642973 ], [ -122.719749799876041, 45.502448679390909 ], [ -122.719906257652426, 45.502466411727532 ], [ -122.720061896165319, 45.502463404080906 ], [ -122.720185100106505, 45.502454917567633 ], [ -122.720357524538741, 45.502419060634168 ], [ -122.720525103458399, 45.502384229313925 ], [ -122.720667817909273, 45.50237170005682 ], [ -122.720815868352943, 45.502373589519323 ], [ -122.720983617054145, 45.502391062480015 ], [ -122.72112359972823, 45.502423139250531 ], [ -122.721258789890285, 45.502468123636888 ], [ -122.721626164010559, 45.502617872375765 ], [ -122.721767820246015, 45.502663173928852 ], [ -122.721991538481021, 45.502699291993856 ] ] } },
{ "type": "Feature", "properties": { "street": "SW GREENLEAF DR", "pavement_max_ft": 16, "pavement_min_ft": 16, "graded_roadway_max_ft": 16, "block_len_ft": 413.0, "n_segments": 1, "row_width_ft": 60.0 }, "geometry": { "type": "LineString", "coordinates": [ [ -122.719793494829759, 45.50198436393692 ], [ -122.719619547753084, 45.501928530252805 ], [ -122.719464929726385, 45.501897521029711 ], [ -122.719311528018594, 45.501897870466756 ], [ -122.71919696587041, 45.501910542122566 ], [ -122.719067889642162, 45.501944418608801 ], [ -122.718421744034728, 45.502192272603516 ], [ -122.718337212566482, 45.502246000602284 ] ] } },
{ "type": "Feature", "properties": { "street": "SW HEATHER LN", "pavement_max_ft": 18, "pavement_min_ft": 18, "graded_roadway_max_ft": 18, "block_len_ft": 517.0, "n_segments": 1, "row_width_ft": 20.0 }, "geometry": { "type": "LineString", "coordinates": [ [ -122.711245107721453, 45.502870242083894 ], [ -122.711615830761133, 45.502929796427829 ], [ -122.711739712032056, 45.502929633989858 ], [ -122.712394839894031, 45.502841432592305 ], [ -122.712488534178163, 45.502819621786436 ], [ -122.7125876237439, 45.502768803746989 ], [ -122.712657132685635, 45.502711888546095 ], [ -122.712733555061817, 45.502581476601073 ], [ -122.712755149662939, 45.502549937606844 ], [ -122.712803320921722, 45.502531223106118 ], [ -122.712871821055359, 45.502532130372977 ], [ -122.713013639885929, 45.502548999489449 ] ] } },
{ "type": "Feature", "properties": { "street": "SW 46TH AVE", "pavement_max_ft": 12, "pavement_min_ft": 12, "graded_roadway_max_ft": 28, "block_len_ft": 453.0, "n_segments": 1, "row_width_ft": 50.0 }, "geometry": { "type": "LineString", "coordinates": [ [ -122.72414498347338, 45.466652470965691 ], [ -122.724152470931273, 45.465411310521048 ] ] } },
{ "type": "Feature", "properties": { "street": "SW 46TH AVE", "pavement_max_ft": 14, "pavement_min_ft": 14, "graded_roadway_max_ft": 14, "block_len_ft": 458.0, "n_segments": 1, "row_width_ft": 50.0 }, "geometry": { "type": "LineString", "coordinates": [ [ -122.724152470931273, 45.465411310521048 ], [ -122.724161088469785, 45.464155098229448 ] ] } },
{ "type": "Feature", "properties": { "street": "SW CARSON ST", "pavement_max_ft": 16, "pavement_min_ft": 16, "graded_roadway_max_ft": 16, "block_len_ft": 256.0, "n_segments": 1, "row_width_ft": 58.2 }, "geometry": { "type": "LineString", "coordinates": [ [ -122.723162432266747, 45.464153811691382 ], [ -122.724161088469785, 45.464155098229448 ] ] } },
{ "type": "Feature", "properties": { "street": "SW 46TH AVE", "pavement_max_ft": 14, "pavement_min_ft": 14, "graded_roadway_max_ft": 14, "block_len_ft": 454.0, "n_segments": 1, "row_width_ft": 50.0 }, "geometry": { "type": "LineString", "coordinates": [ [ -122.724161088469785, 45.464155098229448 ], [ -122.724160827060047, 45.462909659559756 ] ] } },
{ "type": "Feature", "properties": { "street": "SW MITCHELL CT", "pavement_max_ft": 18, "pavement_min_ft": 18, "graded_roadway_max_ft": 18, "block_len_ft": 355.0, "n_segments": 1, "row_width_ft": 50.0 }, "geometry": { "type": "LineString", "coordinates": [ [ -122.704874737223477, 45.485739456936521 ], [ -122.704959317200732, 45.485743350341217 ], [ -122.705054529637707, 45.485759049286692 ], [ -122.705151866590271, 45.485770447346873 ], [ -122.705249382307656, 45.485777246000907 ], [ -122.705346144338506, 45.4857792178938 ], [ -122.705442902776085, 45.48577530559777 ], [ -122.705539683671489, 45.485771563346475 ], [ -122.705652806718618, 45.485777814707191 ], [ -122.705762916816241, 45.485791286053285 ], [ -122.705873790481874, 45.485811701529016 ], [ -122.705982043761807, 45.485838981142614 ], [ -122.706085367985821, 45.485873032934009 ], [ -122.706201782460084, 45.485935707624535 ] ] } },
{ "type": "Feature", "properties": { "street": "SW MITCHELL CT", "pavement_max_ft": 18, "pavement_min_ft": 18, "graded_roadway_max_ft": 18, "block_len_ft": 460.0, "n_segments": 1, "row_width_ft": 50.0 }, "geometry": { "type": "LineString", "coordinates": [ [ -122.703200991694544, 45.485431295812603 ], [ -122.703303861370955, 45.485419036746492 ], [ -122.703846193172609, 45.485414112965614 ], [ -122.703947574340603, 45.485417558604595 ], [ -122.704047893699965, 45.485428691587913 ], [ -122.704147115318051, 45.485447169929571 ], [ -122.704243364410871, 45.485473216571414 ], [ -122.704336573604763, 45.485506310658849 ], [ -122.704422834329932, 45.485545520076656 ], [ -122.704501897752991, 45.485588585094568 ], [ -122.70458243710813, 45.485627781229333 ], [ -122.704668241489117, 45.48566282256084 ], [ -122.704755955688384, 45.48569258427851 ], [ -122.704874737223477, 45.485739456936521 ] ] } },
{ "type": "Feature", "properties": { "street": "SW 34TH AVE", "pavement_max_ft": 16, "pavement_min_ft": 16, "graded_roadway_max_ft": 16, "block_len_ft": 1311.0, "n_segments": 1, "row_width_ft": 39.8 }, "geometry": { "type": "LineString", "coordinates": [ [ -122.711610602566168, 45.476130224612795 ], [ -122.711612923812837, 45.472582928026284 ], [ -122.711599500287548, 45.47253610615688 ] ] } },
{ "type": "Feature", "properties": { "street": "SW 33RD PL", "pavement_max_ft": 18, "pavement_min_ft": 18, "graded_roadway_max_ft": 20, "block_len_ft": 1312.0, "n_segments": 1, "row_width_ft": 30.0 }, "geometry": { "type": "LineString", "coordinates": [ [ -122.710931845418955, 45.476118501461158 ], [ -122.710917190303419, 45.472520715979364 ] ] } },
{ "type": "Feature", "properties": { "street": "SW NEVADA CT", "pavement_max_ft": 18, "pavement_min_ft": 18, "graded_roadway_max_ft": 18, "block_len_ft": 263.0, "n_segments": 1, "row_width_ft": 55.0 }, "geometry": { "type": "LineString", "coordinates": [ [ -122.706702996574563, 45.472466536297269 ], [ -122.707596670263598, 45.472474927798409 ], [ -122.707726218107311, 45.472492951788652 ] ] } },
{ "type": "Feature", "properties": { "street": "SW TEXAS ST", "pavement_max_ft": 18, "pavement_min_ft": 18, "graded_roadway_max_ft": 18, "block_len_ft": 229.0, "n_segments": 1, "row_width_ft": 40.0 }, "geometry": { "type": "LineString", "coordinates": [ [ -122.707712693970763, 45.473680375594085 ], [ -122.708465887319051, 45.473685558672379 ], [ -122.708591875139319, 45.473640729564707 ] ] } },
{ "type": "Feature", "properties": { "street": "SW TEXAS ST", "pavement_max_ft": 16, "pavement_min_ft": 16, "graded_roadway_max_ft": 28, "block_len_ft": 209.0, "n_segments": 1, "row_width_ft": 40.0 }, "geometry": { "type": "LineString", "coordinates": [ [ -122.709437634487742, 45.473661424723716 ], [ -122.709574541330298, 45.473709605680206 ], [ -122.710236395777116, 45.473717258086801 ] ] } },
{ "type": "Feature", "properties": { "street": "SW 32ND AVE", "pavement_max_ft": 16, "pavement_min_ft": 1, "graded_roadway_max_ft": 28, "block_len_ft": 955.0, "n_segments": 3, "row_width_ft": 46.6 }, "geometry": { "type": "LineString", "coordinates": [ [ -122.709437634487742, 45.473661424723716 ], [ -122.709449123940217, 45.473192507079446 ] ] } },
{ "type": "Feature", "properties": { "street": "NW WOODSIDE TER", "pavement_max_ft": 18, "pavement_min_ft": 16, "graded_roadway_max_ft": 18, "block_len_ft": 1209.0, "n_segments": 1, "row_width_ft": 91.1 }, "geometry": { "type": "LineString", "coordinates": [ [ -122.725435867028224, 45.520660804378188 ], [ -122.725197569136199, 45.520626959296656 ], [ -122.7249510705239, 45.520527888691163 ], [ -122.724742083761257, 45.520378088780568 ], [ -122.724687485954917, 45.520319751293826 ], [ -122.724646454506001, 45.520241478411997 ], [ -122.724634590456063, 45.520148158696287 ], [ -122.724655840104091, 45.520048994094559 ], [ -122.724710323824411, 45.51985563171359 ], [ -122.724751329222144, 45.519778443929205 ], [ -122.724828487318561, 45.519703344445013 ], [ -122.724900086639948, 45.519667891255118 ], [ -122.724989875947571, 45.519646373354 ], [ -122.725116170991626, 45.519656937500855 ], [ -122.725233495459364, 45.519675913180933 ], [ -122.725353098054583, 45.519697879215762 ], [ -122.72559097733172, 45.519763085540198 ], [ -122.725834911253841, 45.519817550179134 ], [ -122.726063507340839, 45.519866240509593 ], [ -122.726272332406708, 45.519906207108605 ], [ -122.72647876166576, 45.519940149553598 ], [ -122.726654216115492, 45.519954961562654 ], [ -122.726859576379283, 45.519961605659759 ], [ -122.727062997180468, 45.519948828549232 ], [ -122.72724629482093, 45.519938436916753 ], [ -122.727337318413703, 45.519935817293579 ], [ -122.727380595650814, 45.519923868486863 ], [ -122.727408594341583, 45.519894272142771 ], [ -122.727487310116715, 45.519781347426466 ] ] } },
{ "type": "Feature", "properties": { "street": "SW FAIRVIEW CIRCUS", "pavement_max_ft": 14, "pavement_min_ft": 14, "graded_roadway_max_ft": 14, "block_len_ft": 658.0, "n_segments": 1, "row_width_ft": 50.0 }, "geometry": { "type": "LineString", "coordinates": [ [ -122.721492203642114, 45.517159960252563 ], [ -122.721545828573042, 45.516927155546107 ], [ -122.721611836780099, 45.516802899819304 ], [ -122.721819479663083, 45.516675905706336 ], [ -122.722115014611759, 45.516490112866983 ], [ -122.722319822411706, 45.516302018126062 ], [ -122.722744976171072, 45.516190474781276 ], [ -122.722996976964453, 45.515821729815798 ] ] } },
{ "type": "Feature", "properties": { "street": "SE MALL ST", "pavement_max_ft": 18, "pavement_min_ft": 18, "graded_roadway_max_ft": 28, "block_len_ft": 345.0, "n_segments": 1, "row_width_ft": 36.3 }, "geometry": { "type": "LineString", "coordinates": [ [ -122.524917515381674, 45.490729631728506 ], [ -122.524858778138537, 45.490750028411391 ], [ -122.524772235342368, 45.490755676557562 ], [ -122.523579505308732, 45.490763080420521 ] ] } },
{ "type": "Feature", "properties": { "street": "SW 48TH DR", "pavement_max_ft": 16, "pavement_min_ft": 16, "graded_roadway_max_ft": 16, "block_len_ft": 1801.0, "n_segments": 1, "row_width_ft": 50.1 }, "geometry": { "type": "LineString", "coordinates": [ [ -122.727487310116715, 45.519781347426466 ], [ -122.72736980059608, 45.519619491544162 ], [ -122.727286197087523, 45.519501883396366 ], [ -122.727152454111391, 45.519400629867789 ], [ -122.7266677249807, 45.519144694944686 ], [ -122.726591572099096, 45.519053811170672 ], [ -122.726553480836131, 45.518915095304088 ], [ -122.726581646613582, 45.51882823445623 ], [ -122.726638531530597, 45.518758082264576 ], [ -122.726767289755244, 45.518642145338553 ], [ -122.726869892632052, 45.518580244109359 ], [ -122.727038558513186, 45.518510535986458 ], [ -122.727152444229944, 45.518444790046765 ], [ -122.727171350173407, 45.518390168609415 ], [ -122.727130859510268, 45.51834163184197 ], [ -122.726349130278663, 45.518176756198933 ], [ -122.726241845382603, 45.518124581114428 ], [ -122.726204569789914, 45.51806858279096 ], [ -122.726229232137726, 45.517981791133202 ], [ -122.726280167512613, 45.517938880549956 ], [ -122.726724329623423, 45.51772558539195 ], [ -122.727049212532407, 45.517512135212186 ], [ -122.727226048591064, 45.517459385460086 ], [ -122.727393623917393, 45.517438874451742 ], [ -122.728624415569627, 45.517456591995384 ], [ -122.728686868244807, 45.517462577990976 ], [ -122.72872525415525, 45.517495612996022 ], [ -122.728752531498856, 45.517651733865186 ], [ -122.728799647237182, 45.517690277615287 ], [ -122.728888154648871, 45.517725776741408 ] ] } },
{ "type": "Feature", "properties": { "street": "SW BARNES RD", "pavement_max_ft": 16, "pavement_min_ft": 16, "graded_roadway_max_ft": 16, "block_len_ft": 614.0, "n_segments": 1, "row_width_ft": 34.5 }, "geometry": { "type": "LineString", "coordinates": [ [ -122.728888154648871, 45.517725776741408 ], [ -122.728960003701914, 45.517591227016624 ], [ -122.7290246743175, 45.517533816954746 ], [ -122.729334651481068, 45.517409120069303 ], [ -122.729587565861081, 45.517354432164431 ], [ -122.729881732675622, 45.51731381605515 ], [ -122.730119141235491, 45.517312242445463 ], [ -122.730651955386719, 45.517356536393741 ], [ -122.730915371970738, 45.517357492518165 ], [ -122.731040851344559, 45.517345442452999 ] ] } },
{ "type": "Feature", "properties": { "street": "SE PERSHING ST", "pavement_max_ft": 18, "pavement_min_ft": 18, "graded_roadway_max_ft": 18, "block_len_ft": 234.0, "n_segments": 1, "row_width_ft": 30.7 }, "geometry": { "type": "LineString", "coordinates": [ [ -122.649238660774827, 45.498856216570225 ], [ -122.64832753012486, 45.498846722072528 ] ] } },
{ "type": "Feature", "properties": { "street": "SE MARKET ST", "pavement_max_ft": 12, "pavement_min_ft": 12, "graded_roadway_max_ft": 12, "block_len_ft": 450.0, "n_segments": 1, "row_width_ft": 50.1 }, "geometry": { "type": "LineString", "coordinates": [ [ -122.587022434751489, 45.51093416303754 ], [ -122.586611698952453, 45.510931959734215 ], [ -122.586121247553379, 45.510855523941352 ], [ -122.585691609404137, 45.510825477129949 ], [ -122.585282794203152, 45.510825314714658 ] ] } },
{ "type": "Feature", "properties": { "street": "NE EVERETT CT", "pavement_max_ft": 18, "pavement_min_ft": 18, "graded_roadway_max_ft": 18, "block_len_ft": 230.0, "n_segments": 1, "row_width_ft": 50.0 }, "geometry": { "type": "LineString", "coordinates": [ [ -122.553333269689034, 45.524875494289113 ], [ -122.552434386669674, 45.524869634324602 ] ] } },
{ "type": "Feature", "properties": { "street": "NE 10TH AVE", "pavement_max_ft": 14, "pavement_min_ft": 14, "graded_roadway_max_ft": 14, "block_len_ft": 219.0, "n_segments": 1, "row_width_ft": 17.2 }, "geometry": { "type": "LineString", "coordinates": [ [ -122.654865041164598, 45.576597694007525 ], [ -122.654865546017817, 45.577198799794097 ] ] } },
{ "type": "Feature", "properties": { "street": "NE STAFFORD ST", "pavement_max_ft": 14, "pavement_min_ft": 14, "graded_roadway_max_ft": 28, "block_len_ft": 455.0, "n_segments": 1, "row_width_ft": 73.1 }, "geometry": { "type": "LineString", "coordinates": [ [ -122.653541601765511, 45.576596996061312 ], [ -122.652347252967729, 45.576587028005072 ], [ -122.651767470401865, 45.576615967619681 ] ] } },
{ "type": "Feature", "properties": { "street": "NE 8TH AVE", "pavement_max_ft": 18, "pavement_min_ft": 18, "graded_roadway_max_ft": 36, "block_len_ft": 269.0, "n_segments": 1, "row_width_ft": 60.0 }, "geometry": { "type": "LineString", "coordinates": [ [ -122.657370579934266, 45.571041383745417 ], [ -122.657356942609923, 45.571779963307563 ] ] } },
{ "type": "Feature", "properties": { "street": "SW ISABELLA ST", "pavement_max_ft": 16, "pavement_min_ft": 16, "graded_roadway_max_ft": 18, "block_len_ft": 142.0, "n_segments": 1, "row_width_ft": 30.0 }, "geometry": { "type": "LineString", "coordinates": [ [ -122.704141172064155, 45.507166422339004 ], [ -122.704235008282097, 45.507147966232438 ], [ -122.704498048472004, 45.506998400154053 ], [ -122.704608637371706, 45.506972102828968 ] ] } },
{ "type": "Feature", "properties": { "street": "SW NEVADA CT", "pavement_max_ft": 18, "pavement_min_ft": 18, "graded_roadway_max_ft": 22, "block_len_ft": 812.0, "n_segments": 3, "row_width_ft": 55.0 }, "geometry": { "type": "LineString", "coordinates": [ [ -122.703787187333177, 45.472439112880451 ], [ -122.703961858451947, 45.47243589385819 ], [ -122.704714789492215, 45.472447842666412 ] ] } },
{ "type": "Feature", "properties": { "street": "SW NEVADA CT", "pavement_max_ft": 18, "pavement_min_ft": 18, "graded_roadway_max_ft": 22, "block_len_ft": 812.0, "n_segments": 3, "row_width_ft": 55.1 }, "geometry": { "type": "LineString", "coordinates": [ [ -122.702546964268777, 45.472411210691384 ], [ -122.702700079414015, 45.472426131589209 ], [ -122.703787187333177, 45.472439112880451 ] ] } },
{ "type": "Feature", "properties": { "street": "N DWIGHT AVE", "pavement_max_ft": 8, "pavement_min_ft": 8, "graded_roadway_max_ft": 24, "block_len_ft": 661.0, "n_segments": 1, "row_width_ft": 60.0 }, "geometry": { "type": "LineString", "coordinates": [ [ -122.714587638282339, 45.579010859715794 ], [ -122.714580758085589, 45.580822888195797 ] ] } },
{ "type": "Feature", "properties": { "street": "SW BOUNDARY ST", "pavement_max_ft": 15, "pavement_min_ft": 15, "graded_roadway_max_ft": 15, "block_len_ft": 262.0, "n_segments": 1, "row_width_ft": 58.7 }, "geometry": { "type": "LineString", "coordinates": [ [ -122.696902860118442, 45.484702087403548 ], [ -122.69792614812657, 45.484697140886922 ] ] } },
{ "type": "Feature", "properties": { "street": "NE 102ND AVE FRONTAGE RD", "pavement_max_ft": 18, "pavement_min_ft": 18, "graded_roadway_max_ft": 18, "block_len_ft": 302.0, "n_segments": 1, "row_width_ft": 108.7 }, "geometry": { "type": "LineString", "coordinates": [ [ -122.55806901000048, 45.543598832864099 ], [ -122.558047655249553, 45.544427488095614 ] ] } },
{ "type": "Feature", "properties": { "street": "SW BRUGGER ST", "pavement_max_ft": 18, "pavement_min_ft": 18, "graded_roadway_max_ft": 18, "block_len_ft": 945.0, "n_segments": 1, "row_width_ft": 50.0 }, "geometry": { "type": "LineString", "coordinates": [ [ -122.737192335645503, 45.45609799442208 ], [ -122.740876293387998, 45.456107582452944 ] ] } },
{ "type": "Feature", "properties": { "street": "SW BRUGGER ST", "pavement_max_ft": 18, "pavement_min_ft": 16, "graded_roadway_max_ft": 18, "block_len_ft": 1160.0, "n_segments": 2, "row_width_ft": 50.0 }, "geometry": { "type": "LineString", "coordinates": [ [ -122.740876293387998, 45.456107582452944 ], [ -122.74362509503824, 45.456144051108289 ] ] } },
{ "type": "Feature", "properties": { "street": "SW 5TH AVE", "pavement_max_ft": 16, "pavement_min_ft": 15, "graded_roadway_max_ft": 28, "block_len_ft": 470.0, "n_segments": 1, "row_width_ft": 50.0 }, "geometry": { "type": "LineString", "coordinates": [ [ -122.683899683498737, 45.459030720988522 ], [ -122.684400058586732, 45.458262695512367 ], [ -122.684486993048338, 45.458180736555555 ], [ -122.684645984972164, 45.458128213499442 ], [ -122.684954196047812, 45.458099783128581 ] ] } },
{ "type": "Feature", "properties": { "street": "SW 22ND PL", "pavement_max_ft": 14, "pavement_min_ft": 1, "graded_roadway_max_ft": 28, "block_len_ft": 282.0, "n_segments": 1, "row_width_ft": 30.0 }, "geometry": { "type": "LineString", "coordinates": [ [ -122.700774847826324, 45.458115743078615 ], [ -122.70075813287383, 45.457343603095389 ] ] } },
{ "type": "Feature", "properties": { "street": "SW 40TH AVE", "pavement_max_ft": 12, "pavement_min_ft": 12, "graded_roadway_max_ft": 12, "block_len_ft": 601.0, "n_segments": 1, "row_width_ft": 49.5 }, "geometry": { "type": "LineString", "coordinates": [ [ -122.718024821629768, 45.460262295338516 ], [ -122.718002827278397, 45.458613385145959 ] ] } },
{ "type": "Feature", "properties": { "street": "SW LOBELIA ST", "pavement_max_ft": 14, "pavement_min_ft": 14, "graded_roadway_max_ft": 14, "block_len_ft": 346.0, "n_segments": 1, "row_width_ft": 50.0 }, "geometry": { "type": "LineString", "coordinates": [ [ -122.719235241288033, 45.461357697536918 ], [ -122.720584712067406, 45.461370787859146 ] ] } },
{ "type": "Feature", "properties": { "street": "SW SPRING GARDEN ST", "pavement_max_ft": 12, "pavement_min_ft": 12, "graded_roadway_max_ft": 12, "block_len_ft": 346.0, "n_segments": 1, "row_width_ft": 40.0 }, "geometry": { "type": "LineString", "coordinates": [ [ -122.716699351139852, 45.463606968608666 ], [ -122.718045709256785, 45.463621813711669 ] ] } },
{ "type": "Feature", "properties": { "street": "SW 63RD AVE", "pavement_max_ft": 15, "pavement_min_ft": 15, "graded_roadway_max_ft": 15, "block_len_ft": 164.0, "n_segments": 1, "row_width_ft": 49.6 }, "geometry": { "type": "LineString", "coordinates": [ [ -122.74203714490713, 45.477613459202196 ], [ -122.741952205603752, 45.477550592585409 ], [ -122.741882475676462, 45.477506905391607 ], [ -122.74181896837915, 45.477479428367339 ], [ -122.741486233296229, 45.47740562230031 ] ] } },
{ "type": "Feature", "properties": { "street": "NE CLACKAMAS ST", "pavement_max_ft": 16, "pavement_min_ft": 16, "graded_roadway_max_ft": 16, "block_len_ft": 251.0, "n_segments": 1, "row_width_ft": 49.7 }, "geometry": { "type": "LineString", "coordinates": [ [ -122.580992389202223, 45.532836561038714 ], [ -122.580015010495032, 45.532841911093691 ] ] } },
{ "type": "Feature", "properties": { "street": "NE 88TH AVE", "pavement_max_ft": 16, "pavement_min_ft": 16, "graded_roadway_max_ft": 16, "block_len_ft": 260.0, "n_segments": 1, "row_width_ft": 50.0 }, "geometry": { "type": "LineString", "coordinates": [ [ -122.572593890490694, 45.532814432747799 ], [ -122.572579503073072, 45.533527440097629 ] ] } },
{ "type": "Feature", "properties": { "street": "SE WOODWARD ST", "pavement_max_ft": 17, "pavement_min_ft": 17, "graded_roadway_max_ft": 17, "block_len_ft": 216.0, "n_segments": 1, "row_width_ft": 32.5 }, "geometry": { "type": "LineString", "coordinates": [ [ -122.600307775795173, 45.501448010984674 ], [ -122.599465524367929, 45.501441231221989 ] ] } },
{ "type": "Feature", "properties": { "street": "SE CLINTON ST", "pavement_max_ft": 14, "pavement_min_ft": 14, "graded_roadway_max_ft": 28, "block_len_ft": 233.0, "n_segments": 1, "row_width_ft": 50.1 }, "geometry": { "type": "LineString", "coordinates": [ [ -122.602111786921782, 45.503445986211517 ], [ -122.601203309895169, 45.503452535929242 ] ] } },
{ "type": "Feature", "properties": { "street": "SE 80TH AVE", "pavement_max_ft": 18, "pavement_min_ft": 18, "graded_roadway_max_ft": 18, "block_len_ft": 241.0, "n_segments": 1, "row_width_ft": 20.0 }, "geometry": { "type": "LineString", "coordinates": [ [ -122.580821761400514, 45.486579711914771 ], [ -122.580828680224897, 45.486207131509147 ], [ -122.580848107191187, 45.486169038543565 ], [ -122.58084885818279, 45.485988514631096 ], [ -122.580850142773642, 45.485919962123504 ] ] } },
{ "type": "Feature", "properties": { "street": "N GOING ST", "pavement_max_ft": 18, "pavement_min_ft": 18, "graded_roadway_max_ft": 18, "block_len_ft": 241.0, "n_segments": 1, "row_width_ft": 24.0 }, "geometry": { "type": "LineString", "coordinates": [ [ -122.668064384689501, 45.556036190007354 ], [ -122.669003440368414, 45.556040523260904 ] ] } },
{ "type": "Feature", "properties": { "street": "SE 112TH AVE", "pavement_max_ft": 17, "pavement_min_ft": 17, "graded_roadway_max_ft": 18, "block_len_ft": 105.0, "n_segments": 1, "row_width_ft": 28.0 }, "geometry": { "type": "LineString", "coordinates": [ [ -122.548183803086957, 45.483999655023652 ], [ -122.548175028343266, 45.483711961081852 ] ] } },
{ "type": "Feature", "properties": { "street": "NE MASON ST", "pavement_max_ft": 18, "pavement_min_ft": 18, "graded_roadway_max_ft": 18, "block_len_ft": 1038.0, "n_segments": 1, "row_width_ft": 60.0 }, "geometry": { "type": "LineString", "coordinates": [ [ -122.603382878794307, 45.552493592741705 ], [ -122.599332402127672, 45.552469854897652 ] ] } },
{ "type": "Feature", "properties": { "street": "NE EVERETT CT", "pavement_max_ft": 12, "pavement_min_ft": 12, "graded_roadway_max_ft": null, "block_len_ft": 354.0, "n_segments": 1, "row_width_ft": 30.0 }, "geometry": { "type": "LineString", "coordinates": [ [ -122.563578259060392, 45.52529421489308 ], [ -122.563232289996677, 45.525290296531324 ], [ -122.563087079127655, 45.525270490108333 ], [ -122.562691399991081, 45.52526848624241 ], [ -122.562561428142516, 45.525284127596898 ], [ -122.562202487406125, 45.525279740365136 ] ] } },
{ "type": "Feature", "properties": { "street": "SW STEPHENSON CT", "pavement_max_ft": 16, "pavement_min_ft": 16, "graded_roadway_max_ft": 16, "block_len_ft": 1991.0, "n_segments": 2, "row_width_ft": 50.0 }, "geometry": { "type": "LineString", "coordinates": [ [ -122.689617239296581, 45.441416787775431 ], [ -122.689806295138041, 45.441409205358603 ], [ -122.689939809043764, 45.441378363883423 ], [ -122.690705951606887, 45.441004999297526 ], [ -122.690796282598569, 45.440912732580557 ], [ -122.690836809194323, 45.440793632619055 ], [ -122.690838264465057, 45.439962438889367 ] ] } },
{ "type": "Feature", "properties": { "street": "SW STEPHENSON CT", "pavement_max_ft": 16, "pavement_min_ft": 16, "graded_roadway_max_ft": 16, "block_len_ft": 1991.0, "n_segments": 2, "row_width_ft": 50.0 }, "geometry": { "type": "LineString", "coordinates": [ [ -122.686951028753541, 45.439839759913269 ], [ -122.686833338671548, 45.439902272755305 ], [ -122.686738732597391, 45.439919930865216 ], [ -122.68654325020843, 45.439927315565164 ], [ -122.686472788154163, 45.439942073616642 ], [ -122.686421508724479, 45.439960126287275 ], [ -122.686398302545769, 45.439987399732495 ], [ -122.686375566185902, 45.440026860167585 ], [ -122.686381090824909, 45.440080419288854 ], [ -122.686594454179613, 45.440554445519318 ], [ -122.68667269205099, 45.440713529090139 ], [ -122.686776084546906, 45.440830166643138 ], [ -122.68688351676667, 45.440922942145463 ], [ -122.687022116933562, 45.441008098467286 ], [ -122.687123643628652, 45.441056507136409 ], [ -122.687230633877306, 45.44109680133559 ], [ -122.688393133805022, 45.441429786922242 ], [ -122.688488373191433, 45.441447739530773 ], [ -122.688651433585179, 45.441466608577713 ], [ -122.688800570092027, 45.441465718605784 ], [ -122.688898933819019, 45.441465004485259 ], [ -122.688997078357062, 45.441459351398152 ], [ -122.689617239296581, 45.441416787775431 ] ] } },
{ "type": "Feature", "properties": { "street": "SW ALICE ST", "pavement_max_ft": 18, "pavement_min_ft": 18, "graded_roadway_max_ft": 18, "block_len_ft": 268.0, "n_segments": 1, "row_width_ft": 50.0 }, "geometry": { "type": "LineString", "coordinates": [ [ -122.685965852669668, 45.45751829320556 ], [ -122.687010262765043, 45.457522910038833 ] ] } },
{ "type": "Feature", "properties": { "street": "SW 8TH AVE", "pavement_max_ft": 16, "pavement_min_ft": 16, "graded_roadway_max_ft": 16, "block_len_ft": 520.0, "n_segments": 1, "row_width_ft": 50.0 }, "geometry": { "type": "LineString", "coordinates": [ [ -122.687010262765043, 45.457522910038833 ], [ -122.687011826731975, 45.456096226912273 ] ] } },
{ "type": "Feature", "properties": { "street": "SW BOUNDARY ST", "pavement_max_ft": 16, "pavement_min_ft": 15, "graded_roadway_max_ft": 28, "block_len_ft": 422.0, "n_segments": 1, "row_width_ft": 50.0 }, "geometry": { "type": "LineString", "coordinates": [ [ -122.726703368334583, 45.485758580088081 ], [ -122.728347353576439, 45.485771043764267 ] ] } },
{ "type": "Feature", "properties": { "street": "SW 57TH AVE", "pavement_max_ft": 18, "pavement_min_ft": 18, "graded_roadway_max_ft": 18, "block_len_ft": 830.0, "n_segments": 1, "row_width_ft": 50.0 }, "geometry": { "type": "LineString", "coordinates": [ [ -122.735284510713072, 45.513479516275467 ], [ -122.735275363168498, 45.511203917846316 ] ] } },
{ "type": "Feature", "properties": { "street": "SW BURTON DR", "pavement_max_ft": 14, "pavement_min_ft": 14, "graded_roadway_max_ft": 14, "block_len_ft": 1939.0, "n_segments": 1, "row_width_ft": 40.1 }, "geometry": { "type": "LineString", "coordinates": [ [ -122.729632032467663, 45.513034607130997 ], [ -122.729820520573824, 45.513047436800385 ], [ -122.730009270988077, 45.513028714458621 ], [ -122.730166363873394, 45.512986060078603 ], [ -122.730346184135357, 45.512880844124474 ], [ -122.730471513490556, 45.512799637522882 ], [ -122.730604566560544, 45.512747240276951 ], [ -122.73075576559927, 45.512737354687509 ], [ -122.731032074804261, 45.512808446036701 ], [ -122.731150236501762, 45.512880291429227 ], [ -122.731196688385126, 45.512957426985999 ], [ -122.73118473989355, 45.513003574439296 ], [ -122.731156786118504, 45.513046979789486 ], [ -122.731070001675519, 45.513115197751482 ], [ -122.730903171052574, 45.513217661138711 ], [ -122.730787096141427, 45.513323454963121 ], [ -122.730729113483108, 45.513458319564151 ], [ -122.730721718551706, 45.513592198697211 ], [ -122.730759767593838, 45.513755398868497 ], [ -122.730880020569359, 45.513916998423696 ], [ -122.731015688635139, 45.513987707446717 ], [ -122.731130862536062, 45.514019981561134 ], [ -122.731276971720405, 45.514034401073786 ], [ -122.731465821847578, 45.514009161416233 ], [ -122.731630564785917, 45.514014590688113 ], [ -122.731745905773408, 45.514051176727769 ], [ -122.731948876518572, 45.514224113600044 ], [ -122.73214963740817, 45.514341008250867 ], [ -122.732213887612247, 45.514365643461808 ], [ -122.732289934492655, 45.514368480513838 ], [ -122.732466140832244, 45.514343488390708 ], [ -122.732603895684406, 45.51430629698369 ], [ -122.732709524087099, 45.514256789185893 ], [ -122.732763553259858, 45.514182399308545 ], [ -122.732790592549918, 45.514065391021816 ], [ -122.732804817372468, 45.513944318559062 ], [ -122.732849808595162, 45.513801079220499 ], [ -122.733009684461209, 45.513521866239586 ], [ -122.733117960199039, 45.513217774446858 ], [ -122.733173102384441, 45.512850000825672 ] ] } },
{ "type": "Feature", "properties": { "street": "SE FRANKLIN ST", "pavement_max_ft": 12, "pavement_min_ft": 12, "graded_roadway_max_ft": 12, "block_len_ft": 249.0, "n_segments": 1, "row_width_ft": 50.0 }, "geometry": { "type": "LineString", "coordinates": [ [ -122.597579359613647, 45.498891352934677 ], [ -122.596609380329411, 45.498889128381514 ] ] } },
{ "type": "Feature", "properties": { "street": "SE FRANKLIN ST", "pavement_max_ft": 12, "pavement_min_ft": 12, "graded_roadway_max_ft": 12, "block_len_ft": 249.0, "n_segments": 1, "row_width_ft": 50.0 }, "geometry": { "type": "LineString", "coordinates": [ [ -122.596609380329411, 45.498889128381514 ], [ -122.59563964898021, 45.498887322545457 ] ] } },
{ "type": "Feature", "properties": { "street": "SE FRANKLIN ST", "pavement_max_ft": 12, "pavement_min_ft": 12, "graded_roadway_max_ft": 12, "block_len_ft": 247.0, "n_segments": 1, "row_width_ft": 50.0 }, "geometry": { "type": "LineString", "coordinates": [ [ -122.59563964898021, 45.498887322545457 ], [ -122.594677794059393, 45.498885939204541 ] ] } },
{ "type": "Feature", "properties": { "street": "SW 12TH AVE", "pavement_max_ft": 16, "pavement_min_ft": 16, "graded_roadway_max_ft": 16, "block_len_ft": 260.0, "n_segments": 1, "row_width_ft": 60.0 }, "geometry": { "type": "LineString", "coordinates": [ [ -122.692247174970163, 45.499131243999294 ], [ -122.692295587875776, 45.498418957372984 ] ] } },
{ "type": "Feature", "properties": { "street": "SW FAIRMOUNT LN", "pavement_max_ft": 18, "pavement_min_ft": 18, "graded_roadway_max_ft": 20, "block_len_ft": 555.0, "n_segments": 1, "row_width_ft": 50.4 }, "geometry": { "type": "LineString", "coordinates": [ [ -122.709077196259784, 45.496867238940673 ], [ -122.709096240543815, 45.496841095560548 ], [ -122.709109444880156, 45.496824604426699 ], [ -122.709115482457179, 45.496801756107153 ], [ -122.709109988360922, 45.496779130682654 ], [ -122.708983953828223, 45.496624051955443 ], [ -122.708853436702285, 45.496472304421992 ], [ -122.708831860067491, 45.496451613233504 ], [ -122.708822005548797, 45.496435563389447 ], [ -122.708818503017511, 45.496404782232773 ], [ -122.708831454927292, 45.496381797102728 ], [ -122.708861055314216, 45.4963714892735 ], [ -122.708886546807008, 45.496374242855659 ], [ -122.708921514627775, 45.496383313367204 ], [ -122.709271254819015, 45.496520560324264 ], [ -122.709650748110803, 45.496617307503371 ], [ -122.709732260341355, 45.496663238522046 ], [ -122.709796699191642, 45.49672969436309 ], [ -122.709829990756077, 45.496802625056226 ], [ -122.709841865585801, 45.496910907343818 ] ] } },
{ "type": "Feature", "properties": { "street": "SE SHERRETT ST", "pavement_max_ft": 16, "pavement_min_ft": 16, "graded_roadway_max_ft": 16, "block_len_ft": 311.0, "n_segments": 1, "row_width_ft": null }, "geometry": { "type": "LineString", "coordinates": [ [ -122.631083752001913, 45.461536452377899 ], [ -122.630050219606261, 45.461534423560551 ], [ -122.62998346130594, 45.461515339442421 ], [ -122.629936732741484, 45.461493542245186 ], [ -122.629905146179482, 45.461466626995232 ] ] } },
{ "type": "Feature", "properties": { "street": "SE SHERRETT ST", "pavement_max_ft": 16, "pavement_min_ft": 16, "graded_roadway_max_ft": 16, "block_len_ft": 250.0, "n_segments": 1, "row_width_ft": null }, "geometry": { "type": "LineString", "coordinates": [ [ -122.633029842470492, 45.461547544714996 ], [ -122.6320569571363, 45.461548293235055 ] ] } },
{ "type": "Feature", "properties": { "street": "SW 22ND AVE", "pavement_max_ft": 15, "pavement_min_ft": 15, "graded_roadway_max_ft": 15, "block_len_ft": 497.0, "n_segments": 1, "row_width_ft": 50.0 }, "geometry": { "type": "LineString", "coordinates": [ [ -122.700018663986484, 45.434325949099772 ], [ -122.700023151071306, 45.432964241964633 ] ] } },
{ "type": "Feature", "properties": { "street": "SE 86TH CT", "pavement_max_ft": 18, "pavement_min_ft": 18, "graded_roadway_max_ft": 18, "block_len_ft": 321.0, "n_segments": 1, "row_width_ft": 26.9 }, "geometry": { "type": "LineString", "coordinates": [ [ -122.574134709612068, 45.485797737687008 ], [ -122.574137620153593, 45.485763943436964 ], [ -122.574139860551938, 45.484918884095869 ] ] } },
{ "type": "Feature", "properties": { "street": "SE COOPER ST", "pavement_max_ft": 16, "pavement_min_ft": 16, "graded_roadway_max_ft": 20, "block_len_ft": 490.0, "n_segments": 1, "row_width_ft": 88.4 }, "geometry": { "type": "LineString", "coordinates": [ [ -122.549975312359763, 45.47316103036782 ], [ -122.548684741418612, 45.473151895642403 ], [ -122.548591911313778, 45.473170467461749 ], [ -122.548486188588043, 45.473203952407616 ], [ -122.548419279370705, 45.473235573350792 ], [ -122.548333121053517, 45.473254026714535 ], [ -122.54816759837756, 45.473256979226967 ], [ -122.548095476236682, 45.473255793686498 ] ] } },
{ "type": "Feature", "properties": { "street": "SW 39TH AVE", "pavement_max_ft": 18, "pavement_min_ft": 18, "graded_roadway_max_ft": 18, "block_len_ft": 438.0, "n_segments": 1, "row_width_ft": 40.1 }, "geometry": { "type": "LineString", "coordinates": [ [ -122.717096479258998, 45.48256043497851 ], [ -122.717091978699415, 45.482455059494249 ], [ -122.717096798160924, 45.482386537327621 ], [ -122.717082069383537, 45.482309963263795 ], [ -122.717052554336533, 45.482234970614485 ], [ -122.717010452994103, 45.482162896529815 ], [ -122.71694685856022, 45.482086126912321 ], [ -122.716900945666055, 45.482023349054209 ], [ -122.716859245870566, 45.481958905831391 ], [ -122.716822679048605, 45.481893120975691 ], [ -122.716789495282001, 45.481826040460867 ], [ -122.716761455268738, 45.481757793399787 ], [ -122.716738589551483, 45.481688554884336 ], [ -122.716719193127886, 45.48161888925025 ], [ -122.716703230963546, 45.481548447562503 ], [ -122.716759282244055, 45.481415246776116 ] ] } },
{ "type": "Feature", "properties": { "street": "SW 41ST AVE", "pavement_max_ft": 14, "pavement_min_ft": 14, "graded_roadway_max_ft": 14, "block_len_ft": 821.0, "n_segments": 1, "row_width_ft": 50.0 }, "geometry": { "type": "LineString", "coordinates": [ [ -122.719287452270663, 45.46641061326698 ], [ -122.719291125481831, 45.464223404412337 ], [ -122.71930546169547, 45.464160386770075 ] ] } },
{ "type": "Feature", "properties": { "street": "SW PROSPECT DR", "pavement_max_ft": 16, "pavement_min_ft": 16, "graded_roadway_max_ft": 16, "block_len_ft": 617.0, "n_segments": 1, "row_width_ft": 18.4 }, "geometry": { "type": "LineString", "coordinates": [ [ -122.697408961068064, 45.517280782831627 ], [ -122.697364016557756, 45.517465458318391 ], [ -122.697367314273151, 45.517550670875153 ], [ -122.697389762273772, 45.517646175909007 ], [ -122.697458555258237, 45.517728004326919 ], [ -122.697573447986443, 45.517789760463891 ], [ -122.697724823993312, 45.51782524253246 ], [ -122.697856307706502, 45.517831254925213 ], [ -122.697983765170534, 45.517813892502744 ], [ -122.698119187996298, 45.51776013593139 ], [ -122.698197329747899, 45.517679762195584 ], [ -122.698203561361026, 45.517598629239444 ], [ -122.697988357358284, 45.517125200368518 ], [ -122.697945216665104, 45.517093466840954 ] ] } },
{ "type": "Feature", "properties": { "street": "SW PROSPECT DR", "pavement_max_ft": 16, "pavement_min_ft": 16, "graded_roadway_max_ft": 16, "block_len_ft": 371.0, "n_segments": 1, "row_width_ft": 30.0 }, "geometry": { "type": "LineString", "coordinates": [ [ -122.697051005783521, 45.516740786959815 ], [ -122.697232244485321, 45.516690468053262 ], [ -122.697330596534229, 45.516641350094964 ], [ -122.697441569014543, 45.516605629976553 ], [ -122.697569392991255, 45.516583548174317 ], [ -122.6976229703114, 45.516590020829106 ], [ -122.697673871550393, 45.516610041803972 ], [ -122.697739330886805, 45.51667552048233 ], [ -122.697951447379921, 45.51694540261655 ], [ -122.697964908634418, 45.516999892643057 ], [ -122.69796342102434, 45.517040288043042 ], [ -122.697945216665104, 45.517093466840954 ] ] } },
{ "type": "Feature", "properties": { "street": "SW MOSS ST", "pavement_max_ft": 18, "pavement_min_ft": 15, "graded_roadway_max_ft": 18, "block_len_ft": 1252.0, "n_segments": 2, "row_width_ft": 40.0 }, "geometry": { "type": "LineString", "coordinates": [ [ -122.697380293132383, 45.467865664993667 ], [ -122.697493046073575, 45.467892265340431 ], [ -122.699974375246313, 45.467907167904713 ] ] } },
{ "type": "Feature", "properties": { "street": "SW MOSS ST", "pavement_max_ft": 18, "pavement_min_ft": 15, "graded_roadway_max_ft": 18, "block_len_ft": 1252.0, "n_segments": 2, "row_width_ft": 50.0 }, "geometry": { "type": "LineString", "coordinates": [ [ -122.695200818556359, 45.467645277207815 ], [ -122.696875085108175, 45.467630864083816 ], [ -122.697380293132383, 45.467865664993667 ] ] } },
{ "type": "Feature", "properties": { "street": "NW ROYAL BLVD", "pavement_max_ft": 16, "pavement_min_ft": 16, "graded_roadway_max_ft": 28, "block_len_ft": 594.0, "n_segments": 1, "row_width_ft": 60.1 }, "geometry": { "type": "LineString", "coordinates": [ [ -122.74350294392255, 45.524943305821395 ], [ -122.743389410345358, 45.525081354182696 ], [ -122.743232833093018, 45.525241726696187 ], [ -122.74318700643714, 45.52531272987256 ], [ -122.74316365652794, 45.525398683251673 ], [ -122.743160010266251, 45.525551669418803 ], [ -122.74317970762543, 45.525749714723361 ], [ -122.743209032229615, 45.525890875748551 ], [ -122.743285335129841, 45.526018969300196 ], [ -122.743390182896519, 45.52611816176961 ], [ -122.743529985009218, 45.526200472531215 ], [ -122.743819452736531, 45.526296283218734 ] ] } },
{ "type": "Feature", "properties": { "street": "NW BARNES RD", "pavement_max_ft": 16, "pavement_min_ft": 16, "graded_roadway_max_ft": 16, "block_len_ft": 685.0, "n_segments": 1, "row_width_ft": 40.1 }, "geometry": { "type": "LineString", "coordinates": [ [ -122.727355784182677, 45.520615910688619 ], [ -122.728062530139226, 45.52064011641481 ], [ -122.728202641272375, 45.520611611839193 ], [ -122.728290717492769, 45.520556027623407 ], [ -122.728354135856861, 45.520447048740394 ], [ -122.728401504920086, 45.520072858293396 ], [ -122.728452136664444, 45.519925644065594 ], [ -122.728696924884417, 45.519541853401293 ], [ -122.728710273849543, 45.519413132675545 ] ] } },
{ "type": "Feature", "properties": { "street": "SW GREENLEAF CT", "pavement_max_ft": 10, "pavement_min_ft": 10, "graded_roadway_max_ft": 10, "block_len_ft": 148.0, "n_segments": 1, "row_width_ft": 50.7 }, "geometry": { "type": "LineString", "coordinates": [ [ -122.716369407122514, 45.50294258369869 ], [ -122.716440183587153, 45.502987050135467 ], [ -122.716521436204587, 45.503028080160497 ], [ -122.716603861123502, 45.503068690840024 ], [ -122.716692231092892, 45.503100572047586 ], [ -122.716825084736911, 45.503115231088373 ], [ -122.716873902782709, 45.503113307022581 ] ] } },
{ "type": "Feature", "properties": { "street": "SW BRUGGER ST", "pavement_max_ft": 18, "pavement_min_ft": 16, "graded_roadway_max_ft": 18, "block_len_ft": 1160.0, "n_segments": 2, "row_width_ft": null }, "geometry": { "type": "LineString", "coordinates": [ [ -122.74362509503824, 45.456144051108289 ], [ -122.743627946290985, 45.454897594863048 ] ] } },
{ "type": "Feature", "properties": { "street": "SW 65TH AVE", "pavement_max_ft": 12, "pavement_min_ft": 12, "graded_roadway_max_ft": 12, "block_len_ft": 281.0, "n_segments": 1, "row_width_ft": null }, "geometry": { "type": "LineString", "coordinates": [ [ -122.743627946290985, 45.454897594863048 ], [ -122.743623605631527, 45.454128237667433 ] ] } },
{ "type": "Feature", "properties": { "street": "SW 65TH AVE", "pavement_max_ft": 16, "pavement_min_ft": 16, "graded_roadway_max_ft": 16, "block_len_ft": 436.0, "n_segments": 1, "row_width_ft": null }, "geometry": { "type": "LineString", "coordinates": [ [ -122.743677363513058, 45.487094336692564 ], [ -122.743668714533541, 45.486021337604456 ], [ -122.743684587764577, 45.485899158103422 ] ] } },
{ "type": "Feature", "properties": { "street": "SW BOUNDARY ST", "pavement_max_ft": 18, "pavement_min_ft": 18, "graded_roadway_max_ft": 18, "block_len_ft": 513.0, "n_segments": 1, "row_width_ft": 44.4 }, "geometry": { "type": "LineString", "coordinates": [ [ -122.741683403619632, 45.485864457008539 ], [ -122.743684587764577, 45.485899158103422 ] ] } },
{ "type": "Feature", "properties": { "street": "SW 65TH AVE", "pavement_max_ft": 16, "pavement_min_ft": 16, "graded_roadway_max_ft": 16, "block_len_ft": 392.0, "n_segments": 1, "row_width_ft": null }, "geometry": { "type": "LineString", "coordinates": [ [ -122.743684587764577, 45.485899158103422 ], [ -122.743684768325949, 45.485832914318891 ], [ -122.743705190625619, 45.484823529477438 ] ] } },
{ "type": "Feature", "properties": { "street": "N REVERE ST", "pavement_max_ft": 9, "pavement_min_ft": 9, "graded_roadway_max_ft": 28, "block_len_ft": 138.0, "n_segments": 1, "row_width_ft": 50.0 }, "geometry": { "type": "LineString", "coordinates": [ [ -122.676649322450118, 45.546866072468973 ], [ -122.677189173104949, 45.546859317051009 ] ] } }
]
}
