street,block_len_ft,n_segments,pavement_max_ft,pavement_min_ft,shoulder_each_side_ft
N DWIGHT AVE,661,1,8,8,-5.0
N DWIGHT AVE,560,1,8,8,-5.0
SE 86TH CT,286,1,8,8,-5.0
SW MENEFEE DR,141,1,8,8,-5.0
N REVERE ST,138,1,9,9,-4.5
NE 19TH AVE,263,1,9,9,-4.5
NE 19TH AVE,261,1,9,9,-4.5
SE 19TH AVE,259,1,9,9,-4.5
SW PARKSIDE LN,318,1,9,8,-4.5
N DEPAUW ST,477,1,10,10,-4.0
NE 35TH AVE,162,1,10,10,-4.0
NE 35TH PL,160,1,10,10,-4.0
NE 36TH AVE,159,1,10,10,-4.0
NE 58TH CT,259,1,10,10,-4.0
NE 89TH AVE,252,1,10,10,-4.0
NE FAILING ST,260,1,10,10,-4.0
NE HASSALO ST,294,1,10,10,-4.0
NE PACIFIC ST,250,1,10,10,-4.0
NW 3RD CT,193,1,10,10,-4.0
NW HARBOR BLVD,253,1,10,10,-4.0
SE 18TH AVE,251,1,10,10,-4.0
SE 30TH AVE,232,1,10,10,-4.0
SE 36TH AVE,262,1,10,10,-4.0
SE 36TH AVE,260,1,10,10,-4.0
SE 36TH AVE,260,1,10,10,-4.0
SE 51ST AVE,667,1,10,10,-4.0
SE 67TH AVE,157,1,10,10,-4.0
SE HENDERSON ST,473,1,10,10,-4.0
SE LIEBE ST,259,1,10,10,-4.0
SE LIEBE ST,238,1,10,10,-4.0
SE PINE ST,245,1,10,10,-4.0
SE TAGGART ST,460,1,10,10,-4.0
SE TAGGART ST,249,1,10,10,-4.0
SE TAGGART ST,242,1,10,10,-4.0
SW 19TH AVE,177,1,10,10,-4.0
SW 21ST AVE,260,1,10,10,-4.0
SW 30TH AVE,320,1,10,10,-4.0
SW BLACKSTONE LN,141,1,10,10,-4.0
SW CALIFORNIA ST,240,1,10,10,-4.0
SW CHESAPEAK AVE,1054,2,10,1,-4.0
SW GREENLEAF CT,148,1,10,10,-4.0
SW HAINES ST,307,1,10,10,-4.0
SW HILLCREST PL,180,1,10,10,-4.0
SW HUME ST,360,1,10,10,-4.0
SW KANAN ST,471,1,10,1,-4.0
SW NEBRASKA ST,211,1,10,10,-4.0
SW NEVADA CT,317,1,10,1,-4.0
SW TEXAS ST,318,1,10,10,-4.0
N IVANHOE ST,187,1,11,11,-3.5
NE HASSALO ST,250,1,11,11,-3.5
NE HUMBOLDT ST,250,1,11,11,-3.5
NE HUMBOLDT ST,250,1,11,11,-3.5
NE PACIFIC ST,197,1,11,11,-3.5
SE CLINTON ST,278,1,11,11,-3.5
SE HAROLD ST,252,1,11,11,-3.5
SW DOLPH CT,258,1,11,11,-3.5
N CENTRAL ST,238,1,12,12,-3.0
N CLARENDON AVE,800,1,12,12,-3.0
N HOUGHTON ST,283,1,12,12,-3.0
N HOUGHTON ST,272,1,12,12,-3.0
N HOUGHTON ST,246,1,12,12,-3.0
N HOUGHTON ST,215,1,12,12,-3.0
N KALMAR ST,515,1,12,12,-3.0
N LANCASTER AVE,661,1,12,12,-3.0
N LANCASTER AVE,651,1,12,12,-3.0
N MORGAN ST,169,1,12,12,-3.0
NE 112TH AVE,230,1,12,12,-3.0
NE 13TH AVE,248,1,12,12,-3.0
NE 13TH AVE,243,1,12,12,-3.0
NE 13TH AVE,164,1,12,12,-3.0
NE 13TH AVE,141,1,12,12,-3.0
NE 147TH AVE,141,1,12,12,-3.0
NE 34TH AVE,161,1,12,12,-3.0
NE 61ST AVE,250,1,12,12,-3.0
NE BEECH ST,260,1,12,12,-3.0
NE CLACKAMAS ST,251,1,12,12,-3.0
NE CLACKAMAS ST,250,1,12,12,-3.0
NE COUCH ST,260,1,12,12,-3.0
NE EVERETT CT,354,1,12,12,-3.0
NE FAILING ST,260,1,12,12,-3.0
NE FAILING ST,260,1,12,12,-3.0
NE FLANDERS ST,414,1,12,12,-3.0
NE HASSALO ST,207,1,12,12,-3.0
NE HOLLADAY ST,341,1,12,12,-3.0
NE MASON ST,260,1,12,12,-3.0
NE MULTNOMAH ST,250,1,12,12,-3.0
NE SKIDMORE ST,260,1,12,12,-3.0
NE WASCO ST,340,1,12,12,-3.0
NW 2ND CT,573,2,12,12,-3.0
NW 2ND ST,549,2,12,10,-3.0
NW 3RD ST,786,3,12,12,-3.0
NW 3RD ST,394,1,12,12,-3.0
NW COLLEGE DR,600,1,12,12,-3.0
NW HARBOR BLVD,406,1,12,12,-3.0
NW QUEENS DR,163,1,12,12,-3.0
NW WILARK AVE,468,1,12,12,-3.0
NW WILARK AVE,449,1,12,12,-3.0
SE 140TH AVE,127,1,12,12,-3.0
SE 18TH AVE,160,1,12,12,-3.0
SE 21ST AVE,660,1,12,12,-3.0
SE 55TH AVE,383,1,12,12,-3.0
SE 56TH AVE,346,1,12,12,-3.0
SE 56TH AVE,245,1,12,12,-3.0
SE 69TH AVE,451,1,12,12,-3.0
SE 84TH AVE,126,1,12,12,-3.0
SE 85TH AVE,113,1,12,12,-3.0
SE 88TH AVE,450,1,12,12,-3.0
SE ALDER ST,260,1,12,12,-3.0
SE ANKENY ST,245,1,12,12,-3.0
SE ARNOLD WAY,1168,1,12,12,-3.0
SE CLAY ST,247,1,12,12,-3.0
SE CLAY ST,181,1,12,1,-3.0
SE CLINTON ST,235,1,12,12,-3.0
SE CORA ST,250,1,12,12,-3.0
SE FRANKLIN ST,323,1,12,12,-3.0
SE FRANKLIN ST,255,1,12,12,-3.0
SE FRANKLIN ST,250,1,12,12,-3.0
SE FRANKLIN ST,250,1,12,12,-3.0
SE FRANKLIN ST,249,1,12,12,-3.0
SE FRANKLIN ST,249,1,12,12,-3.0
SE FRANKLIN ST,247,1,12,12,-3.0
SE GLADSTONE ST,307,1,12,12,-3.0
SE HAROLD ST,247,1,12,12,-3.0
SE HAWTHORNE BLVD,260,1,12,12,-3.0
SE HAWTHORNE BLVD,260,1,12,12,-3.0
SE HAWTHORNE BLVD,255,1,12,12,-3.0
SE IVON ST,262,1,12,12,-3.0
SE LAMBERT ST,261,1,12,12,-3.0
SE LINCOLN ST,1031,3,12,12,-3.0
SE MAIN ST,689,1,12,12,-3.0
SE MARKET ST,450,1,12,12,-3.0
SE MARKET ST,258,1,12,12,-3.0
SE MARTINS ST,955,1,12,12,-3.0
SE MARTINS ST,413,1,12,12,-3.0
SE REX ST,250,1,12,12,-3.0
SE TOLMAN ST,343,1,12,12,-3.0
SW 12TH AVE,113,1,12,1,-3.0
SW 25TH AVE,489,1,12,12,-3.0
SW 27TH AVE,396,1,12,12,-3.0
SW 29TH AVE,322,1,12,12,-3.0
SW 33RD AVE,439,1,12,12,-3.0
SW 35TH AVE,499,1,12,12,-3.0
SW 37TH AVE,202,1,12,12,-3.0
SW 40TH AVE,601,1,12,12,-3.0
SW 42ND AVE,330,1,12,12,-3.0
SW 43RD AVE,260,1,12,12,-3.0
SW 44TH AVE,299,1,12,12,-3.0
SW 46TH AVE,453,1,12,12,-3.0
SW 47TH AVE,125,1,12,12,-3.0
SW 4TH AVE,488,1,12,12,-3.0
SW 54TH AVE,356,1,12,12,-3.0
SW 54TH AVE,180,1,12,12,-3.0
SW 55TH AVE,360,1,12,12,-3.0
SW 57TH AVE,531,1,12,12,-3.0
SW 59TH AVE,437,1,12,12,-3.0
SW 60TH AVE,1286,1,12,12,-3.0
SW 65TH AVE,281,1,12,12,-3.0
SW ABERNETHY ST,276,1,12,12,-3.0
SW ALFRED CT,480,1,12,12,-3.0
SW BAIRD ST,260,1,12,1,-3.0
SW BEAVERTON CT,212,1,12,1,-3.0
SW BUENAVISTA PL,170,1,12,12,-3.0
SW CABLE AVE,431,1,12,12,-3.0
SW CHESAPEAK AVE,280,1,12,12,-3.0
SW COMUS ST,416,1,12,12,-3.0
SW CORONADO ST,186,1,12,12,-3.0
SW CURRY ST,253,1,12,12,-3.0
SW DAVENPORT LN,289,1,12,12,-3.0
SW FAIRMOUNT BLVD,270,1,12,12,-3.0
SW FREEMAN ST,632,1,12,12,-3.0
SW HAMILTON CT,284,1,12,12,-3.0
SW HUME ST,1317,1,12,12,-3.0
SW HUME ST,325,1,12,12,-3.0
SW LESSER WAY,1165,2,12,12,-3.0
SW MENEFEE LN,363,1,12,12,-3.0
SW NEVADA ST,262,1,12,12,-3.0
SW NEVADA ST,255,1,12,12,-3.0
SW NORTHWOOD AVE,486,1,12,12,-3.0
SW RADCLIFFE LN,375,1,12,12,-3.0
SW SHEFFIELD AVE,387,1,12,12,-3.0
SW SPRING GARDEN ST,346,1,12,12,-3.0
SW TEXAS ST,204,1,12,12,-3.0
SW WESTWOOD LN,902,1,12,10,-3.0
NE 147TH AVE,140,1,13,1,-2.5
NE 62ND AVE,250,1,13,13,-2.5
NE 62ND AVE,250,1,13,13,-2.5
NE MULTNOMAH ST,251,1,13,13,-2.5
NE OREGON ST,261,1,13,13,-2.5
SE 41ST AVE,242,1,13,13,-2.5
SE 88TH AVE,440,1,13,13,-2.5
SE ANKENY ST,174,1,13,13,-2.5
SE TACOMA ST,304,1,13,13,-2.5
SW NEVADA CT,175,1,13,13,-2.5
N BUTLER ST,505,1,14,14,-2.0
N BUTLER ST,260,1,14,14,-2.0
N CRAWFORD ST,369,1,14,13,-2.0
N CRAWFORD ST,360,1,14,14,-2.0
N DECATUR ST,360,1,14,14,-2.0
N EASY ST,323,1,14,14,-2.0
N GILBERT AVE,242,1,14,14,-2.0
N WATTS ST,515,1,14,14,-2.0
NE 10TH AVE,219,1,14,14,-2.0
NE 18TH AVE,130,1,14,14,-2.0
NE 21ST AVE,197,1,14,14,-2.0
NE 61ST AVE,250,1,14,14,-2.0
NE 61ST AVE,250,1,14,14,-2.0
NE 61ST AVE,232,1,14,14,-2.0
NE 62ND AVE,258,1,14,14,-2.0
NE 62ND AVE,231,1,14,14,-2.0
NE 75TH AVE,664,1,14,14,-2.0
NE 76TH AVE,260,1,14,14,-2.0
NE 88TH AVE,250,1,14,14,-2.0
NE ALBERTA ST,252,1,14,14,-2.0
NE BEECH ST,260,1,14,14,-2.0
NE BEECH ST,260,1,14,14,-2.0
NE BEECH ST,260,1,14,14,-2.0
NE CLACKAMAS ST,251,1,14,14,-2.0
NE COUCH ST,407,1,14,14,-2.0
NE DAVIS ST,260,1,14,14,-2.0
NE FAILING ST,260,1,14,14,-2.0
NE FAILING ST,260,1,14,14,-2.0
NE FAILING ST,260,1,14,14,-2.0
NE FAILING ST,260,1,14,14,-2.0
NE HASSALO ST,288,1,14,14,-2.0
NE HASSALO ST,252,1,14,14,-2.0
NE HASSALO ST,251,1,14,14,-2.0
NE HOLLADAY ST,250,1,14,14,-2.0
NE HOYT ST,259,1,14,14,-2.0
NE HUMBOLDT ST,250,1,14,14,-2.0
NE LEVEE RD,567,1,14,14,-2.0
NE MULTNOMAH ST,279,1,14,14,-2.0
NE MULTNOMAH ST,264,1,14,14,-2.0
NE MULTNOMAH ST,252,1,14,14,-2.0
NE MULTNOMAH ST,250,1,14,14,-2.0
NE OREGON ST,250,1,14,14,-2.0
NE OREGON ST,154,1,14,14,-2.0
NE PACIFIC ST,304,1,14,14,-2.0
NE PACIFIC ST,260,1,14,14,-2.0
NE PACIFIC ST,255,1,14,14,-2.0
NE STAFFORD ST,455,1,14,14,-2.0
NE STAFFORD ST,430,1,14,10,-2.0
NE WASCO ST,306,1,14,14,-2.0
NW BAILEY ST,480,1,14,14,-2.0
NW HARBOR BLVD,343,1,14,14,-2.0
NW MIDWAY AVE,208,1,14,14,-2.0
NW SHEPARD ST,273,1,14,14,-2.0
NW SPRINGVILLE RD,351,1,14,14,-2.0
NW SPRINGVILLE RD,291,1,14,14,-2.0
SE 33RD AVE,290,1,14,14,-2.0
SE 38TH AVE,270,1,14,14,-2.0
SE 85TH AVE,451,1,14,14,-2.0
SE 86TH AVE,674,1,14,14,-2.0
SE 86TH AVE,501,1,14,14,-2.0
SE 88TH AVE,1175,2,14,14,-2.0
SE 88TH AVE,560,1,14,14,-2.0
SE 89TH AVE,1097,2,14,14,-2.0
SE ALDER ST,545,1,14,14,-2.0
SE CLINTON ST,250,1,14,14,-2.0
SE CLINTON ST,233,1,14,14,-2.0
SE HAWTHORNE BLVD,399,1,14,14,-2.0
SE HAWTHORNE BLVD,259,1,14,14,-2.0
SE KNIGHT ST,260,1,14,14,-2.0
SE LONG ST,260,1,14,14,-2.0
SE MARKET ST,252,1,14,14,-2.0
SE MORRISON ST,533,1,14,14,-2.0
SE MORRISON ST,468,1,14,14,-2.0
SW 12TH AVE,246,1,14,14,-2.0
SW 22ND PL,282,1,14,1,-2.0
SW 28TH AVE,396,1,14,14,-2.0
SW 28TH AVE,328,1,14,14,-2.0
SW 41ST AVE,821,1,14,14,-2.0
SW 46TH AVE,458,1,14,14,-2.0
SW 46TH AVE,454,1,14,14,-2.0
SW 46TH AVE,125,1,14,14,-2.0
SW 47TH AVE,453,1,14,14,-2.0
SW 51ST AVE,510,1,14,14,-2.0
SW 53RD AVE,510,1,14,14,-2.0
SW 7TH AVE,277,1,14,1,-2.0
SW BURTON DR,1939,1,14,14,-2.0
SW CASCADE DR,300,1,14,14,-2.0
SW EVANS ST,250,1,14,14,-2.0
SW EVANS ST,245,1,14,14,-2.0
SW EVERGREEN LN,381,1,14,14,-2.0
SW FAIRVIEW CIRCUS,658,1,14,14,-2.0
SW FLOWER ST,707,1,14,14,-2.0
SW FLOWER ST,200,1,14,14,-2.0
SW IDAHO ST,235,1,14,14,-2.0
SW JEFFERSON ST,273,1,14,14,-2.0
SW JULIA ST,433,1,14,14,-2.0
SW LOBELIA ST,668,1,14,14,-2.0
SW LOBELIA ST,346,1,14,14,-2.0
SW MILES ST,488,1,14,14,-2.0
SW MOSS ST,440,1,14,14,-2.0
SW PATRICK PL,150,1,14,14,-2.0
N FOX ST,297,1,15,15,-1.5
N KILPATRICK ST,454,1,15,15,-1.5
N NEWCASTLE AVE,328,1,15,15,-1.5
N ST LOUIS AVE,522,1,15,1,-1.5
N STAFFORD ST,292,1,15,15,-1.5
N SUPERIOR ST,355,1,15,15,-1.5
N WILLAMETTE LN,541,1,15,10,-1.5
NE 126TH AVE,226,1,15,15,-1.5
NE BEECH ST,260,1,15,15,-1.5
NE BEECH ST,260,1,15,15,-1.5
NE DAVIS ST,408,1,15,15,-1.5
NE FAILING ST,260,1,15,15,-1.5
NE FAILING ST,260,1,15,15,-1.5
NE FLANDERS ST,259,1,15,15,-1.5
NE HANCOCK ST,260,1,15,15,-1.5
NE HASSALO ST,250,1,15,15,-1.5
NE HASSALO ST,250,1,15,15,-1.5
NE IRVING ST,296,1,15,15,-1.5
NE MASON ST,260,1,15,15,-1.5
NE MULTNOMAH ST,267,1,15,15,-1.5
NE OREGON ST,277,1,15,15,-1.5
NE OREGON ST,251,1,15,15,-1.5
NE OREGON ST,197,1,15,15,-1.5
NE PARK LN,450,1,15,15,-1.5
NE RODNEY AVE,414,1,15,15,-1.5
NE RODNEY AVE,250,1,15,15,-1.5
NE SKIDMORE ST,260,1,15,15,-1.5
NE SKIDMORE ST,260,1,15,15,-1.5
NE WASCO ST,254,1,15,15,-1.5
NW UNNAMED RD,203,1,15,15,-1.5
NW UNNAMED RD,156,1,15,15,-1.5
SE 33RD AVE,257,1,15,15,-1.5
SE 35TH AVE,262,1,15,15,-1.5
SE 42ND AVE,250,1,15,15,-1.5
SE 76TH AVE,481,1,15,15,-1.5
SE 80TH AVE,155,1,15,15,-1.5
SE FRANCIS ST,293,1,15,15,-1.5
SE FRANKLIN ST,258,1,15,15,-1.5
SE FRANKLIN ST,248,1,15,15,-1.5
SE GLADSTONE ST,132,1,15,15,-1.5
SE IVON ST,257,1,15,15,-1.5
SE TAYLOR CT,809,2,15,14,-1.5
SW 12TH AVE,255,1,15,15,-1.5
SW 15TH AVE,196,1,15,1,-1.5
SW 22ND AVE,497,1,15,15,-1.5
SW 33RD AVE,139,1,15,15,-1.5
SW 36TH AVE,227,1,15,15,-1.5
SW 42ND AVE,389,1,15,1,-1.5
SW 56TH AVE,1143,2,15,15,-1.5
SW 63RD AVE,164,1,15,15,-1.5
SW 8TH AVE,1272,1,15,15,-1.5
SW ALFRED ST,455,1,15,15,-1.5
SW BOUNDARY ST,262,1,15,15,-1.5
SW DEWITT ST,454,1,15,15,-1.5
SW DICKINSON ST,265,1,15,15,-1.5
SW ENGLISH CT,159,1,15,15,-1.5
SW HAINES ST,375,1,15,15,-1.5
SW MITCHELL ST,317,1,15,15,-1.5
SW PLUM CT,433,1,15,15,-1.5
N BALDWIN ST,687,1,16,16,-1.0
N BRYANT ST,170,1,16,16,-1.0
N BUTLER ST,259,1,16,16,-1.0
N FARRAGUT ST,710,2,16,16,-1.0
N GAY AVE,263,1,16,16,-1.0
N HOLMAN ST,290,1,16,16,-1.0
N HOLMAN ST,274,1,16,16,-1.0
N MCKENNA AVE,160,1,16,16,-1.0
N SKIDMORE TER,611,1,16,16,-1.0
N STAFFORD ST,243,1,16,16,-1.0
N TERRY ST,256,1,16,16,-1.0
N YALE ST,478,1,16,16,-1.0
NE 55TH AVE,388,1,16,16,-1.0
NE 62ND AVE,510,1,16,16,-1.0
NE 76TH AVE,158,1,16,16,-1.0
NE 86TH AVE,301,1,16,16,-1.0
NE 88TH AVE,260,1,16,16,-1.0
NE 91ST AVE,261,1,16,16,-1.0
NE 91ST AVE,260,1,16,16,-1.0
NE 98TH AVE,661,1,16,16,-1.0
NE BEECH ST,260,1,16,16,-1.0
NE BEECH ST,260,1,16,16,-1.0
NE BEECH ST,260,1,16,16,-1.0
NE BEECH ST,260,1,16,16,-1.0
NE BEECH ST,260,1,16,16,-1.0
NE BRYANT ST,828,1,16,16,-1.0
NE BUFFALO ST,252,1,16,16,-1.0
NE CLACKAMAS ST,251,1,16,16,-1.0
NE CLACKAMAS ST,250,1,16,16,-1.0
NE CLACKAMAS ST,250,1,16,16,-1.0
NE CLACKAMAS ST,250,1,16,16,-1.0
NE CLACKAMAS ST,236,1,16,16,-1.0
NE EMERSON ST,250,1,16,16,-1.0
NE EMERSON ST,250,1,16,16,-1.0
NE EMERSON ST,250,1,16,16,-1.0
NE FAILING ST,260,1,16,16,-1.0
NE FAILING ST,260,1,16,16,-1.0
NE FAILING ST,255,1,16,16,-1.0
NE HASSALO ST,250,1,16,16,-1.0
NE MALLORY AVE,265,1,16,16,-1.0
NE MASON ST,260,1,16,16,-1.0
NE MASON ST,260,1,16,16,-1.0
NE MORRIS ST,321,1,16,16,-1.0
NE MULTNOMAH ST,316,1,16,16,-1.0
NE MULTNOMAH ST,250,1,16,16,-1.0
NE MULTNOMAH ST,218,1,16,16,-1.0
NE OREGON ST,260,1,16,16,-1.0
NE PACIFIC ST,260,1,16,16,-1.0
NE SKIDMORE ST,260,1,16,16,-1.0
NE SKIDMORE ST,260,1,16,16,-1.0
NE SKIDMORE ST,260,1,16,16,-1.0
NE TILLAMOOK ST,265,1,16,16,-1.0
NE WASCO ST,250,1,16,16,-1.0
NE WYGANT ST,909,1,16,16,-1.0
NW ARIEL TER,291,1,16,16,-1.0
NW ASPEN AVE,250,1,16,16,-1.0
NW BARNES RD,685,1,16,16,-1.0
NW MONTE VISTA TER,765,1,16,16,-1.0
NW RAINIER TER,235,1,16,16,-1.0
NW ROYAL BLVD,594,1,16,16,-1.0
NW SPRINGVILLE RD,374,1,16,16,-1.0
NW TUALATIN AVE,564,1,16,16,-1.0
SE 35TH AVE,260,1,16,16,-1.0
SE 36TH AVE,265,1,16,16,-1.0
SE 36TH AVE,256,1,16,16,-1.0
SE 37TH AVE,250,1,16,16,-1.0
SE 37TH AVE,233,1,16,16,-1.0
SE 41ST AVE,255,1,16,16,-1.0
SE 42ND AVE,261,1,16,16,-1.0
SE 42ND AVE,107,1,16,16,-1.0
SE 75TH AVE,547,1,16,16,-1.0
SE 75TH AVE,260,1,16,16,-1.0
SE 80TH AVE,165,1,16,16,-1.0
SE 85TH AVE,304,1,16,16,-1.0
SE 88TH AVE,450,1,16,16,-1.0
SE 8TH AVE,157,1,16,16,-1.0
SE COOPER ST,490,1,16,16,-1.0
SE FIRENZE LN,310,2,16,16,-1.0
SE FIRENZE LN,298,2,16,16,-1.0
SE FOSTER PL,1247,1,16,16,-1.0
SE HAIG ST,459,1,16,16,-1.0
SE HARRISON ST,181,1,16,16,-1.0
SE HAWTHORNE BLVD,249,1,16,16,-1.0
SE IVON ST,263,1,16,16,-1.0
SE LOUNSBERRY LN,199,1,16,16,-1.0
SE LOUNSBERRY LN,197,1,16,16,-1.0
SE LOUNSBERRY LN,127,1,16,16,-1.0
SE MARKET ST,262,1,16,16,-1.0
SE MORELAND LN,242,1,16,16,-1.0
SE OGDEN CT,369,1,16,16,-1.0
SE PERSHING ST,261,1,16,16,-1.0
SE PERSHING ST,260,1,16,16,-1.0
SE RHONE CT,360,1,16,16,-1.0
SE SHERRETT ST,311,1,16,16,-1.0
SE SHERRETT ST,250,1,16,16,-1.0
SE STARK ST,230,1,16,16,-1.0
SE TENINO ST,377,1,16,16,-1.0
SE TENINO ST,272,1,16,16,-1.0
SE WOODWARD ST,898,2,16,12,-1.0
SW 12TH AVE,260,1,16,16,-1.0
SW 25TH AVE,357,2,16,16,-1.0
SW 2ND AVE,744,2,16,12,-1.0
SW 32ND AVE,955,3,16,1,-1.0
SW 33RD AVE,648,1,16,12,-1.0
SW 33RD AVE,261,1,16,16,-1.0
SW 34TH AVE,1311,1,16,16,-1.0
SW 36TH AVE,663,1,16,16,-1.0
SW 37TH AVE,221,1,16,16,-1.0
SW 37TH AVE,177,1,16,16,-1.0
SW 3RD AVE,336,1,16,16,-1.0
SW 3RD AVE,335,1,16,16,-1.0
SW 3RD AVE,278,1,16,16,-1.0
SW 3RD AVE,260,1,16,16,-1.0
SW 3RD AVE,178,1,16,16,-1.0
SW 42ND AVE,417,1,16,14,-1.0
SW 42ND AVE,175,1,16,16,-1.0
SW 48TH DR,1801,1,16,16,-1.0
SW 49TH AVE,144,1,16,16,-1.0
SW 4TH AVE,522,2,16,16,-1.0
SW 4TH AVE,391,1,16,16,-1.0
SW 51ST AVE,457,1,16,16,-1.0
SW 5TH AVE,470,1,16,15,-1.0
SW 5TH AVE,351,1,16,16,-1.0
SW 62ND PL,680,1,16,16,-1.0
SW 64TH AVE,662,1,16,12,-1.0
SW 65TH AVE,436,1,16,16,-1.0
SW 65TH AVE,392,1,16,16,-1.0
SW 8TH AVE,520,1,16,16,-1.0
SW 9TH AVE,456,1,16,16,-1.0
SW AUDREY LN,477,1,16,16,-1.0
SW BAIRD ST,481,2,16,12,-1.0
SW BARNES RD,614,1,16,16,-1.0
SW BOUNDARY ST,422,1,16,15,-1.0
SW BRAE MAR CT,417,1,16,16,-1.0
SW BRIER PL,608,1,16,16,-1.0
SW BURLINGAME AVE,531,1,16,16,-1.0
SW CALIFORNIA ST,341,1,16,16,-1.0
SW CARSON ST,262,1,16,16,-1.0
SW CARSON ST,256,1,16,16,-1.0
SW CHELTENHAM CT,358,1,16,16,-1.0
SW CORONADO ST,502,1,16,16,-1.0
SW DICKINSON ST,271,1,16,16,-1.0
SW EVANS ST,227,1,16,16,-1.0
SW FAIRVALE CT,900,1,16,16,-1.0
SW FAIRVALE CT,790,2,16,1,-1.0
SW GREENLEAF DR,413,1,16,16,-1.0
SW GROVER ST,259,1,16,1,-1.0
SW GUNTHER LN,472,1,16,16,-1.0
SW HAINES ST,638,1,16,16,-1.0
SW HAINES ST,326,1,16,16,-1.0
SW HAMILTON ST,535,1,16,16,-1.0
SW HAMILTON ST,251,1,16,16,-1.0
SW HIGHLAND PKWY,1397,1,16,16,-1.0
SW HIGHLAND PKWY,585,1,16,16,-1.0
SW ISABELLA ST,142,1,16,16,-1.0
SW LAUREL ST,129,1,16,16,-1.0
SW MARIGOLD ST,289,1,16,16,-1.0
SW MARTHA ST,625,1,16,16,-1.0
SW MARTHA ST,253,1,16,16,-1.0
SW MENEFEE DR,871,1,16,16,-1.0
SW MENEFEE DR,527,1,16,16,-1.0
SW MENEFEE DR,462,1,16,16,-1.0
SW MITCHELL ST,201,1,16,16,-1.0
SW NEVADA CT,330,1,16,16,-1.0
SW NEVADA CT,259,1,16,16,-1.0
SW NORTHWOOD AVE,825,1,16,10,-1.0
SW PALATINE ST,332,1,16,16,-1.0
SW PROSPECT DR,617,1,16,16,-1.0
SW PROSPECT DR,371,1,16,16,-1.0
SW SHERWOOD DR,757,1,16,16,-1.0
SW SHERWOOD DR,757,1,16,16,-1.0
SW SHERWOOD DR,459,1,16,16,-1.0
SW SOUTHVIEW PL,1327,3,16,12,-1.0
SW STEPHENSON CT,1991,2,16,16,-1.0
SW TEXAS ST,209,1,16,16,-1.0
N OBERLIN ST,405,1,17,17,-0.5
N OBERLIN ST,250,1,17,17,-0.5
NE HANCOCK ST,266,1,17,17,-0.5
NE HANCOCK ST,265,1,17,17,-0.5
NE TILLAMOOK ST,268,1,17,17,-0.5
SE 112TH AVE,105,1,17,17,-0.5
SE 127TH AVE,291,1,17,17,-0.5
SE 142ND AVE,494,2,17,17,-0.5
SE 58TH AVE,241,1,17,17,-0.5
SE 63RD AVE,527,2,17,12,-0.5
SE ALDER ST,310,1,17,17,-0.5
SE BELMONT ST,380,1,17,17,-0.5
SE BOISE CT,243,1,17,17,-0.5
SE HARNEY CT,227,1,17,17,-0.5
SE IVON ST,235,1,17,17,-0.5
SE KNAPP ST,474,1,17,17,-0.5
SE MILLER ST,101,1,17,17,-0.5
SE WOODWARD ST,216,1,17,17,-0.5
SW 15TH AVE,460,1,17,17,-0.5
SW 51ST AVE,571,2,17,10,-0.5
SW LODI LN,146,1,17,17,-0.5
SW ORCHID ST,278,1,17,17,-0.5
N ALBINA AVE,250,1,18,18,0.0
N EDGEWATER ST,276,1,18,18,0.0
N FARRAGUT ST,258,1,18,18,0.0
N GAY AVE,665,1,18,18,0.0
N GAY AVE,661,1,18,18,0.0
N GAY AVE,633,1,18,18,0.0
N GAY AVE,616,1,18,18,0.0
N GAY AVE,156,1,18,1,0.0
N GOING ST,241,1,18,18,0.0
N HOLMAN ST,165,1,18,18,0.0
N OVERLOOK TER,390,1,18,18,0.0
N OVERLOOK TER,238,1,18,18,0.0
N OVERLOOK TER,121,1,18,18,0.0
N PRESCOTT ST,150,1,18,18,0.0
N PRESCOTT ST,147,1,18,18,0.0
N PRESCOTT ST,131,1,18,18,0.0
NE 102ND AVE FRONTAGE RD,302,1,18,18,0.0
NE 113TH AVE,306,1,18,18,0.0
NE 18TH AVE,261,1,18,18,0.0
NE 35TH PL,252,1,18,18,0.0
NE 40TH AVE,160,1,18,18,0.0
NE 48TH AVE,188,1,18,18,0.0
NE 50TH AVE,279,1,18,18,0.0
NE 55TH AVE,233,1,18,18,0.0
NE 61ST AVE,260,1,18,18,0.0
NE 71ST AVE,450,1,18,18,0.0
NE 88TH AVE,303,1,18,18,0.0
NE 88TH AVE,250,1,18,18,0.0
NE 88TH AVE,240,1,18,18,0.0
NE 8TH AVE,269,1,18,18,0.0
NE 8TH AVE,260,1,18,18,0.0
NE ALBERTA CT,1344,1,18,18,0.0
NE CESAR E CHAVEZ BLVD,150,1,18,18,0.0
NE EMERSON ST,250,1,18,18,0.0
NE EVERETT CT,230,1,18,18,0.0
NE EVERETT ST,231,1,18,18,0.0
NE HASSALO ST,701,1,18,18,0.0
NE HASSALO ST,695,1,18,18,0.0
NE HUMBOLDT ST,251,1,18,18,0.0
NE KLICKITAT ST,260,1,18,18,0.0
NE LEVEE RD,587,1,18,18,0.0
NE MASON ST,1038,1,18,18,0.0
NE MASON ST,260,1,18,18,0.0
NE MASON ST,260,1,18,18,0.0
NE MULTNOMAH ST,251,1,18,18,0.0
NE MULTNOMAH ST,250,1,18,18,0.0
NE MULTNOMAH ST,250,1,18,18,0.0
NE MULTNOMAH ST,207,1,18,18,0.0
NE OREGON ST,286,1,18,18,0.0
NE PARK LN,454,1,18,18,0.0
NE PRESCOTT ST,261,1,18,18,0.0
NE RUSSELL PL,478,1,18,18,0.0
NE SIMPSON CT,879,1,18,18,0.0
NE SIMPSON ST,483,1,18,18,0.0
NE STUART DR,552,1,18,18,0.0
NE TILLAMOOK ST,262,1,18,18,0.0
NE TILLAMOOK ST,260,1,18,18,0.0
NW 2ND ST,529,2,18,10,0.0
NW CALUMET TER,802,1,18,18,0.0
NW HARBOR BLVD,342,1,18,18,0.0
NW LURAY CIRCUS,418,1,18,18,0.0
NW MARCIA ST,321,1,18,18,0.0
NW RAPIDAN TER,229,1,18,18,0.0
NW SALTZMAN RD,1422,2,18,18,0.0
NW VERDE VISTA TER,240,1,18,18,0.0
NW WINCHESTER TER,270,1,18,18,0.0
NW WOODSIDE TER,1209,1,18,16,0.0
SE 104TH AVE,250,1,18,18,0.0
SE 104TH AVE,250,1,18,18,0.0
SE 116TH AVE,218,1,18,18,0.0
SE 116TH AVE,62,1,18,18,0.0
SE 120TH AVE,318,1,18,18,0.0
SE 132ND AVE,283,1,18,18,0.0
SE 139TH AVE,219,1,18,18,0.0
SE 140TH AVE,324,1,18,18,0.0
SE 140TH PL,233,1,18,18,0.0
SE 32ND AVE,258,1,18,18,0.0
SE 48TH AVE,669,1,18,18,0.0
SE 57TH AVE,222,1,18,18,0.0
SE 58TH AVE,383,1,18,18,0.0
SE 58TH AVE,383,1,18,18,0.0
SE 64TH AVE,250,1,18,18,0.0
SE 80TH AVE,241,1,18,18,0.0
SE 84TH AVE,662,1,18,18,0.0
SE 86TH AVE,244,1,18,18,0.0
SE 86TH CT,321,1,18,18,0.0
SE 86TH CT,216,1,18,18,0.0
SE ALDER ST,469,1,18,18,0.0
SE BOISE ST,436,1,18,18,0.0
SE BUSH ST,260,1,18,18,0.0
SE BUSH ST,260,1,18,18,0.0
SE BUSH ST,260,1,18,18,0.0
SE BYBEE BLVD,407,1,18,18,0.0
SE CENTER ST,659,1,18,16,0.0
SE CORA ST,250,1,18,18,0.0
SE FRANCIS ST,214,1,18,18,0.0
SE FRANKLIN ST,610,1,18,12,0.0
SE FRANKLIN ST,312,1,18,12,0.0
SE GLENWOOD ST,266,1,18,18,0.0
SE HENDERSON DR,1181,1,18,1,0.0
SE HENRY ST,146,1,18,18,0.0
SE KNIGHT ST,270,1,18,18,0.0
SE LONG ST,112,1,18,18,0.0
SE MALL ST,345,1,18,18,0.0
SE MARKET ST,258,1,18,18,0.0
SE MILL ST,1178,1,18,18,0.0
SE MILL ST,502,1,18,18,0.0
SE MILLER ST,510,1,18,18,0.0
SE MILLER ST,509,1,18,18,0.0
SE MITCHELL CT,336,1,18,18,0.0
SE MITCHELL ST,468,1,18,18,0.0
SE NEHALEM ST,302,1,18,18,0.0
SE OAK CT,770,1,18,18,0.0
SE PERSHING ST,258,1,18,18,0.0
SE PERSHING ST,257,1,18,18,0.0
SE PERSHING ST,242,1,18,18,0.0
SE PERSHING ST,234,1,18,18,0.0
SE RAYMOND ST,527,1,18,18,0.0
SE RAYMOND ST,149,1,18,18,0.0
SE RURAL ST,676,1,18,18,0.0
SE RURAL ST,647,1,18,18,0.0
SE SALMON CT,148,1,18,18,0.0
SE TENINO ST,276,1,18,18,0.0
SE WINDSOR CT,176,1,18,18,0.0
SE WOODWARD ST,247,1,18,18,0.0
SW 10TH AVE,460,1,18,18,0.0
SW 14TH AVE,312,1,18,18,0.0
SW 18TH DR,304,1,18,18,0.0
SW 21ST AVE,240,1,18,18,0.0
SW 27TH AVE,330,1,18,18,0.0
SW 28TH AVE,521,1,18,18,0.0
SW 29TH AVE,673,1,18,18,0.0
SW 30TH AVE,297,1,18,18,0.0
SW 30TH AVE,276,1,18,18,0.0
SW 31ST AVE,666,1,18,1,0.0
SW 31ST DR,962,1,18,16,0.0
SW 33RD PL,1312,1,18,18,0.0
SW 34TH AVE,1031,1,18,18,0.0
SW 34TH AVE,596,1,18,1,0.0
SW 34TH AVE,481,1,18,18,0.0
SW 36TH AVE,1221,2,18,18,0.0
SW 36TH PL,268,1,18,18,0.0
SW 37TH AVE,267,1,18,18,0.0
SW 39TH AVE,438,1,18,18,0.0
SW 3RD AVE,488,1,18,18,0.0
SW 47TH AVE,510,1,18,18,0.0
SW 47TH AVE,335,1,18,18,0.0
SW 49TH DR,386,1,18,18,0.0
SW 4TH AVE,376,1,18,18,0.0
SW 52ND AVE,706,1,18,1,0.0
SW 52ND AVE,510,1,18,18,0.0
SW 53RD AVE,1250,1,18,18,0.0
SW 53RD AVE,743,1,18,18,0.0
SW 53RD AVE,440,1,18,18,0.0
SW 53RD AVE,439,1,18,18,0.0
SW 55TH AVE,634,2,18,16,0.0
SW 57TH AVE,830,1,18,18,0.0
SW 58TH AVE,746,1,18,18,0.0
SW 5TH AVE,997,3,18,16,0.0
SW 61ST AVE,754,1,18,18,0.0
SW 61ST AVE,180,1,18,18,0.0
SW 62ND PL,490,1,18,1,0.0
SW 7TH AVE,900,2,18,18,0.0
SW 8TH AVE,298,1,18,18,0.0
SW ALICE ST,268,1,18,18,0.0
SW ALTADENA TER,298,1,18,15,0.0
SW ARNOLD ST,520,1,18,18,0.0
SW ARTHUR WAY,851,1,18,15,0.0
SW BAIRD ST,260,1,18,18,0.0
SW BARBUR BLVD FRONTAGE RD,263,1,18,18,0.0
SW BOUNDARY ST,513,1,18,18,0.0
SW BOUNDARY ST,249,1,18,18,0.0
SW BRUGGER ST,1160,2,18,16,0.0
SW BRUGGER ST,945,1,18,18,0.0
SW BURLINGAME AVE,248,1,18,18,0.0
SW BURLINGAME AVE,187,1,18,18,0.0
SW CALDEW DR,555,1,18,18,0.0
SW COMMONWEALTH AVE,391,1,18,18,0.0
SW CONDOR LN,520,1,18,18,0.0
SW COUNCIL CREST DR,230,1,18,18,0.0
SW CROSS AVE,285,1,18,18,0.0
SW CULLEN BLVD,832,1,18,18,0.0
SW DAVENPORT CT,209,1,18,18,0.0
SW DAVENPORT ST,137,1,18,18,0.0
SW DICKINSON ST,504,1,18,18,0.0
SW DOSCH CT,523,1,18,18,0.0
SW EDGEMONT PL,240,1,18,18,0.0
SW EVELYN ST,142,1,18,18,0.0
SW EVERGREEN TER,521,1,18,14,0.0
SW FAIRMOUNT LN,555,1,18,18,0.0
SW FAIRVALE DR,631,1,18,18,0.0
SW FERN ST,1022,2,18,18,0.0
SW FLOWER ST,691,1,18,18,0.0
SW FREEMAN ST,727,2,18,12,0.0
SW GASTON AVE,435,1,18,18,0.0
SW GERALD AVE,1089,3,18,14,0.0
SW HAMILTON CT,621,1,18,18,0.0
SW HAMILTON CT,352,2,18,1,0.0
SW HAMILTON CT,286,1,18,18,0.0
SW HEATHER LN,517,1,18,18,0.0
SW HIGHLAND PKWY,316,1,18,18,0.0
SW HIGHLAND RD,481,1,18,18,0.0
SW HIGHLAND RD,206,1,18,18,0.0
SW HILLCREST DR,147,1,18,18,0.0
SW HUME ST,145,1,18,18,0.0
SW JERALD CT,56,1,18,18,0.0
SW JERALD WAY,313,1,18,18,0.0
SW JERALD WAY,244,1,18,18,0.0
SW KANAN DR,517,2,18,18,0.0
SW KANAN DR,507,1,18,18,0.0
SW LOBELIA ST,254,1,18,18,0.0
SW LOGAN ST,590,1,18,18,0.0
SW LUCILLE ST,112,1,18,18,0.0
SW MAPLECREST CT,1373,1,18,18,0.0
SW MAPLECREST DR,1086,1,18,18,0.0
SW MARTHA ST,675,1,18,18,0.0
SW MENEFEE DR,588,1,18,18,0.0
SW MILES CT,195,1,18,18,0.0
SW MILL STREET TER,133,1,18,18,0.0
SW MITCHELL CT,460,1,18,18,0.0
SW MITCHELL CT,355,1,18,18,0.0
SW MITCHELL LN,421,1,18,18,0.0
SW MITCHELL ST,482,1,18,18,0.0
SW MITCHELL ST,361,1,18,18,0.0
SW MOSS ST,1252,2,18,15,0.0
SW MOSS ST,440,1,18,18,0.0
SW NEBRASKA ST,1786,1,18,18,0.0
SW NEHALEM CT,310,1,18,18,0.0
SW NEVADA CT,812,3,18,18,0.0
SW NEVADA CT,647,1,18,18,0.0
SW NEVADA CT,307,1,18,18,0.0
SW NEVADA CT,263,1,18,18,0.0
SW NEVADA CT,255,1,18,18,0.0
SW NORTHWOOD AVE,695,1,18,1,0.0
SW PALATINE ST,553,1,18,18,0.0
SW PALATINE ST,457,1,18,10,0.0
SW PARKHILL DR,1365,1,18,18,0.0
SW PARKHILL WAY,625,1,18,18,0.0
SW PATRICK WAY,141,1,18,18,0.0
SW PENDLETON ST,868,1,18,18,0.0
SW RICHARDSON DR,618,1,18,18,0.0
SW RUBY TER,330,1,18,1,0.0
SW SPRING GARDEN ST,429,1,18,18,0.0
SW SUNSET DR,1316,1,18,18,0.0
SW TALBOT PL,253,1,18,18,0.0
SW TAYLOR CT,1375,2,18,12,0.0
SW TEXAS ST,250,1,18,18,0.0
SW TEXAS ST,229,1,18,18,0.0
SW TROY ST,427,1,18,18,0.0
SW TROY ST,250,1,18,18,0.0
SW TUNNELWOOD ST,529,1,18,18,0.0
SW TUNNELWOOD ST,449,1,18,18,0.0
SW TUNNELWOOD ST,253,1,18,18,0.0
SW TYROL CIR,100,1,18,18,0.0
SW VIEW POINT TER,359,1,18,18,0.0
SW VIEW POINT TER,237,1,18,18,0.0
SW WESTWOOD CT,1043,1,18,18,0.0
SW WESTWOOD CT,559,1,18,18,0.0
SW WESTWOOD DR,2111,1,18,18,0.0
SW WESTWOOD DR,1123,1,18,18,0.0
SW WESTWOOD DR,821,1,18,18,0.0
SW WESTWOOD DR,588,1,18,18,0.0
SW WESTWOOD DR,426,1,18,18,0.0
SW WESTWOOD DR,252,1,18,18,0.0
SW WESTWOOD DR,202,1,18,18,0.0
SW WESTWOOD VW,790,1,18,18,0.0
N MISSISSIPPI AVE,250,1,19,19,0.5
NE 137TH AVE,298,1,19,19,0.5
NE EVERETT CT,335,1,19,19,0.5
NE MASON ST,260,1,19,19,0.5
SE 49TH AVE,459,2,19,19,0.5
SE 49TH AVE,235,1,19,19,0.5
SE 49TH AVE,235,1,19,19,0.5
SE 57TH AVE,446,1,19,19,0.5
SE BOISE ST,371,1,19,19,0.5
SE LONG ST,286,1,19,19,0.5
SE TAGGART CT,266,1,19,19,0.5
SW 13TH AVE,458,1,19,14,0.5
SW 31ST AVE,459,2,19,14,0.5
N BOSTON AVE,664,1,20,20,1.0
N BOSTON AVE,325,1,20,20,1.0
N BURRAGE AVE,283,1,20,20,1.0
N CRAWFORD ST,1051,3,20,20,1.0
N CURTIS AVE,328,1,20,20,1.0
N DREW ST,252,1,20,20,1.0
N FARRAGUT ST,263,1,20,20,1.0
N HODGE AVE,674,1,20,20,1.0
N HOLLAND ST,170,1,20,20,1.0
N HOUGHTON ST,284,1,20,20,1.0
N HOUGHTON ST,220,1,20,20,1.0
N HUDSON ST,335,1,20,20,1.0
N JOHN AVE,260,1,20,20,1.0
N KERBY AVE,250,1,20,20,1.0
N LEONARD ST,470,1,20,20,1.0
N LEONARD ST,460,1,20,20,1.0
N MINNESOTA AVE,260,1,20,20,1.0
N MINNESOTA AVE,260,1,20,20,1.0
N MINNESOTA AVE,260,1,20,20,1.0
N MINNESOTA AVE,259,1,20,20,1.0
N MINNESOTA AVE,259,1,20,20,1.0
N MINNESOTA AVE,159,1,20,20,1.0
N MISSOURI AVE,260,1,20,20,1.0
N MISSOURI AVE,260,1,20,20,1.0
N MISSOURI AVE,260,1,20,20,1.0
N MISSOURI AVE,259,1,20,20,1.0
N NASHTON ST,451,1,20,20,1.0
N NEWCASTLE AVE,325,1,20,20,1.0
N OLYMPIA ST,278,1,20,20,1.0
N OLYMPIA ST,243,1,20,20,1.0
N PIERCE AVE,319,1,20,20,1.0
N POWERS ST,171,1,20,20,1.0
N RENO AVE,211,1,20,20,1.0
N RUSSET ST,258,1,20,20,1.0
N RUSSET ST,167,1,20,20,1.0
N STOCKTON AVE,659,1,20,20,1.0
N TYLER AVE,207,1,20,20,1.0
N WEBSTER ST,666,1,20,20,1.0
N WYGANT ST,209,1,20,20,1.0
NE 102ND AVE FRONTAGE RD,413,1,20,20,1.0
NE 107TH AVE,333,1,20,20,1.0
NE 108TH AVE,651,1,20,20,1.0
NE 113TH PL,405,2,20,10,1.0
NE 11TH AVE,344,1,20,20,1.0
NE 11TH AVE,330,1,20,20,1.0
NE 142ND AVE,1181,1,20,20,1.0
NE 142ND AVE,183,1,20,20,1.0
NE 143RD AVE,1179,1,20,20,1.0
NE 150TH AVE,301,1,20,20,1.0
NE 152ND AVE,375,1,20,20,1.0
NE 155TH AVE,1333,1,20,20,1.0
NE 155TH AVE,838,1,20,20,1.0
NE 155TH AVE,175,1,20,20,1.0
NE 156TH AVE,747,1,20,20,1.0
NE 159TH CT,296,1,20,20,1.0
NE 2ND AVE,685,1,20,20,1.0
NE 45TH AVE,356,1,20,20,1.0
NE 46TH AVE,637,1,20,20,1.0
NE 47TH PL,308,1,20,20,1.0
NE 49TH AVE,307,1,20,20,1.0
NE 50TH PL,397,1,20,20,1.0
NE 52ND AVE,148,1,20,20,1.0
NE 62ND AVE,581,1,20,20,1.0
NE 72ND AVE,784,2,20,20,1.0
NE 72ND AVE,644,1,20,20,1.0
NE 72ND AVE,450,1,20,20,1.0
NE 72ND AVE,441,1,20,20,1.0
NE 72ND AVE,289,1,20,20,1.0
NE 79TH AVE,178,1,20,20,1.0
NE 84TH AVE,278,1,20,20,1.0
NE 89TH AVE,475,1,20,20,1.0
NE 90TH AVE,274,1,20,20,1.0
NE 90TH AVE,253,1,20,20,1.0
NE 93RD AVE,357,1,20,20,1.0
NE AINSWORTH ST,834,1,20,20,1.0
NE AINSWORTH ST,665,1,20,20,1.0
NE ALBERTA ST,535,1,20,20,1.0
NE BELLEVUE AVE,139,1,20,20,1.0
NE BRAZEE ST,790,1,20,20,1.0
NE CLACKAMAS ST,290,1,20,20,1.0
NE DURHAM AVE,261,1,20,20,1.0
NE DURHAM AVE,259,1,20,20,1.0
NE DURHAM AVE,157,1,20,20,1.0
NE EUGENE ST,1153,1,20,20,1.0
NE EUGENE ST,512,1,20,20,1.0
NE FAILING ST,261,1,20,20,1.0
NE FAILING ST,260,1,20,20,1.0
NE FARGO CIR,738,1,20,20,1.0
NE FARGO CT,651,1,20,20,1.0
NE FARGO ST,194,1,20,20,1.0
NE FLANDERS ST,642,1,20,20,1.0
NE FLANDERS ST,234,1,20,20,1.0
NE FREMONT ST,260,1,20,20,1.0
NE GERTZ RD,580,1,20,20,1.0
NE GERTZ RD,399,1,20,20,1.0
NE GOING PL,323,1,20,20,1.0
NE GRAND AVE,410,1,20,20,1.0
NE HANCOCK DR,1045,1,20,20,1.0
NE HASSALO ST,339,1,20,20,1.0
NE HOLMAN ST,955,1,20,20,1.0
NE HOLMAN ST,318,1,20,20,1.0
NE HOLMAN ST,317,1,20,20,1.0
NE HOLMAN ST,301,1,20,20,1.0
NE HOLMAN ST,258,1,20,20,1.0
NE HOLMAN ST,242,1,20,20,1.0
NE HOYT ST,322,1,20,20,1.0
NE HOYT ST,253,1,20,20,1.0
NE HOYT ST,250,1,20,20,1.0
NE HOYT ST,154,1,20,20,1.0
NE KLICKITAT ST,261,1,20,20,1.0
NE LIJA LOOP,144,1,20,20,1.0
NE MASON ST,260,1,20,20,1.0
NE MASON ST,260,1,20,20,1.0
NE MASON ST,260,1,20,20,1.0
NE OREGON ST,253,1,20,20,1.0
NE PRESCOTT ST,272,1,20,20,1.0
NE RIVER POINTE CIR,111,1,20,20,1.0
NE SCHUYLER ST,790,1,20,20,1.0
NE SIMPSON ST,851,1,20,20,1.0
NE SIMPSON ST,648,1,20,20,1.0
NE SISKIYOU ST,246,1,20,20,1.0
NE SISKIYOU ST,194,1,20,20,1.0
NE SISKIYOU ST,161,1,20,20,1.0
NE SKIDMORE ST,578,1,20,20,1.0
NE SKIDMORE ST,453,1,20,20,1.0
NE ST GEORGE ST,324,1,20,20,1.0
NE TAMERA LN,613,1,20,20,1.0
NE WEBSTER ST,200,1,20,20,1.0
NE WYGANT ST,260,1,20,20,1.0
NE WYGANT ST,260,1,20,20,1.0
NE WYGANT ST,250,1,20,20,1.0
NE WYGANT ST,250,1,20,20,1.0
NW 112TH AVE,887,4,20,1,1.0
NW BARNES RD,562,1,20,20,1.0
NW COUNTRY WOODS LN,737,1,20,20,1.0
NW GROCE ST,240,1,20,20,1.0
NW MANOR DR,829,2,20,20,1.0
NW MARLBOROUGH AVE,609,1,20,20,1.0
NW SAVIER ST,768,2,20,19,1.0
NW SKYVIEW DR,487,1,20,20,1.0
NW SKYVIEW DR,302,1,20,20,1.0
NW THURMAN ST,699,1,20,1,1.0
NW VALLEY VIEW LN,282,1,20,20,1.0
NW VERNON CT,292,1,20,20,1.0
NW WINSTON DR,405,1,20,20,1.0
SE 105TH AVE,574,1,20,20,1.0
SE 105TH AVE,320,1,20,20,1.0
SE 105TH AVE,299,1,20,20,1.0
SE 105TH AVE,261,1,20,20,1.0
SE 108TH CT,164,1,20,20,1.0
SE 109TH AVE,1141,1,20,20,1.0
SE 116TH AVE,242,1,20,20,1.0
SE 119TH AVE,621,1,20,20,1.0
SE 119TH AVE,299,1,20,20,1.0
SE 120TH AVE,1023,1,20,20,1.0
SE 120TH AVE,341,1,20,20,1.0
SE 120TH AVE,181,1,20,20,1.0
SE 124TH AVE,270,1,20,20,1.0
SE 127TH AVE,269,1,20,20,1.0
SE 129TH PL,348,1,20,20,1.0
SE 131ST AVE,177,1,20,20,1.0
SE 132ND AVE,565,1,20,20,1.0
SE 137TH AVE,418,1,20,18,1.0
SE 137TH AVE,370,1,20,20,1.0
SE 138TH PL,211,1,20,20,1.0
SE 139TH AVE,428,1,20,20,1.0
SE 139TH AVE,263,1,20,20,1.0
SE 140TH AVE,272,1,20,20,1.0
SE 140TH AVE,248,1,20,20,1.0
SE 140TH AVE,42,1,20,20,1.0
SE 141ST AVE,167,1,20,20,1.0
SE 145TH AVE,831,1,20,20,1.0
SE 146TH PL,199,1,20,20,1.0
SE 152ND AVE,242,1,20,20,1.0
SE 152ND AVE,240,1,20,20,1.0
SE 154TH AVE,242,1,20,20,1.0
SE 154TH AVE,240,1,20,20,1.0
SE 154TH AVE,238,1,20,20,1.0
SE 158TH AVE,179,1,20,20,1.0
SE 159TH PL,311,1,20,20,1.0
SE 170TH AVE,295,1,20,20,1.0
SE 43RD AVE,609,1,20,20,1.0
SE 43RD AVE,271,1,20,20,1.0
SE 43RD AVE,264,1,20,20,1.0
SE 43RD AVE,126,1,20,20,1.0
SE 44TH AVE,610,1,20,20,1.0
SE 45TH AVE,610,1,20,20,1.0
SE 46TH AVE,610,1,20,20,1.0
SE 47TH AVE,607,1,20,20,1.0
SE 48TH AVE,255,1,20,20,1.0
SE 49TH AVE,607,1,20,20,1.0
SE 49TH AVE,266,1,20,20,1.0
SE 50TH AVE,607,1,20,20,1.0
SE 50TH AVE,255,1,20,20,1.0
SE 50TH AVE,255,1,20,20,1.0
SE 57TH AVE,170,1,20,20,1.0
SE 57TH AVE,162,1,20,20,1.0
SE 58TH AVE,383,1,20,20,1.0
SE 63RD AVE,345,1,20,20,1.0
SE 65TH AVE,458,1,20,20,1.0
SE 67TH AVE,533,2,20,20,1.0
SE 67TH AVE,459,1,20,20,1.0
SE 67TH AVE,305,1,20,20,1.0
SE 67TH AVE,247,1,20,20,1.0
SE 68TH AVE,890,1,20,20,1.0
SE 71ST AVE,539,1,20,20,1.0
SE 73RD AVE,584,2,20,18,1.0
SE 77TH AVE,256,1,20,20,1.0
SE 77TH AVE,255,1,20,20,1.0
SE 77TH AVE,250,1,20,20,1.0
SE 77TH AVE,250,1,20,20,1.0
SE 77TH AVE,250,1,20,20,1.0
SE 77TH AVE,250,1,20,20,1.0
SE 77TH AVE,250,1,20,20,1.0
SE 77TH AVE,249,1,20,20,1.0
SE 77TH AVE,117,1,20,20,1.0
SE 80TH AVE,251,1,20,20,1.0
SE 80TH AVE,248,1,20,20,1.0
SE 80TH CT,251,1,20,20,1.0
SE 83RD AVE,446,1,20,1,1.0
SE 83RD AVE,232,1,20,20,1.0
SE 84TH AVE,129,1,20,20,1.0
SE 88TH AVE,176,1,20,20,1.0
SE 89TH AVE,878,1,20,20,1.0
SE 90TH AVE,1108,1,20,20,1.0
SE 90TH AVE,237,1,20,20,1.0
SE 94TH AVE,770,1,20,20,1.0
SE 94TH AVE,247,1,20,20,1.0
SE ASH ST,378,1,20,20,1.0
SE BUSH ST,229,1,20,20,1.0
SE BYBEE CT,153,1,20,20,1.0
SE CARUTHERS CT,193,1,20,20,1.0
SE CLAY ST,757,1,20,20,1.0
SE COOPER ST,316,1,20,20,1.0
SE CORA ST,299,1,20,20,1.0
SE CORA ST,250,1,20,20,1.0
SE CORA ST,250,1,20,20,1.0
SE ELLIS ST,660,1,20,20,1.0
SE ELLIS ST,640,2,20,20,1.0
SE ELLIS ST,125,1,20,20,1.0
SE ELVA ST,237,1,20,20,1.0
SE FOSTER PL,181,1,20,20,1.0
SE FRANKLIN ST,250,1,20,20,1.0
SE HENRY ST,948,3,20,18,1.0
SE INSLEY CT,114,1,20,20,1.0
SE KNAPP ST,511,1,20,20,1.0
SE KNAPP ST,510,1,20,20,1.0
SE KNAPP ST,261,1,20,20,1.0
SE KNAPP ST,255,1,20,20,1.0
SE KNIGHT ST,661,1,20,20,1.0
SE KNIGHT ST,660,2,20,20,1.0
SE KNIGHT ST,655,1,20,20,1.0
SE LAMBERT ST,664,1,20,18,1.0
SE LAMBERT ST,250,1,20,20,1.0
SE LAMBERT ST,250,1,20,20,1.0
SE LAMBERT ST,250,1,20,20,1.0
SE MARKET ST,351,1,20,20,1.0
SE MARTINS ST,404,1,20,20,1.0
SE MARY JEAN CT,229,1,20,20,1.0
SE MILL ST,641,1,20,20,1.0
SE MITCHELL ST,291,1,20,20,1.0
SE MITCHELL ST,253,1,20,20,1.0
SE MITCHELL ST,233,1,20,20,1.0
SE NEHALEM ST,339,1,20,20,1.0
SE OGDEN ST,516,1,20,20,1.0
SE OGDEN ST,512,1,20,20,1.0
SE OGDEN ST,510,1,20,20,1.0
SE PARDEE ST,293,1,20,20,1.0
SE RAMONA CT,121,1,20,20,1.0
SE RAYMOND ST,186,1,20,20,1.0
SE RAYMOND ST,136,1,20,20,1.0
SE REEDWAY ST,245,1,20,10,1.0
SE RHINE ST,240,1,20,20,1.0
SE RHONE ST,596,1,20,20,1.0
SE RURAL CT,152,1,20,20,1.0
SE RURAL ST,514,1,20,20,1.0
SE RURAL ST,510,1,20,20,1.0
SE RURAL ST,371,1,20,20,1.0
SE RURAL ST,147,1,20,20,1.0
SE TAYLOR CT,332,1,20,20,1.0
SE TAYLOR ST,457,1,20,20,1.0
SE TENINO CT,342,1,20,20,1.0
SE WOODWARD ST,261,1,20,20,1.0
SE WOODWARD ST,260,1,20,20,1.0
SE WOODWARD ST,260,1,20,20,1.0
SE WOODWARD ST,260,1,20,20,1.0
SW 10TH AVE,131,1,20,1,1.0
SW 12TH AVE,260,1,20,20,1.0
SW 14TH AVE,470,2,20,18,1.0
SW 14TH AVE,250,1,20,20,1.0
SW 17TH AVE,750,3,20,20,1.0
SW 17TH AVE,356,2,20,20,1.0
SW 17TH AVE,167,1,20,20,1.0
SW 17TH DR,333,1,20,20,1.0
SW 17TH DR,321,1,20,20,1.0
SW 17TH DR,205,1,20,20,1.0
SW 18TH AVE,338,1,20,20,1.0
SW 18TH DR,260,1,20,20,1.0
SW 18TH DR,222,1,20,20,1.0
SW 19TH AVE,824,1,20,20,1.0
SW 19TH DR,717,1,20,20,1.0
SW 19TH DR,342,1,20,20,1.0
SW 1ST AVE,615,2,20,18,1.0
SW 22ND AVE,470,2,20,20,1.0
SW 26TH AVE,167,1,20,20,1.0
SW 26TH AVE,132,1,20,20,1.0
SW 26TH DR,484,1,20,20,1.0
SW 26TH DR,467,1,20,20,1.0
SW 26TH DR,379,1,20,20,1.0
SW 26TH DR,349,1,20,20,1.0
SW 26TH PL,354,1,20,20,1.0
SW 27TH AVE,331,1,20,20,1.0
SW 28TH AVE,440,1,20,20,1.0
SW 28TH AVE,300,1,20,20,1.0
SW 29TH AVE,440,1,20,20,1.0
SW 2ND AVE,143,1,20,20,1.0
SW 30TH AVE,327,1,20,1,1.0
SW 32ND AVE,289,1,20,20,1.0
SW 32ND AVE,235,1,20,20,1.0
SW 33RD DR,385,1,20,20,1.0
SW 34TH AVE,336,1,20,20,1.0
SW 36TH AVE,240,1,20,18,1.0
SW 36TH PL,678,1,20,20,1.0
SW 37TH AVE,260,1,20,20,1.0
SW 37TH AVE,259,1,20,20,1.0
SW 37TH AVE,124,1,20,20,1.0
SW 38TH AVE,1075,2,20,18,1.0
SW 39TH AVE,254,1,20,20,1.0
SW 40TH AVE,520,1,20,20,1.0
SW 41ST AVE,330,1,20,20,1.0
SW 41ST AVE,259,1,20,20,1.0
SW 42ND AVE,326,1,20,20,1.0
SW 42ND AVE,323,1,20,20,1.0
SW 42ND AVE,294,1,20,20,1.0
SW 42ND AVE,225,1,20,20,1.0
SW 43RD AVE,444,1,20,12,1.0
SW 47TH AVE,260,1,20,20,1.0
SW 47TH AVE,260,1,20,20,1.0
SW 47TH AVE,260,1,20,20,1.0
SW 49TH AVE,513,1,20,1,1.0
SW 4TH AVE,539,1,20,20,1.0
SW 4TH AVE,403,1,20,20,1.0
SW 50TH AVE,570,1,20,20,1.0
SW 51ST AVE,570,1,20,20,1.0
SW 52ND AVE,296,1,20,20,1.0
SW 53RD AVE,260,1,20,20,1.0
SW 53RD AVE,256,1,20,20,1.0
SW 54TH AVE,441,1,20,20,1.0
SW 54TH AVE,440,1,20,20,1.0
SW 54TH AVE,376,1,20,20,1.0
SW 54TH AVE,350,1,20,20,1.0
SW 55TH AVE,659,1,20,20,1.0
SW 55TH AVE,483,1,20,20,1.0
SW 55TH AVE,474,1,20,18,1.0
SW 55TH DR,426,1,20,20,1.0
SW 55TH DR,329,1,20,20,1.0
SW 55TH PL,1013,1,20,20,1.0
SW 56TH AVE,822,1,20,20,1.0
SW 56TH AVE,655,1,20,20,1.0
SW 57TH AVE,655,1,20,20,1.0
SW 59TH AVE,669,1,20,20,1.0
SW 59TH AVE,464,1,20,20,1.0
SW 60TH AVE,584,2,20,20,1.0
SW 60TH AVE,343,1,20,20,1.0
SW 60TH AVE,280,1,20,20,1.0
SW 60TH AVE,277,1,20,20,1.0
SW 60TH AVE,266,1,20,20,1.0
SW 60TH AVE,265,1,20,20,1.0
SW 60TH AVE,222,1,20,20,1.0
SW 60TH AVE,162,1,20,20,1.0
SW 60TH PL,659,1,20,20,1.0
SW 60TH PL,253,1,20,20,1.0
SW 64TH PL,614,1,20,20,1.0
SW 6TH CT,583,1,20,20,1.0
SW 7TH AVE,450,1,20,20,1.0
SW 9TH PL,408,1,20,12,1.0
SW ADMIRAL ST,863,1,20,20,1.0
SW ALICE ST,259,1,20,20,1.0
SW ALTADENA AVE,516,1,20,20,1.0
SW ARNOLD ST,131,1,20,20,1.0
SW BAIRD ST,260,1,20,20,1.0
SW BEAVERTON HILLSDALE HWY,410,1,20,20,1.0
SW BERTHA BLVD,443,1,20,20,1.0
SW BOUNDARY ST,1374,2,20,18,1.0
SW BRIDLEMILE LN,792,1,20,20,1.0
SW BRIDLEMILE LN,560,1,20,20,1.0
SW BRIDLEMILE LN,335,1,20,20,1.0
SW BRIER PL,504,1,20,20,1.0
SW BUENAVISTA DR,601,1,20,20,1.0
SW CALIFORNIA ST,1320,1,20,20,1.0
SW CANBY ST,669,1,20,20,1.0
SW CANBY ST,314,1,20,20,1.0
SW CANBY ST,176,1,20,1,1.0
SW CARL PL,467,1,20,20,1.0
SW CARSON ST,334,1,20,20,1.0
SW CORONADO ST,728,1,20,10,1.0
SW CORONADO ST,685,2,20,20,1.0
SW CULLEN BLVD,789,1,20,20,1.0
SW CUSTER ST,418,1,20,20,1.0
SW CUSTER ST,354,1,20,20,1.0
SW CUSTER ST,310,1,20,20,1.0
SW CUSTER ST,290,1,20,20,1.0
SW DICKINSON ST,434,1,20,18,1.0
SW DICKINSON ST,224,1,20,20,1.0
SW DOLPH CT,260,1,20,20,1.0
SW DOLPH CT,259,1,20,20,1.0
SW DOLPH CT,151,1,20,20,1.0
SW DOLPH ST,656,2,20,16,1.0
SW DOLPH ST,270,1,20,20,1.0
SW DONNER WAY,542,2,20,16,1.0
SW EVELYN ST,707,1,20,20,1.0
SW FAIRHAVEN DR,810,1,20,20,1.0
SW FLORIDA ST,1329,1,20,20,1.0
SW FLORIDA ST,252,1,20,20,1.0
SW FLORIDA ST,250,1,20,20,1.0
SW FLORIDA ST,230,1,20,20,1.0
SW FLOWER TER,1524,1,20,20,1.0
SW GEORGIAN PL,941,2,20,10,1.0
SW GRENWOLDE PL,366,1,20,20,1.0
SW GROVER ST,745,1,20,20,1.0
SW HAMILTON CT,199,1,20,20,1.0
SW HAMILTON ST,300,1,20,20,1.0
SW HILLSIDE DR,143,1,20,20,1.0
SW HUBER ST,442,1,20,20,1.0
SW HUME ST,352,1,20,20,1.0
SW HUME ST,333,1,20,20,1.0
SW IDAHO ST,734,1,20,20,1.0
SW ILLINOIS ST,1508,1,20,20,1.0
SW ILLINOIS ST,1170,1,20,20,1.0
SW JERALD CT,482,1,20,20,1.0
SW JERALD CT,462,1,20,20,1.0
SW JERALD CT,421,1,20,20,1.0
SW JERALD WAY,337,1,20,20,1.0
SW KANAN DR,811,2,20,18,1.0
SW KANAN DR,662,1,20,20,1.0
SW KANAN DR,259,1,20,20,1.0
SW LOWELL ST,760,1,20,20,1.0
SW MAPLECREST DR,524,1,20,20,1.0
SW MARIGOLD ST,675,1,20,20,1.0
SW MARIGOLD ST,358,1,20,20,1.0
SW MARIGOLD ST,260,1,20,20,1.0
SW MARIGOLD ST,260,1,20,20,1.0
SW MARTHA CT,192,1,20,20,1.0
SW MARTHA ST,706,1,20,20,1.0
SW MARTHA ST,641,1,20,20,1.0
SW MILES ST,219,1,20,20,1.0
SW MILES ST,219,1,20,20,1.0
SW MITCHELL ST,1002,2,20,18,1.0
SW MONTGOMERY DR,532,1,20,20,1.0
SW MOSS ST,427,1,20,16,1.0
SW NAITO PKWY FRONTAGE RD,261,1,20,20,1.0
SW NEBRASKA ST,385,1,20,20,1.0
SW NEVADA CT,1326,1,20,20,1.0
SW NEVADA CT,439,1,20,1,1.0
SW NEVADA CT,339,1,20,20,1.0
SW NEVADA CT,327,1,20,20,1.0
SW NEVADA CT,169,1,20,20,1.0
SW ORCHID ST,274,1,20,20,1.0
SW ORCHID ST,256,1,20,20,1.0
SW PALATINE ST,520,1,20,20,1.0
SW PALATINE ST,507,1,20,20,1.0
SW PASADENA ST,770,2,20,20,1.0
SW PATRICK PL,630,1,20,20,1.0
SW PLUM ST,212,1,20,20,1.0
SW PRIMROSE ST,181,1,20,20,1.0
SW RICHARDSON DR,274,1,20,20,1.0
SW RICHARDSON DR,261,1,20,20,1.0
SW ROSWELL AVE,707,1,20,20,1.0
SW SALMON ST,317,1,20,20,1.0
SW SEYMOUR ST,790,1,20,20,1.0
SW SEYMOUR ST,307,1,20,20,1.0
SW SPRING GARDEN ST,1363,1,20,20,1.0
SW SPRING GARDEN ST,285,1,20,20,1.0
SW SUNSET DR,209,1,20,20,1.0
SW SYLVANIA TER,305,1,20,20,1.0
SW TAYLORS FERRY CT,901,1,20,16,1.0
SW TAYLORS FERRY CT,236,1,20,20,1.0
SW TAYLORS FERRY CT,220,1,20,20,1.0
SW TEXAS ST,1322,1,20,20,1.0
SW TEXAS ST,475,2,20,20,1.0
SW TEXAS ST,258,1,20,20,1.0
SW TEXAS ST,250,1,20,20,1.0
SW TEXAS ST,245,1,20,20,1.0
SW TOWER WAY,486,1,20,20,1.0
SW TWOMBLY AVE,188,1,20,20,1.0
SW UPPER DR,610,1,20,20,1.0
SW VACUNA ST,340,1,20,20,1.0
SW VALONA WAY,379,1,20,20,1.0
SW VIEW POINT TER,254,1,20,20,1.0
SW VIEW POINT TER,139,1,20,20,1.0
SW WEST POINT CT,129,1,20,20,1.0
SW WESTWOOD CT,718,1,20,20,1.0
SW WESTWOOD CT,293,1,20,20,1.0
SW WESTWOOD DR,1538,1,20,18,1.0
SW WESTWOOD DR,258,1,20,20,1.0
SW WESTWOOD DR,209,1,20,20,1.0
SW WILBARD ST,441,1,20,20,1.0
SW WILBARD ST,307,1,20,20,1.0
SW WILBARD ST,296,1,20,20,1.0
SW YAMHILL DR,567,1,20,19,1.0
NE 54TH AVE,511,1,21,21,1.5
NE 57TH AVE,415,1,21,21,1.5
NE 83RD AVE,230,1,21,21,1.5
NE 89TH AVE,297,1,21,21,1.5
NE 90TH AVE,366,1,21,21,1.5
NE 91ST AVE,421,1,21,21,1.5
NE 91ST AVE,421,2,21,20,1.5
NE 91ST AVE,304,1,21,21,1.5
NE 91ST AVE,250,1,21,21,1.5
NE 96TH AVE,429,1,21,21,1.5
NE AINSWORTH ST,625,1,21,21,1.5
NE ALBERTA ST,306,1,21,21,1.5
NE GOING PL,256,1,21,21,1.5
NE GOING PL,250,1,21,21,1.5
NE GOING PL,250,1,21,21,1.5
NE OREGON ST,187,1,21,21,1.5
NE RANDALL AVE,125,1,21,21,1.5
NE SIMPSON ST,298,1,21,21,1.5
NE SKIDMORE ST,334,1,21,21,1.5
NE WYGANT ST,260,1,21,21,1.5
NE WYGANT ST,260,1,21,21,1.5
SE 108TH AVE,230,1,21,21,1.5
SE 140TH AVE,250,1,21,21,1.5
SE 47TH AVE,919,1,21,17,1.5
SE 64TH AVE,1252,1,21,21,1.5
SE 84TH AVE,633,1,21,21,1.5
SE 91ST AVE,412,1,21,12,1.5
SE ALDER ST,326,1,21,21,1.5
SE BOISE ST,537,1,21,21,1.5
SE CARLTON ST,260,1,21,21,1.5
SE COOPER ST,554,1,21,18,1.5
SE COOPER ST,554,1,21,21,1.5
SE COOPER ST,374,1,21,21,1.5
SE COOPER ST,280,1,21,21,1.5
SE EVERGREEN ST,733,2,21,21,1.5
SE FRANKLIN ST,490,1,21,21,1.5
SE GAIBLER LN,490,1,21,21,1.5
SE GLENWOOD ST,774,2,21,21,1.5
SE GLENWOOD ST,241,1,21,21,1.5
SE HARRISON ST,239,1,21,21,1.5
SE MAIN ST,292,1,21,21,1.5
SE RAYMOND ST,149,1,21,21,1.5
SE RAYMOND ST,139,1,21,21,1.5
SW 10TH AVE,282,1,21,21,1.5
SW 12TH DR,1659,1,21,21,1.5
SW 12TH DR,316,1,21,21,1.5
SW 31ST AVE,946,3,21,18,1.5
SW 37TH AVE,293,1,21,21,1.5
SW 57TH AVE,517,1,21,21,1.5
SW 61ST AVE,250,1,21,21,1.5
SW ALFRED ST,615,2,21,21,1.5
SW CHEHALEM AVE,287,1,21,21,1.5
SW EVELYN ST,189,1,21,21,1.5
SW HUBER ST,703,1,21,21,1.5
SW HUBER ST,445,1,21,21,1.5
SW IDAHO ST,370,1,21,21,1.5
SW RIDGEVIEW LN,340,1,21,21,1.5
SW STEPHENSON ST,893,1,21,18,1.5
SW WILBARD ST,965,2,21,1,1.5
N BLANDENA ST,663,2,22,22,2.0
N CONCORD AVE,170,1,22,22,2.0
N DANA AVE,555,1,22,22,2.0
N IDA AVE,256,1,22,22,2.0
N SMITH ST,498,1,22,22,2.0
N SYRACUSE ST,529,1,22,22,2.0
N WILLIAMS AVE,306,1,22,22,2.0
N WYGANT ST,249,1,22,22,2.0
NE 109TH AVE,660,1,22,22,2.0
NE 109TH AVE,660,1,22,22,2.0
NE 109TH AVE,660,1,22,22,2.0
NE 109TH AVE,660,1,22,22,2.0
NE 109TH AVE,593,1,22,22,2.0
NE 110TH PL,231,1,22,1,2.0
NE 117TH AVE,624,1,22,22,2.0
NE 119TH AVE,479,1,22,22,2.0
NE 127TH AVE,825,1,22,22,2.0
NE 127TH AVE,240,1,22,22,2.0
NE 128TH AVE,1392,1,22,21,2.0
NE 151ST AVE,197,1,22,22,2.0
NE 33RD AVE-LOMBARD ST RAMP,354,1,22,22,2.0
NE 40TH AVE,560,1,22,22,2.0
NE 40TH AVE,460,1,22,22,2.0
NE 43RD AVE,460,1,22,22,2.0
NE 43RD AVE,329,1,22,22,2.0
NE 45TH AVE,463,2,22,14,2.0
NE 48TH AVE,295,1,22,22,2.0
NE 52ND AVE,528,1,22,22,2.0
NE 57TH AVE,442,1,22,22,2.0
NE 57TH AVE,437,1,22,22,2.0
NE 61ST AVE,260,1,22,22,2.0
NE 64TH AVE,111,1,22,22,2.0
NE 73RD AVE,1253,2,22,22,2.0
NE 84TH AVE,278,1,22,22,2.0
NE 86TH AVE,1291,2,22,22,2.0
NE 86TH AVE,235,1,22,22,2.0
NE 86TH AVE,235,1,22,22,2.0
NE 89TH AVE,314,1,22,22,2.0
NE 89TH AVE,299,1,22,22,2.0
NE 89TH AVE,281,1,22,22,2.0
NE 89TH AVE,250,1,22,22,2.0
NE 90TH AVE,250,1,22,22,2.0
NE 91ST AVE,1170,2,22,22,2.0
NE 91ST AVE,545,1,22,22,2.0
NE 91ST AVE,281,1,22,22,2.0
NE 94TH AVE,1327,1,22,22,2.0
NE 97TH AVE,226,1,22,22,2.0
NE AINSWORTH ST,1044,1,22,22,2.0
NE AINSWORTH ST,311,1,22,22,2.0
NE ALBERTA ST,1094,1,22,22,2.0
NE ALBERTA ST,236,1,22,22,2.0
NE BEECH ST,260,1,22,22,2.0
NE BEECH ST,260,1,22,22,2.0
NE BEECH ST,243,1,22,22,2.0
NE CRANE ST,346,1,22,22,2.0
NE CRANE ST,249,1,22,22,2.0
NE DAVIS ST,168,1,22,1,2.0
NE EMERSON ST,250,1,22,22,2.0
NE FARGO ST,751,1,22,22,2.0
NE FARGO ST,245,1,22,22,2.0
NE GILE TER,699,2,22,20,2.0
NE GOING PL,250,1,22,22,2.0
NE HOLMAN ST,595,1,22,22,2.0
NE HUMBOLDT ST,1089,1,22,22,2.0
NE JESSUP ST,260,1,22,22,2.0
NE LOMBARD ST-33RD AVE RAMP,197,1,22,22,2.0
NE MASON ST,261,1,22,22,2.0
NE MASON ST,260,1,22,22,2.0
NE MASON ST,260,1,22,22,2.0
NE MASON ST,255,1,22,22,2.0
NE MORRIS ST,119,1,22,22,2.0
NE OREGON ST,327,1,22,22,2.0
NE OREGON ST,308,1,22,22,2.0
NE RODNEY AVE,265,1,22,22,2.0
NE SACRAMENTO ST,664,1,22,22,2.0
NE SKIDMORE ST,888,1,22,22,2.0
NE SKIDMORE ST,646,2,22,21,2.0
NE SKIDMORE ST,260,1,22,22,2.0
NE SKIDMORE ST,260,1,22,22,2.0
NE SKIDMORE ST,260,1,22,22,2.0
NE SOUTH SHORE RD,2416,1,22,22,2.0
NE SUMNER ST,1292,3,22,21,2.0
NE WIBERG LN,697,1,22,22,2.0
NE WYGANT ST,260,1,22,22,2.0
NE WYGANT ST,260,1,22,22,2.0
NE WYGANT ST,260,1,22,22,2.0
NE WYGANT ST,260,1,22,22,2.0
NE WYGANT ST,260,1,22,22,2.0
NE WYGANT ST,260,1,22,22,2.0
NE WYGANT ST,260,1,22,22,2.0
NW 48TH AVE,312,1,22,22,2.0
NW LOGAN CT,111,1,22,22,2.0
SE 104TH AVE,323,1,22,22,2.0
SE 104TH AVE,301,1,22,22,2.0
SE 104TH AVE,289,1,22,22,2.0
SE 104TH AVE,284,1,22,22,2.0
SE 104TH AVE,251,1,22,22,2.0
SE 115TH AVE,352,1,22,22,2.0
SE 115TH AVE,292,1,22,22,2.0
SE 115TH AVE,278,1,22,22,2.0
SE 115TH AVE,228,1,22,22,2.0
SE 119TH AVE,2000,1,22,22,2.0
SE 124TH AVE,289,1,22,22,2.0
SE 124TH AVE,263,1,22,22,2.0
SE 125TH AVE,213,1,22,22,2.0
SE 14TH AVE,261,1,22,22,2.0
SE 14TH AVE,261,1,22,22,2.0
SE 14TH AVE,261,1,22,22,2.0
SE 14TH AVE,261,1,22,22,2.0
SE 14TH AVE,261,1,22,22,2.0
SE 14TH AVE,261,1,22,22,2.0
SE 151ST AVE,755,1,22,22,2.0
SE 158TH AVE,983,1,22,14,2.0
SE 23RD AVE,264,1,22,20,2.0
SE 37TH AVE,264,1,22,22,2.0
SE 41ST AVE,260,1,22,22,2.0
SE 58TH AVE,274,1,22,22,2.0
SE 64TH AVE,458,1,22,22,2.0
SE 68TH AVE,1742,2,22,22,2.0
SE 75TH AVE,440,1,22,22,2.0
SE 77TH AVE,245,1,22,22,2.0
SE 78TH AVE,858,2,22,22,2.0
SE 78TH AVE,539,1,22,22,2.0
SE 78TH AVE,383,1,22,22,2.0
SE 78TH AVE,353,1,22,22,2.0
SE 87TH AVE,238,1,22,22,2.0
SE 91ST AVE,250,1,22,22,2.0
SE 97TH AVE,226,1,22,22,2.0
SE BUSH ST,475,1,22,22,2.0
SE BUSH ST,408,1,22,22,2.0
SE BUSH ST,123,1,22,22,2.0
SE CLINTON ST,440,1,22,22,2.0
SE CLINTON ST,148,1,22,22,2.0
SE COOPER ST,471,1,22,22,2.0
SE COOPER ST,348,1,22,22,2.0
SE DUKE ST,178,1,22,22,2.0
SE FRANKLIN ST,291,1,22,22,2.0
SE HARNEY ST,496,1,22,22,2.0
SE HARNEY ST,330,2,22,22,2.0
SE HARNEY ST,225,1,22,22,2.0
SE HENDERSON CT,281,1,22,22,2.0
SE IVON ST,260,1,22,22,2.0
SE IVON ST,260,1,22,22,2.0
SE IVON ST,260,1,22,22,2.0
SE KELLY ST,832,2,22,22,2.0
SE KNAPP ST,668,1,22,22,2.0
SE LAMBERT ST,1842,3,22,21,2.0
SE LEXINGTON ST,1575,3,22,20,2.0
SE LINCOLN ST,318,1,22,22,2.0
SE MALDEN DR,225,1,22,22,2.0
SE MILL ST,348,1,22,16,2.0
SE OGDEN ST,1330,2,22,22,2.0
SE OGDEN ST,1006,1,22,22,2.0
SE OGDEN ST,998,1,22,22,2.0
SE OGDEN ST,643,1,22,22,2.0
SE RURAL ST,373,1,22,22,2.0
SE STEPHENS ST,1019,1,22,22,2.0
SE TIBBETTS ST,249,1,22,22,2.0
SE UMATILLA ST,261,1,22,22,2.0
SW 12TH AVE,488,2,22,22,2.0
SW 14TH AVE,250,1,22,22,2.0
SW 14TH AVE,250,1,22,22,2.0
SW 17TH AVE,260,1,22,1,2.0
SW 17TH AVE,195,1,22,22,2.0
SW 17TH DR,338,1,22,22,2.0
SW 17TH DR,334,1,22,22,2.0
SW 17TH DR,316,1,22,22,2.0
SW 18TH DR,615,2,22,22,2.0
SW 18TH DR,420,1,22,22,2.0
SW 18TH PL,1104,1,22,22,2.0
SW 18TH PL,761,1,22,20,2.0
SW 19TH AVE,798,2,22,18,2.0
SW 19TH DR,396,1,22,22,2.0
SW 23RD AVE,178,1,22,22,2.0
SW 29TH AVE,692,1,22,22,2.0
SW 29TH AVE,647,1,22,22,2.0
SW 2ND AVE,1253,3,22,20,2.0
SW 30TH AVE,222,1,22,22,2.0
SW 33RD AVE,895,1,22,22,2.0
SW 33RD AVE,542,1,22,22,2.0
SW 36TH AVE,488,1,22,22,2.0
SW 3RD AVE,1003,2,22,22,2.0
SW 40TH AVE,301,1,22,22,2.0
SW 42ND AVE,275,1,22,22,2.0
SW 43RD AVE,187,1,22,22,2.0
SW 45TH AVE,807,1,22,22,2.0
SW 47TH AVE,458,1,22,22,2.0
SW 48TH DR,954,2,22,22,2.0
SW 48TH DR,360,1,22,22,2.0
SW 4TH AVE,327,1,22,22,2.0
SW 50TH AVE,510,1,22,16,2.0
SW 53RD AVE,130,1,22,22,2.0
SW 57TH AVE,259,1,22,22,2.0
SW 60TH AVE,327,1,22,12,2.0
SW 61ST AVE,668,2,22,20,2.0
SW 63RD AVE,948,1,22,22,2.0
SW 64TH AVE,327,1,22,22,2.0
SW 64TH AVE,324,1,22,1,2.0
SW 69TH AVE,289,1,22,22,2.0
SW 9TH DR,361,1,22,22,2.0
SW ALFRED ST,485,2,22,22,2.0
SW ALFRED ST,430,1,22,22,2.0
SW BRIDLEMILE LN,745,1,22,22,2.0
SW BUDDINGTON ST,253,1,22,22,2.0
SW CUSTER ST,290,1,22,22,2.0
SW DICKINSON ST,250,1,22,22,2.0
SW DOLPH CT,210,1,22,22,2.0
SW FALCON ST,168,1,22,22,2.0
SW GALE AVE,270,1,22,22,2.0
SW HAWTHORNE TER,987,1,22,22,2.0
SW HAWTHORNE TER,265,1,22,22,2.0
SW HILLSIDE DR,671,2,22,20,2.0
SW JERALD WAY,755,1,22,22,2.0
SW LAUREL ST,230,1,22,22,2.0
SW MILES ST,224,1,22,22,2.0
SW MT ADAMS DR,358,1,22,22,2.0
SW MYRTLE ST,290,1,22,22,2.0
SW MYRTLE ST,260,1,22,22,2.0
SW NAITO PKWY FRONTAGE RD,197,1,22,22,2.0
SW PATRICK PL,349,1,22,22,2.0
SW POMONA ST,263,1,22,22,2.0
SW PRIMROSE ST,1033,1,22,22,2.0
SW PROSPECT DR,223,1,22,22,2.0
SW VIEW POINT TER,1000,2,22,20,2.0
SW WILBARD ST,670,1,22,22,2.0
SW WILBARD ST,527,1,22,22,2.0
SW WRIGHT AVE,582,1,22,22,2.0
N BANK ST,373,1,23,11,2.5
N BARR AVE,244,1,23,23,2.5
N BLISS ST,634,1,23,23,2.5
N BLISS ST,121,1,23,23,2.5
N CHARLESTON AVE,254,1,23,23,2.5
N CHARLESTON AVE,232,1,23,23,2.5
N CHARLESTON AVE,204,1,23,23,2.5
N DELAWARE AVE,260,1,23,23,2.5
N DELAWARE AVE,36,1,23,1,2.5
N HENDRICKS ST,374,1,23,23,2.5
N HENDRICKS ST,120,1,23,23,2.5
N HENDRICKS ST,120,1,23,23,2.5
N JOHNSWOOD DR,489,1,23,23,2.5
N MCCLELLAN ST,256,1,23,23,2.5
NE 136TH AVE,611,1,23,23,2.5
NE 163RD PL,265,1,23,23,2.5
NE 163RD PL,122,1,23,23,2.5
NE 165TH AVE,264,1,23,23,2.5
NE 165TH AVE,182,1,23,23,2.5
NE 165TH AVE,177,1,23,23,2.5
NE 16TH CT,125,1,23,23,2.5
NE 17TH AVE,244,1,23,23,2.5
NE 20TH AVE,242,1,23,23,2.5
NE 90TH AVE,274,1,23,23,2.5
NE BEECH ST,259,1,23,23,2.5
NE BLUE HERON CT,178,1,23,23,2.5
NE BLUE HERON DR,590,1,23,23,2.5
NE BLUE HERON DR,547,1,23,23,2.5
NE BLUE HERON DR,282,1,23,23,2.5
NE BLUE HERON DR,189,1,23,23,2.5
NE CESAR E CHAVEZ BLVD,251,1,23,23,2.5
NE COUCH ST,315,1,23,23,2.5
NE DAVIS CT,314,1,23,18,2.5
NE DAVIS CT,228,1,23,23,2.5
NE EDGEWATER DR,355,1,23,23,2.5
NE EDGEWATER DR,327,1,23,23,2.5
NE FAIRWAY DR,228,1,23,23,2.5
NE FREMONT ST,537,1,23,23,2.5
NE KLICKITAT ST,363,1,23,23,2.5
NE KLICKITAT ST,113,1,23,23,2.5
NE LAS BRISAS CT,113,1,23,23,2.5
NW DEVOTO LN,224,1,23,23,2.5
SE 133RD PL,266,1,23,23,2.5
SE 134TH DR,445,1,23,23,2.5
SE 134TH DR,435,1,23,23,2.5
SE 138TH DR,531,1,23,23,2.5
SE 138TH DR,251,1,23,23,2.5
SE 152ND AVE,390,1,23,17,2.5
SE 160TH AVE,164,1,23,23,2.5
SE 165TH AVE,242,1,23,23,2.5
SE 74TH AVE,654,1,23,23,2.5
SE 91ST AVE,250,1,23,23,2.5
SE 91ST AVE,250,1,23,23,2.5
SE 91ST AVE,248,1,23,23,2.5
SE BALDRY ST,170,1,23,23,2.5
SE BUFORD CT,286,1,23,23,2.5
SE BUFORD LN,842,1,23,23,2.5
SE CARLTON ST,999,1,23,20,2.5
SE DUNBAR DR,664,1,23,23,2.5
SE EQUESTRIAN DR,408,1,23,23,2.5
SE EQUESTRIAN DR,297,1,23,23,2.5
SE EQUESTRIAN DR,295,1,23,23,2.5
SE EQUESTRIAN DR,252,1,23,23,2.5
SE EQUESTRIAN DR,191,1,23,23,2.5
SE FLAVEL CT,377,1,23,23,2.5
SE GRANT ST,329,1,23,23,2.5
SE HARRISON ST,168,1,23,23,2.5
SE HAWTHORNE MEADOWS ST,811,1,23,23,2.5
SE INSLEY ST,254,1,23,23,2.5
SE JOHNSTON DR,308,1,23,23,2.5
SE LAMBERT ST,115,1,23,23,2.5
SE MALDEN CT,651,1,23,23,2.5
SE MITCHELL ST,382,1,23,23,2.5
SE NEHALEM ST,985,1,23,23,2.5
SE NEHALEM ST,492,1,23,23,2.5
SE PLATT AVE,298,1,23,23,2.5
SE PLATT AVE,183,1,23,23,2.5
SE RAYMOND ST,157,1,23,23,2.5
SE RHONE ST,210,1,23,23,2.5
SW 60TH AVE,656,1,23,23,2.5
SW GREEN AVE,246,1,23,23,2.5
SW TICHNER DR,245,1,23,23,2.5
N ALLEGHENY AVE,383,1,24,24,3.0
N ALLEGHENY AVE,205,1,24,24,3.0
N ALMA AVE,509,1,24,24,3.0
N ARLINGTON PL,708,1,24,24,3.0
N ASTOR ST,610,1,24,24,3.0
N ATLANTIC AVE,662,1,24,24,3.0
N ATLANTIC AVE,657,1,24,24,3.0
N BALDWIN ST,712,2,24,24,3.0
N BALDWIN ST,627,1,24,24,3.0
N BALDWIN ST,613,1,24,24,3.0
N BALDWIN ST,383,1,24,24,3.0
N BALDWIN ST,280,1,24,24,3.0
N BANK ST,275,1,24,24,3.0
N BANK ST,261,1,24,24,3.0
N BAYARD AVE,579,1,24,24,3.0
N BAYARD AVE,550,1,24,24,3.0
N BAYARD AVE,550,1,24,24,3.0
N BERKELEY AVE,799,1,24,24,3.0
N BERKELEY AVE,363,1,24,24,3.0
N BLANDENA ST,362,1,24,24,3.0
N BOWDOIN ST,717,1,24,24,3.0
N BOWDOIN ST,395,1,24,24,3.0
N BOWDOIN ST,391,1,24,24,3.0
N BRYANT ST,263,1,24,24,3.0
N BRYANT ST,258,1,24,24,3.0
N BUFFALO ST,260,1,24,24,3.0
N BUFFALO ST,260,1,24,24,3.0
N BUFFALO ST,260,1,24,24,3.0
N BUFFALO ST,259,1,24,24,3.0
N BUFFALO ST,259,1,24,24,3.0
N BURRAGE AVE,455,1,24,24,3.0
N BURRAGE AVE,206,1,24,24,3.0
N CALHOUN AVE,477,1,24,24,3.0
N CAMPBELL AVE,661,1,24,24,3.0
N CAMPBELL AVE,656,1,24,24,3.0
N CENTRAL ST,278,1,24,24,3.0
N CHASE AVE,1091,1,24,24,3.0
N CHURCH ST,630,1,24,24,3.0
N CHURCH ST,421,1,24,24,3.0
N CHURCH ST,305,1,24,24,3.0
N CHURCH ST,260,1,24,24,3.0
N CHURCH ST,260,1,24,24,3.0
N CLARENDON AVE,497,1,24,24,3.0
N CONCORD AVE,804,3,24,16,3.0
N CONCORD AVE,290,1,24,24,3.0
N CONCORD AVE,260,1,24,24,3.0
N CONCORD AVE,260,1,24,24,3.0
N CONCORD AVE,260,1,24,24,3.0
N CONCORD AVE,260,1,24,24,3.0
N CONCORD AVE,260,1,24,24,3.0
N CURTIS AVE,462,1,24,24,3.0
N CURTIS AVE,455,1,24,24,3.0
N CURTIS AVE,450,1,24,24,3.0
N CURTIS AVE,450,1,24,24,3.0
N CURTIS AVE,372,1,24,24,3.0
N DECATUR ST,366,1,24,24,3.0
N DEKUM ST,657,1,24,24,3.0
N DEKUM ST,260,1,24,24,3.0
N DEKUM ST,256,1,24,24,3.0
N DEPAUW ST,636,1,24,24,3.0
N DEPAUW ST,500,1,24,24,3.0
N DEPAUW ST,397,1,24,24,3.0
N DEPAUW ST,393,1,24,24,3.0
N DICKENS ST,329,1,24,24,3.0
N DRUID AVE,461,1,24,24,3.0
N DRUID AVE,460,1,24,24,3.0
N DRUMMOND AVE,580,1,24,24,3.0
N DWIGHT AVE,684,1,24,24,3.0
N DWIGHT AVE,460,1,24,24,3.0
N EMERSON CT,208,1,24,24,3.0
N EMERSON DR,576,1,24,24,3.0
N EXETER AVE,560,1,24,24,3.0
N FAIRHAVEN AVE,761,2,24,24,3.0
N FAIRHAVEN AVE,265,1,24,24,3.0
N FAIRPORT PL,381,1,24,24,3.0
N FENWICK AVE,659,1,24,24,3.0
N FENWICK AVE,656,1,24,24,3.0
N FOWLER AVE,889,1,24,24,3.0
N FOX ST,520,1,24,24,3.0
N FOX ST,318,1,24,24,3.0
N GAMMANS PL,260,1,24,24,3.0
N GIRARD ST,516,1,24,24,3.0
N GIRARD ST,463,1,24,24,3.0
N GLOUCESTER AVE,848,1,24,24,3.0
N GREENWICH AVE,661,1,24,24,3.0
N GREENWICH AVE,657,1,24,24,3.0
N HAIGHT AVE,173,1,24,24,3.0
N HARTMAN ST,558,1,24,24,3.0
N HARTMAN ST,535,1,24,24,3.0
N HARTMAN ST,520,1,24,24,3.0
N HARVARD ST,517,1,24,24,3.0
N HARVARD ST,393,1,24,24,3.0
N HARVARD ST,383,1,24,24,3.0
N HAVEN AVE,461,1,24,24,3.0
N HAVEN AVE,460,1,24,24,3.0
N HAVEN AVE,447,1,24,24,3.0
N HAVEN AVE,151,1,24,24,3.0
N HOLMAN ST,606,1,24,24,3.0
N HOLMAN ST,448,1,24,24,3.0
N HOLMAN ST,281,1,24,24,3.0
N HOLMAN ST,261,1,24,24,3.0
N HOLMAN ST,238,1,24,24,3.0
N HUDSON ST,481,1,24,24,3.0
N HUDSON ST,270,1,24,24,3.0
N HUDSON ST,260,1,24,24,3.0
N HUDSON ST,260,1,24,24,3.0
N HUDSON ST,260,1,24,24,3.0
N HUMBOLDT ST,666,1,24,24,3.0
N HUMBOLDT ST,636,1,24,24,3.0
N HUNT ST,330,1,24,24,3.0
N HUNT ST,250,1,24,24,3.0
N HUNT ST,250,1,24,24,3.0
N HURON AVE,659,1,24,24,3.0
N HURST AVE,554,1,24,24,3.0
N HURST AVE,386,1,24,24,3.0
N IDA AVE,264,1,24,24,3.0
N IRIS WAY,268,1,24,24,3.0
N IRIS WAY,268,1,24,24,3.0
N IVANHOE ST,528,1,24,24,3.0
N JARRETT ST,631,1,24,24,3.0
N JARRETT ST,422,1,24,24,3.0
N JARRETT ST,305,1,24,24,3.0
N JARRETT ST,260,1,24,24,3.0
N JARRETT ST,260,1,24,24,3.0
N JARRETT ST,231,1,24,24,3.0
N JARRETT ST,208,1,24,24,3.0
N JESSUP ST,629,1,24,24,3.0
N JESSUP ST,422,1,24,24,3.0
N JESSUP ST,305,1,24,24,3.0
N JESSUP ST,260,1,24,24,3.0
N JESSUP ST,260,1,24,24,3.0
N JESSUP ST,233,1,24,24,3.0
N JORDAN AVE,663,1,24,24,3.0
N JORDAN AVE,660,1,24,24,3.0
N KILPATRICK ST,690,1,24,24,3.0
N LEONARD ST,738,1,24,24,3.0
N LEONARD ST,631,1,24,24,3.0
N LEONARD ST,607,1,24,24,3.0
N LEONARD ST,584,1,24,24,3.0
N LEONARD ST,447,1,24,24,3.0
N LIBERTY ST,653,1,24,24,3.0
N LOVELY ST,414,1,24,24,3.0
N LOVELY ST,406,1,24,24,3.0
N LOVELY ST,379,1,24,24,3.0
N MARYLAND AVE,320,1,24,24,3.0
N MARYLAND AVE,266,1,24,24,3.0
N MARYLAND AVE,260,1,24,24,3.0
N MARYLAND AVE,260,1,24,24,3.0
N MARYLAND AVE,260,1,24,24,3.0
N MATHER PL,260,1,24,24,3.0
N MCCLELLAN ST,342,1,24,24,3.0
N MEARS ST,635,1,24,24,3.0
N MEARS ST,526,1,24,24,3.0
N MINNESOTA AVE,321,1,24,24,3.0
N MINNESOTA AVE,260,1,24,24,3.0
N MINNESOTA AVE,260,1,24,24,3.0
N MINNESOTA AVE,260,1,24,24,3.0
N MINNESOTA AVE,260,1,24,24,3.0
N MISSOURI AVE,321,1,24,24,3.0
N MISSOURI AVE,260,1,24,24,3.0
N MISSOURI AVE,260,1,24,24,3.0
N MISSOURI AVE,260,1,24,24,3.0
N MISSOURI AVE,258,1,24,24,3.0
N MONTANA AVE,682,2,24,24,3.0
N MONTANA AVE,320,1,24,24,3.0
N MONTANA AVE,269,1,24,24,3.0
N MONTANA AVE,260,1,24,24,3.0
N MONTANA AVE,260,1,24,24,3.0
N MONTANA AVE,260,1,24,24,3.0
N MOORE AVE,390,1,24,24,3.0
N NEWARK ST,270,1,24,24,3.0
N NEWARK ST,269,1,24,24,3.0
N NEWCASTLE AVE,331,1,24,24,3.0
N NEWCASTLE AVE,330,1,24,24,3.0
N NEWELL AVE,547,1,24,24,3.0
N NEWELL AVE,520,1,24,24,3.0
N NEWMAN AVE,742,1,24,24,3.0
N OATMAN AVE,463,1,24,24,3.0
N OATMAN AVE,455,1,24,24,3.0
N OATMAN AVE,451,1,24,24,3.0
N OATMAN AVE,450,1,24,24,3.0
N OATMAN AVE,372,1,24,24,3.0
N OBERLIN ST,690,1,24,24,3.0
N OBERLIN ST,396,1,24,24,3.0
N OBERLIN ST,392,1,24,24,3.0
N OLYMPIA ST,520,1,24,24,3.0
N OLYMPIA ST,438,1,24,24,3.0
N OLYMPIA ST,416,1,24,24,3.0
N OMAHA AVE,663,1,24,24,3.0
N OMAHA AVE,250,1,24,24,3.0
N OMAHA AVE,238,1,24,24,3.0
N OSWEGO AVE,240,1,24,24,3.0
N OSWEGO AVE,240,1,24,24,3.0
N OSWEGO AVE,240,1,24,24,3.0
N POLK AVE,1024,2,24,24,3.0
N POLK AVE,996,2,24,24,3.0
N POLK AVE,260,1,24,24,3.0
N POLK AVE,250,1,24,24,3.0
N PRINCETON ST,526,1,24,24,3.0
N PRINCETON ST,360,1,24,24,3.0
N RUSSET ST,692,1,24,24,3.0
N RUSSET ST,628,1,24,24,3.0
N RUSSET ST,587,1,24,24,3.0
N RUSSET ST,399,1,24,24,3.0
N SEWARD AVE,1227,1,24,24,3.0
N SIMPSON ST,305,1,24,24,3.0
N SIMPSON ST,260,1,24,24,3.0
N SIMPSON ST,260,1,24,24,3.0
N SIMPSON ST,260,1,24,24,3.0
N SIMPSON ST,255,1,24,24,3.0
N SIMPSON ST,232,1,24,24,3.0
N SMITH ST,480,1,24,24,3.0
N SUMNER ST,386,1,24,24,3.0
N SWENSON ST,612,2,24,24,3.0
N SWENSON ST,521,1,24,24,3.0
N SWENSON ST,249,1,24,24,3.0
N SWENSON ST,241,1,24,24,3.0
N SWENSON ST,167,1,24,24,3.0
N SYRACUSE ST,500,1,24,24,3.0
N SYRACUSE ST,500,1,24,24,3.0
N TODD ST,406,1,24,24,3.0
N VAN HOUTEN AVE,636,1,24,24,3.0
N VAN HOUTEN AVE,632,1,24,24,3.0
N VAN HOUTEN AVE,560,1,24,24,3.0
N VAN HOUTEN AVE,544,1,24,24,3.0
N VAN HOUTEN AVE,512,1,24,24,3.0
N VAN HOUTEN AVE,438,1,24,24,3.0
N VANDERBILT ST,508,1,24,24,3.0
N VANDERBILT ST,500,1,24,24,3.0
N VANDERBILT ST,463,1,24,24,3.0
N VANDERBILT ST,165,1,24,24,3.0
N WASHBURNE AVE,985,1,24,24,3.0
N WILBUR AVE,768,1,24,24,3.0
N WILBUR AVE,455,1,24,24,3.0
N WILBUR AVE,205,1,24,24,3.0
N WILLAMETTE BLVD,920,2,24,24,3.0
N WILLAMETTE BLVD,662,1,24,24,3.0
N WILLAMETTE BLVD,627,1,24,24,3.0
N WILLAMETTE LN,839,1,24,18,3.0
N WINCHELL ST,230,1,24,24,3.0
N WINDLE ST,483,1,24,24,3.0
N YALE ST,564,1,24,24,3.0
NE 108TH AVE,251,1,24,24,3.0
NE 109TH AVE,469,1,24,24,3.0
NE 10TH AVE,344,1,24,24,3.0
NE 10TH AVE,330,1,24,24,3.0
NE 10TH AVE,330,1,24,24,3.0
NE 114TH AVE,670,1,24,24,3.0
NE 115TH AVE,660,1,24,24,3.0
NE 116TH AVE,320,1,24,1,3.0
NE 118TH AVE,1335,1,24,22,3.0
NE 11TH AVE,336,1,24,24,3.0
NE 12TH AVE,336,1,24,24,3.0
NE 133RD AVE,986,1,24,24,3.0
NE 13TH AVE,336,1,24,24,3.0
NE 13TH AVE,253,1,24,24,3.0
NE 141ST AVE,999,1,24,24,3.0
NE 141ST AVE,474,1,24,24,3.0
NE 148TH AVE,458,1,24,24,3.0
NE 148TH AVE,259,1,24,24,3.0
NE 151ST AVE,743,1,24,24,3.0
NE 151ST AVE,558,1,24,24,3.0
NE 157TH AVE,524,1,24,24,3.0
NE 160TH AVE,504,1,24,24,3.0
NE 17TH AVE,261,1,24,24,3.0
NE 17TH AVE,260,1,24,24,3.0
NE 19TH AVE,260,1,24,24,3.0
NE 19TH AVE,260,1,24,24,3.0
NE 19TH AVE,260,1,24,24,3.0
NE 20TH AVE,966,1,24,24,3.0
NE 20TH AVE,348,1,24,24,3.0
NE 21ST AVE,209,1,24,24,3.0
NE 22ND AVE,723,1,24,24,3.0
NE 22ND AVE,315,1,24,24,3.0
NE 22ND AVE,260,1,24,24,3.0
NE 22ND AVE,260,1,24,24,3.0
NE 22ND AVE,259,1,24,24,3.0
NE 23RD AVE,617,1,24,24,3.0
NE 23RD AVE,411,1,24,24,3.0
NE 24TH AVE,260,1,24,24,3.0
NE 24TH AVE,259,1,24,24,3.0
NE 26TH AVE,260,1,24,24,3.0
NE 26TH AVE,259,1,24,24,3.0
NE 27TH AVE,509,2,24,24,3.0
NE 27TH AVE,281,1,24,24,3.0
NE 27TH AVE,260,1,24,24,3.0
NE 27TH AVE,180,1,24,24,3.0
NE 30TH AVE,421,1,24,24,3.0
NE 30TH AVE,408,1,24,24,3.0
NE 30TH AVE,262,1,24,24,3.0
NE 30TH AVE,262,1,24,24,3.0
NE 30TH AVE,260,1,24,24,3.0
NE 30TH AVE,260,1,24,24,3.0
NE 30TH AVE,259,1,24,24,3.0
NE 32ND CT,700,1,24,24,3.0
NE 32ND CT,416,1,24,24,3.0
NE 32ND PL,704,1,24,24,3.0
NE 32ND PL,417,1,24,24,3.0
NE 34TH AVE,748,1,24,24,3.0
NE 34TH AVE,227,1,24,24,3.0
NE 35TH AVE,767,1,24,24,3.0
NE 35TH AVE,245,1,24,24,3.0
NE 35TH AVE,234,1,24,24,3.0
NE 35TH AVE,226,1,24,24,3.0
NE 35TH PL,770,1,24,24,3.0
NE 36TH AVE,831,2,24,24,3.0
NE 36TH AVE,765,1,24,24,3.0
NE 36TH AVE,268,1,24,24,3.0
NE 36TH AVE,258,1,24,24,3.0
NE 37TH AVE,560,1,24,24,3.0
NE 37TH AVE,460,1,24,24,3.0
NE 37TH AVE,460,1,24,24,3.0
NE 38TH AVE,689,1,24,24,3.0
NE 38TH AVE,677,1,24,24,3.0
NE 38TH AVE,560,1,24,24,3.0
NE 38TH AVE,550,1,24,24,3.0
NE 38TH AVE,495,1,24,24,3.0
NE 38TH AVE,460,1,24,24,3.0
NE 38TH AVE,460,1,24,24,3.0
NE 40TH AVE,688,1,24,24,3.0
NE 40TH AVE,679,1,24,24,3.0
NE 40TH AVE,550,1,24,24,3.0
NE 40TH AVE,147,1,24,24,3.0
NE 41ST AVE,689,1,24,24,3.0
NE 41ST AVE,680,1,24,24,3.0
NE 41ST AVE,560,1,24,24,3.0
NE 41ST AVE,549,1,24,24,3.0
NE 41ST AVE,460,1,24,24,3.0
NE 43RD AVE,560,1,24,24,3.0
NE 44TH AVE,560,1,24,24,3.0
NE 44TH AVE,460,1,24,24,3.0
NE 45TH AVE,610,1,24,24,3.0
NE 45TH AVE,560,1,24,24,3.0
NE 45TH AVE,560,1,24,24,3.0
NE 45TH AVE,485,1,24,24,3.0
NE 45TH AVE,460,1,24,24,3.0
NE 45TH AVE,428,1,24,24,3.0
NE 45TH AVE,371,1,24,24,3.0
NE 45TH PL,224,1,24,24,3.0
NE 46TH AVE,610,1,24,24,3.0
NE 46TH AVE,560,1,24,24,3.0
NE 46TH AVE,560,1,24,24,3.0
NE 46TH AVE,505,1,24,24,3.0
NE 46TH AVE,485,1,24,24,3.0
NE 46TH AVE,460,1,24,24,3.0
NE 46TH AVE,414,1,24,24,3.0
NE 46TH AVE,381,1,24,24,3.0
NE 46TH AVE,337,1,24,24,3.0
NE 47TH AVE,610,1,24,24,3.0
NE 47TH AVE,560,1,24,24,3.0
NE 47TH AVE,560,1,24,24,3.0
NE 47TH AVE,510,1,24,24,3.0
NE 47TH AVE,485,1,24,24,3.0
NE 47TH AVE,371,1,24,24,3.0
NE 48TH AVE,610,1,24,24,3.0
NE 48TH AVE,560,1,24,24,3.0
NE 48TH AVE,520,1,24,24,3.0
NE 48TH AVE,505,1,24,24,3.0
NE 48TH AVE,500,1,24,24,3.0
NE 48TH AVE,486,1,24,24,3.0
NE 48TH AVE,460,1,24,24,3.0
NE 48TH AVE,370,1,24,24,3.0
NE 49TH AVE,610,1,24,24,3.0
NE 49TH AVE,560,1,24,24,3.0
NE 49TH AVE,520,1,24,24,3.0
NE 49TH AVE,505,1,24,24,3.0
NE 49TH AVE,502,1,24,24,3.0
NE 49TH AVE,486,1,24,24,3.0
NE 49TH AVE,460,1,24,24,3.0
NE 49TH AVE,460,1,24,24,3.0
NE 49TH AVE,419,1,24,24,3.0
NE 50TH AVE,610,1,24,24,3.0
NE 50TH AVE,560,1,24,24,3.0
NE 50TH AVE,533,1,24,24,3.0
NE 50TH AVE,505,1,24,24,3.0
NE 50TH AVE,505,1,24,24,3.0
NE 50TH AVE,487,1,24,24,3.0
NE 50TH AVE,461,1,24,24,3.0
NE 50TH AVE,460,1,24,24,3.0
NE 50TH AVE,332,1,24,24,3.0
NE 50TH AVE,263,1,24,24,3.0
NE 50TH AVE,202,1,24,24,3.0
NE 50TH AVE,154,1,24,24,3.0
NE 51ST AVE,660,1,24,24,3.0
NE 51ST AVE,610,1,24,24,3.0
NE 51ST AVE,560,1,24,24,3.0
NE 51ST AVE,509,1,24,24,3.0
NE 51ST AVE,505,1,24,24,3.0
NE 51ST AVE,488,1,24,24,3.0
NE 51ST AVE,460,1,24,24,3.0
NE 51ST AVE,460,1,24,24,3.0
NE 51ST AVE,442,1,24,24,3.0
NE 52ND AVE,640,1,24,24,3.0
NE 52ND AVE,610,1,24,24,3.0
NE 52ND AVE,560,1,24,24,3.0
NE 52ND AVE,519,1,24,24,3.0
NE 52ND AVE,505,1,24,24,3.0
NE 52ND AVE,487,1,24,24,3.0
NE 52ND AVE,460,1,24,24,3.0
NE 52ND AVE,460,1,24,24,3.0
NE 52ND AVE,399,1,24,24,3.0
NE 52ND AVE,352,1,24,24,3.0
NE 52ND AVE,218,1,24,24,3.0
NE 53RD AVE,610,1,24,24,3.0
NE 53RD AVE,596,1,24,24,3.0
NE 53RD AVE,560,1,24,24,3.0
NE 53RD AVE,513,1,24,24,3.0
NE 53RD AVE,505,1,24,24,3.0
NE 53RD AVE,487,1,24,24,3.0
NE 53RD AVE,460,1,24,24,3.0
NE 53RD AVE,460,1,24,24,3.0
NE 53RD AVE,360,1,24,24,3.0
NE 54TH AVE,610,1,24,24,3.0
NE 54TH AVE,560,1,24,24,3.0
NE 54TH AVE,544,1,24,24,3.0
NE 54TH AVE,510,1,24,24,3.0
NE 54TH AVE,505,1,24,24,3.0
NE 54TH AVE,486,1,24,24,3.0
NE 54TH AVE,460,1,24,24,3.0
NE 54TH AVE,460,1,24,24,3.0
NE 54TH AVE,360,1,24,24,3.0
NE 54TH AVE,339,1,24,24,3.0
NE 55TH AVE,610,1,24,24,3.0
NE 55TH AVE,560,1,24,24,3.0
NE 55TH AVE,511,1,24,24,3.0
NE 55TH AVE,505,1,24,24,3.0
NE 55TH AVE,486,1,24,24,3.0
NE 55TH AVE,460,1,24,24,3.0
NE 55TH AVE,460,1,24,24,3.0
NE 55TH AVE,409,1,24,24,3.0
NE 55TH AVE,360,1,24,24,3.0
NE 56TH AVE,610,1,24,24,3.0
NE 56TH AVE,560,1,24,24,3.0
NE 56TH AVE,512,1,24,24,3.0
NE 56TH AVE,505,1,24,24,3.0
NE 56TH AVE,486,1,24,24,3.0
NE 56TH AVE,461,1,24,24,3.0
NE 56TH AVE,460,1,24,24,3.0
NE 56TH AVE,441,1,24,24,3.0
NE 56TH AVE,360,1,24,24,3.0
NE 56TH AVE,356,1,24,24,3.0
NE 57TH AVE,446,1,24,21,3.0
NE 58TH AVE,853,2,24,24,3.0
NE 58TH AVE,610,1,24,24,3.0
NE 58TH AVE,582,1,24,24,3.0
NE 58TH AVE,560,1,24,24,3.0
NE 58TH AVE,505,1,24,24,3.0
NE 58TH AVE,485,1,24,24,3.0
NE 58TH AVE,455,1,24,24,3.0
NE 58TH AVE,410,1,24,24,3.0
NE 58TH AVE,410,1,24,24,3.0
NE 58TH AVE,389,1,24,24,3.0
NE 58TH AVE,279,1,24,24,3.0
NE 58TH AVE,131,1,24,24,3.0
NE 59TH AVE,859,1,24,24,3.0
NE 59TH AVE,610,1,24,24,3.0
NE 59TH AVE,581,1,24,24,3.0
NE 59TH AVE,560,1,24,24,3.0
NE 59TH AVE,484,1,24,24,3.0
NE 59TH AVE,470,1,24,24,3.0
NE 59TH AVE,455,1,24,24,3.0
NE 59TH AVE,455,1,24,24,3.0
NE 59TH AVE,411,1,24,24,3.0
NE 59TH AVE,410,1,24,24,3.0
NE 59TH AVE,409,1,24,24,3.0
NE 59TH AVE,384,1,24,24,3.0
NE 59TH AVE,277,1,24,24,3.0
NE 60TH AVE,610,1,24,24,3.0
NE 60TH AVE,560,1,24,24,3.0
NE 60TH AVE,484,1,24,24,3.0
NE 60TH AVE,470,1,24,24,3.0
NE 60TH AVE,426,1,24,24,3.0
NE 61ST AVE,651,2,24,24,3.0
NE 61ST AVE,581,1,24,24,3.0
NE 61ST AVE,560,1,24,24,3.0
NE 61ST AVE,558,1,24,24,3.0
NE 61ST AVE,520,1,24,24,3.0
NE 61ST AVE,484,1,24,24,3.0
NE 61ST AVE,470,1,24,24,3.0
NE 61ST AVE,455,1,24,24,3.0
NE 61ST AVE,400,1,24,24,3.0
NE 61ST AVE,400,1,24,24,3.0
NE 61ST AVE,399,1,24,24,3.0
NE 62ND AVE,560,1,24,24,3.0
NE 62ND AVE,520,1,24,24,3.0
NE 62ND AVE,484,1,24,24,3.0
NE 62ND AVE,470,1,24,24,3.0
NE 62ND AVE,403,1,24,24,3.0
NE 63RD AVE,580,1,24,24,3.0
NE 63RD AVE,560,1,24,24,3.0
NE 63RD AVE,520,1,24,24,3.0
NE 63RD AVE,510,1,24,24,3.0
NE 63RD AVE,485,1,24,24,3.0
NE 63RD AVE,470,1,24,24,3.0
NE 63RD AVE,352,1,24,24,3.0
NE 63RD AVE,269,1,24,24,3.0
NE 63RD AVE,261,1,24,24,3.0
NE 63RD AVE,260,1,24,24,3.0
NE 63RD AVE,260,1,24,24,3.0
NE 63RD AVE,260,1,24,24,3.0
NE 63RD AVE,258,1,24,24,3.0
NE 63RD AVE,240,1,24,24,3.0
NE 64TH AVE,580,1,24,24,3.0
NE 64TH AVE,561,1,24,24,3.0
NE 64TH AVE,520,1,24,24,3.0
NE 64TH AVE,520,1,24,24,3.0
NE 64TH AVE,520,1,24,24,3.0
NE 64TH AVE,510,1,24,24,3.0
NE 64TH AVE,509,1,24,24,3.0
NE 64TH AVE,502,1,24,24,3.0
NE 64TH AVE,499,1,24,24,3.0
NE 64TH AVE,487,1,24,24,3.0
NE 65TH AVE,610,1,24,24,3.0
NE 65TH AVE,579,1,24,24,3.0
NE 65TH AVE,525,1,24,24,3.0
NE 65TH AVE,520,1,24,24,3.0
NE 65TH AVE,520,1,24,24,3.0
NE 65TH AVE,520,1,24,24,3.0
NE 65TH AVE,510,1,24,24,3.0
NE 65TH AVE,509,1,24,24,3.0
NE 65TH AVE,489,1,24,24,3.0
NE 65TH AVE,397,1,24,24,3.0
NE 66TH AVE,609,1,24,24,3.0
NE 66TH AVE,520,1,24,24,3.0
NE 66TH AVE,520,1,24,24,3.0
NE 66TH AVE,520,1,24,24,3.0
NE 66TH AVE,509,1,24,24,3.0
NE 66TH AVE,490,1,24,24,3.0
NE 66TH AVE,380,1,24,24,3.0
NE 66TH AVE,300,1,24,24,3.0
NE 66TH AVE,182,1,24,24,3.0
NE 67TH AVE,610,1,24,24,3.0
NE 67TH AVE,520,1,24,24,3.0
NE 67TH AVE,520,1,24,24,3.0
NE 67TH AVE,520,1,24,24,3.0
NE 67TH AVE,507,1,24,24,3.0
NE 67TH AVE,492,1,24,24,3.0
NE 67TH AVE,328,1,24,24,3.0
NE 67TH AVE,240,1,24,24,3.0
NE 67TH AVE,232,1,24,24,3.0
NE 68TH AVE,639,1,24,24,3.0
NE 68TH AVE,578,1,24,24,3.0
NE 68TH AVE,520,1,24,24,3.0
NE 68TH AVE,520,1,24,24,3.0
NE 68TH AVE,513,1,24,24,3.0
NE 68TH AVE,510,1,24,24,3.0
NE 68TH AVE,509,1,24,24,3.0
NE 68TH AVE,494,1,24,24,3.0
NE 68TH AVE,474,1,24,24,3.0
NE 68TH AVE,394,1,24,24,3.0
NE 68TH AVE,305,1,24,24,3.0
NE 68TH AVE,193,1,24,24,3.0
NE 69TH AVE,577,1,24,24,3.0
NE 69TH AVE,520,1,24,24,3.0
NE 69TH AVE,520,1,24,24,3.0
NE 69TH AVE,510,1,24,24,3.0
NE 69TH AVE,509,1,24,24,3.0
NE 69TH AVE,253,1,24,24,3.0
NE 70TH AVE,576,1,24,24,3.0
NE 70TH AVE,520,1,24,24,3.0
NE 70TH AVE,520,1,24,24,3.0
NE 70TH AVE,510,1,24,24,3.0
NE 70TH AVE,509,1,24,24,3.0
NE 70TH AVE,439,1,24,24,3.0
NE 70TH AVE,358,1,24,24,3.0
NE 70TH AVE,346,1,24,24,3.0
NE 70TH AVE,311,1,24,24,3.0
NE 70TH AVE,161,1,24,24,3.0
NE 71ST AVE,576,1,24,24,3.0
NE 71ST AVE,520,1,24,24,3.0
NE 71ST AVE,520,1,24,24,3.0
NE 71ST AVE,510,1,24,24,3.0
NE 71ST AVE,509,1,24,24,3.0
NE 71ST AVE,426,1,24,24,3.0
NE 71ST AVE,371,1,24,24,3.0
NE 72ND AVE,662,1,24,24,3.0
NE 72ND AVE,398,1,24,24,3.0
NE 72ND AVE,281,1,24,24,3.0
NE 73RD AVE,667,1,24,24,3.0
NE 73RD AVE,660,1,24,24,3.0
NE 73RD AVE,577,1,24,24,3.0
NE 73RD AVE,520,1,24,24,3.0
NE 73RD AVE,510,1,24,24,3.0
NE 73RD AVE,510,1,24,24,3.0
NE 73RD AVE,326,1,24,24,3.0
NE 73RD AVE,212,1,24,24,3.0
NE 74TH AVE,667,1,24,24,3.0
NE 74TH AVE,660,1,24,24,3.0
NE 74TH AVE,581,1,24,24,3.0
NE 74TH AVE,520,1,24,24,3.0
NE 74TH AVE,510,1,24,24,3.0
NE 74TH AVE,510,1,24,24,3.0
NE 74TH AVE,341,1,24,24,3.0
NE 74TH AVE,261,1,24,24,3.0
NE 74TH AVE,179,1,24,24,3.0
NE 75TH AVE,666,1,24,24,3.0
NE 75TH AVE,660,1,24,24,3.0
NE 75TH AVE,581,1,24,24,3.0
NE 75TH AVE,510,1,24,24,3.0
NE 75TH AVE,510,1,24,24,3.0
NE 75TH AVE,489,1,24,24,3.0
NE 76TH AVE,668,1,24,24,3.0
NE 76TH AVE,582,1,24,24,3.0
NE 76TH AVE,520,1,24,24,3.0
NE 76TH AVE,510,1,24,24,3.0
NE 76TH AVE,510,1,24,24,3.0
NE 76TH AVE,505,2,24,24,3.0
NE 76TH AVE,457,1,24,24,3.0
NE 76TH AVE,429,1,24,24,3.0
NE 76TH AVE,404,1,24,24,3.0
NE 76TH AVE,250,1,24,24,3.0
NE 76TH AVE,243,1,24,24,3.0
NE 76TH AVE,116,1,24,24,3.0
NE 77TH AVE,668,1,24,24,3.0
NE 77TH AVE,660,1,24,24,3.0
NE 77TH AVE,584,1,24,24,3.0
NE 77TH AVE,520,1,24,24,3.0
NE 77TH AVE,510,1,24,24,3.0
NE 77TH AVE,510,1,24,24,3.0
NE 77TH AVE,271,1,24,24,3.0
NE 77TH AVE,249,1,24,24,3.0
NE 77TH PL,668,1,24,24,3.0
NE 78TH AVE,665,1,24,24,3.0
NE 78TH AVE,660,1,24,24,3.0
NE 78TH AVE,587,1,24,24,3.0
NE 78TH AVE,520,1,24,24,3.0
NE 78TH AVE,510,1,24,24,3.0
NE 78TH AVE,510,1,24,24,3.0
NE 78TH AVE,425,1,24,24,3.0
NE 78TH AVE,203,1,24,24,3.0
NE 79TH AVE,663,1,24,24,3.0
NE 79TH AVE,660,1,24,24,3.0
NE 79TH AVE,655,2,24,24,3.0
NE 79TH AVE,520,1,24,24,3.0
NE 79TH AVE,520,1,24,24,3.0
NE 79TH AVE,452,1,24,24,3.0
NE 80TH AVE,1100,2,24,24,3.0
NE 80TH AVE,665,1,24,24,3.0
NE 80TH AVE,660,1,24,24,3.0
NE 80TH AVE,520,1,24,24,3.0
NE 80TH AVE,520,1,24,24,3.0
NE 80TH AVE,297,1,24,24,3.0
NE 80TH AVE,213,1,24,24,3.0
NE 81ST AVE,1102,2,24,24,3.0
NE 81ST AVE,665,1,24,24,3.0
NE 81ST AVE,660,1,24,24,3.0
NE 81ST AVE,520,1,24,24,3.0
NE 81ST AVE,520,1,24,24,3.0
NE 81ST AVE,367,1,24,24,3.0
NE 85TH AVE,265,1,24,24,3.0
NE 88TH AVE,312,1,24,24,3.0
NE 88TH AVE,299,1,24,24,3.0
NE 8TH AVE,239,1,24,24,3.0
NE 8TH AVE,176,1,24,24,3.0
NE 8TH AVE,165,1,24,24,3.0
NE 90TH AVE,475,1,24,24,3.0
NE BALDWIN ST,457,1,24,24,3.0
NE BEECH ST,659,1,24,24,3.0
NE BEECH ST,260,1,24,24,3.0
NE BEECH ST,260,1,24,24,3.0
NE BRAZEE CT,224,1,24,24,3.0
NE BRAZEE CT,221,1,24,24,3.0
NE BRAZEE ST,266,1,24,24,3.0
NE BRAZEE ST,260,1,24,24,3.0
NE BRAZEE ST,260,1,24,24,3.0
NE BRAZEE ST,260,1,24,24,3.0
NE BRAZEE ST,260,1,24,24,3.0
NE BRAZEE ST,260,1,24,24,3.0
NE BRAZEE ST,260,1,24,24,3.0
NE BRAZEE ST,260,1,24,24,3.0
NE BRAZEE ST,260,1,24,24,3.0
NE BRAZEE ST,260,1,24,24,3.0
NE BRAZEE ST,260,1,24,24,3.0
NE BRAZEE ST,258,1,24,24,3.0
NE BRAZEE ST,252,1,24,24,3.0
NE BRAZEE ST,250,1,24,24,3.0
NE BRAZEE ST,249,1,24,24,3.0
NE BROADWAY,965,1,24,24,3.0
NE BROADWAY,267,1,24,24,3.0
NE BROADWAY,265,1,24,24,3.0
NE BROADWAY,260,1,24,24,3.0
NE BROADWAY,260,1,24,24,3.0
NE BROADWAY,260,1,24,24,3.0
NE BROADWAY,260,1,24,24,3.0
NE BROADWAY,260,1,24,24,3.0
NE BROADWAY,260,1,24,24,3.0
NE BROADWAY,260,1,24,24,3.0
NE BROADWAY,260,1,24,24,3.0
NE BROADWAY,260,1,24,24,3.0
NE BRYCE ST,753,1,24,24,3.0
NE BRYCE ST,570,1,24,24,3.0
NE CESAR E CHAVEZ BLVD,688,1,24,24,3.0
NE CESAR E CHAVEZ BLVD,678,1,24,24,3.0
NE CESAR E CHAVEZ BLVD,550,1,24,24,3.0
NE CESAR E CHAVEZ BLVD,255,1,24,24,3.0
NE CESAR E CHAVEZ BLVD,236,1,24,24,3.0
NE CHURCH ST,702,1,24,24,3.0
NE CHURCH ST,658,1,24,24,3.0
NE CHURCH ST,218,1,24,24,3.0
NE CLACKAMAS ST,534,1,24,24,3.0
NE CLACKAMAS ST,473,1,24,24,3.0
NE CLACKAMAS ST,470,1,24,24,3.0
NE CLACKAMAS ST,470,1,24,24,3.0
NE CLACKAMAS ST,459,1,24,24,3.0
NE CLACKAMAS ST,455,1,24,24,3.0
NE CLEVELAND AVE,512,1,24,24,3.0
NE CLEVELAND AVE,470,1,24,24,3.0
NE CLEVELAND AVE,470,1,24,24,3.0
NE CLEVELAND AVE,460,1,24,24,3.0
NE CLEVELAND AVE,460,1,24,24,3.0
NE CLEVELAND AVE,423,1,24,24,3.0
NE CLEVELAND AVE,410,1,24,24,3.0
NE CLEVELAND AVE,397,1,24,24,3.0
NE CLEVELAND AVE,356,1,24,24,3.0
NE CRAMER ST,382,1,24,24,3.0
NE EDGEHILL PL,413,1,24,24,3.0
NE EDGEHILL PL,391,1,24,24,3.0
NE ELROD DR,2720,1,24,16,3.0
NE EMERSON ST,466,1,24,24,3.0
NE EMERSON ST,446,1,24,24,3.0
NE EMERSON ST,428,1,24,24,3.0
NE EMERSON ST,282,1,24,24,3.0
NE EMERSON ST,260,1,24,24,3.0
NE EMERSON ST,260,1,24,24,3.0
NE EMERSON ST,141,1,24,24,3.0
NE EUGENE ST,460,1,24,24,3.0
NE FAILING ST,260,1,24,24,3.0
NE FAILING ST,260,1,24,24,3.0
NE FAILING ST,260,1,24,24,3.0
NE FAILING ST,259,1,24,24,3.0
NE GARFIELD AVE,504,1,24,24,3.0
NE GARFIELD AVE,470,1,24,24,3.0
NE GARFIELD AVE,460,1,24,24,3.0
NE GARFIELD AVE,410,1,24,24,3.0
NE GARFIELD AVE,407,1,24,24,3.0
NE GARFIELD AVE,365,1,24,24,3.0
NE GOING ST,415,2,24,24,3.0
NE GOING ST,260,1,24,24,3.0
NE GOING ST,258,1,24,24,3.0
NE GOING ST,258,1,24,24,3.0
NE GRAHAM PL,364,1,24,24,3.0
NE HALSEY ST,460,1,24,24,3.0
NE HALSEY ST,271,1,24,24,3.0
NE HALSEY ST,260,1,24,24,3.0
NE HALSEY ST,255,1,24,24,3.0
NE HALSEY ST,250,1,24,24,3.0
NE HALSEY ST,227,1,24,24,3.0
NE HANCOCK ST,612,1,24,24,3.0
NE HANCOCK ST,607,1,24,24,3.0
NE HANCOCK ST,582,1,24,24,3.0
NE HANCOCK ST,268,1,24,24,3.0
NE HANCOCK ST,263,1,24,24,3.0
NE HANCOCK ST,262,1,24,24,3.0
NE HANCOCK ST,260,1,24,24,3.0
NE HANCOCK ST,260,1,24,24,3.0
NE HANCOCK ST,260,1,24,24,3.0
NE HANCOCK ST,260,1,24,24,3.0
NE HANCOCK ST,260,1,24,24,3.0
NE HANCOCK ST,260,1,24,24,3.0
NE HANCOCK ST,260,1,24,24,3.0
NE HANCOCK ST,260,1,24,24,3.0
NE HANCOCK ST,260,1,24,24,3.0
NE HANCOCK ST,260,1,24,24,3.0
NE HOLLADAY ST,428,1,24,24,3.0
NE HOYT ST,363,1,24,24,3.0
NE HOYT ST,360,1,24,24,3.0
NE HOYT ST,355,1,24,24,3.0
NE HOYT ST,345,1,24,24,3.0
NE IRVING ST,393,1,24,24,3.0
NE IRVING ST,364,1,24,24,3.0
NE IRVING ST,296,1,24,24,3.0
NE JESSUP ST,702,1,24,24,3.0
NE JESSUP ST,655,1,24,24,3.0
NE JESSUP ST,260,1,24,24,3.0
NE KLICKITAT ST,272,1,24,24,3.0
NE KLICKITAT ST,271,1,24,24,3.0
NE KLICKITAT ST,270,1,24,24,3.0
NE KLICKITAT ST,265,1,24,24,3.0
NE KLICKITAT ST,263,1,24,24,3.0
NE KLICKITAT ST,261,1,24,24,3.0
NE KLICKITAT ST,260,1,24,24,3.0
NE KLICKITAT ST,260,1,24,24,3.0
NE KLICKITAT ST,260,1,24,24,3.0
NE KLICKITAT ST,260,1,24,24,3.0
NE KLICKITAT ST,260,1,24,24,3.0
NE KLICKITAT ST,260,1,24,24,3.0
NE KLICKITAT ST,260,1,24,24,3.0
NE KLICKITAT ST,260,1,24,24,3.0
NE KLICKITAT ST,260,1,24,24,3.0
NE KLICKITAT ST,260,1,24,24,3.0
NE KLICKITAT ST,260,1,24,24,3.0
NE KLICKITAT ST,260,1,24,24,3.0
NE KLICKITAT ST,260,1,24,24,3.0
NE KLICKITAT ST,260,1,24,24,3.0
NE KLICKITAT ST,260,1,24,24,3.0
NE KLICKITAT ST,260,1,24,24,3.0
NE KLICKITAT ST,260,1,24,24,3.0
NE KLICKITAT ST,260,1,24,24,3.0
NE KLICKITAT ST,260,1,24,24,3.0
NE KLICKITAT ST,260,1,24,24,3.0
NE KLICKITAT ST,260,1,24,24,3.0
NE KLICKITAT ST,260,1,24,24,3.0
NE KLICKITAT ST,260,1,24,24,3.0
NE KLICKITAT ST,260,1,24,24,3.0
NE KLICKITAT ST,260,1,24,24,3.0
NE KLICKITAT ST,260,1,24,24,3.0
NE KLICKITAT ST,260,1,24,24,3.0
NE KNOTT ST,1619,1,24,24,3.0
NE LAWRENCE AVE,260,1,24,24,3.0
NE LAWRENCE AVE,238,1,24,24,3.0
NE MALLORY AVE,505,1,24,24,3.0
NE MALLORY AVE,470,1,24,24,3.0
NE MALLORY AVE,470,1,24,24,3.0
NE MALLORY AVE,460,1,24,24,3.0
NE MALLORY AVE,460,1,24,24,3.0
NE MALLORY AVE,415,1,24,24,3.0
NE MALLORY AVE,410,1,24,24,3.0
NE MALLORY AVE,404,1,24,24,3.0
NE MALLORY AVE,363,1,24,24,3.0
NE MASON ST,260,1,24,24,3.0
NE MASON ST,260,1,24,24,3.0
NE MASON ST,260,1,24,24,3.0
NE MEADOW DR,2114,2,24,24,3.0
NE MILTON ST,456,1,24,24,3.0
NE MORRIS ST,1651,1,24,24,3.0
NE MORRIS ST,972,1,24,24,3.0
NE MORRIS ST,650,1,24,24,3.0
NE MORRIS ST,460,1,24,24,3.0
NE MULTNOMAH ST,475,1,24,24,3.0
NE MULTNOMAH ST,454,1,24,24,3.0
NE MULTNOMAH ST,331,1,24,24,3.0
NE MULTNOMAH ST,310,1,24,24,3.0
NE MULTNOMAH ST,198,1,24,24,3.0
NE OREGON ST,427,1,24,24,3.0
NE OREGON ST,356,1,24,24,3.0
NE OREGON ST,297,1,24,24,3.0
NE PACIFIC ST,426,1,24,24,3.0
NE PACIFIC ST,232,1,24,24,3.0
NE RIDGEWOOD DR,230,1,24,24,3.0
NE RODNEY AVE,509,1,24,24,3.0
NE RODNEY AVE,470,1,24,24,3.0
NE RODNEY AVE,470,1,24,24,3.0
NE RODNEY AVE,460,1,24,24,3.0
NE RODNEY AVE,460,1,24,24,3.0
NE RODNEY AVE,419,1,24,24,3.0
NE RODNEY AVE,410,1,24,24,3.0
NE RODNEY AVE,401,1,24,24,3.0
NE RODNEY AVE,359,1,24,24,3.0
NE ROSELAWN ST,465,1,24,24,3.0
NE ROSELAWN ST,443,1,24,24,3.0
NE ROSELAWN ST,423,1,24,24,3.0
NE RUSSET ST,512,1,24,24,3.0
NE RUSSET ST,457,1,24,24,3.0
NE RUSSET ST,427,1,24,24,3.0
NE SACRAMENTO ST,321,1,24,24,3.0
NE SACRAMENTO ST,260,1,24,24,3.0
NE SACRAMENTO ST,260,1,24,24,3.0
NE SACRAMENTO ST,260,1,24,24,3.0
NE SANDYCREST TER,728,1,24,24,3.0
NE SCHUYLER ST,1152,2,24,24,3.0
NE SCHUYLER ST,610,1,24,24,3.0
NE SCHUYLER ST,582,1,24,24,3.0
NE SISKIYOU ST,598,2,24,24,3.0
NE SISKIYOU ST,271,1,24,24,3.0
NE SISKIYOU ST,270,1,24,24,3.0
NE SISKIYOU ST,266,1,24,24,3.0
NE SISKIYOU ST,265,1,24,24,3.0
NE SISKIYOU ST,265,1,24,24,3.0
NE SISKIYOU ST,261,1,24,24,3.0
NE SISKIYOU ST,260,1,24,24,3.0
NE SISKIYOU ST,260,1,24,24,3.0
NE SISKIYOU ST,260,1,24,24,3.0
NE SISKIYOU ST,260,1,24,24,3.0
NE SISKIYOU ST,260,1,24,24,3.0
NE SISKIYOU ST,260,1,24,24,3.0
NE SISKIYOU ST,260,1,24,24,3.0
NE SISKIYOU ST,260,1,24,24,3.0
NE SISKIYOU ST,260,1,24,24,3.0
NE SISKIYOU ST,260,1,24,24,3.0
NE SISKIYOU ST,260,1,24,24,3.0
NE SISKIYOU ST,260,1,24,24,3.0
NE SISKIYOU ST,260,1,24,24,3.0
NE SISKIYOU ST,260,1,24,24,3.0
NE SISKIYOU ST,260,1,24,24,3.0
NE SISKIYOU ST,260,1,24,24,3.0
NE SISKIYOU ST,260,1,24,24,3.0
NE SISKIYOU ST,260,1,24,24,3.0
NE SISKIYOU ST,260,1,24,24,3.0
NE SISKIYOU ST,260,1,24,24,3.0
NE SISKIYOU ST,259,1,24,24,3.0
NE SISKIYOU ST,249,1,24,24,3.0
NE SKIDMORE ST,741,1,24,24,3.0
NE SKIDMORE ST,563,1,24,24,3.0
NE SKIDMORE ST,260,1,24,24,3.0
NE SKIDMORE ST,260,1,24,24,3.0
NE SKIDMORE ST,260,1,24,24,3.0
NE SKIDMORE ST,260,1,24,24,3.0
NE SKIDMORE ST,252,1,24,24,3.0
NE SKIDMORE ST,130,1,24,24,3.0
NE STANTON ST,812,1,24,24,3.0
NE STANTON ST,338,1,24,24,3.0
NE STANTON ST,322,1,24,24,3.0
NE STANTON ST,292,1,24,24,3.0
NE STANTON ST,271,1,24,24,3.0
NE STANTON ST,270,1,24,24,3.0
NE STANTON ST,260,1,24,24,3.0
NE STANTON ST,260,1,24,24,3.0
NE STANTON ST,260,1,24,24,3.0
NE STANTON ST,260,1,24,24,3.0
NE STANTON ST,260,1,24,24,3.0
NE STANTON ST,260,1,24,24,3.0
NE STANTON ST,260,1,24,24,3.0
NE STANTON ST,260,1,24,24,3.0
NE STANTON ST,260,1,24,24,3.0
NE STANTON ST,260,1,24,24,3.0
NE STANTON ST,260,1,24,24,3.0
NE STANTON ST,260,1,24,24,3.0
NE STANTON ST,260,1,24,24,3.0
NE STANTON ST,260,1,24,24,3.0
NE STANTON ST,260,1,24,24,3.0
NE STANTON ST,260,1,24,24,3.0
NE STANTON ST,260,1,24,24,3.0
NE STANTON ST,260,1,24,24,3.0
NE STANTON ST,260,1,24,24,3.0
NE THOMPSON ST,1153,1,24,24,3.0
NE THOMPSON ST,560,1,24,24,3.0
NE THOMPSON ST,512,1,24,24,3.0
NE THOMPSON ST,460,1,24,24,3.0
NE THOMPSON ST,313,1,24,24,3.0
NE THOMPSON ST,268,1,24,24,3.0
NE THOMPSON ST,266,1,24,24,3.0
NE THOMPSON ST,266,1,24,24,3.0
NE THOMPSON ST,263,1,24,24,3.0
NE THOMPSON ST,261,1,24,24,3.0
NE THOMPSON ST,260,1,24,24,3.0
NE THOMPSON ST,260,1,24,24,3.0
NE THOMPSON ST,260,1,24,24,3.0
NE THOMPSON ST,260,1,24,24,3.0
NE THOMPSON ST,260,1,24,24,3.0
NE THOMPSON ST,260,1,24,24,3.0
NE THOMPSON ST,260,1,24,24,3.0
NE THOMPSON ST,260,1,24,24,3.0
NE THOMPSON ST,260,1,24,24,3.0
NE THOMPSON ST,260,1,24,24,3.0
NE THOMPSON ST,260,1,24,24,3.0
NE THOMPSON ST,260,1,24,24,3.0
NE THOMPSON ST,259,1,24,24,3.0
NE THOMPSON ST,259,1,24,24,3.0
NE THOMPSON ST,258,1,24,24,3.0
NE THOMPSON ST,252,1,24,24,3.0
NE THOMPSON ST,250,1,24,24,3.0
NE THOMPSON ST,249,1,24,24,3.0
NE TILLAMOOK ST,583,1,24,24,3.0
NE TILLAMOOK ST,268,1,24,24,3.0
NE TILLAMOOK ST,260,1,24,24,3.0
NE TILLAMOOK ST,260,1,24,24,3.0
NE TILLAMOOK ST,260,1,24,24,3.0
NE TILLAMOOK ST,260,1,24,24,3.0
NE TILLAMOOK ST,260,1,24,24,3.0
NE TILLAMOOK ST,260,1,24,24,3.0
NE TILLAMOOK ST,260,1,24,24,3.0
NE TILLAMOOK ST,260,1,24,24,3.0
NE TILLAMOOK ST,260,1,24,24,3.0
NE US GRANT PL,320,1,24,24,3.0
NE US GRANT PL,315,1,24,24,3.0
NE WALKER ST,625,1,24,24,3.0
NE WASCO ST,531,1,24,24,3.0
NE WASCO ST,474,1,24,24,3.0
NE WASCO ST,470,1,24,24,3.0
NE WASCO ST,459,1,24,24,3.0
NE WASCO ST,455,1,24,24,3.0
NE WASCO ST,250,1,24,24,3.0
NE WASCO ST,212,1,24,24,3.0
NE WEIDLER ST,438,1,24,24,3.0
NE WISTARIA DR,268,1,24,24,3.0
NE WISTARIA DR,261,1,24,24,3.0
NE WISTARIA DR,254,1,24,24,3.0
NE WYGANT ST,845,1,24,24,3.0
NE WYGANT ST,372,1,24,24,3.0
NE WYGANT ST,285,1,24,24,3.0
NE WYGANT ST,261,1,24,24,3.0
NE WYGANT ST,260,1,24,24,3.0
NE WYGANT ST,260,1,24,24,3.0
NW 31ST AVE,333,1,24,24,3.0
NW 32ND AVE,264,1,24,24,3.0
NW 33RD AVE,271,1,24,24,3.0
NW 34TH AVE,270,1,24,24,3.0
NW ALBEMARLE TER,905,1,24,24,3.0
NW ARIEL TER,607,1,24,24,3.0
NW BENSON LN,665,1,24,24,3.0
NW BEUHLA VISTA TER,326,1,24,24,3.0
NW BEUHLA VISTA TER,271,1,24,24,3.0
NW BULLFINCH PL,139,1,24,24,3.0
NW CHAPIN DR,458,1,24,24,3.0
NW CULPEPPER TER,888,1,24,24,3.0
NW CUMBERLAND RD,732,1,24,24,3.0
NW DEVOTO LN,665,1,24,24,3.0
NW GREENBRIAR TER,919,1,24,24,3.0
NW IMPERIAL TER,723,1,24,24,3.0
NW LOMITA TER,554,1,24,24,3.0
NW LURAY TER,1159,2,24,20,3.0
NW MACLEAY BLVD,397,1,24,24,3.0
NW MARLBOROUGH AVE,316,1,24,24,3.0
NW MAYWOOD DR,1324,2,24,24,3.0
NW MAYWOOD DR,674,1,24,24,3.0
NW MILDRED ST,683,1,24,24,3.0
NW RIO VISTA TER,954,2,24,24,3.0
NW ROANOKE ST,244,1,24,24,3.0
NW SHENANDOAH TER,568,1,24,24,3.0
NW SUMMIT CT,325,1,24,24,3.0
NW SUSSEX AVE,938,1,24,1,3.0
NW VERDE VISTA TER,513,1,24,24,3.0
SE 104TH AVE,260,1,24,24,3.0
SE 104TH AVE,250,1,24,24,3.0
SE 115TH AVE,178,1,24,24,3.0
SE 118TH PL,276,1,24,24,3.0
SE 11TH AVE,260,1,24,24,3.0
SE 120TH AVE,439,1,24,24,3.0
SE 124TH AVE,495,1,24,24,3.0
SE 134TH DR,1036,1,24,24,3.0
SE 137TH AVE,295,1,24,24,3.0
SE 139TH AVE,700,2,24,22,3.0
SE 140TH AVE,419,1,24,24,3.0
SE 140TH AVE,396,1,24,24,3.0
SE 140TH AVE,305,1,24,24,3.0
SE 140TH PL,311,1,24,24,3.0
SE 141ST AVE,694,1,24,24,3.0
SE 144TH AVE,417,1,24,24,3.0
SE 157TH AVE,869,1,24,24,3.0
SE 157TH AVE,812,1,24,24,3.0
SE 157TH AVE,141,1,24,24,3.0
SE 15TH AVE,520,1,24,24,3.0
SE 15TH AVE,260,1,24,24,3.0
SE 15TH AVE,260,1,24,24,3.0
SE 15TH AVE,260,1,24,24,3.0
SE 15TH AVE,260,1,24,24,3.0
SE 15TH AVE,252,1,24,24,3.0
SE 164TH AVE,631,1,24,24,3.0
SE 164TH AVE,456,1,24,24,3.0
SE 164TH AVE,144,1,24,24,3.0
SE 164TH AVE,109,1,24,24,3.0
SE 164TH AVE,90,1,24,24,3.0
SE 166TH PL,849,1,24,24,3.0
SE 170TH AVE,463,1,24,24,3.0
SE 19TH AVE,260,1,24,24,3.0
SE 19TH AVE,260,1,24,24,3.0
SE 19TH AVE,260,1,24,24,3.0
SE 19TH AVE,260,1,24,24,3.0
SE 20TH AVE,598,1,24,24,3.0
SE 21ST AVE,602,1,24,24,3.0
SE 21ST AVE,353,1,24,24,3.0
SE 21ST AVE,260,1,24,24,3.0
SE 21ST AVE,260,1,24,24,3.0
SE 22ND AVE,599,1,24,24,3.0
SE 22ND AVE,457,1,24,24,3.0
SE 22ND AVE,449,1,24,24,3.0
SE 22ND AVE,413,1,24,24,3.0
SE 22ND AVE,356,1,24,24,3.0
SE 22ND AVE,291,1,24,24,3.0
SE 22ND AVE,260,1,24,24,3.0
SE 22ND AVE,260,1,24,24,3.0
SE 22ND AVE,260,1,24,24,3.0
SE 22ND AVE,260,1,24,24,3.0
SE 22ND AVE,258,1,24,24,3.0
SE 23RD AVE,458,1,24,24,3.0
SE 23RD AVE,449,1,24,24,3.0
SE 23RD AVE,413,1,24,24,3.0
SE 23RD AVE,260,1,24,24,3.0
SE 23RD AVE,260,1,24,24,3.0
SE 23RD AVE,259,1,24,24,3.0
SE 24TH AVE,456,1,24,24,3.0
SE 24TH AVE,449,1,24,24,3.0
SE 24TH AVE,414,1,24,24,3.0
SE 25TH AVE,152,1,24,24,3.0
SE 26TH AVE,294,1,24,24,3.0
SE 26TH AVE,262,1,24,24,3.0
SE 26TH AVE,260,1,24,24,3.0
SE 26TH AVE,260,1,24,24,3.0
SE 26TH AVE,260,1,24,24,3.0
SE 26TH AVE,258,1,24,24,3.0
SE 27TH AVE,294,1,24,24,3.0
SE 27TH AVE,269,1,24,24,3.0
SE 27TH AVE,260,1,24,24,3.0
SE 27TH AVE,260,1,24,24,3.0
SE 27TH AVE,260,1,24,24,3.0
SE 27TH AVE,260,1,24,24,3.0
SE 27TH AVE,260,1,24,24,3.0
SE 27TH AVE,260,1,24,24,3.0
SE 27TH AVE,260,1,24,24,3.0
SE 27TH AVE,259,1,24,24,3.0
SE 30TH AVE,520,1,24,24,3.0
SE 30TH AVE,506,1,24,24,3.0
SE 30TH AVE,273,1,24,24,3.0
SE 32ND PL,287,1,24,24,3.0
SE 32ND PL,274,1,24,24,3.0
SE 32ND PL,262,1,24,24,3.0
SE 34TH AVE,460,1,24,24,3.0
SE 35TH AVE,267,1,24,24,3.0
SE 35TH AVE,265,1,24,24,3.0
SE 35TH AVE,260,1,24,24,3.0
SE 36TH AVE,410,1,24,24,3.0
SE 36TH AVE,374,1,24,24,3.0
SE 36TH PL,534,1,24,24,3.0
SE 38TH AVE,260,1,24,24,3.0
SE 38TH AVE,260,1,24,24,3.0
SE 38TH AVE,260,1,24,24,3.0
SE 38TH AVE,260,1,24,24,3.0
SE 40TH AVE,260,1,24,24,3.0
SE 40TH AVE,180,1,24,24,3.0
SE 41ST AVE,534,1,24,24,3.0
SE 44TH AVE,308,1,24,24,3.0
SE 44TH AVE,304,1,24,24,3.0
SE 44TH AVE,260,1,24,24,3.0
SE 44TH AVE,260,1,24,24,3.0
SE 44TH AVE,260,1,24,24,3.0
SE 44TH AVE,260,1,24,24,3.0
SE 45TH AVE,308,1,24,24,3.0
SE 45TH AVE,303,1,24,24,3.0
SE 45TH AVE,261,1,24,24,3.0
SE 45TH AVE,260,1,24,24,3.0
SE 45TH AVE,260,1,24,24,3.0
SE 45TH AVE,260,1,24,24,3.0
SE 45TH AVE,260,1,24,24,3.0
SE 45TH AVE,251,1,24,24,3.0
SE 45TH AVE,240,1,24,24,3.0
SE 45TH AVE,179,1,24,24,3.0
SE 46TH AVE,551,1,24,24,3.0
SE 46TH AVE,440,1,24,24,3.0
SE 46TH AVE,304,1,24,24,3.0
SE 46TH AVE,260,1,24,24,3.0
SE 46TH AVE,247,1,24,24,3.0
SE 46TH AVE,141,1,24,24,3.0
SE 47TH AVE,991,1,24,24,3.0
SE 48TH AVE,393,1,24,24,3.0
SE 52ND AVE,592,1,24,24,3.0
SE 52ND AVE,147,1,24,24,3.0
SE 53RD AVE,1318,1,24,24,3.0
SE 55TH AVE,1333,1,24,24,3.0
SE 56TH AVE,316,1,24,24,3.0
SE 57TH AVE,383,1,24,24,3.0
SE 57TH AVE,315,1,24,24,3.0
SE 57TH AVE,255,1,24,24,3.0
SE 57TH AVE,250,1,24,24,3.0
SE 58TH AVE,1375,1,24,24,3.0
SE 58TH AVE,235,1,24,24,3.0
SE 59TH AVE,1385,1,24,24,3.0
SE 60TH AVE,995,2,24,24,3.0
SE 60TH AVE,455,1,24,24,3.0
SE 60TH AVE,331,1,24,24,3.0
SE 61ST AVE,431,1,24,24,3.0
SE 62ND AVE,1017,2,24,24,3.0
SE 62ND AVE,448,1,24,24,3.0
SE 62ND AVE,444,1,24,24,3.0
SE 62ND AVE,435,1,24,24,3.0
SE 62ND AVE,343,1,24,24,3.0
SE 62ND AVE,305,1,24,24,3.0
SE 62ND AVE,282,1,24,24,3.0
SE 62ND AVE,254,1,24,24,3.0
SE 62ND AVE,147,1,24,24,3.0
SE 62ND AVE,101,1,24,24,3.0
SE 63RD AVE,437,1,24,24,3.0
SE 65TH AVE,167,1,24,24,3.0
SE 70TH AVE,454,1,24,24,3.0
SE 71ST AVE,1218,2,24,24,3.0
SE 72ND AVE,428,1,24,24,3.0
SE 73RD AVE,420,1,24,24,3.0
SE 73RD AVE,360,1,24,24,3.0
SE 73RD AVE,353,1,24,24,3.0
SE 73RD AVE,324,1,24,24,3.0
SE 73RD AVE,302,1,24,24,3.0
SE 73RD AVE,262,1,24,24,3.0
SE 73RD AVE,250,1,24,24,3.0
SE 75TH AVE,987,2,24,12,3.0
SE 77TH AVE,366,1,24,24,3.0
SE 78TH AVE,370,1,24,24,3.0
SE 78TH AVE,367,1,24,24,3.0
SE 78TH AVE,251,1,24,24,3.0
SE 84TH AVE,656,1,24,24,3.0
SE 84TH AVE,297,1,24,24,3.0
SE 85TH AVE,412,1,24,24,3.0
SE 86TH AVE,660,1,24,24,3.0
SE 86TH AVE,658,1,24,24,3.0
SE 86TH AVE,656,1,24,24,3.0
SE 86TH AVE,326,1,24,24,3.0
SE 86TH AVE,324,1,24,24,3.0
SE 86TH CT,383,1,24,24,3.0
SE 86TH CT,195,1,24,24,3.0
SE 87TH AVE,667,1,24,24,3.0
SE 87TH AVE,658,1,24,24,3.0
SE 87TH AVE,446,1,24,24,3.0
SE 87TH AVE,246,1,24,24,3.0
SE 87TH AVE,207,1,24,24,3.0
SE 88TH AVE,659,1,24,24,3.0
SE 89TH AVE,659,1,24,24,3.0
SE 8TH AVE,132,1,24,24,3.0
SE 90TH AVE,436,2,24,21,3.0
SE 91ST AVE,255,1,24,24,3.0
SE 96TH AVE,617,1,24,24,3.0
SE ALDER CT,109,1,24,24,3.0
SE ALDER ST,442,1,24,24,3.0
SE ALDER ST,424,1,24,24,3.0
SE ALDER ST,240,1,24,24,3.0
SE ASH ST,313,1,24,24,3.0
SE ASH ST,280,1,24,24,3.0
SE BEARSPAW ST,525,1,24,24,3.0
SE BOISE ST,305,1,24,24,3.0
SE BOISE ST,155,1,24,24,3.0
SE BROOKLYN ST,306,1,24,24,3.0
SE BUSH ST,456,1,24,24,3.0
SE BUSH ST,439,1,24,24,3.0
SE BUSH ST,359,1,24,24,3.0
SE BUSH ST,299,1,24,24,3.0
SE BYBEE BLVD,926,2,24,24,3.0
SE CARLTON ST,429,1,24,24,3.0
SE CARLTON ST,329,1,24,24,3.0
SE CESAR E CHAVEZ BLVD,250,1,24,24,3.0
SE CLAY ST,392,1,24,19,3.0
SE CLAY ST,333,1,24,24,3.0
SE CLINTON ST,314,1,24,24,3.0
SE DUKE ST,264,1,24,24,3.0
SE GLADSTONE ST,604,1,24,24,3.0
SE GLADSTONE ST,506,1,24,24,3.0
SE GRANT CT,509,1,24,24,3.0
SE HARNEY ST,675,3,24,24,3.0
SE HARNEY ST,510,1,24,24,3.0
SE HARNEY ST,509,1,24,24,3.0
SE HAROLD ST,304,1,24,24,3.0
SE HAROLD ST,271,1,24,24,3.0
SE HARRISON CT,831,2,24,16,3.0
SE HARRISON ST,516,1,24,24,3.0
SE HAWTHORNE BLVD,358,1,24,24,3.0
SE HAWTHORNE BLVD,154,1,24,24,3.0
SE HEMLOCK AVE,411,1,24,24,3.0
SE HEMLOCK AVE,411,1,24,24,3.0
SE HENDERSON ST,1010,1,24,24,3.0
SE HENRY ST,330,1,24,24,3.0
SE HENRY ST,329,1,24,24,3.0
SE HENRY ST,258,1,24,24,3.0
SE HICKORY ST,400,1,24,24,3.0
SE HICKORY ST,393,1,24,24,3.0
SE HOLLY ST,388,1,24,24,3.0
SE HOLLY ST,382,1,24,24,3.0
SE INSLEY ST,310,1,24,24,3.0
SE IVON ST,260,1,24,24,3.0
SE KELLY ST,345,1,24,24,3.0
SE KNIGHT ST,661,1,24,24,3.0
SE KNIGHT ST,661,1,24,24,3.0
SE KNIGHT ST,492,1,24,24,3.0
SE KNIGHT ST,372,1,24,24,3.0
SE KNIGHT ST,275,1,24,24,3.0
SE KNIGHT ST,260,1,24,24,3.0
SE KNIGHT ST,259,1,24,24,3.0
SE KNIGHT ST,258,1,24,24,3.0
SE KNIGHT ST,257,1,24,24,3.0
SE KNIGHT ST,246,1,24,24,3.0
SE KNIGHT ST,244,1,24,24,3.0
SE LAFAYETTE ST,694,1,24,24,3.0
SE LAFAYETTE ST,268,1,24,24,3.0
SE LAFAYETTE ST,258,1,24,24,3.0
SE LARCH AVE,417,1,24,24,3.0
SE LARCH AVE,412,1,24,24,3.0
SE LONG ST,500,2,24,19,3.0
SE MADISON ST,237,1,24,24,3.0
SE MADISON ST,202,1,24,14,3.0
SE MAIN ST,606,1,24,24,3.0
SE MAIN ST,572,1,24,24,3.0
SE MAIN ST,367,1,24,24,3.0
SE MAIN ST,294,1,24,24,3.0
SE MAIN ST,220,1,24,23,3.0
SE MALDEN CT,687,2,24,18,3.0
SE MAPLE AVE,230,1,24,24,3.0
SE MAPLE AVE,216,1,24,24,3.0
SE MARION ST,509,1,24,24,3.0
SE MARKET ST,640,1,24,24,3.0
SE MARKET ST,253,1,24,24,3.0
SE MARKET ST,250,1,24,24,3.0
SE MARKET ST,250,1,24,24,3.0
SE MARKET ST,240,1,24,24,3.0
SE MARKET ST,224,1,24,24,3.0
SE MARTINS ST,329,1,24,24,3.0
SE MITCHELL CT,334,1,24,24,3.0
SE MITCHELL CT,327,1,24,24,3.0
SE MORELAND LN,570,1,24,24,3.0
SE MORRISON CT,635,1,24,24,3.0
SE MORRISON CT,109,1,24,24,3.0
SE MORRISON ST,507,1,24,24,3.0
SE MORRISON ST,333,1,24,24,3.0
SE MORRISON ST,332,1,24,24,3.0
SE MORRISON ST,260,1,24,24,3.0
SE MOUNTAIN VIEW DR,402,1,24,24,3.0
SE MOUNTAIN VIEW DR,194,1,24,24,3.0
SE ORANGE AVE,236,1,24,24,3.0
SE ORANGE AVE,223,1,24,24,3.0
SE PEACOCK LN,258,1,24,24,3.0
SE PEACOCK LN,251,1,24,24,3.0
SE PEACOCK LN,242,1,24,24,3.0
SE PEACOCK LN,240,1,24,24,3.0
SE POPLAR AVE,225,1,24,24,3.0
SE POPLAR AVE,215,1,24,24,3.0
SE RAMONA ST,290,1,24,24,3.0
SE RAYMOND ST,444,1,24,17,3.0
SE RAYMOND ST,343,1,24,24,3.0
SE RHONE ST,1321,1,24,20,3.0
SE RHONE ST,251,1,24,24,3.0
SE SALMON ST,367,1,24,24,3.0
SE SAWTOOTH ST,340,1,24,24,3.0
SE SHERMAN ST,264,1,24,24,3.0
SE SHERMAN ST,262,1,24,24,3.0
SE SHERRETT ST,510,1,24,24,3.0
SE SHERRETT ST,510,1,24,24,3.0
SE SHERRETT ST,510,1,24,24,3.0
SE SHERRETT ST,510,1,24,24,3.0
SE SHERRETT ST,509,1,24,24,3.0
SE SHERRETT ST,509,1,24,24,3.0
SE SPRINGWATER DR,395,1,24,24,3.0
SE STARK ST,253,1,24,24,3.0
SE STARK ST,253,1,24,24,3.0
SE STARK ST,178,1,24,24,3.0
SE STARK ST,149,1,24,24,3.0
SE STEELE ST,572,1,24,24,3.0
SE TAGGART CT,233,1,24,24,3.0
SE TAMARACK AVE,419,1,24,24,3.0
SE TAMARACK AVE,240,1,24,24,3.0
SE TAMARACK AVE,226,1,24,24,3.0
SE TENINO ST,510,1,24,24,3.0
SE TENINO ST,510,1,24,24,3.0
SE TENINO ST,510,1,24,24,3.0
SE TENINO ST,510,1,24,24,3.0
SE TENINO ST,510,1,24,24,3.0
SE TENINO ST,509,1,24,24,3.0
SE TENINO ST,509,1,24,24,3.0
SE TENINO ST,260,1,24,24,3.0
SE TENINO ST,260,1,24,24,3.0
SE TIBBETTS ST,343,1,24,24,3.0
SE TIBBETTS ST,249,1,24,24,3.0
SE TOLMAN ST,661,1,24,24,3.0
SE TOLMAN ST,330,1,24,24,3.0
SE TOLMAN ST,329,1,24,24,3.0
SE UMATILLA ST,251,1,24,24,3.0
SE WASHINGTON CT,110,1,24,24,3.0
SE WASHINGTON ST,442,1,24,24,3.0
SE WASHINGTON ST,426,1,24,24,3.0
SE WASHINGTON ST,204,1,24,24,3.0
SE WOODWARD ST,261,1,24,24,3.0
SE YAMHILL ST,261,1,24,24,3.0
SE YAMHILL ST,260,1,24,24,3.0
SW 10TH AVE,660,3,24,16,3.0
SW 12TH AVE,260,1,24,24,3.0
SW 12TH AVE,255,1,24,24,3.0
SW 17TH AVE,250,1,24,24,3.0
SW 18TH PL,202,1,24,24,3.0
SW 1ST AVE,522,2,24,22,3.0
SW 25TH AVE,133,1,24,24,3.0
SW 29TH AVE,498,1,24,24,3.0
SW 29TH PL,330,1,24,24,3.0
SW 2ND AVE,917,1,24,20,3.0
SW 31ST AVE,451,1,24,24,3.0
SW 34TH AVE,317,1,24,24,3.0
SW 35TH AVE,132,1,24,24,3.0
SW 37TH AVE,212,1,24,24,3.0
SW 39TH AVE,361,1,24,24,3.0
SW 3RD AVE,272,1,24,24,3.0
SW 41ST PL,453,1,24,24,3.0
SW 43RD AVE,481,1,24,24,3.0
SW 45TH AVE,344,1,24,24,3.0
SW 48TH AVE,195,1,24,24,3.0
SW 4TH AVE,1052,1,24,18,3.0
SW 4TH AVE,517,1,24,24,3.0
SW 4TH AVE,336,1,24,24,3.0
SW 4TH AVE,70,1,24,24,3.0
SW 51ST AVE,288,1,24,24,3.0
SW 51ST AVE,259,1,24,24,3.0
SW 52ND AVE,78,1,24,24,3.0
SW 57TH PL,243,1,24,24,3.0
SW 5TH AVE,698,1,24,24,3.0
SW 62ND AVE,562,1,24,24,3.0
SW 6TH AVE,276,1,24,24,3.0
SW 6TH AVE,252,1,24,24,3.0
SW 8TH AVE,491,1,24,24,3.0
SW 9TH AVE,495,1,24,24,3.0
SW 9TH AVE,260,1,24,1,3.0
SW ALICE ST,383,1,24,24,3.0
SW ARDMORE AVE,529,1,24,24,3.0
SW BANCROFT CT,270,1,24,24,3.0
SW BEAVERTON AVE,333,1,24,24,3.0
SW BEAVERTON AVE,324,1,24,24,3.0
SW BEAVERTON AVE,249,1,24,24,3.0
SW BEAVERTON AVE,161,1,24,24,3.0
SW BEAVERTON AVE,152,1,24,24,3.0
SW BOUNDARY ST,163,1,24,24,3.0
SW BRENTWOOD DR,923,1,24,24,3.0
SW BRIDLEMILE CT,209,1,24,24,3.0
SW BUCKINGHAM AVE,1390,3,24,18,3.0
SW BURLINGAME AVE,416,1,24,24,3.0
SW BURLINGAME AVE,413,1,24,24,3.0
SW BURLINGAME AVE,284,1,24,24,3.0
SW CACTUS DR,619,1,24,24,3.0
SW CANBY ST,274,1,24,24,3.0
SW CANBY ST,166,1,24,24,3.0
SW CARSON ST,251,1,24,24,3.0
SW CHEHALEM AVE,370,1,24,24,3.0
SW CHEHALEM AVE,157,1,24,24,3.0
SW CONDOR AVE,474,1,24,24,3.0
SW CONDOR AVE,263,1,24,24,3.0
SW CRESTLINE DR,452,1,24,24,3.0
SW DAVENPORT ST,547,1,24,24,3.0
SW DAVENPORT ST,279,1,24,24,3.0
SW ELIZABETH ST,455,1,24,24,3.0
SW ELM ST,290,1,24,24,3.0
SW ELM ST,261,1,24,24,3.0
SW ELM ST,230,1,24,24,3.0
SW ENGLISH LN,314,1,24,24,3.0
SW EVANS ST,440,1,24,24,3.0
SW EVANS ST,332,1,24,24,3.0
SW EVANS ST,246,1,24,24,3.0
SW EVANS ST,243,1,24,24,3.0
SW FAIRHAVEN DR,888,1,24,24,3.0
SW FAIRHAVEN DR,761,1,24,24,3.0
SW FAIRHAVEN LN,393,1,24,24,3.0
SW FALCON ST,334,1,24,24,3.0
SW GALEBURN ST,75,1,24,24,3.0
SW GIBBS ST,164,1,24,24,3.0
SW GREEN AVE,452,1,24,24,3.0
SW HAMPSHIRE ST,846,1,24,24,3.0
SW HAMPSHIRE ST,328,1,24,24,3.0
SW HILLSIDE DR,440,1,24,24,3.0
SW HILLSIDE DR,279,1,24,24,3.0
SW HOMAR AVE,125,1,24,24,3.0
SW HUME ST,337,1,24,24,3.0
SW HUME ST,330,1,24,24,3.0
SW HUME ST,311,1,24,24,3.0
SW LAFAYETTE PL,214,1,24,24,3.0
SW LAUREL ST,290,1,24,24,3.0
SW LAUREL ST,261,1,24,24,3.0
SW MARKET STREET DR,385,1,24,24,3.0
SW MARKET STREET DR,242,1,24,24,3.0
SW MARTHA ST,292,1,24,24,3.0
SW MARTINS LN,1040,1,24,24,3.0
SW MITCHELL ST,760,2,24,24,3.0
SW MOSS ST,679,1,24,24,3.0
SW MOSS ST,545,1,24,24,3.0
SW MT ADAMS DR,343,1,24,24,3.0
SW MT ADAMS DR,276,1,24,24,3.0
SW MT HOOD LN,1395,2,24,1,3.0
SW MURRAY LN,134,1,24,24,3.0
SW MYRTLE DR,1925,1,24,24,3.0
SW NAITO PKWY FRONTAGE RD,232,1,24,24,3.0
SW PARKHILL WAY,385,1,24,24,3.0
SW PARKSIDE DR,187,1,24,24,3.0
SW PASADENA ST,587,1,24,20,3.0
SW PASADENA ST,130,1,24,24,3.0
SW PATTON LN,638,1,24,24,3.0
SW PENDLETON ST,632,1,24,24,3.0
SW PENDLETON ST,257,1,24,24,3.0
SW RIVINGTON DR,1493,1,24,24,3.0
SW RIVINGTON DR,696,1,24,24,3.0
SW RUBY TER,1228,1,24,24,3.0
SW RUBY TER,738,1,24,24,3.0
SW SEYMOUR CT,188,1,24,24,3.0
SW TAYLORS FERRY RD,505,1,24,24,3.0
SW TEXAS ST,848,1,24,24,3.0
SW TROY ST,411,1,24,24,3.0
SW TROY ST,387,1,24,24,3.0
SW TROY ST,125,1,24,24,3.0
SW TUALATIN AVE,416,1,24,24,3.0
SW TUALATIN AVE,364,1,24,24,3.0
SW TUALATIN AVE,173,1,24,24,3.0
SW TYROL ST,307,1,24,24,3.0
SW UPPER DR,395,1,24,24,3.0
SW VESTA ST,517,1,24,24,3.0
SW VIEW POINT TER,258,1,24,24,3.0
SW WAPATO AVE,149,1,24,24,3.0
SW WASHOUGA AVE,1259,2,24,24,3.0
SW WASHOUGA AVE,920,2,24,18,3.0
SW WOODS ST,191,1,24,24,3.0
SW YAMHILL ST,230,1,24,24,3.0
N FARRAGUT ST,455,1,25,25,3.5
NE 117TH AVE,612,1,25,25,3.5
NE 117TH AVE,338,1,25,18,3.5
NE 118TH AVE,819,1,25,1,3.5
NE 52ND AVE,261,1,25,25,3.5
NE 84TH AVE,252,1,25,25,3.5
NE 84TH AVE,85,1,25,25,3.5
NE 87TH AVE,371,1,25,25,3.5
NE KNOTT ST,836,2,25,25,3.5
SE 104TH AVE,250,1,25,25,3.5
SE 121ST AVE,333,1,25,25,3.5
SE 127TH AVE,590,1,25,20,3.5
SE 133RD AVE,321,1,25,25,3.5
SE 138TH PL,170,1,25,25,3.5
SE 139TH AVE,382,1,25,18,3.5
SE 155TH AVE,661,1,25,25,3.5
SE 16TH AVE,261,1,25,25,3.5
SE 18TH AVE,216,1,25,25,3.5
SE 28TH AVE,479,1,25,25,3.5
SE 49TH AVE,385,1,25,25,3.5
SE 80TH AVE,257,1,25,25,3.5
SE BOISE ST,315,1,25,25,3.5
SE BOISE ST,297,1,25,25,3.5
SE BOISE ST,292,1,25,25,3.5
SE BOISE ST,286,1,25,25,3.5
SE CLINTON ST,828,1,25,14,3.5
SE CLINTON ST,461,1,25,25,3.5
SE CORA ST,320,1,25,25,3.5
SE ELLIS ST,400,1,25,25,3.5
SE EXETER DR,445,1,25,25,3.5
SE IVON CT,332,1,25,25,3.5
SE KELLY ST,1347,1,25,1,3.5
SE KNAPP ST,290,1,25,25,3.5
SE KNIGHT ST,310,1,25,25,3.5
SE LAFAYETTE ST,424,1,25,25,3.5
SE LEXINGTON ST,171,1,25,25,3.5
SE OAK ST,444,2,25,18,3.5
SE RAMONA ST,379,1,25,25,3.5
SE RAMONA ST,310,1,25,25,3.5
SE RAMONA ST,280,1,25,25,3.5
SE RAYMOND ST,179,1,25,25,3.5
SE RAYMOND ST,136,1,25,25,3.5
SE REEDWAY ST,310,1,25,25,3.5
SE REEDWAY ST,177,1,25,25,3.5
SE REEDWAY ST,95,1,25,25,3.5
SE ST ANDREWS DR,419,1,25,25,3.5
SE TACOMA ST,123,1,25,25,3.5
SE TENINO ST,653,1,25,25,3.5
SE TESSA ST,269,1,25,25,3.5
SE WOODWARD ST,460,1,25,25,3.5
SE YUKON ST,379,1,25,25,3.5
SE YUKON ST,310,1,25,25,3.5
SE YUKON ST,280,1,25,25,3.5
SW 13TH CT,563,1,25,25,3.5
SW 27TH PL,198,1,25,25,3.5
SW 2ND AVE,352,1,25,25,3.5
SW 33RD AVE,736,2,25,1,3.5
SW 61ST AVE,686,2,25,22,3.5
SW HUME CT,129,1,25,25,3.5
SW LEE ST,185,1,25,10,3.5
SW ORCHARD HILL LN,354,1,25,25,3.5
SW ORCHARD HILL PL,253,1,25,25,3.5
SW ORCHID ST,255,1,25,25,3.5
SW PENDLETON ST,164,1,25,25,3.5
N AMHERST ST,266,1,26,26,4.0
N AMHERST ST,253,1,26,26,4.0
N AMHERST ST,252,1,26,26,4.0
N BARR AVE,332,1,26,26,4.0
N CAMBRIDGE AVE,479,1,26,26,4.0
N CASTLE AVE,460,1,26,26,4.0
N CASTLE AVE,460,1,26,26,4.0
N CASTLE AVE,188,1,26,26,4.0
N COLONIAL AVE,462,1,26,26,4.0
N COLONIAL AVE,460,1,26,26,4.0
N COLONIAL AVE,460,1,26,26,4.0
N COLONIAL AVE,400,1,26,26,4.0
N CONCORD AVE,462,1,26,26,4.0
N COURT AVE,460,1,26,26,4.0
N COURT AVE,314,1,26,26,4.0
N DWIGHT AVE,401,1,26,26,4.0
N EMERSON ST,429,1,26,26,4.0
N FAILING ST,262,1,26,26,4.0
N FAILING ST,261,1,26,26,4.0
N FAILING ST,261,1,26,26,4.0
N FAILING ST,250,1,26,26,4.0
N FOSS AVE,795,1,26,26,4.0
N FOSS CT,199,1,26,26,4.0
N HURST AVE,757,1,26,26,4.0
N JOHNSWOOD DR,239,1,26,26,4.0
N KELLOGG ST,743,1,26,26,4.0
N KELLOGG ST,739,1,26,26,4.0
N LEONARD ST,724,1,26,26,4.0
N LEONARD ST,482,1,26,26,4.0
N LONGVIEW AVE,464,1,26,26,4.0
N LONGVIEW AVE,462,1,26,26,4.0
N LONGVIEW AVE,460,1,26,26,4.0
N LONGVIEW AVE,457,1,26,26,4.0
N MASON ST,260,1,26,26,4.0
N MASON ST,260,1,26,26,4.0
N MASON ST,260,1,26,26,4.0
N MASON ST,260,1,26,26,4.0
N MASON ST,260,1,26,26,4.0
N MASON ST,243,1,26,26,4.0
N MASON ST,241,1,26,26,4.0
N MCCOY CT,384,1,26,26,4.0
N MCCOY CT,272,1,26,26,4.0
N MCCOY CT,157,1,26,26,4.0
N MCCOY CT,125,1,26,26,4.0
N MONTANA AVE,252,1,26,26,4.0
N MONTANA AVE,249,1,26,26,4.0
N NEWMAN AVE,445,1,26,26,4.0
N OMAHA AVE,149,1,26,26,4.0
N ROCHESTER ST,569,1,26,26,4.0
N ROSELAWN ST,402,1,26,26,4.0
N SKIDMORE CT,178,1,26,26,4.0
N UNIVERSITY AVE,569,1,26,26,4.0
N VILLARD AVE,274,1,26,26,4.0
N WATTS ST,690,1,26,26,4.0
N WEBSTER ST,370,1,26,26,4.0
N WELLESLEY AVE,510,1,26,26,4.0
N WELLESLEY AVE,271,1,26,26,4.0
N WILLAMETTE BLVD,600,1,26,26,4.0
NE 108TH AVE,430,1,26,26,4.0
NE 108TH AVE,415,1,26,26,4.0
NE 111TH AVE,268,1,26,26,4.0
NE 112TH AVE,1965,1,26,22,4.0
NE 113TH AVE,1191,2,26,26,4.0
NE 113TH AVE,660,1,26,26,4.0
NE 113TH AVE,207,1,26,26,4.0
NE 114TH AVE,1190,1,26,26,4.0
NE 114TH AVE,709,1,26,26,4.0
NE 114TH AVE,616,1,26,26,4.0
NE 114TH AVE,328,1,26,26,4.0
NE 114TH AVE,207,1,26,26,4.0
NE 115TH AVE,1188,1,26,26,4.0
NE 115TH AVE,660,1,26,26,4.0
NE 115TH AVE,660,1,26,26,4.0
NE 120TH AVE,374,1,26,26,4.0
NE 120TH AVE,207,1,26,26,4.0
NE 126TH AVE,424,1,26,26,4.0
NE 13TH AVE,570,1,26,26,4.0
NE 141ST PL,221,1,26,26,4.0
NE 150TH AVE,312,1,26,26,4.0
NE 150TH AVE,117,1,26,26,4.0
NE 150TH PL,869,1,26,26,4.0
NE 23RD AVE,459,1,26,26,4.0
NE 23RD AVE,450,1,26,26,4.0
NE 24TH AVE,483,1,26,26,4.0
NE 29TH AVE,445,1,26,26,4.0
NE 29TH AVE,441,1,26,26,4.0
NE 30TH AVE,250,1,26,26,4.0
NE 31ST AVE,407,1,26,26,4.0
NE 47TH AVE,346,1,26,26,4.0
NE 47TH AVE,332,1,26,26,4.0
NE 48TH AVE,721,1,26,26,4.0
NE 48TH AVE,599,2,26,26,4.0
NE 52ND AVE,260,1,26,26,4.0
NE 55TH AVE,487,1,26,26,4.0
NE 59TH AVE,505,1,26,26,4.0
NE 61ST PL,399,1,26,26,4.0
NE 62ND AVE,230,1,26,26,4.0
NE 72ND AVE,656,1,26,26,4.0
NE 72ND AVE,570,1,26,26,4.0
NE 78TH PL,1381,1,26,26,4.0
NE 80TH AVE,320,1,26,26,4.0
NE 84TH AVE,664,1,26,26,4.0
NE 84TH AVE,444,1,26,26,4.0
NE 84TH AVE,259,1,26,26,4.0
NE 84TH AVE,176,1,26,26,4.0
NE 85TH AVE,938,2,26,26,4.0
NE 85TH AVE,812,1,26,26,4.0
NE 86TH AVE,454,1,26,26,4.0
NE 86TH AVE,306,1,26,26,4.0
NE 88TH AVE,302,1,26,26,4.0
NE 89TH AVE,284,1,26,26,4.0
NE 90TH AVE,250,1,26,26,4.0
NE 91ST AVE,472,1,26,26,4.0
NE ALBERTA ST,600,1,26,26,4.0
NE BEECH ST,390,1,26,26,4.0
NE BEECH ST,262,1,26,26,4.0
NE BELL DR,1206,1,26,26,4.0
NE BELL DR,409,1,26,26,4.0
NE BOEHMER ST,930,1,26,26,4.0
NE BRAZEE ST,512,1,26,26,4.0
NE BROADWAY,521,1,26,26,4.0
NE COUCH ST,347,1,26,26,4.0
NE DUDDLESON ST,730,1,26,26,4.0
NE DYER ST,553,1,26,26,4.0
NE EMERSON ST,260,1,26,26,4.0
NE EMERSON ST,260,1,26,26,4.0
NE EVERETT ST,264,1,26,26,4.0
NE EVERETT ST,238,1,26,26,4.0
NE FREMONT CT,358,1,26,26,4.0
NE FREMONT CT,88,1,26,26,4.0
NE GRAHAM ST,174,1,26,26,4.0
NE HASSALO ST,345,1,26,26,4.0
NE HOLLADAY ST,700,1,26,26,4.0
NE HOLLADAY ST,692,1,26,26,4.0
NE HOLMAN ST,261,1,26,26,4.0
NE HOLMAN ST,259,1,26,26,4.0
NE HOYT ST,403,1,26,26,4.0
NE HOYT ST,166,1,26,26,4.0
NE KLICKITAT ST,260,1,26,26,4.0
NE KLICKITAT ST,74,1,26,26,4.0
NE KNOTT ST,866,1,26,26,4.0
NE KNOTT ST,516,1,26,26,4.0
NE KNOTT ST,266,1,26,26,4.0
NE MASON CT,655,1,26,26,4.0
NE MORTON ST,127,1,26,26,4.0
NE MULTNOMAH ST,450,1,26,26,4.0
NE MULTNOMAH ST,172,1,26,26,4.0
NE OREGON ST,829,1,26,26,4.0
NE PACIFIC ST,646,1,26,26,4.0
NE RIDGEWOOD DR,281,1,26,26,4.0
NE RIDGEWOOD DR,263,1,26,26,4.0
NE ROSELAWN ST,271,1,26,26,4.0
NE ROSELAWN ST,261,1,26,26,4.0
NE ROSELAWN ST,260,1,26,26,4.0
NE ROSELAWN ST,255,1,26,26,4.0
NE ROSELAWN ST,134,1,26,26,4.0
NE TILLAMOOK ST,448,1,26,26,4.0
NE WEIDLER ST,94,1,26,26,4.0
NE WYGANT ST,666,1,26,26,4.0
NE WYGANT ST,303,1,26,26,4.0
NW ABERNETHY RD,358,1,26,26,4.0
NW AVOCET LN,424,1,26,26,4.0
NW BIRKENDENE ST,781,1,26,26,4.0
NW BIRKENDENE ST,696,1,26,26,4.0
NW BIRKENDENE ST,498,1,26,26,4.0
NW BIRKENDENE ST,331,1,26,26,4.0
NW CHAPIN DR,442,1,26,26,4.0
NW CHAPIN DR,441,1,26,26,4.0
NW CRESTVIEW WAY,703,1,26,26,4.0
NW DEVOTO LN,964,1,26,26,4.0
NW DEVOTO LN,876,1,26,23,4.0
NW DURRETT ST,403,1,26,26,4.0
NW FLEISCHNER ST,380,1,26,26,4.0
NW FRAZIER CT,519,1,26,26,4.0
NW FRAZIER CT,277,1,26,26,4.0
NW FRAZIER CT,198,1,26,26,4.0
NW HAZELTINE ST,204,1,26,26,4.0
NW HOLLOWAY DR,740,1,26,26,4.0
NW MCKENNA DR,1086,1,26,26,4.0
NW MILLER RD,176,1,26,26,4.0
NW RHODES LN,909,3,26,26,4.0
NW SKYLINE HEIGHTS DR,795,1,26,26,4.0
NW SPENCER ST,704,1,26,26,4.0
NW SPENCER ST,430,1,26,26,4.0
NW SPENCER ST,138,1,26,26,4.0
NW WESTOVER RD,474,1,26,26,4.0
NW WESTOVER RD,156,1,26,26,4.0
SE 100TH AVE,297,1,26,26,4.0
SE 107TH AVE,331,1,26,26,4.0
SE 107TH AVE,330,1,26,26,4.0
SE 107TH AVE,329,1,26,26,4.0
SE 107TH AVE,327,1,26,26,4.0
SE 109TH AVE,253,1,26,26,4.0
SE 109TH AVE,158,1,26,26,4.0
SE 11TH AVE,267,1,26,26,4.0
SE 120TH PL,906,1,26,26,4.0
SE 120TH PL,149,1,26,26,4.0
SE 122ND AVE FRONTAGE RD,429,2,26,20,4.0
SE 127TH PL,536,1,26,26,4.0
SE 133RD AVE,509,2,26,20,4.0
SE 133RD AVE,267,1,26,26,4.0
SE 136TH AVE,212,1,26,26,4.0
SE 136TH AVE,164,1,26,26,4.0
SE 136TH AVE,129,1,26,26,4.0
SE 138TH AVE,178,1,26,26,4.0
SE 138TH DR,176,1,26,26,4.0
SE 138TH PL,138,1,26,26,4.0
SE 139TH CT,135,1,26,26,4.0
SE 140TH CT,176,1,26,26,4.0
SE 140TH PL,264,1,26,26,4.0
SE 141ST PL,291,1,26,26,4.0
SE 142ND PL,271,1,26,26,4.0
SE 144TH DR,259,1,26,26,4.0
SE 144TH DR,142,1,26,26,4.0
SE 145TH AVE,298,1,26,26,4.0
SE 145TH AVE,238,1,26,22,4.0
SE 145TH CT,289,1,26,26,4.0
SE 148TH AVE,659,1,26,26,4.0
SE 151ST AVE,419,1,26,26,4.0
SE 151ST AVE,114,1,26,26,4.0
SE 152ND AVE,420,1,26,26,4.0
SE 152ND AVE,296,1,26,26,4.0
SE 152ND AVE,253,1,26,26,4.0
SE 152ND AVE,239,1,26,26,4.0
SE 152ND AVE,238,1,26,26,4.0
SE 154TH PL,247,1,26,26,4.0
SE 155TH AVE,234,1,26,26,4.0
SE 156TH AVE,513,2,26,26,4.0
SE 156TH AVE,240,1,26,26,4.0
SE 156TH AVE,240,1,26,26,4.0
SE 156TH AVE,239,1,26,26,4.0
SE 156TH AVE,236,1,26,26,4.0
SE 156TH AVE,128,1,26,26,4.0
SE 157TH AVE,378,1,26,26,4.0
SE 157TH AVE,128,1,26,26,4.0
SE 158TH AVE,372,1,26,26,4.0
SE 159TH AVE,119,1,26,26,4.0
SE 160TH AVE,667,1,26,26,4.0
SE 160TH AVE,430,1,26,26,4.0
SE 160TH AVE,298,1,26,26,4.0
SE 164TH AVE,414,1,26,26,4.0
SE 164TH AVE,352,1,26,26,4.0
SE 164TH AVE,342,1,26,26,4.0
SE 164TH AVE,154,1,26,26,4.0
SE 164TH AVE,151,1,26,26,4.0
SE 164TH AVE,147,1,26,26,4.0
SE 21ST AVE,256,1,26,26,4.0
SE 21ST AVE,130,1,26,26,4.0
SE 27TH AVE,480,1,26,26,4.0
SE 28TH AVE,260,1,26,26,4.0
SE 31ST AVE,552,1,26,26,4.0
SE 33RD AVE,237,1,26,26,4.0
SE 37TH AVE,305,1,26,26,4.0
SE 37TH AVE,260,1,26,26,4.0
SE 37TH AVE,260,1,26,26,4.0
SE 37TH AVE,260,1,26,26,4.0
SE 38TH AVE,876,2,26,24,4.0
SE 38TH AVE,261,1,26,26,4.0
SE 38TH AVE,260,1,26,26,4.0
SE 38TH AVE,260,1,26,26,4.0
SE 38TH AVE,260,1,26,26,4.0
SE 44TH AVE,255,1,26,26,4.0
SE 47TH AVE,219,1,26,26,4.0
SE 48TH AVE,514,1,26,26,4.0
SE 48TH AVE,363,1,26,26,4.0
SE 48TH AVE,265,1,26,26,4.0
SE 48TH AVE,220,1,26,26,4.0
SE 48TH AVE,211,1,26,26,4.0
SE 52ND AVE,621,1,26,26,4.0
SE 52ND AVE,579,1,26,26,4.0
SE 52ND AVE,123,1,26,26,4.0
SE 53RD AVE,418,1,26,26,4.0
SE 53RD AVE,335,1,26,26,4.0
SE 54TH AVE,335,1,26,26,4.0
SE 54TH AVE,330,1,26,26,4.0
SE 54TH AVE,294,1,26,26,4.0
SE 55TH AVE,393,1,26,26,4.0
SE 55TH AVE,309,1,26,26,4.0
SE 55TH AVE,296,1,26,26,4.0
SE 55TH AVE,255,1,26,26,4.0
SE 55TH AVE,213,1,26,26,4.0
SE 55TH AVE,209,1,26,26,4.0
SE 55TH AVE,197,1,26,26,4.0
SE 58TH AVE,397,1,26,26,4.0
SE 63RD AVE,347,1,26,26,4.0
SE 64TH AVE,437,1,26,26,4.0
SE 64TH AVE,347,1,26,26,4.0
SE 65TH AVE,344,1,26,26,4.0
SE 65TH AVE,330,1,26,26,4.0
SE 66TH AVE,483,1,26,26,4.0
SE 66TH AVE,344,1,26,26,4.0
SE 66TH AVE,328,1,26,26,4.0
SE 66TH AVE,315,1,26,26,4.0
SE 66TH AVE,250,1,26,26,4.0
SE 66TH AVE,229,1,26,26,4.0
SE 66TH AVE,180,1,26,26,4.0
SE 66TH PL,467,1,26,26,4.0
SE 67TH AVE,726,1,26,26,4.0
SE 67TH AVE,653,1,26,26,4.0
SE 67TH AVE,336,1,26,26,4.0
SE 67TH AVE,249,1,26,26,4.0
SE 67TH AVE,238,1,26,26,4.0
SE 67TH AVE,170,1,26,26,4.0
SE 68TH AVE,327,1,26,26,4.0
SE 72ND AVE,841,1,26,26,4.0
SE 74TH AVE,243,1,26,26,4.0
SE 75TH AVE,502,1,26,26,4.0
SE 77TH AVE,864,2,26,26,4.0
SE 77TH AVE,250,1,26,26,4.0
SE 81ST AVE,505,1,26,26,4.0
SE 81ST AVE,271,1,26,26,4.0
SE 81ST AVE,255,1,26,26,4.0
SE 81ST PL,153,1,26,26,4.0
SE 86TH AVE,649,1,26,26,4.0
SE 87TH AVE,258,1,26,26,4.0
SE 89TH AVE,658,1,26,26,4.0
SE 91ST PL,445,1,26,26,4.0
SE 98TH AVE,91,1,26,26,4.0
SE ANDEREGG DR,321,1,26,26,4.0
SE ANDEREGG LOOP,399,1,26,26,4.0
SE ANDEREGG LOOP,88,1,26,26,4.0
SE ANKENY ST,280,1,26,26,4.0
SE BELMORE HTS,115,1,26,26,4.0
SE BELMORE ST,275,1,26,26,4.0
SE BELMORE ST,139,1,26,26,4.0
SE BOISE ST,355,1,26,26,4.0
SE BOISE ST,341,1,26,26,4.0
SE BROOKLYN CT,230,1,26,26,4.0
SE BUSH PL,360,1,26,26,4.0
SE BUSH ST,248,1,26,26,4.0
SE BYBEE BLVD,650,1,26,26,4.0
SE BYBEE BLVD,648,1,26,26,4.0
SE BYBEE DR,951,1,26,26,4.0
SE BYBEE DR,620,1,26,26,4.0
SE BYBEE DR,540,1,26,26,4.0
SE BYBEE DR,488,1,26,26,4.0
SE BYBEE DR,418,1,26,26,4.0
SE CORA ST,149,1,26,26,4.0
SE CREST CT,253,1,26,26,4.0
SE DONATELLO LOOP,1234,1,26,26,4.0
SE DONATELLO LOOP,384,1,26,26,4.0
SE EAST VIEW CT,376,1,26,26,4.0
SE EASTRIDGE ST,807,1,26,26,4.0
SE EASTRIDGE ST,326,1,26,26,4.0
SE EASTRIDGE ST,219,1,26,26,4.0
SE ELLIS ST,314,1,26,26,4.0
SE EQUESTRIAN WAY,285,1,26,26,4.0
SE EVERGREEN DR,418,1,26,26,4.0
SE EVERGREEN DR,274,1,26,26,4.0
SE EVERGREEN DR,115,1,26,26,4.0
SE FLAVEL DR,832,1,26,26,4.0
SE FLAVEL DR,594,1,26,26,4.0
SE FLAVEL DR,567,1,26,26,4.0
SE FLAVEL DR,367,1,26,26,4.0
SE FLAVEL DR,235,1,26,26,4.0
SE GILHAM AVE,348,1,26,26,4.0
SE GLADSTONE ST,244,1,26,26,4.0
SE GRANT ST,462,2,26,25,4.0
SE HAIG ST,562,2,26,24,4.0
SE HARNEY ST,266,1,26,26,4.0
SE HARNEY ST,263,1,26,26,4.0
SE HARNEY ST,262,1,26,26,4.0
SE HAWTHORNE BLVD,766,1,26,26,4.0
SE HAWTHORNE BLVD,448,1,26,26,4.0
SE HENDERSON DR,893,1,26,26,4.0
SE HENDERSON ST,309,1,26,26,4.0
SE HENDERSON ST,255,1,26,26,4.0
SE HENDERSON WAY,631,1,26,26,4.0
SE HENDERSON WAY,534,1,26,26,4.0
SE HENDERSON WAY,491,1,26,26,4.0
SE HENDERSON WAY,277,1,26,26,4.0
SE HENDERSON WAY,243,1,26,26,4.0
SE HENDERSON WAY,207,1,26,26,4.0
SE INSLEY ST,660,1,26,26,4.0
SE INSLEY ST,608,2,26,26,4.0
SE INSLEY ST,375,1,26,26,4.0
SE KNAPP CIR,828,1,26,26,4.0
SE KNAPP DR,536,1,26,26,4.0
SE KNAPP ST,719,1,26,26,4.0
SE KNAPP ST,159,1,26,26,4.0
SE LAMBERT ST,520,1,26,26,4.0
SE LAMBERT ST,510,1,26,26,4.0
SE LAMBERT ST,510,1,26,26,4.0
SE LAMBERT ST,510,1,26,26,4.0
SE LAMBERT ST,510,1,26,26,4.0
SE LAMBERT ST,232,1,26,26,4.0
SE LENNON CT,217,1,26,26,4.0
SE LEXINGTON ST,661,1,26,26,4.0
SE MAIN ST,157,1,26,26,4.0
SE MARTINS ST,260,1,26,26,4.0
SE MEADOWLAND CT,355,1,26,26,4.0
SE MITCHELL ST,227,1,26,26,4.0
SE MITCHELL ST,102,1,26,26,4.0
SE NEHALEM CT,359,1,26,26,4.0
SE NEHALEM ST,703,1,26,26,4.0
SE NEHALEM ST,320,1,26,26,4.0
SE OAK ST,231,1,26,26,4.0
SE OGDEN DR,539,1,26,26,4.0
SE OGDEN DR,259,1,26,26,4.0
SE OGDEN DR,241,1,26,26,4.0
SE OGDEN DR,238,1,26,26,4.0
SE POWELL BUTTE PKWY,662,1,26,26,4.0
SE POWELL BUTTE PKWY,173,1,26,26,4.0
SE POWELL BUTTE PKWY,97,1,26,26,4.0
SE POWELL VIEW CT,190,1,26,26,4.0
SE RAYMOND ST,804,1,26,26,4.0
SE REEDWAY ST,589,1,26,26,4.0
SE REX ST,300,1,26,26,4.0
SE RHONE ST,979,1,26,26,4.0
SE SCOTT DR,437,1,26,26,4.0
SE SHERMAN ST,250,1,26,26,4.0
SE SHERMAN ST,250,1,26,26,4.0
SE SHERMAN ST,250,1,26,26,4.0
SE SHERMAN ST,250,1,26,26,4.0
SE SHERMAN ST,248,1,26,26,4.0
SE SHERMAN ST,246,1,26,26,4.0
SE SHERRETT ST,661,1,26,26,4.0
SE SHERRETT ST,268,1,26,26,4.0
SE SHERRETT ST,264,1,26,26,4.0
SE SHERRETT ST,262,1,26,26,4.0
SE SPOKANE CT,308,1,26,26,4.0
SE SPOKANE CT,151,1,26,26,4.0
SE ST ANDREWS DR,278,1,26,26,4.0
SE STARK ST,189,1,26,26,4.0
SE STEELE ST,331,1,26,26,4.0
SE STEELE ST,329,1,26,26,4.0
SE STEELE ST,304,1,26,26,4.0
SE STEELE ST,265,1,26,26,4.0
SE STEELE ST,202,1,26,26,4.0
SE TAGGART ST,338,1,26,26,4.0
SE TAYLOR CT,95,1,26,26,4.0
SE TENINO ST,668,1,26,26,4.0
SE TENINO ST,501,1,26,26,4.0
SE TENINO ST,266,1,26,26,4.0
SE TENINO ST,263,1,26,26,4.0
SE TENINO ST,262,1,26,26,4.0
SE TENINO ST,146,1,26,26,4.0
SE TERRACE TRAILS DR,915,1,26,26,4.0
SE TERRACE TRAILS DR,346,1,26,26,4.0
SE TERRACE TRAILS DR,257,1,26,26,4.0
SE TERRACE TRAILS DR,250,1,26,26,4.0
SE VALENTINE DR,355,1,26,26,4.0
SE VALENTINE DR,259,1,26,26,4.0
SE WINDSOR CT,547,1,26,26,4.0
SE WINDSOR CT,473,1,26,26,4.0
SW 16TH AVE,265,1,26,26,4.0
SW 16TH AVE,260,1,26,26,4.0
SW 16TH AVE,260,1,26,26,4.0
SW 16TH AVE,260,1,26,26,4.0
SW 16TH AVE,260,1,26,26,4.0
SW 16TH AVE,253,1,26,26,4.0
SW 17TH AVE,260,1,26,26,4.0
SW 17TH AVE,260,1,26,26,4.0
SW 17TH AVE,260,1,26,26,4.0
SW 17TH AVE,260,1,26,26,4.0
SW 18TH AVE,511,2,26,26,4.0
SW 18TH AVE,263,1,26,26,4.0
SW 18TH AVE,260,1,26,26,4.0
SW 18TH AVE,260,1,26,26,4.0
SW 18TH AVE,257,1,26,26,4.0
SW 18TH AVE,243,1,26,26,4.0
SW 18TH DR,260,1,26,26,4.0
SW 18TH DR,159,1,26,26,4.0
SW 19TH AVE,280,1,26,26,4.0
SW 19TH AVE,260,1,26,26,4.0
SW 19TH AVE,260,1,26,26,4.0
SW 19TH AVE,260,1,26,26,4.0
SW 19TH AVE,260,1,26,26,4.0
SW 19TH AVE,189,1,26,26,4.0
SW 19TH DR,1038,1,26,18,4.0
SW 21ST AVE,260,1,26,26,4.0
SW 21ST AVE,260,1,26,26,4.0
SW 21ST AVE,257,1,26,26,4.0
SW 21ST AVE,209,1,26,26,4.0
SW 21ST CT,177,1,26,26,4.0
SW 25TH AVE,1478,2,26,22,4.0
SW 25TH AVE,300,1,26,26,4.0
SW 2ND AVE,157,1,26,26,4.0
SW 30TH AVE,150,1,26,26,4.0
SW 30TH PL,163,1,26,26,4.0
SW 33RD PL,447,1,26,26,4.0
SW 37TH AVE,303,1,26,26,4.0
SW 45TH AVE,272,1,26,26,4.0
SW 49TH AVE,770,2,26,26,4.0
SW 49TH AVE,503,1,26,26,4.0
SW 49TH CT,301,1,26,26,4.0
SW 54TH AVE,282,1,26,16,4.0
SW 55TH AVE,356,1,26,26,4.0
SW 56TH CT,145,1,26,26,4.0
SW 58TH CT,298,1,26,26,4.0
SW 59TH CT,494,1,26,26,4.0
SW 62ND DR,3004,1,26,26,4.0
SW 63RD AVE,238,1,26,26,4.0
SW 63RD AVE,146,1,26,26,4.0
SW 7TH AVE,880,2,26,18,4.0
SW BANCROFT ST,215,1,26,26,4.0
SW BERTHA BLVD,575,1,26,20,4.0
SW CARTER LN,342,1,26,26,4.0
SW CLIFTON ST,270,1,26,26,4.0
SW CLIFTON ST,261,1,26,26,4.0
SW CLIFTON ST,260,1,26,26,4.0
SW CLIFTON ST,230,1,26,26,4.0
SW COLLEGE ST,270,1,26,26,4.0
SW DOUGLAS PL,375,1,26,26,4.0
SW DOVER ST,667,1,26,26,4.0
SW ELM ST,270,1,26,26,4.0
SW ELM ST,260,1,26,26,4.0
SW HUBER CT,190,1,26,26,4.0
SW HUME ST,707,2,26,20,4.0
SW HUNT CLUB PL,322,1,26,26,4.0
SW JACKSON ST,249,1,26,26,4.0
SW KNIGHTSBRIDGE DR,1117,1,26,26,4.0
SW LAUREL ST,270,1,26,26,4.0
SW MADISON ST,439,1,26,26,4.0
SW MADISON ST,253,1,26,26,4.0
SW MARTHA ST,256,1,26,26,4.0
SW MARTHA ST,187,1,26,26,4.0
SW MEDWYN TER,383,1,26,26,4.0
SW MYRTLE ST,271,1,26,26,4.0
SW MYRTLE ST,262,1,26,26,4.0
SW MYRTLE ST,260,1,26,26,4.0
SW MYRTLE ST,230,1,26,26,4.0
SW ORCHARD HILL RD,184,1,26,26,4.0
SW ORCHARD HILL RD,47,1,26,26,4.0
SW ORCHID ST,260,1,26,26,4.0
SW ORCHID ST,260,1,26,26,4.0
SW ORCHID ST,260,1,26,26,4.0
SW ORCHID ST,260,1,26,26,4.0
SW PALLAY CT,172,1,26,26,4.0
SW SPRING ST,270,1,26,26,4.0
SW SPRING ST,260,1,26,26,4.0
SW VESTA ST,593,1,26,26,4.0
SW VESTA ST,157,1,26,26,4.0
N CHURCH ST,228,1,27,27,4.5
NE 114TH AVE,330,1,27,27,4.5
NE 120TH AVE,669,1,27,27,4.5
NE 128TH AVE,276,1,27,27,4.5
NE 128TH AVE,259,1,27,27,4.5
NE 49TH AVE,175,1,27,27,4.5
NE 52ND AVE,280,1,27,27,4.5
NE EUGENE ST,694,1,27,27,4.5
NE HOLLADAY ST,351,1,27,27,4.5
SE 100TH AVE,338,1,27,27,4.5
SE 114TH PL,207,1,27,27,4.5
SE 124TH AVE,303,1,27,27,4.5
SE 127TH AVE,196,1,27,27,4.5
SE 140TH AVE,701,1,27,26,4.5
SE 141ST AVE,511,1,27,27,4.5
SE 141ST AVE,490,1,27,27,4.5
SE 144TH AVE,413,1,27,27,4.5
SE 164TH AVE,156,1,27,27,4.5
SE 17TH AVE,260,1,27,27,4.5
SE 41ST AVE,265,1,27,27,4.5
SE 42ND AVE,250,1,27,27,4.5
SE 51ST AVE,257,1,27,27,4.5
SE 56TH AVE,825,1,27,27,4.5
SE 83RD AVE,287,1,27,27,4.5
SE CLAY ST,196,1,27,27,4.5
SE CLINTON ST,343,1,27,27,4.5
SE FLAVEL DR,282,1,27,27,4.5
SE GLENWOOD ST,520,1,27,27,4.5
SE HAROLD ST,271,1,27,27,4.5
SE HENDERSON ST,255,1,27,27,4.5
SE HENDERSON ST,255,1,27,27,4.5
SE KNIGHT ST,379,1,27,27,4.5
SE LONG ST,220,1,27,27,4.5
SE MALDEN ST,667,1,27,27,4.5
SE MARKET ST,196,1,27,27,4.5
SE MARKET ST,181,1,27,27,4.5
SE MILL ST,196,1,27,27,4.5
SE MILL ST,180,1,27,27,4.5
SE MITCHELL ST,131,1,27,27,4.5
SE NEHALEM ST,666,1,27,27,4.5
SE OGDEN ST,250,1,27,27,4.5
SE REEDWAY ST,379,1,27,27,4.5
SE REEDWAY ST,335,1,27,27,4.5
SE REEDWAY ST,275,1,27,27,4.5
SE REEDWAY ST,270,1,27,27,4.5
SE STEPHENS ST,735,1,27,27,4.5
SE YAMHILL ST,192,1,27,27,4.5
SW 11TH AVE,538,1,27,27,4.5
SW WOODS ST,279,1,27,27,4.5
E BURNSIDE ST FRONTAGE RD,363,1,28,28,5.0
E BURNSIDE ST FRONTAGE RD,302,1,28,28,5.0
N ADRIATIC AVE,106,1,28,28,5.0
N AINSWORTH ST,260,1,28,28,5.0
N AINSWORTH ST,260,1,28,28,5.0
N AINSWORTH ST,205,1,28,28,5.0
N AINSWORTH ST,158,1,28,28,5.0
N AMHERST ST,809,1,28,28,5.0
N AMHERST ST,559,1,28,28,5.0
N AMHERST ST,517,1,28,28,5.0
N AMHERST ST,434,1,28,28,5.0
N AMHERST ST,393,1,28,28,5.0
N AMHERST ST,383,1,28,28,5.0
N AMHERST ST,383,1,28,28,5.0
N AMHERST ST,345,1,28,28,5.0
N AMHERST ST,249,1,28,28,5.0
N AMHERST ST,206,1,28,28,5.0
N ARLINGTON PL,691,1,28,28,5.0
N ARLINGTON PL,616,1,28,28,5.0
N ARLINGTON PL,604,1,28,28,5.0
N BALDWIN ST,451,1,28,28,5.0
N BAYARD AVE,175,1,28,28,5.0
N BORTHWICK AVE,660,1,28,28,5.0
N BORTHWICK AVE,519,1,28,28,5.0
N BORTHWICK AVE,505,1,28,28,5.0
N BORTHWICK AVE,311,1,28,28,5.0
N BORTHWICK AVE,286,1,28,28,5.0
N BRANDON AVE,618,1,28,28,5.0
N BRANDON AVE,261,1,28,28,5.0
N BRANDON AVE,261,1,28,28,5.0
N BRANDON AVE,261,1,28,28,5.0
N BRANDON AVE,260,1,28,28,5.0
N BRUCE AVE,303,1,28,28,5.0
N BRYANT ST,261,1,28,28,5.0
N BRYANT ST,260,1,28,28,5.0
N BRYANT ST,260,1,28,28,5.0
N BRYANT ST,260,1,28,28,5.0
N BRYANT ST,256,1,28,28,5.0
N BRYANT ST,255,1,28,28,5.0
N BRYANT ST,250,1,28,28,5.0
N BRYANT ST,178,1,28,28,5.0
N BRYANT ST,130,1,28,28,5.0
N BUFFALO ST,259,1,28,28,5.0
N BUFFALO ST,147,1,28,28,5.0
N BURRAGE AVE,664,1,28,28,5.0
N BURRAGE AVE,661,1,28,28,5.0
N BURRAGE AVE,660,1,28,28,5.0
N BURRAGE AVE,659,1,28,28,5.0
N BURRAGE AVE,640,1,28,28,5.0
N BURRAGE AVE,250,1,28,28,5.0
N BURRAGE AVE,250,1,28,28,5.0
N BURRAGE AVE,240,1,28,28,5.0
N BURRAGE AVE,145,1,28,28,5.0
N CAMPBELL AVE,659,1,28,28,5.0
N CAMPBELL AVE,656,1,28,28,5.0
N CHARLESTON AVE,240,1,28,28,5.0
N CHARLESTON AVE,240,1,28,28,5.0
N CHASE AVE,1161,2,28,28,5.0
N COMMERCIAL AVE,475,1,28,28,5.0
N COMMERCIAL AVE,465,1,28,28,5.0
N COMMERCIAL AVE,460,1,28,28,5.0
N COMMERCIAL AVE,445,1,28,28,5.0
N COMMERCIAL AVE,383,1,28,28,5.0
N COMMERCIAL AVE,342,1,28,28,5.0
N CONCORD AVE,661,1,28,28,5.0
N CONCORD AVE,661,1,28,28,5.0
N CONCORD AVE,656,1,28,28,5.0
N CONCORD AVE,638,1,28,28,5.0
N CONCORD AVE,514,1,28,28,5.0
N CONCORD AVE,265,1,28,28,5.0
N CONCORD AVE,260,1,28,28,5.0
N CONCORD AVE,255,1,28,28,5.0
N COURTENAY AVE,508,1,28,28,5.0
N CURTIS AVE,411,1,28,28,5.0
N CURTIS AVE,316,1,28,28,5.0
N DEKUM ST,273,1,28,28,5.0
N DEKUM ST,263,1,28,28,5.0
N DEKUM ST,261,1,28,28,5.0
N DEKUM ST,261,1,28,28,5.0
N DEKUM ST,260,1,28,28,5.0
N DEKUM ST,260,1,28,28,5.0
N DEKUM ST,260,1,28,28,5.0
N DEKUM ST,260,1,28,28,5.0
N DEKUM ST,255,1,28,28,5.0
N DEKUM ST,253,1,28,28,5.0
N DEKUM ST,240,1,28,28,5.0
N DEKUM ST,230,1,28,28,5.0
N DEKUM ST,148,1,28,28,5.0
N DELAWARE AVE,326,1,28,28,5.0
N DELAWARE AVE,270,1,28,28,5.0
N DELAWARE AVE,270,1,28,28,5.0
N DELAWARE AVE,258,1,28,28,5.0
N DELAWARE AVE,250,1,28,28,5.0
N DELAWARE AVE,250,1,28,28,5.0
N DELAWARE AVE,240,1,28,28,5.0
N DELAWARE AVE,110,1,28,28,5.0
N DRUMMOND AVE,411,1,28,28,5.0
N EDISON ST,260,1,28,28,5.0
N ELMORE AVE,361,1,28,28,5.0
N EMERALD AVE,260,1,28,28,5.0
N EMERALD AVE,260,1,28,28,5.0
N EMERALD AVE,256,1,28,28,5.0
N EMERALD AVE,250,1,28,28,5.0
N EMERALD AVE,250,1,28,28,5.0
N EMERALD AVE,248,1,28,28,5.0
N EMERALD AVE,244,1,28,28,5.0
N EMERALD AVE,237,1,28,28,5.0
N EMERSON ST,666,1,28,28,5.0
N EMERSON ST,659,1,28,28,5.0
N EMERSON ST,640,1,28,28,5.0
N EXETER AVE,800,1,28,24,5.0
N FARRAGUT ST,652,1,28,28,5.0
N FARRAGUT ST,620,1,28,28,5.0
N FARRAGUT ST,614,1,28,28,5.0
N FARRAGUT ST,592,1,28,28,5.0
N FARRAGUT ST,550,1,28,28,5.0
N FARRAGUT ST,367,1,28,28,5.0
N FENWICK AVE,660,1,28,28,5.0
N FENWICK AVE,656,1,28,28,5.0
N FENWICK AVE,361,1,28,28,5.0
N FENWICK AVE,260,1,28,28,5.0
N FENWICK AVE,260,1,28,28,5.0
N FENWICK AVE,260,1,28,28,5.0
N FENWICK AVE,260,1,28,28,5.0
N FENWICK AVE,260,1,28,28,5.0
N FOWLER AVE,668,1,28,28,5.0
N FOWLER AVE,666,1,28,28,5.0
N FOWLER AVE,565,1,28,28,5.0
N FOWLER AVE,167,1,28,1,5.0
N FOWLER CT,195,1,28,28,5.0
N GENEVA AVE,542,1,28,28,5.0
N GLOUCESTER AVE,800,1,28,24,5.0
N GRAVENSTEIN AVE,266,1,28,28,5.0
N GREENWICH AVE,662,1,28,28,5.0
N GREENWICH AVE,658,1,28,28,5.0
N HAIGHT AVE,470,1,28,28,5.0
N HAIGHT AVE,460,1,28,28,5.0
N HAIGHT AVE,460,1,28,28,5.0
N HAIGHT AVE,442,1,28,28,5.0
N HAIGHT AVE,344,1,28,28,5.0
N HALLECK ST,707,1,28,28,5.0
N HALLECK ST,692,1,28,28,5.0
N HALLECK ST,687,1,28,28,5.0
N HAMLIN AVE,582,1,28,28,5.0
N HARVARD ST,105,1,28,28,5.0
N HAVEN AVE,292,1,28,28,5.0
N HIGHLAND ST,606,1,28,28,5.0
N HIGHLAND ST,444,1,28,28,5.0
N HIGHLAND ST,235,1,28,28,5.0
N HODGE AVE,560,1,28,28,5.0
N HOLMAN ST,978,2,28,28,5.0
N HOLMAN ST,936,2,28,28,5.0
N HOLMAN ST,780,2,28,28,5.0
N HOLMAN ST,226,1,28,28,5.0
N HOLMES AVE,1020,3,28,16,5.0
N HOUGHTON ST,329,1,28,28,5.0
N HOUGHTON ST,266,1,28,28,5.0
N HUDSON ST,258,1,28,28,5.0
N HUMBOLDT ST,280,1,28,28,5.0
N HUMBOLDT ST,250,1,28,28,5.0
N HUNT ST,721,2,28,28,5.0
N HUNT ST,266,1,28,28,5.0
N HUNT ST,265,1,28,28,5.0
N HUNT ST,260,1,28,28,5.0
N HUNT ST,250,1,28,28,5.0
N HUNT ST,165,1,28,28,5.0
N JUNEAU ST,380,1,28,28,5.0
N KERBY AVE,655,1,28,28,5.0
N KERBY AVE,296,1,28,28,5.0
N KNOWLES AVE,462,1,28,28,5.0
N KNOWLES AVE,455,1,28,28,5.0
N KNOWLES AVE,450,1,28,28,5.0
N KNOWLES AVE,450,1,28,28,5.0
N KNOWLES AVE,372,1,28,28,5.0
N MARYLAND AVE,686,2,28,28,5.0
N MARYLAND AVE,543,1,28,28,5.0
N MARYLAND AVE,494,1,28,28,5.0
N MARYLAND AVE,456,1,28,28,5.0
N MARYLAND AVE,327,1,28,28,5.0
N MARYLAND AVE,190,1,28,28,5.0
N MASSACHUSETTS AVE,461,1,28,28,5.0
N MASSACHUSETTS AVE,461,1,28,28,5.0
N MASSACHUSETTS AVE,460,1,28,28,5.0
N MASSACHUSETTS AVE,341,1,28,28,5.0
N MENLO AVE,276,1,28,28,5.0
N MICHIGAN AVE,740,1,28,28,5.0
N MICHIGAN AVE,523,1,28,28,5.0
N MICHIGAN AVE,320,1,28,28,5.0
N MICHIGAN AVE,260,1,28,28,5.0
N MICHIGAN AVE,260,1,28,28,5.0
N MICHIGAN AVE,259,1,28,28,5.0
N MISSISSIPPI AVE,671,1,28,28,5.0
N MISSISSIPPI AVE,595,1,28,28,5.0
N MISSISSIPPI AVE,378,1,28,28,5.0
N MISSISSIPPI AVE,265,1,28,28,5.0
N MISSISSIPPI AVE,265,1,28,28,5.0
N MISSISSIPPI AVE,250,1,28,28,5.0
N MISSISSIPPI AVE,250,1,28,28,5.0
N MISSISSIPPI AVE,250,1,28,28,5.0
N MISSISSIPPI AVE,250,1,28,28,5.0
N MISSISSIPPI AVE,250,1,28,28,5.0
N MISSISSIPPI AVE,250,1,28,28,5.0
N MISSISSIPPI AVE,250,1,28,28,5.0
N MISSISSIPPI AVE,250,1,28,28,5.0
N MISSOURI AVE,1004,2,28,26,5.0
N MISSOURI AVE,373,1,28,28,5.0
N MONTANA AVE,740,1,28,28,5.0
N MONTANA AVE,540,1,28,28,5.0
N MONTANA AVE,276,1,28,28,5.0
N MONTANA AVE,250,1,28,28,5.0
N MOORE AVE,470,1,28,28,5.0
N MOORE AVE,470,1,28,28,5.0
N MOORE AVE,460,1,28,28,5.0
N MOORE AVE,460,1,28,28,5.0
N MOORE AVE,430,1,28,28,5.0
N MOORE AVE,350,1,28,28,5.0
N OBERLIN ST,393,1,28,24,5.0
N OBERLIN ST,250,1,28,28,5.0
N OSWEGO AVE,390,1,28,28,5.0
N OSWEGO AVE,247,1,28,28,5.0
N OVERLOOK BLVD,263,1,28,28,5.0
N OVERLOOK BLVD,253,1,28,28,5.0
N POLK AVE,581,1,28,28,5.0
N POLK AVE,499,1,28,28,5.0
N POLK AVE,490,1,28,28,5.0
N RENO AVE,80,1,28,20,5.0
N RUSSET ST,650,1,28,28,5.0
N RUSSET ST,362,1,28,28,5.0
N RUSSET ST,355,1,28,28,5.0
N RUSSET ST,269,1,28,28,5.0
N SARATOGA ST,662,1,28,28,5.0
N SARATOGA ST,258,1,28,28,5.0
N SARATOGA ST,250,1,28,28,5.0
N SARATOGA ST,147,1,28,28,5.0
N SIMPSON ST,631,1,28,28,5.0
N SIMPSON ST,422,1,28,28,5.0
N SKIDMORE CT,475,1,28,28,5.0
N SKIDMORE CT,265,1,28,28,5.0
N SKIDMORE ST,279,1,28,28,5.0
N SKIDMORE ST,262,1,28,28,5.0
N SKIDMORE ST,261,1,28,28,5.0
N SKIDMORE ST,260,1,28,28,5.0
N SKIDMORE ST,241,1,28,28,5.0
N TERRY ST,690,1,28,28,5.0
N TERRY ST,652,1,28,28,5.0
N TERRY ST,615,1,28,28,5.0
N TERRY ST,614,1,28,28,5.0
N TERRY ST,596,1,28,28,5.0
N TERRY ST,550,1,28,28,5.0
N TERRY ST,550,1,28,28,5.0
N TERRY ST,454,1,28,28,5.0
N TERRY ST,275,1,28,28,5.0
N TRENTON ST,259,1,28,28,5.0
N VILLARD AVE,1327,3,28,28,5.0
N VILLARD AVE,660,1,28,28,5.0
N VILLARD AVE,639,1,28,28,5.0
N VILLARD AVE,380,1,28,28,5.0
N VILLARD AVE,268,1,28,28,5.0
N VINCENT AVE,475,1,28,28,5.0
N VINCENT AVE,463,1,28,28,5.0
N VINCENT AVE,450,1,28,28,5.0
N VINCENT AVE,372,1,28,28,5.0
N WALL AVE,177,1,28,28,5.0
N WASHBURNE AVE,564,1,28,28,5.0
N WASHBURNE AVE,250,1,28,28,5.0
N WASHBURNE AVE,133,1,28,28,5.0
N WATTS ST,872,1,28,28,5.0
N WATTS ST,656,1,28,28,5.0
N WATTS ST,550,1,28,28,5.0
N WATTS ST,550,1,28,28,5.0
N WATTS ST,453,1,28,28,5.0
N WAYLAND AVE,650,1,28,28,5.0
N WAYLAND AVE,577,1,28,28,5.0
N WAYLAND AVE,319,1,28,28,5.0
N WESTANNA AVE,419,1,28,28,5.0
N WESTANNA AVE,326,1,28,28,5.0
N WESTANNA AVE,308,1,28,28,5.0
N WILBUR AVE,661,1,28,28,5.0
N WILBUR AVE,660,1,28,28,5.0
N WILBUR AVE,660,1,28,28,5.0
N WILBUR AVE,659,1,28,28,5.0
N WILBUR AVE,642,1,28,28,5.0
N WILLAMETTE BLVD,465,1,28,28,5.0
N WILLIAMS AVE,671,1,28,28,5.0
N WILLIAMS AVE,470,1,28,28,5.0
N WILLIAMS AVE,470,1,28,28,5.0
N WILLIAMS AVE,460,1,28,28,5.0
N WILLIAMS AVE,460,1,28,28,5.0
N WILLIAMS AVE,352,1,28,28,5.0
N WILLIS BLVD,682,1,28,28,5.0
N WILLIS BLVD,616,1,28,28,5.0
N WINCHELL ST,690,1,28,28,5.0
N WINCHELL ST,652,1,28,28,5.0
N WINCHELL ST,597,1,28,28,5.0
N WINCHELL ST,550,1,28,28,5.0
N WINCHELL ST,550,1,28,28,5.0
N WINCHELL ST,275,1,28,28,5.0
NE 104TH AVE,636,1,28,28,5.0
NE 104TH AVE,285,1,28,28,5.0
NE 105TH AVE,887,1,28,28,5.0
NE 105TH AVE,375,1,28,28,5.0
NE 105TH AVE,370,1,28,28,5.0
NE 105TH AVE,340,1,28,28,5.0
NE 106TH AVE,689,1,28,28,5.0
NE 106TH AVE,219,1,28,28,5.0
NE 106TH AVE,175,1,28,28,5.0
NE 106TH AVE,167,1,28,28,5.0
NE 106TH PL,488,1,28,28,5.0
NE 106TH PL,220,1,28,28,5.0
NE 107TH AVE,535,1,28,28,5.0
NE 107TH PL,680,1,28,28,5.0
NE 108TH AVE,883,1,28,28,5.0
NE 108TH AVE,444,1,28,28,5.0
NE 108TH AVE,438,1,28,28,5.0
NE 108TH AVE,438,1,28,28,5.0
NE 108TH AVE,386,1,28,28,5.0
NE 108TH AVE,292,1,28,28,5.0
NE 108TH AVE,280,1,28,28,5.0
NE 108TH AVE,269,1,28,28,5.0
NE 108TH AVE,250,1,28,28,5.0
NE 108TH AVE,250,1,28,28,5.0
NE 108TH AVE,249,1,28,28,5.0
NE 108TH AVE,245,1,28,28,5.0
NE 108TH AVE,244,1,28,28,5.0
NE 108TH AVE,241,1,28,28,5.0
NE 108TH AVE,241,1,28,28,5.0
NE 108TH AVE,240,1,28,28,5.0
NE 108TH AVE,240,1,28,28,5.0
NE 108TH AVE,240,1,28,28,5.0
NE 109TH AVE,980,1,28,28,5.0
NE 109TH AVE,979,1,28,28,5.0
NE 109TH CT,391,1,28,28,5.0
NE 10TH AVE,693,1,28,28,5.0
NE 10TH AVE,634,1,28,28,5.0
NE 10TH AVE,570,1,28,28,5.0
NE 10TH AVE,570,1,28,28,5.0
NE 10TH AVE,561,1,28,28,5.0
NE 10TH AVE,560,1,28,28,5.0
NE 10TH AVE,460,1,28,28,5.0
NE 10TH AVE,287,1,28,28,5.0
NE 10TH AVE,245,1,28,28,5.0
NE 10TH AVE,240,1,28,28,5.0
NE 10TH AVE,212,1,28,28,5.0
NE 10TH AVE,210,1,28,28,5.0
NE 110TH AVE,979,1,28,28,5.0
NE 110TH AVE,748,1,28,28,5.0
NE 110TH AVE,663,1,28,28,5.0
NE 110TH AVE,462,1,28,28,5.0
NE 111TH AVE,1700,1,28,28,5.0
NE 111TH AVE,506,2,28,28,5.0
NE 113TH AVE,1292,1,28,22,5.0
NE 113TH AVE,359,1,28,28,5.0
NE 113TH AVE,320,1,28,28,5.0
NE 113TH AVE,285,1,28,28,5.0
NE 113TH AVE,250,1,28,28,5.0
NE 113TH AVE,213,1,28,28,5.0
NE 114TH AVE,674,1,28,28,5.0
NE 114TH AVE,663,1,28,28,5.0
NE 114TH AVE,660,1,28,28,5.0
NE 114TH AVE,361,1,28,28,5.0
NE 114TH AVE,302,1,28,28,5.0
NE 114TH AVE,293,1,28,28,5.0
NE 114TH AVE,140,1,28,28,5.0
NE 115TH AVE,261,1,28,28,5.0
NE 116TH AVE,868,2,28,28,5.0
NE 116TH AVE,554,2,28,28,5.0
NE 116TH PL,668,1,28,28,5.0
NE 116TH PL,489,2,28,26,5.0
NE 116TH PL,337,1,28,28,5.0
NE 117TH AVE,991,1,28,28,5.0
NE 117TH AVE,438,1,28,28,5.0
NE 117TH AVE,438,1,28,28,5.0
NE 117TH AVE,373,1,28,28,5.0
NE 117TH AVE,351,1,28,28,5.0
NE 117TH AVE,337,1,28,28,5.0
NE 117TH AVE,331,1,28,28,5.0
NE 117TH AVE,290,1,28,28,5.0
NE 117TH AVE,282,1,28,28,5.0
NE 117TH AVE,279,1,28,28,5.0
NE 117TH AVE,265,1,28,28,5.0
NE 117TH AVE,197,1,28,28,5.0
NE 117TH AVE,145,1,28,28,5.0
NE 118TH AVE,1322,1,28,28,5.0
NE 119TH AVE,1333,1,28,28,5.0
NE 11TH AVE,1112,2,28,28,5.0
NE 11TH AVE,570,1,28,28,5.0
NE 11TH AVE,570,1,28,28,5.0
NE 11TH AVE,561,1,28,28,5.0
NE 11TH AVE,560,1,28,28,5.0
NE 120TH AVE,713,2,28,26,5.0
NE 120TH AVE,227,1,28,28,5.0
NE 121ST AVE,1281,2,28,28,5.0
NE 121ST AVE,309,1,28,28,5.0
NE 121ST AVE,281,1,28,28,5.0
NE 121ST AVE,267,1,28,28,5.0
NE 121ST AVE,265,1,28,28,5.0
NE 121ST AVE,202,1,28,28,5.0
NE 123RD AVE,1312,2,28,28,5.0
NE 123RD AVE,277,1,28,28,5.0
NE 123RD AVE,276,1,28,28,5.0
NE 124TH PL,134,1,28,28,5.0
NE 125TH AVE,669,1,28,28,5.0
NE 125TH AVE,460,1,28,28,5.0
NE 125TH AVE,352,1,28,28,5.0
NE 125TH AVE,330,1,28,28,5.0
NE 126TH AVE,286,1,28,28,5.0
NE 126TH AVE,268,1,28,28,5.0
NE 126TH AVE,254,1,28,28,5.0
NE 126TH AVE,254,1,28,28,5.0
NE 126TH PL,360,1,28,28,5.0
NE 126TH PL,332,1,28,28,5.0
NE 127TH AVE,656,1,28,28,5.0
NE 127TH AVE,634,2,28,28,5.0
NE 127TH AVE,292,1,28,28,5.0
NE 127TH AVE,225,1,28,28,5.0
NE 128TH AVE,329,1,28,28,5.0
NE 128TH AVE,326,1,28,28,5.0
NE 128TH AVE,268,1,28,28,5.0
NE 128TH AVE,259,1,28,28,5.0
NE 128TH AVE,255,1,28,28,5.0
NE 128TH AVE,255,1,28,28,5.0
NE 128TH AVE,252,1,28,28,5.0
NE 129TH PL,411,1,28,28,5.0
NE 129TH PL,261,1,28,28,5.0
NE 129TH PL,259,1,28,28,5.0
NE 129TH PL,251,1,28,28,5.0
NE 129TH PL,119,1,28,28,5.0
NE 12TH AVE,1112,2,28,28,5.0
NE 12TH AVE,570,1,28,28,5.0
NE 12TH AVE,570,1,28,28,5.0
NE 12TH AVE,561,1,28,28,5.0
NE 12TH AVE,560,1,28,28,5.0
NE 130TH AVE,216,1,28,28,5.0
NE 130TH PL,651,2,28,28,5.0
NE 130TH PL,366,1,28,28,5.0
NE 130TH PL,341,1,28,28,5.0
NE 130TH PL,285,1,28,28,5.0
NE 130TH PL,248,1,28,28,5.0
NE 130TH PL,170,1,28,28,5.0
NE 130TH PL,147,1,28,28,5.0
NE 131ST PL,1144,1,28,28,5.0
NE 131ST PL,172,1,28,28,5.0
NE 131ST PL,130,1,28,28,5.0
NE 131ST PL,121,1,28,28,5.0
NE 132ND CT,524,1,28,28,5.0
NE 133RD AVE,444,1,28,28,5.0
NE 133RD PL,224,1,28,28,5.0
NE 134TH PL,732,1,28,28,5.0
NE 134TH PL,595,1,28,28,5.0
NE 134TH PL,534,1,28,28,5.0
NE 134TH PL,318,1,28,28,5.0
NE 134TH PL,315,1,28,28,5.0
NE 134TH PL,266,1,28,28,5.0
NE 136TH AVE,1390,1,28,28,5.0
NE 136TH AVE,246,1,28,28,5.0
NE 137TH AVE,719,1,28,28,5.0
NE 137TH AVE,654,1,28,28,5.0
NE 137TH AVE,387,1,28,28,5.0
NE 137TH AVE,317,1,28,28,5.0
NE 137TH AVE,314,1,28,28,5.0
NE 137TH AVE,271,1,28,28,5.0
NE 138TH PL,1165,2,28,28,5.0
NE 138TH PL,264,1,28,28,5.0
NE 13TH AVE,1112,2,28,28,5.0
NE 13TH AVE,570,1,28,28,5.0
NE 13TH AVE,561,1,28,28,5.0
NE 13TH AVE,260,1,28,28,5.0
NE 13TH AVE,219,1,28,28,5.0
NE 13TH AVE,136,1,28,28,5.0
NE 140TH AVE,1373,1,28,28,5.0
NE 140TH AVE,314,1,28,28,5.0
NE 141ST AVE,257,1,28,28,5.0
NE 143RD AVE,275,1,28,28,5.0
NE 148TH PL,1269,2,28,24,5.0
NE 148TH PL,530,2,28,28,5.0
NE 148TH PL,505,2,28,28,5.0
NE 148TH PL,482,1,28,28,5.0
NE 148TH PL,217,1,28,28,5.0
NE 149TH AVE,428,1,28,28,5.0
NE 149TH AVE,382,1,28,28,5.0
NE 149TH AVE,213,1,28,28,5.0
NE 149TH AVE,206,1,28,28,5.0
NE 149TH AVE,144,1,28,28,5.0
NE 14TH AVE,742,1,28,28,5.0
NE 14TH AVE,635,1,28,28,5.0
NE 14TH AVE,570,1,28,28,5.0
NE 14TH AVE,570,1,28,28,5.0
NE 14TH AVE,561,1,28,28,5.0
NE 14TH AVE,561,1,28,28,5.0
NE 14TH AVE,560,1,28,28,5.0
NE 14TH AVE,560,1,28,28,5.0
NE 14TH AVE,552,1,28,28,5.0
NE 14TH AVE,455,1,28,28,5.0
NE 14TH AVE,210,1,28,28,5.0
NE 150TH PL,433,1,28,28,5.0
NE 151ST AVE,812,2,28,28,5.0
NE 151ST AVE,554,1,28,28,5.0
NE 151ST AVE,319,1,28,28,5.0
NE 151ST AVE,318,1,28,28,5.0
NE 151ST AVE,284,1,28,28,5.0
NE 152ND AVE,595,1,28,28,5.0
NE 152ND AVE,370,1,28,28,5.0
NE 152ND PL,128,1,28,28,5.0
NE 153RD PL,535,1,28,28,5.0
NE 153RD PL,175,1,28,28,5.0
NE 154TH AVE,362,1,28,28,5.0
NE 154TH AVE,294,1,28,28,5.0
NE 156TH AVE,462,1,28,28,5.0
NE 156TH AVE,407,1,28,28,5.0
NE 157TH PL,341,1,28,28,5.0
NE 159TH AVE,350,1,28,28,5.0
NE 159TH AVE,278,1,28,28,5.0
NE 159TH AVE,276,1,28,28,5.0
NE 159TH AVE,176,1,28,28,5.0
NE 159TH AVE,168,1,28,28,5.0
NE 160TH AVE,126,1,28,28,5.0
NE 160TH PL,172,1,28,28,5.0
NE 16TH AVE,570,1,28,28,5.0
NE 16TH AVE,570,1,28,28,5.0
NE 16TH AVE,562,1,28,28,5.0
NE 16TH AVE,560,1,28,28,5.0
NE 16TH AVE,554,1,28,28,5.0
NE 16TH AVE,474,1,28,28,5.0
NE 16TH AVE,460,1,28,28,5.0
NE 16TH AVE,455,1,28,28,5.0
NE 16TH AVE,449,1,28,28,5.0
NE 16TH AVE,398,1,28,28,5.0
NE 17TH AVE,260,1,28,28,5.0
NE 17TH AVE,260,1,28,28,5.0
NE 17TH AVE,260,1,28,28,5.0
NE 17TH AVE,250,1,28,28,5.0
NE 17TH AVE,175,1,28,28,5.0
NE 18TH AVE,750,1,28,28,5.0
NE 18TH AVE,659,1,28,28,5.0
NE 18TH AVE,637,1,28,28,5.0
NE 18TH AVE,570,1,28,28,5.0
NE 18TH AVE,570,1,28,28,5.0
NE 18TH AVE,562,1,28,28,5.0
NE 18TH AVE,560,1,28,28,5.0
NE 18TH AVE,559,1,28,28,5.0
NE 18TH AVE,556,1,28,28,5.0
NE 18TH AVE,474,1,28,28,5.0
NE 18TH AVE,454,1,28,28,5.0
NE 18TH AVE,448,1,28,28,5.0
NE 18TH AVE,397,1,28,28,5.0
NE 19TH AVE,570,1,28,28,5.0
NE 19TH AVE,570,1,28,28,5.0
NE 19TH AVE,562,1,28,28,5.0
NE 19TH AVE,560,1,28,28,5.0
NE 19TH AVE,560,1,28,28,5.0
NE 19TH AVE,557,1,28,28,5.0
NE 19TH AVE,505,1,28,28,5.0
NE 19TH AVE,360,1,28,28,5.0
NE 19TH AVE,266,1,28,28,5.0
NE 19TH AVE,260,1,28,28,5.0
NE 19TH AVE,259,1,28,28,5.0
NE 19TH AVE,248,1,28,28,5.0
NE 19TH AVE,245,1,28,28,5.0
NE 19TH AVE,186,1,28,28,5.0
NE 20TH AVE,570,1,28,28,5.0
NE 20TH AVE,570,1,28,28,5.0
NE 20TH AVE,562,1,28,28,5.0
NE 20TH AVE,560,1,28,28,5.0
NE 20TH AVE,560,1,28,28,5.0
NE 20TH AVE,558,1,28,28,5.0
NE 20TH AVE,395,1,28,28,5.0
NE 20TH AVE,245,1,28,28,5.0
NE 20TH AVE,216,1,28,28,5.0
NE 21ST AVE,432,1,28,28,5.0
NE 21ST AVE,395,1,28,28,5.0
NE 21ST AVE,245,1,28,28,5.0
NE 21ST AVE,243,1,28,28,5.0
NE 22ND AVE,632,1,28,28,5.0
NE 22ND AVE,334,1,28,28,5.0
NE 22ND AVE,309,1,28,28,5.0
NE 22ND AVE,255,1,28,28,5.0
NE 22ND AVE,251,1,28,28,5.0
NE 22ND AVE,250,1,28,28,5.0
NE 22ND AVE,250,1,28,28,5.0
NE 22ND AVE,250,1,28,28,5.0
NE 22ND AVE,250,1,28,28,5.0
NE 23RD AVE,633,1,28,28,5.0
NE 23RD AVE,570,1,28,28,5.0
NE 23RD AVE,570,1,28,28,5.0
NE 23RD AVE,562,1,28,28,5.0
NE 23RD AVE,560,1,28,28,5.0
NE 23RD AVE,560,1,28,28,5.0
NE 23RD AVE,505,1,28,28,5.0
NE 23RD AVE,500,1,28,28,5.0
NE 23RD AVE,500,1,28,28,5.0
NE 23RD AVE,333,1,28,28,5.0
NE 23RD AVE,279,1,28,28,5.0
NE 24TH AVE,634,1,28,28,5.0
NE 24TH AVE,501,1,28,28,5.0
NE 24TH AVE,500,1,28,28,5.0
NE 24TH AVE,461,1,28,28,5.0
NE 24TH AVE,394,1,28,28,5.0
NE 24TH AVE,357,1,28,28,5.0
NE 24TH AVE,333,1,28,28,5.0
NE 25TH AVE,639,1,28,28,5.0
NE 25TH AVE,571,1,28,28,5.0
NE 25TH AVE,569,1,28,28,5.0
NE 25TH AVE,561,1,28,28,5.0
NE 25TH AVE,561,1,28,28,5.0
NE 25TH AVE,560,1,28,28,5.0
NE 25TH AVE,560,1,28,28,5.0
NE 25TH AVE,500,1,28,28,5.0
NE 25TH AVE,500,1,28,28,5.0
NE 25TH AVE,474,1,28,28,5.0
NE 25TH AVE,460,1,28,28,5.0
NE 25TH AVE,394,1,28,28,5.0
NE 25TH AVE,332,1,28,28,5.0
NE 25TH AVE,279,1,28,28,5.0
NE 26TH AVE,642,1,28,28,5.0
NE 26TH AVE,579,1,28,28,5.0
NE 26TH AVE,572,1,28,28,5.0
NE 26TH AVE,568,1,28,28,5.0
NE 26TH AVE,562,1,28,28,5.0
NE 26TH AVE,561,1,28,28,5.0
NE 26TH AVE,560,1,28,28,5.0
NE 26TH AVE,560,1,28,28,5.0
NE 26TH AVE,500,1,28,28,5.0
NE 26TH AVE,500,1,28,28,5.0
NE 26TH AVE,460,1,28,28,5.0
NE 26TH AVE,394,1,28,28,5.0
NE 26TH AVE,332,1,28,28,5.0
NE 26TH AVE,285,1,28,28,5.0
NE 26TH AVE,260,1,28,28,5.0
NE 26TH AVE,260,1,28,28,5.0
NE 27TH AVE,573,1,28,28,5.0
NE 27TH AVE,568,1,28,28,5.0
NE 27TH AVE,563,1,28,28,5.0
NE 27TH AVE,561,1,28,28,5.0
NE 27TH AVE,560,1,28,28,5.0
NE 27TH AVE,560,1,28,28,5.0
NE 27TH AVE,461,1,28,28,5.0
NE 27TH AVE,389,1,28,28,5.0
NE 27TH AVE,250,1,28,28,5.0
NE 27TH AVE,236,1,28,28,5.0
NE 27TH AVE,174,1,28,28,5.0
NE 28TH AVE,635,1,28,28,5.0
NE 28TH AVE,573,1,28,28,5.0
NE 28TH AVE,565,1,28,28,5.0
NE 28TH AVE,560,1,28,28,5.0
NE 28TH AVE,460,1,28,28,5.0
NE 28TH AVE,394,1,28,28,5.0
NE 28TH AVE,302,1,28,28,5.0
NE 28TH AVE,270,1,28,28,5.0
NE 28TH AVE,260,1,28,28,5.0
NE 28TH AVE,260,1,28,28,5.0
NE 28TH AVE,232,1,28,28,5.0
NE 29TH AVE,642,1,28,28,5.0
NE 29TH AVE,584,1,28,28,5.0
NE 29TH AVE,575,1,28,28,5.0
NE 29TH AVE,560,1,28,28,5.0
NE 29TH AVE,542,1,28,28,5.0
NE 29TH AVE,453,1,28,28,5.0
NE 29TH AVE,394,1,28,28,5.0
NE 29TH AVE,385,1,28,28,5.0
NE 29TH AVE,353,1,28,28,5.0
NE 29TH AVE,262,1,28,28,5.0
NE 29TH AVE,260,1,28,28,5.0
NE 29TH AVE,260,1,28,28,5.0
NE 29TH AVE,260,1,28,28,5.0
NE 29TH AVE,260,1,28,28,5.0
NE 29TH AVE,260,1,28,28,5.0
NE 29TH AVE,260,1,28,28,5.0
NE 29TH AVE,244,1,28,28,5.0
NE 30TH AVE,735,1,28,28,5.0
NE 30TH AVE,602,1,28,28,5.0
NE 30TH AVE,584,1,28,28,5.0
NE 30TH AVE,561,1,28,28,5.0
NE 30TH AVE,524,1,28,28,5.0
NE 30TH AVE,460,1,28,28,5.0
NE 30TH AVE,459,1,28,28,5.0
NE 30TH AVE,394,1,28,28,5.0
NE 30TH AVE,271,1,28,28,5.0
NE 30TH AVE,260,1,28,28,5.0
NE 30TH AVE,260,1,28,28,5.0
NE 30TH AVE,260,1,28,28,5.0
NE 30TH AVE,260,1,28,28,5.0
NE 30TH AVE,253,1,28,28,5.0
NE 30TH AVE,213,1,28,28,5.0
NE 31ST AVE,738,1,28,28,5.0
NE 31ST AVE,637,1,28,28,5.0
NE 31ST AVE,635,1,28,28,5.0
NE 31ST AVE,602,1,28,28,5.0
NE 31ST AVE,585,1,28,28,5.0
NE 31ST AVE,560,1,28,28,5.0
NE 31ST AVE,524,1,28,28,5.0
NE 31ST AVE,505,1,28,28,5.0
NE 31ST AVE,489,1,28,28,5.0
NE 31ST AVE,460,1,28,28,5.0
NE 31ST AVE,422,1,28,28,5.0
NE 31ST AVE,394,1,28,28,5.0
NE 31ST AVE,333,1,28,28,5.0
NE 31ST AVE,304,1,28,28,5.0
NE 31ST AVE,270,1,28,28,5.0
NE 31ST AVE,260,1,28,28,5.0
NE 31ST AVE,260,1,28,28,5.0
NE 31ST AVE,260,1,28,28,5.0
NE 31ST AVE,260,1,28,28,5.0
NE 32ND AVE,713,1,28,28,5.0
NE 32ND AVE,636,1,28,28,5.0
NE 32ND AVE,635,1,28,28,5.0
NE 32ND AVE,602,1,28,28,5.0
NE 32ND AVE,587,1,28,28,5.0
NE 32ND AVE,560,1,28,28,5.0
NE 32ND AVE,524,1,28,28,5.0
NE 32ND AVE,505,1,28,28,5.0
NE 32ND AVE,489,1,28,28,5.0
NE 32ND AVE,460,1,28,28,5.0
NE 32ND AVE,460,1,28,28,5.0
NE 32ND AVE,419,1,28,28,5.0
NE 32ND AVE,408,1,28,28,5.0
NE 32ND AVE,394,1,28,28,5.0
NE 32ND AVE,357,1,28,28,5.0
NE 32ND AVE,332,1,28,28,5.0
NE 32ND AVE,275,1,28,28,5.0
NE 32ND PL,636,1,28,28,5.0
NE 32ND PL,635,1,28,28,5.0
NE 32ND PL,602,1,28,28,5.0
NE 32ND PL,587,1,28,28,5.0
NE 32ND PL,559,1,28,28,5.0
NE 32ND PL,525,1,28,28,5.0
NE 32ND PL,505,1,28,28,5.0
NE 32ND PL,489,1,28,28,5.0
NE 32ND PL,486,1,28,28,5.0
NE 32ND PL,460,1,28,28,5.0
NE 32ND PL,460,1,28,28,5.0
NE 32ND PL,394,1,28,28,5.0
NE 32ND PL,332,1,28,28,5.0
NE 32ND PL,268,1,28,28,5.0
NE 32ND PL,261,1,28,28,5.0
NE 34TH AVE,667,1,28,28,5.0
NE 34TH AVE,637,1,28,28,5.0
NE 34TH AVE,580,1,28,28,5.0
NE 34TH AVE,559,1,28,28,5.0
NE 34TH AVE,555,1,28,28,5.0
NE 34TH AVE,555,1,28,28,5.0
NE 34TH AVE,550,1,28,28,5.0
NE 34TH AVE,550,1,28,28,5.0
NE 34TH AVE,502,1,28,28,5.0
NE 34TH AVE,424,1,28,28,5.0
NE 34TH AVE,392,1,28,28,5.0
NE 34TH AVE,364,1,28,28,5.0
NE 34TH AVE,256,1,28,28,5.0
NE 34TH AVE,237,1,28,28,5.0
NE 35TH AVE,664,1,28,28,5.0
NE 35TH AVE,639,1,28,28,5.0
NE 35TH AVE,580,1,28,28,5.0
NE 35TH AVE,559,1,28,28,5.0
NE 35TH AVE,555,1,28,28,5.0
NE 35TH AVE,554,1,28,28,5.0
NE 35TH AVE,550,1,28,28,5.0
NE 35TH AVE,550,1,28,28,5.0
NE 35TH AVE,512,1,28,28,5.0
NE 35TH AVE,502,1,28,28,5.0
NE 35TH AVE,450,1,28,28,5.0
NE 35TH AVE,420,1,28,28,5.0
NE 35TH AVE,391,1,28,28,5.0
NE 35TH AVE,365,1,28,28,5.0
NE 35TH AVE,269,1,28,28,5.0
NE 35TH AVE,251,1,28,28,5.0
NE 35TH PL,662,1,28,28,5.0
NE 35TH PL,641,1,28,28,5.0
NE 35TH PL,580,1,28,28,5.0
NE 35TH PL,555,1,28,28,5.0
NE 35TH PL,553,1,28,28,5.0
NE 35TH PL,550,1,28,28,5.0
NE 35TH PL,550,1,28,28,5.0
NE 35TH PL,516,1,28,28,5.0
NE 35TH PL,450,1,28,28,5.0
NE 35TH PL,417,1,28,28,5.0
NE 35TH PL,366,1,28,28,5.0
NE 35TH PL,305,1,28,28,5.0
NE 35TH PL,255,1,28,28,5.0
NE 35TH PL,253,1,28,28,5.0
NE 36TH AVE,660,1,28,28,5.0
NE 36TH AVE,643,1,28,28,5.0
NE 36TH AVE,580,1,28,28,5.0
NE 36TH AVE,555,1,28,28,5.0
NE 36TH AVE,553,1,28,28,5.0
NE 36TH AVE,550,1,28,28,5.0
NE 36TH AVE,550,1,28,28,5.0
NE 36TH AVE,519,1,28,28,5.0
NE 36TH AVE,450,1,28,28,5.0
NE 36TH AVE,414,1,28,28,5.0
NE 36TH AVE,368,1,28,28,5.0
NE 36TH AVE,342,1,28,28,5.0
NE 36TH AVE,305,1,28,28,5.0
NE 36TH AVE,255,1,28,28,5.0
NE 36TH AVE,198,1,28,28,5.0
NE 36TH AVE,193,1,28,28,5.0
NE 36TH AVE,180,1,28,28,5.0
NE 37TH AVE,679,1,28,28,5.0
NE 37TH AVE,646,1,28,28,5.0
NE 37TH AVE,619,2,28,10,5.0
NE 37TH AVE,578,1,28,28,5.0
NE 37TH AVE,560,1,28,28,5.0
NE 37TH AVE,560,1,28,28,5.0
NE 37TH AVE,551,1,28,28,5.0
NE 37TH AVE,533,1,28,28,5.0
NE 37TH AVE,524,1,28,28,5.0
NE 37TH AVE,468,1,28,28,5.0
NE 37TH AVE,447,1,28,28,5.0
NE 37TH AVE,424,1,28,28,5.0
NE 37TH AVE,411,1,28,28,5.0
NE 37TH AVE,378,1,28,28,5.0
NE 37TH AVE,288,1,28,28,5.0
NE 37TH AVE,284,1,28,28,5.0
NE 37TH AVE,263,1,28,28,5.0
NE 37TH AVE,252,1,28,28,5.0
NE 37TH AVE,251,1,28,28,5.0
NE 37TH AVE,251,1,28,28,5.0
NE 38TH AVE,647,1,28,28,5.0
NE 38TH AVE,560,1,28,28,5.0
NE 38TH AVE,560,1,28,28,5.0
NE 38TH AVE,528,1,28,28,5.0
NE 38TH AVE,473,1,28,28,5.0
NE 38TH AVE,445,1,28,28,5.0
NE 38TH AVE,410,1,28,28,5.0
NE 38TH AVE,376,1,28,28,5.0
NE 38TH AVE,258,1,28,28,5.0
NE 38TH AVE,248,1,28,28,5.0
NE 38TH AVE,154,1,28,28,5.0
NE 40TH AVE,575,1,28,28,5.0
NE 40TH AVE,570,1,28,28,5.0
NE 40TH AVE,560,1,28,28,5.0
NE 40TH AVE,536,1,28,28,5.0
NE 40TH AVE,479,1,28,28,5.0
NE 40TH AVE,410,1,28,28,5.0
NE 41ST AVE,560,1,28,28,5.0
NE 41ST AVE,540,1,28,28,5.0
NE 41ST AVE,528,1,28,28,5.0
NE 41ST AVE,465,1,28,28,5.0
NE 41ST AVE,330,1,28,28,5.0
NE 41ST AVE,327,1,28,28,5.0
NE 41ST AVE,306,1,28,28,5.0
NE 41ST AVE,293,1,28,28,5.0
NE 41ST AVE,288,1,28,28,5.0
NE 41ST AVE,282,1,28,28,5.0
NE 41ST AVE,269,1,28,28,5.0
NE 41ST AVE,261,1,28,28,5.0
NE 41ST AVE,255,1,28,28,5.0
NE 41ST AVE,143,1,28,28,5.0
NE 42ND AVE,565,1,28,28,5.0
NE 42ND AVE,484,1,28,28,5.0
NE 42ND AVE,306,1,28,28,5.0
NE 42ND AVE,280,1,28,28,5.0
NE 42ND AVE,273,1,28,28,5.0
NE 42ND AVE,180,1,28,28,5.0
NE 43RD AVE,560,1,28,28,5.0
NE 43RD AVE,560,1,28,28,5.0
NE 43RD AVE,505,1,28,28,5.0
NE 43RD AVE,484,1,28,28,5.0
NE 43RD AVE,482,1,28,28,5.0
NE 43RD AVE,474,1,28,28,5.0
NE 43RD AVE,434,1,28,28,5.0
NE 43RD AVE,328,1,28,28,5.0
NE 43RD AVE,308,1,28,28,5.0
NE 43RD AVE,270,1,28,28,5.0
NE 43RD AVE,264,1,28,28,5.0
NE 44TH AVE,610,1,28,28,5.0
NE 44TH AVE,560,1,28,28,5.0
NE 44TH AVE,525,1,28,28,5.0
NE 44TH AVE,484,1,28,28,5.0
NE 45TH AVE,665,1,28,28,5.0
NE 45TH AVE,588,1,28,28,5.0
NE 46TH AVE,665,1,28,28,5.0
NE 46TH AVE,501,1,28,28,5.0
NE 46TH AVE,476,1,28,28,5.0
NE 47TH AVE,329,1,28,28,5.0
NE 47TH AVE,328,1,28,28,5.0
NE 47TH AVE,328,1,28,28,5.0
NE 47TH AVE,314,1,28,28,5.0
NE 48TH AVE,459,2,28,18,5.0
NE 49TH AVE,721,1,28,28,5.0
NE 49TH AVE,328,1,28,28,5.0
NE 49TH AVE,317,1,28,28,5.0
NE 49TH AVE,300,1,28,28,5.0
NE 49TH AVE,300,1,28,28,5.0
NE 49TH AVE,268,1,28,28,5.0
NE 49TH AVE,260,1,28,28,5.0
NE 49TH AVE,202,1,28,28,5.0
NE 49TH AVE,165,1,28,28,5.0
NE 49TH AVE,164,1,28,28,5.0
NE 49TH AVE,126,1,28,28,5.0
NE 50TH AVE,358,1,28,28,5.0
NE 51ST AVE,389,1,28,28,5.0
NE 51ST AVE,278,1,28,28,5.0
NE 52ND AVE,614,1,28,24,5.0
NE 52ND AVE,535,1,28,28,5.0
NE 52ND AVE,389,1,28,28,5.0
NE 52ND AVE,265,1,28,28,5.0
NE 52ND AVE,263,1,28,28,5.0
NE 52ND AVE,261,1,28,28,5.0
NE 52ND AVE,260,1,28,28,5.0
NE 52ND AVE,260,1,28,28,5.0
NE 52ND AVE,260,1,28,28,5.0
NE 52ND AVE,255,1,28,28,5.0
NE 52ND AVE,180,1,28,28,5.0
NE 53RD AVE,535,1,28,28,5.0
NE 54TH AVE,535,1,28,28,5.0
NE 55TH AVE,269,1,28,28,5.0
NE 55TH AVE,267,1,28,28,5.0
NE 55TH AVE,264,1,28,28,5.0
NE 55TH AVE,260,1,28,28,5.0
NE 55TH AVE,255,1,28,28,5.0
NE 55TH AVE,238,1,28,28,5.0
NE 56TH AVE,343,1,28,28,5.0
NE 56TH AVE,268,1,28,28,5.0
NE 56TH AVE,255,1,28,28,5.0
NE 56TH AVE,250,1,28,28,5.0
NE 56TH AVE,250,1,28,28,5.0
NE 56TH AVE,225,1,28,28,5.0
NE 57TH AVE,335,1,28,28,5.0
NE 57TH AVE,265,1,28,28,5.0
NE 57TH AVE,255,1,28,28,5.0
NE 57TH AVE,250,1,28,28,5.0
NE 57TH AVE,250,1,28,28,5.0
NE 57TH AVE,225,1,28,28,5.0
NE 59TH AVE,330,1,28,28,5.0
NE 60TH AVE,581,1,28,28,5.0
NE 60TH AVE,454,1,28,28,5.0
NE 60TH AVE,428,1,28,28,5.0
NE 60TH AVE,400,1,28,28,5.0
NE 60TH AVE,400,1,28,28,5.0
NE 60TH AVE,385,1,28,28,5.0
NE 61ST AVE,400,1,28,28,5.0
NE 62ND AVE,850,1,28,28,5.0
NE 62ND AVE,470,1,28,28,5.0
NE 62ND AVE,402,1,28,28,5.0
NE 62ND AVE,265,1,28,28,5.0
NE 63RD AVE,850,1,28,28,5.0
NE 63RD AVE,470,1,28,28,5.0
NE 65TH AVE,448,1,28,28,5.0
NE 65TH AVE,398,1,28,28,5.0
NE 65TH AVE,381,1,28,28,5.0
NE 65TH AVE,191,1,28,28,5.0
NE 66TH AVE,448,1,28,28,5.0
NE 66TH AVE,400,1,28,28,5.0
NE 66TH AVE,395,1,28,28,5.0
NE 66TH AVE,378,1,28,28,5.0
NE 67TH AVE,459,1,28,28,5.0
NE 67TH AVE,401,1,28,28,5.0
NE 67TH AVE,373,1,28,28,5.0
NE 68TH AVE,468,1,28,28,5.0
NE 68TH AVE,450,1,28,28,5.0
NE 68TH AVE,402,1,28,28,5.0
NE 68TH AVE,321,1,28,28,5.0
NE 69TH AVE,851,2,28,28,5.0
NE 69TH AVE,681,2,28,28,5.0
NE 69TH AVE,636,1,28,28,5.0
NE 69TH AVE,450,1,28,28,5.0
NE 69TH AVE,393,1,28,28,5.0
NE 69TH AVE,373,1,28,28,5.0
NE 70TH AVE,383,1,28,28,5.0
NE 70TH AVE,320,1,28,28,5.0
NE 70TH AVE,260,1,28,28,5.0
NE 71ST AVE,383,1,28,28,5.0
NE 71ST AVE,319,1,28,28,5.0
NE 71ST AVE,260,1,28,28,5.0
NE 71ST AVE,187,1,28,28,5.0
NE 72ND AVE,335,1,28,28,5.0
NE 72ND AVE,331,1,28,28,5.0
NE 73RD AVE,655,1,28,28,5.0
NE 73RD AVE,583,1,28,28,5.0
NE 73RD AVE,485,1,28,28,5.0
NE 73RD AVE,280,1,28,28,5.0
NE 74TH AVE,608,1,28,28,5.0
NE 75TH AVE,1200,1,28,24,5.0
NE 75TH AVE,400,1,28,28,5.0
NE 76TH AVE,704,2,28,28,5.0
NE 76TH AVE,660,1,28,28,5.0
NE 76TH AVE,659,1,28,28,5.0
NE 77TH AVE,1372,3,28,28,5.0
NE 77TH AVE,514,1,28,28,5.0
NE 78TH AVE,1371,2,28,28,5.0
NE 78TH AVE,575,1,28,28,5.0
NE 79TH AVE,1099,2,28,24,5.0
NE 79TH AVE,579,1,28,28,5.0
NE 7TH PL,441,1,28,28,5.0
NE 80TH AVE,665,1,28,28,5.0
NE 80TH AVE,580,1,28,28,5.0
NE 80TH AVE,443,1,28,28,5.0
NE 80TH AVE,370,1,28,28,5.0
NE 81ST AVE,663,1,28,28,5.0
NE 81ST AVE,453,1,28,28,5.0
NE 81ST AVE,442,1,28,28,5.0
NE 83RD AVE,667,1,28,28,5.0
NE 83RD AVE,664,1,28,28,5.0
NE 83RD AVE,660,1,28,28,5.0
NE 83RD AVE,655,1,28,28,5.0
NE 83RD AVE,455,1,28,28,5.0
NE 84TH AVE,667,1,28,28,5.0
NE 84TH AVE,379,1,28,28,5.0
NE 85TH AVE,423,1,28,28,5.0
NE 85TH AVE,230,1,28,28,5.0
NE 86TH AVE,804,1,28,28,5.0
NE 86TH AVE,455,1,28,28,5.0
NE 86TH AVE,303,1,28,28,5.0
NE 86TH AVE,250,1,28,28,5.0
NE 86TH AVE,250,1,28,28,5.0
NE 86TH AVE,250,1,28,28,5.0
NE 86TH AVE,250,1,28,28,5.0
NE 86TH AVE,230,1,28,28,5.0
NE 86TH AVE,219,1,28,28,5.0
NE 87TH AVE,438,1,28,28,5.0
NE 87TH AVE,314,1,28,28,5.0
NE 87TH AVE,259,1,28,28,5.0
NE 87TH AVE,250,1,28,28,5.0
NE 87TH AVE,244,1,28,28,5.0
NE 87TH AVE,242,1,28,28,5.0
NE 87TH AVE,210,1,28,28,5.0
NE 87TH AVE,157,1,28,28,5.0
NE 87TH PL,523,1,28,28,5.0
NE 87TH PL,256,1,28,28,5.0
NE 87TH PL,250,1,28,28,5.0
NE 87TH PL,248,1,28,28,5.0
NE 88TH AVE,754,1,28,28,5.0
NE 88TH AVE,250,1,28,28,5.0
NE 88TH PL,345,1,28,28,5.0
NE 89TH AVE,969,1,28,28,5.0
NE 89TH AVE,240,1,28,28,5.0
NE 8TH AVE,570,1,28,28,5.0
NE 8TH AVE,570,1,28,28,5.0
NE 8TH AVE,560,1,28,28,5.0
NE 8TH AVE,560,1,28,28,5.0
NE 8TH AVE,286,1,28,28,5.0
NE 90TH AVE,301,1,28,28,5.0
NE 91ST AVE,644,1,28,28,5.0
NE 91ST AVE,260,1,28,28,5.0
NE 92ND AVE,545,1,28,28,5.0
NE 92ND AVE,260,1,28,28,5.0
NE 92ND PL,545,1,28,28,5.0
NE 94TH AVE,1452,4,28,22,5.0
NE 95TH PL,557,1,28,28,5.0
NE 99TH AVE,661,1,28,28,5.0
NE 9TH AVE,699,1,28,28,5.0
NE 9TH AVE,570,1,28,28,5.0
NE 9TH AVE,570,1,28,28,5.0
NE 9TH AVE,561,1,28,28,5.0
NE 9TH AVE,560,1,28,28,5.0
NE 9TH AVE,287,1,28,28,5.0
NE AINSWORTH CT,379,1,28,28,5.0
NE AINSWORTH CT,331,1,28,28,5.0
NE AINSWORTH ST,583,2,28,28,5.0
NE ALAMEDA DR,537,1,28,28,5.0
NE ALAMEDA ST,761,2,28,28,5.0
NE ALAMEDA ST,530,1,28,28,5.0
NE ALAMEDA ST,274,1,28,28,5.0
NE ALAMEDA ST,258,1,28,28,5.0
NE ALBERTA CT,280,1,28,28,5.0
NE ALBERTA CT,266,1,28,28,5.0
NE ALBERTA CT,260,1,28,28,5.0
NE ALBERTA CT,260,1,28,28,5.0
NE ALBERTA CT,260,1,28,28,5.0
NE ALBERTA CT,260,1,28,28,5.0
NE ALBERTA CT,260,1,28,28,5.0
NE ALTON ST,920,2,28,28,5.0
NE ALTON ST,658,1,28,24,5.0
NE ANDRA PL,145,1,28,28,5.0
NE BEECH CT,294,1,28,28,5.0
NE BEECH ST,362,1,28,28,5.0
NE BEECH ST,316,1,28,28,5.0
NE BEECH ST,293,1,28,28,5.0
NE BEECH ST,270,1,28,28,5.0
NE BEECH ST,270,1,28,28,5.0
NE BEECH ST,260,1,28,28,5.0
NE BEECH ST,260,1,28,28,5.0
NE BEECH ST,260,1,28,28,5.0
NE BEECH ST,256,1,28,28,5.0
NE BEECH ST,255,1,28,28,5.0
NE BEECH ST,250,1,28,28,5.0
NE BEECH ST,250,1,28,28,5.0
NE BEECH ST,250,1,28,28,5.0
NE BEECH ST,250,1,28,28,5.0
NE BEECH ST,250,1,28,28,5.0
NE BEECH ST,250,1,28,28,5.0
NE BEYRL TER,338,1,28,28,5.0
NE BEYRL TER,291,1,28,28,5.0
NE BILLINGHER DR,367,1,28,28,5.0
NE BRAZEE CT,713,1,28,28,5.0
NE BRAZEE CT,316,1,28,28,5.0
NE BRAZEE ST,1020,2,28,28,5.0
NE BRAZEE ST,650,1,28,28,5.0
NE BRAZEE ST,366,1,28,28,5.0
NE BRAZEE ST,321,1,28,28,5.0
NE BRAZEE ST,315,1,28,28,5.0
NE BRAZEE ST,270,1,28,28,5.0
NE BRAZEE ST,270,1,28,28,5.0
NE BRAZEE ST,270,1,28,28,5.0
NE BRAZEE ST,270,1,28,28,5.0
NE BRAZEE ST,270,1,28,28,5.0
NE BRAZEE ST,269,1,28,28,5.0
NE BRAZEE ST,266,1,28,28,5.0
NE BRAZEE ST,265,1,28,28,5.0
NE BRAZEE ST,264,1,28,28,5.0
NE BRAZEE ST,260,1,28,28,5.0
NE BRAZEE ST,260,1,28,28,5.0
NE BRAZEE ST,260,1,28,28,5.0
NE BRAZEE ST,260,1,28,28,5.0
NE BRAZEE ST,260,1,28,28,5.0
NE BRAZEE ST,260,1,28,28,5.0
NE BRAZEE ST,260,1,28,28,5.0
NE BRAZEE ST,260,1,28,28,5.0
NE BRAZEE ST,260,1,28,28,5.0
NE BRAZEE ST,260,1,28,28,5.0
NE BRAZEE ST,260,1,28,28,5.0
NE BRAZEE ST,260,1,28,28,5.0
NE BRAZEE ST,255,1,28,28,5.0
NE BRAZEE ST,250,1,28,28,5.0
NE BRAZEE ST,250,1,28,28,5.0
NE BRAZEE ST,220,1,28,28,5.0
NE BRAZEE ST,220,1,28,28,5.0
NE BRAZEE ST,220,1,28,28,5.0
NE BROADWAY,768,2,28,28,5.0
NE BROADWAY,684,1,28,28,5.0
NE BROADWAY,683,1,28,28,5.0
NE BROADWAY,470,1,28,28,5.0
NE BRYANT CT,225,1,28,28,5.0
NE BRYANT ST,717,1,28,28,5.0
NE BRYANT ST,294,1,28,28,5.0
NE BRYANT ST,260,1,28,28,5.0
NE BRYANT ST,257,1,28,28,5.0
NE BRYANT ST,250,1,28,28,5.0
NE BRYANT ST,250,1,28,28,5.0
NE BRYANT ST,250,1,28,28,5.0
NE BRYANT ST,205,1,28,28,5.0
NE BRYANT ST,137,1,28,28,5.0
NE BRYCE ST,480,1,28,28,5.0
NE BRYCE ST,340,1,28,28,5.0
NE BRYCE ST,313,1,28,28,5.0
NE BRYCE ST,290,1,28,28,5.0
NE BRYCE ST,289,1,28,28,5.0
NE BRYCE ST,287,1,28,28,5.0
NE BRYCE ST,286,1,28,28,5.0
NE BRYCE ST,282,1,28,28,5.0
NE BRYCE ST,258,1,28,28,5.0
NE BUFFALO ST,438,1,28,28,5.0
NE CAMPAIGN ST,1407,1,28,28,5.0
NE CAMPAIGN ST,690,1,28,28,5.0
NE CAMPAIGN ST,673,1,28,28,5.0
NE CAMPAIGN ST,520,2,28,28,5.0
NE CESAR E CHAVEZ BLVD,571,1,28,28,5.0
NE CESAR E CHAVEZ BLVD,532,1,28,28,5.0
NE CESAR E CHAVEZ BLVD,476,1,28,28,5.0
NE CESAR E CHAVEZ BLVD,410,1,28,28,5.0
NE CESAR E CHAVEZ BLVD,279,1,28,28,5.0
NE CESAR E CHAVEZ BLVD,252,1,28,28,5.0
NE CESAR E CHAVEZ BLVD,196,1,28,28,5.0
NE CLACKAMAS ST,521,1,28,28,5.0
NE CLACKAMAS ST,361,1,28,28,5.0
NE CLACKAMAS ST,357,1,28,28,5.0
NE CLACKAMAS ST,340,1,28,28,5.0
NE CLACKAMAS ST,331,1,28,28,5.0
NE CLACKAMAS ST,306,1,28,28,5.0
NE CLACKAMAS ST,303,1,28,28,5.0
NE CLACKAMAS ST,264,1,28,28,5.0
NE CLACKAMAS ST,262,1,28,28,5.0
NE CLACKAMAS ST,232,1,28,28,5.0
NE CLACKAMAS ST,231,1,28,28,5.0
NE CLEVELAND AVE,669,1,28,28,5.0
NE COOK ST,657,1,28,28,5.0
NE COUCH ST,786,1,28,28,5.0
NE COUCH ST,759,1,28,28,5.0
NE COUCH ST,753,1,28,28,5.0
NE COUCH ST,725,1,28,28,5.0
NE COUCH ST,648,1,28,28,5.0
NE COUCH ST,618,1,28,28,5.0
NE COUCH ST,500,1,28,28,5.0
NE COUCH ST,360,1,28,28,5.0
NE COUCH ST,360,1,28,28,5.0
NE COUCH ST,360,1,28,28,5.0
NE COUCH ST,352,1,28,28,5.0
NE COUCH ST,345,1,28,28,5.0
NE COUCH ST,345,1,28,28,5.0
NE COUCH ST,327,1,28,28,5.0
NE COUCH ST,299,1,28,28,5.0
NE COUCH ST,288,1,28,28,5.0
NE COUCH ST,275,1,28,28,5.0
NE COUCH ST,265,1,28,28,5.0
NE COUCH ST,247,1,28,28,5.0
NE COUCH ST,243,1,28,28,5.0
NE DAVIS ST,751,1,28,28,5.0
NE DAVIS ST,669,1,28,28,5.0
NE DAVIS ST,602,1,28,28,5.0
NE DAVIS ST,521,1,28,28,5.0
NE DAVIS ST,520,1,28,28,5.0
NE DAVIS ST,458,1,28,28,5.0
NE DAVIS ST,444,1,28,28,5.0
NE DAVIS ST,442,1,28,28,5.0
NE DAVIS ST,397,1,28,28,5.0
NE DAVIS ST,385,1,28,28,5.0
NE DAVIS ST,379,1,28,28,5.0
NE DAVIS ST,369,1,28,19,5.0
NE DAVIS ST,362,1,28,28,5.0
NE DAVIS ST,360,1,28,28,5.0
NE DAVIS ST,360,1,28,28,5.0
NE DAVIS ST,352,1,28,28,5.0
NE DAVIS ST,348,1,28,28,5.0
NE DAVIS ST,342,1,28,28,5.0
NE DAVIS ST,301,1,28,28,5.0
NE DAVIS ST,301,1,28,28,5.0
NE DAVIS ST,292,1,28,28,5.0
NE DAVIS ST,272,1,28,28,5.0
NE DAVIS ST,263,1,28,28,5.0
NE DAVIS ST,261,1,28,28,5.0
NE DAVIS ST,261,1,28,28,5.0
NE DAVIS ST,260,1,28,28,5.0
NE DAVIS ST,245,1,28,28,5.0
NE DAVIS ST,243,1,28,28,5.0
NE DAVIS ST,119,1,28,28,5.0
NE DAVIS ST,97,1,28,28,5.0
NE DAVIS ST,93,1,28,28,5.0
NE DUNCKLEY ST,678,1,28,28,5.0
NE DUNCKLEY ST,577,1,28,28,5.0
NE DUNCKLEY ST,449,1,28,28,5.0
NE DUNCKLEY ST,432,1,28,28,5.0
NE DUNCKLEY ST,416,1,28,28,5.0
NE DUNCKLEY ST,379,1,28,28,5.0
NE DYER ST,257,1,28,28,5.0
NE EMERSON CT,354,1,28,28,5.0
NE EMERSON ST,406,1,28,28,5.0
NE EMERSON ST,280,1,28,28,5.0
NE EMERSON ST,268,1,28,28,5.0
NE EMERSON ST,265,1,28,28,5.0
NE EMERSON ST,260,1,28,28,5.0
NE EMERSON ST,260,1,28,28,5.0
NE EMERSON ST,260,1,28,28,5.0
NE EMERSON ST,260,1,28,28,5.0
NE EMERSON ST,260,1,28,28,5.0
NE EMERSON ST,259,1,28,28,5.0
NE EMERSON ST,257,1,28,28,5.0
NE EMERSON ST,255,1,28,28,5.0
NE EUCLID AVE,867,1,28,28,5.0
NE EUGENE CT,180,1,28,28,5.0
NE EUGENE ST,941,3,28,28,5.0
NE EUGENE ST,650,1,28,28,5.0
NE EUGENE ST,485,1,28,28,5.0
NE EUGENE ST,482,1,28,28,5.0
NE EUGENE ST,230,1,28,28,5.0
NE EVERETT ST,669,2,28,24,5.0
NE EVERETT ST,581,1,28,28,5.0
NE EVERETT ST,555,1,28,28,5.0
NE EVERETT ST,521,1,28,28,5.0
NE EVERETT ST,498,1,28,28,5.0
NE EVERETT ST,459,1,28,28,5.0
NE EVERETT ST,455,1,28,28,5.0
NE EVERETT ST,441,1,28,28,5.0
NE EVERETT ST,404,1,28,28,5.0
NE EVERETT ST,364,1,28,28,5.0
NE EVERETT ST,360,1,28,28,5.0
NE EVERETT ST,360,1,28,28,5.0
NE EVERETT ST,352,1,28,28,5.0
NE EVERETT ST,342,1,28,28,5.0
NE EVERETT ST,341,1,28,28,5.0
NE EVERETT ST,294,1,28,28,5.0
NE EVERETT ST,285,1,28,28,5.0
NE EVERETT ST,263,1,28,28,5.0
NE EVERETT ST,259,1,28,28,5.0
NE EVERETT ST,258,1,28,28,5.0
NE EVERETT ST,257,1,28,28,5.0
NE EVERETT ST,250,1,28,28,5.0
NE EVERETT ST,248,1,28,28,5.0
NE EVERETT ST,244,1,28,28,5.0
NE EVERETT ST,221,1,28,28,5.0
NE EVERETT ST,202,1,28,28,5.0
NE EVERETT ST,178,1,28,28,5.0
NE FAILING ST,1575,2,28,24,5.0
NE FAILING ST,1388,1,28,28,5.0
NE FAILING ST,362,1,28,28,5.0
NE FAILING ST,282,1,28,28,5.0
NE FAILING ST,270,1,28,28,5.0
NE FAILING ST,270,1,28,28,5.0
NE FAILING ST,261,1,28,28,5.0
NE FAILING ST,260,1,28,20,5.0
NE FAILING ST,260,1,28,28,5.0
NE FAILING ST,260,1,28,28,5.0
NE FAILING ST,259,1,28,28,5.0
NE FARGO CT,540,1,28,28,5.0
NE FARGO PL,163,1,28,28,5.0
NE FIR AVE,264,1,28,28,5.0
NE FLANDERS ST,578,1,28,28,5.0
NE FLANDERS ST,555,1,28,28,5.0
NE FLANDERS ST,520,1,28,28,5.0
NE FLANDERS ST,453,1,28,28,5.0
NE FLANDERS ST,442,1,28,28,5.0
NE FLANDERS ST,432,1,28,28,5.0
NE FLANDERS ST,422,1,28,28,5.0
NE FLANDERS ST,403,1,28,28,5.0
NE FLANDERS ST,398,1,28,28,5.0
NE FLANDERS ST,362,1,28,28,5.0
NE FLANDERS ST,360,1,28,28,5.0
NE FLANDERS ST,360,1,28,28,5.0
NE FLANDERS ST,352,1,28,28,5.0
NE FLANDERS ST,344,1,28,28,5.0
NE FLANDERS ST,338,1,28,28,5.0
NE FLANDERS ST,315,1,28,28,5.0
NE FLANDERS ST,306,1,28,28,5.0
NE FLANDERS ST,305,1,28,28,5.0
NE FLANDERS ST,296,1,28,28,5.0
NE FLANDERS ST,287,1,28,28,5.0
NE FLANDERS ST,281,1,28,28,5.0
NE FLANDERS ST,280,1,28,28,5.0
NE FLANDERS ST,279,1,28,28,5.0
NE FLANDERS ST,265,1,28,28,5.0
NE FLANDERS ST,260,1,28,28,5.0
NE FLANDERS ST,259,1,28,28,5.0
NE FLANDERS ST,257,1,28,28,5.0
NE FLANDERS ST,244,1,28,28,5.0
NE FLORAL PL,583,1,28,28,5.0
NE FLORAL PL,566,1,28,28,5.0
NE FLORAL PL,496,1,28,28,5.0
NE FLORAL PL,463,1,28,28,5.0
NE FLORAL PL,438,1,28,28,5.0
NE FLORAL PL,312,1,28,28,5.0
NE FLORAL PL,269,1,28,28,5.0
NE FLORAL PL,263,1,28,28,5.0
NE GARFIELD AVE,470,1,28,28,5.0
NE GARFIELD AVE,460,1,28,28,5.0
NE GARFIELD AVE,413,1,28,28,5.0
NE GOING ST,1423,1,28,28,5.0
NE GOING ST,908,1,28,28,5.0
NE GOING ST,600,2,28,28,5.0
NE GOING ST,472,1,28,28,5.0
NE GOING ST,291,1,28,28,5.0
NE GOING ST,281,1,28,28,5.0
NE GOING ST,260,1,28,28,5.0
NE GOING ST,260,1,28,28,5.0
NE GOING ST,260,1,28,28,5.0
NE GOING ST,259,1,28,28,5.0
NE GOING ST,250,1,28,28,5.0
NE GRAND AVE,250,1,28,28,5.0
NE HAMBLET ST,577,1,28,28,5.0
NE HAMBLET ST,536,1,28,28,5.0
NE HAMBLET ST,313,1,28,28,5.0
NE HANCOCK CT,126,1,28,28,5.0
NE HANCOCK ST,982,1,28,28,5.0
NE HANCOCK ST,661,1,28,28,5.0
NE HANCOCK ST,648,1,28,28,5.0
NE HANCOCK ST,542,1,28,28,5.0
NE HANCOCK ST,536,1,28,28,5.0
NE HANCOCK ST,497,1,28,28,5.0
NE HANCOCK ST,470,1,28,28,5.0
NE HANCOCK ST,470,1,28,28,5.0
NE HANCOCK ST,468,1,28,28,5.0
NE HANCOCK ST,460,1,28,28,5.0
NE HANCOCK ST,448,1,28,28,5.0
NE HANCOCK ST,439,1,28,28,5.0
NE HANCOCK ST,387,1,28,28,5.0
NE HANCOCK ST,369,1,28,28,5.0
NE HANCOCK ST,330,1,28,28,5.0
NE HANCOCK ST,267,1,28,28,5.0
NE HANCOCK ST,263,1,28,28,5.0
NE HANCOCK ST,255,1,28,28,5.0
NE HANCOCK ST,250,1,28,28,5.0
NE HANCOCK ST,207,1,28,28,5.0
NE HASSALO ST,520,2,28,16,5.0
NE HASSALO ST,475,1,28,28,5.0
NE HASSALO ST,267,1,28,28,5.0
NE HASSALO ST,264,1,28,28,5.0
NE HASSALO ST,262,1,28,28,5.0
NE HASSALO ST,261,1,28,28,5.0
NE HASSALO ST,261,1,28,28,5.0
NE HASSALO ST,260,1,28,28,5.0
NE HASSALO ST,220,1,28,28,5.0
NE HAZELFERN PL,826,1,28,28,5.0
NE HAZELFERN PL,691,1,28,28,5.0
NE HAZELFERN PL,689,1,28,28,5.0
NE HAZELFERN PL,681,1,28,28,5.0
NE HAZELFERN PL,675,1,28,28,5.0
NE HAZELFERN PL,517,1,28,28,5.0
NE HIGHLAND ST,464,1,28,28,5.0
NE HIGHLAND ST,165,1,28,28,5.0
NE HILL WAY,258,1,28,28,5.0
NE HOLLADAY PL,825,2,28,23,5.0
NE HOLLADAY PL,168,1,28,28,5.0
NE HOLLADAY ST,656,1,28,22,5.0
NE HOLLADAY ST,484,1,28,28,5.0
NE HOLLAND ST,275,1,28,28,5.0
NE HOLLYROOD CT,412,1,28,28,5.0
NE HOLMAN ST,244,1,28,28,5.0
NE HOYT ST,615,1,28,28,5.0
NE HOYT ST,521,1,28,28,5.0
NE HOYT ST,403,1,28,28,5.0
NE HOYT ST,386,1,28,28,5.0
NE HOYT ST,371,1,28,28,5.0
NE HOYT ST,348,1,28,28,5.0
NE HOYT ST,317,1,28,28,5.0
NE HOYT ST,298,1,28,28,5.0
NE HOYT ST,291,1,28,28,5.0
NE HOYT ST,229,1,28,28,5.0
NE HOYT ST,158,1,28,28,5.0
NE HOYT ST,138,1,28,28,5.0
NE HOYT ST,138,1,28,28,5.0
NE HOYT ST,121,1,28,28,5.0
NE HUMBOLDT ST,535,1,28,28,5.0
NE IMPERIAL AVE,311,1,28,28,5.0
NE IMPERIAL AVE,294,1,28,28,5.0
NE IMPERIAL AVE,264,1,28,28,5.0
NE IMPERIAL AVE,260,1,28,28,5.0
NE IMPERIAL AVE,259,1,28,28,5.0
NE IMPERIAL AVE,259,1,28,28,5.0
NE IMPERIAL AVE,258,1,28,28,5.0
NE IMPERIAL AVE,210,1,28,28,5.0
NE IRVING ST,591,1,28,28,5.0
NE IRVING ST,498,1,28,28,5.0
NE IRVING ST,343,1,28,28,5.0
NE IRVING ST,323,1,28,28,5.0
NE IRVING ST,295,1,28,28,5.0
NE IRVING ST,289,1,28,28,5.0
NE IRVING ST,211,1,28,28,5.0
NE IRVING ST,125,1,28,28,5.0
NE JARRETT ST,455,1,28,28,5.0
NE JARRETT ST,454,1,28,28,5.0
NE JARRETT ST,261,1,28,28,5.0
NE JARRETT ST,260,1,28,28,5.0
NE JARRETT ST,260,1,28,28,5.0
NE JARRETT ST,260,1,28,28,5.0
NE JARRETT ST,259,1,28,28,5.0
NE JARRETT ST,258,1,28,28,5.0
NE JARRETT ST,258,1,28,28,5.0
NE JARRETT ST,258,1,28,28,5.0
NE JARRETT ST,257,1,28,28,5.0
NE JARRETT ST,255,1,28,28,5.0
NE JARRETT ST,248,1,28,28,5.0
NE JESSUP ST,273,1,28,28,5.0
NE JESSUP ST,272,1,28,28,5.0
NE JESSUP ST,260,1,28,28,5.0
NE JESSUP ST,260,1,28,28,5.0
NE JESSUP ST,260,1,28,28,5.0
NE JONESMORE ST,601,1,28,28,5.0
NE JONESMORE ST,260,1,28,28,5.0
NE JUNIOR ST,438,1,28,28,5.0
NE KLICKITAT ST,1449,2,28,28,5.0
NE KLICKITAT ST,663,1,28,28,5.0
NE KLICKITAT ST,565,1,28,28,5.0
NE KLICKITAT ST,433,1,28,28,5.0
NE KLICKITAT ST,394,1,28,28,5.0
NE KLICKITAT ST,300,1,28,28,5.0
NE KLICKITAT ST,290,1,28,28,5.0
NE KLICKITAT ST,270,1,28,28,5.0
NE KLICKITAT ST,270,1,28,28,5.0
NE KLICKITAT ST,270,1,28,28,5.0
NE KLICKITAT ST,270,1,28,28,5.0
NE KLICKITAT ST,263,1,28,28,5.0
NE KLICKITAT ST,261,1,28,28,5.0
NE KLICKITAT ST,261,1,28,28,5.0
NE KLICKITAT ST,260,1,28,28,5.0
NE KLICKITAT ST,260,1,28,28,5.0
NE KLICKITAT ST,260,1,28,28,5.0
NE KLICKITAT ST,260,1,28,28,5.0
NE KLICKITAT ST,260,1,28,28,5.0
NE KLICKITAT ST,260,1,28,28,5.0
NE KLICKITAT ST,260,1,28,28,5.0
NE KLICKITAT ST,260,1,28,28,5.0
NE KLICKITAT ST,260,1,28,28,5.0
NE KLICKITAT ST,260,1,28,28,5.0
NE KLICKITAT ST,260,1,28,28,5.0
NE KLICKITAT ST,260,1,28,28,5.0
NE KLICKITAT ST,260,1,28,28,5.0
NE KLICKITAT ST,260,1,28,28,5.0
NE KLICKITAT ST,260,1,28,28,5.0
NE KLICKITAT ST,260,1,28,28,5.0
NE KLICKITAT ST,258,1,28,28,5.0
NE KLICKITAT ST,250,1,28,28,5.0
NE KLICKITAT ST,234,1,28,28,5.0
NE KNOTT ST,1619,2,28,28,5.0
NE KNOTT ST,1523,2,28,28,5.0
NE KNOTT ST,1033,1,28,28,5.0
NE KNOTT ST,677,1,28,28,5.0
NE KNOTT ST,650,1,28,28,5.0
NE KNOTT ST,650,1,28,28,5.0
NE KNOTT ST,260,1,28,28,5.0
NE LADDINGTON CT,520,1,28,28,5.0
NE LADDINGTON CT,417,1,28,28,5.0
NE LADDINGTON CT,416,1,28,28,5.0
NE LADDINGTON CT,369,1,28,28,5.0
NE LADDINGTON CT,330,1,28,28,5.0
NE LADDINGTON CT,270,1,28,28,5.0
NE LAURELHURST PL,667,1,28,28,5.0
NE LAURELHURST PL,554,1,28,28,5.0
NE LAURELHURST PL,551,1,28,28,5.0
NE LAURELHURST PL,549,1,28,28,5.0
NE LAURELHURST PL,545,1,28,28,5.0
NE LAURELHURST PL,473,1,28,28,5.0
NE LAURELHURST PL,284,1,28,28,5.0
NE LAURELHURST PL,269,1,28,28,5.0
NE LAURELHURST PL,268,1,28,28,5.0
NE LAURELHURST PL,260,1,28,28,5.0
NE LIBERTY ST,696,1,28,28,5.0
NE LIBERTY ST,259,1,28,28,5.0
NE LIBERTY TER,431,1,28,28,5.0
NE LIBERTY TER,221,1,28,28,5.0
NE LOMBARD CT,963,1,28,28,5.0
NE MASON ST,1395,1,28,28,5.0
NE MASON ST,1242,2,28,25,5.0
NE MASON ST,800,2,28,28,5.0
NE MASON ST,690,1,28,28,5.0
NE MASON ST,362,1,28,28,5.0
NE MASON ST,343,1,28,28,5.0
NE MASON ST,270,1,28,28,5.0
NE MASON ST,270,1,28,28,5.0
NE MASON ST,265,1,28,28,5.0
NE MASON ST,261,1,28,28,5.0
NE MASON ST,260,1,28,28,5.0
NE MASON ST,260,1,28,28,5.0
NE MASON ST,260,1,28,28,5.0
NE MASON ST,259,1,28,28,5.0
NE MASON ST,259,1,28,28,5.0
NE MASON ST,258,1,28,28,5.0
NE MASON ST,252,1,28,28,5.0
NE MASON ST,250,1,28,28,5.0
NE MASON ST,211,1,28,28,5.0
NE MASON ST,159,1,28,28,5.0
NE MATHISON PL,410,1,28,28,5.0
NE MEIKLE PL,559,1,28,28,5.0
NE MERGES DR,391,1,28,28,5.0
NE MILTON ST,523,1,28,28,5.0
NE MILTON ST,217,1,28,28,5.0
NE MIRIMAR PL,379,1,28,28,5.0
NE MIRIMAR PL,273,1,28,28,5.0
NE MIRIMAR PL,263,1,28,28,5.0
NE MORGAN ST,708,1,28,28,5.0
NE MORGAN ST,444,1,28,28,5.0
NE MORGAN ST,438,1,28,28,5.0
NE MORGAN ST,437,1,28,28,5.0
NE MORRIS PL,170,1,28,28,5.0
NE MORRIS ST,959,1,28,28,5.0
NE MORRIS ST,405,1,28,28,5.0
NE MORRIS ST,274,1,28,28,5.0
NE MORRIS ST,260,1,28,28,5.0
NE MORRIS ST,260,1,28,28,5.0
NE MORRIS ST,260,1,28,28,5.0
NE MULTNOMAH ST,1001,1,28,28,5.0
NE MULTNOMAH ST,796,1,28,28,5.0
NE MULTNOMAH ST,692,1,28,28,5.0
NE MULTNOMAH ST,670,1,28,28,5.0
NE MULTNOMAH ST,570,1,28,28,5.0
NE MULTNOMAH ST,507,1,28,28,5.0
NE MULTNOMAH ST,437,1,28,28,5.0
NE MULTNOMAH ST,344,1,28,28,5.0
NE MULTNOMAH ST,340,1,28,28,5.0
NE MULTNOMAH ST,319,1,28,28,5.0
NE MULTNOMAH ST,303,1,28,28,5.0
NE OREGON ST,1183,2,28,28,5.0
NE OREGON ST,865,2,28,18,5.0
NE OREGON ST,771,1,28,28,5.0
NE OREGON ST,549,1,28,28,5.0
NE OREGON ST,487,2,28,14,5.0
NE OREGON ST,329,1,28,28,5.0
NE OREGON ST,264,1,28,28,5.0
NE OREGON ST,263,1,28,28,5.0
NE OREGON ST,260,1,28,24,5.0
NE OREGON ST,259,1,28,28,5.0
NE OREGON ST,255,1,28,28,5.0
NE OREGON ST,169,1,28,28,5.0
NE OREGON ST,122,1,28,28,5.0
NE OREGON ST,116,1,28,28,5.0
NE PACIFIC CT,536,1,28,28,5.0
NE PACIFIC ST,660,1,28,28,5.0
NE PACIFIC ST,650,1,28,28,5.0
NE PACIFIC ST,648,1,28,28,5.0
NE PACIFIC ST,645,1,28,28,5.0
NE PACIFIC ST,542,1,28,28,5.0
NE PACIFIC ST,440,1,28,28,5.0
NE PACIFIC ST,296,1,28,28,5.0
NE PACIFIC ST,220,1,28,28,5.0
NE PACIFIC ST,187,1,28,28,5.0
NE PACIFIC ST,124,1,28,28,5.0
NE PEERLESS PL,354,1,28,28,5.0
NE PEERLESS PL,276,1,28,28,5.0
NE PEERLESS PL,263,1,28,28,5.0
NE PEERLESS PL,262,1,28,28,5.0
NE PEERLESS PL,261,1,28,28,5.0
NE RIDGEWOOD DR,320,1,28,28,5.0
NE RIDGEWOOD DR,310,1,28,28,5.0
NE RIDGEWOOD DR,292,1,28,28,5.0
NE RIDGEWOOD DR,274,1,28,28,5.0
NE RIDGEWOOD DR,258,1,28,28,5.0
NE ROCKY BUTTE LN,199,1,28,28,5.0
NE RODNEY AVE,1081,3,28,14,5.0
NE RODNEY AVE,353,1,28,28,5.0
NE RODNEY AVE,351,1,28,28,5.0
NE RODNEY AVE,351,1,28,28,5.0
NE RODNEY AVE,206,1,28,28,5.0
NE ROSA PARKS WAY,461,2,28,28,5.0
NE ROSA PARKS WAY,424,1,28,28,5.0
NE ROSA PARKS WAY,291,1,28,28,5.0
NE ROSA PARKS WAY,275,1,28,28,5.0
NE ROSA PARKS WAY,260,1,28,28,5.0
NE ROSA PARKS WAY,260,1,28,28,5.0
NE ROSA PARKS WAY,260,1,28,28,5.0
NE ROSA PARKS WAY,254,1,28,28,5.0
NE ROSA PARKS WAY,181,1,28,28,5.0
NE ROSELAWN ST,1916,3,28,28,5.0
NE ROSELAWN ST,314,1,28,28,5.0
NE ROYAL CT,595,1,28,28,5.0
NE ROYAL CT,525,1,28,28,5.0
NE ROYAL CT,419,1,28,28,5.0
NE ROYAL CT,414,1,28,28,5.0
NE ROYAL CT,385,1,28,28,5.0
NE ROYAL CT,238,1,28,28,5.0
NE ROYAL CT,204,1,28,28,5.0
NE ROYAL CT,202,1,28,28,5.0
NE RUSSELL CT,495,2,28,28,5.0
NE RUSSELL ST,1295,1,28,28,5.0
NE RUSSELL ST,650,1,28,28,5.0
NE RUSSELL ST,648,1,28,28,5.0
NE RUSSELL ST,413,1,28,28,5.0
NE RUSSELL ST,385,1,28,28,5.0
NE RUSSELL ST,312,1,28,28,5.0
NE RUSSELL ST,124,1,28,28,5.0
NE SACRAMENTO ST,1158,2,28,28,5.0
NE SACRAMENTO ST,702,2,28,22,5.0
NE SACRAMENTO ST,512,1,28,28,5.0
NE SAN RAFAEL ST,650,1,28,28,5.0
NE SAN RAFAEL ST,643,2,28,18,5.0
NE SARATOGA ST,293,1,28,28,5.0
NE SARATOGA ST,250,1,28,28,5.0
NE SARATOGA ST,225,1,28,28,5.0
NE SCHUYLER ST,977,1,28,28,5.0
NE SCHUYLER ST,512,1,28,28,5.0
NE SCHUYLER ST,470,1,28,28,5.0
NE SCHUYLER ST,470,1,28,28,5.0
NE SCHUYLER ST,470,1,28,28,5.0
NE SCHUYLER ST,460,1,28,28,5.0
NE SCHUYLER ST,411,1,28,28,5.0
NE SCHUYLER ST,367,1,28,28,5.0
NE SCHUYLER ST,349,1,28,28,5.0
NE SCHUYLER ST,321,1,28,28,5.0
NE SCHUYLER ST,260,1,28,28,5.0
NE SCHUYLER ST,260,1,28,28,5.0
NE SCHUYLER ST,246,1,28,28,5.0
NE SENATE ST,563,1,28,28,5.0
NE SHAVER ST,1394,1,28,28,5.0
NE SHAVER ST,362,1,28,28,5.0
NE SHAVER ST,281,1,28,28,5.0
NE SHAVER ST,279,1,28,28,5.0
NE SHAVER ST,271,1,28,28,5.0
NE SHAVER ST,270,1,28,28,5.0
NE SHAVER ST,270,1,28,28,5.0
NE SHAVER ST,270,1,28,28,5.0
NE SHAVER ST,264,1,28,28,5.0
NE SHAVER ST,262,1,28,28,5.0
NE SHAVER ST,262,1,28,28,5.0
NE SHAVER ST,262,1,28,28,5.0
NE SHAVER ST,261,1,28,28,5.0
NE SHAVER ST,260,1,28,28,5.0
NE SHAVER ST,260,1,28,28,5.0
NE SHAVER ST,259,1,28,28,5.0
NE SHAVER ST,259,1,28,28,5.0
NE SHAVER ST,258,1,28,28,5.0
NE SHAVER ST,257,1,28,28,5.0
NE SHAVER ST,250,1,28,28,5.0
NE SIMPSON ST,520,1,28,28,5.0
NE SIMPSON ST,272,1,28,28,5.0
NE SIMPSON ST,260,1,28,28,5.0
NE SIMPSON ST,260,1,28,28,5.0
NE SISKIYOU CT,559,1,28,28,5.0
NE SISKIYOU ST,1285,2,28,28,5.0
NE SISKIYOU ST,429,1,28,28,5.0
NE SISKIYOU ST,316,1,28,28,5.0
NE SISKIYOU ST,305,1,28,28,5.0
NE SISKIYOU ST,294,1,28,28,5.0
NE SISKIYOU ST,270,1,28,28,5.0
NE SISKIYOU ST,270,1,28,28,5.0
NE SISKIYOU ST,270,1,28,28,5.0
NE SISKIYOU ST,270,1,28,28,5.0
NE SISKIYOU ST,269,1,28,28,5.0
NE SISKIYOU ST,269,1,28,28,5.0
NE SISKIYOU ST,262,1,28,28,5.0
NE SISKIYOU ST,260,1,28,28,5.0
NE SISKIYOU ST,260,1,28,28,5.0
NE SISKIYOU ST,260,1,28,28,5.0
NE SISKIYOU ST,260,1,28,28,5.0
NE SISKIYOU ST,260,1,28,28,5.0
NE SISKIYOU ST,260,1,28,28,5.0
NE SISKIYOU ST,260,1,28,28,5.0
NE SISKIYOU ST,260,1,28,28,5.0
NE SISKIYOU ST,260,1,28,28,5.0
NE SISKIYOU ST,260,1,28,28,5.0
NE SISKIYOU ST,260,1,28,28,5.0
NE SISKIYOU ST,260,1,28,28,5.0
NE SISKIYOU ST,260,1,28,28,5.0
NE SISKIYOU ST,260,1,28,28,5.0
NE SISKIYOU ST,260,1,28,28,5.0
NE SISKIYOU ST,260,1,28,28,5.0
NE SISKIYOU ST,260,1,28,28,5.0
NE SISKIYOU ST,260,1,28,28,5.0
NE SISKIYOU ST,260,1,28,28,5.0
NE SISKIYOU ST,260,1,28,28,5.0
NE SISKIYOU ST,260,1,28,28,5.0
NE SISKIYOU ST,255,1,28,28,5.0
NE SKIDMORE ST,1403,1,28,28,5.0
NE SKIDMORE ST,690,1,28,28,5.0
NE SKIDMORE ST,665,1,28,28,5.0
NE SKIDMORE ST,274,1,28,28,5.0
NE SKIDMORE ST,272,1,28,28,5.0
NE SKIDMORE ST,270,1,28,28,5.0
NE SKIDMORE ST,270,1,28,28,5.0
NE SKIDMORE ST,265,1,28,28,5.0
NE SKIDMORE ST,261,1,28,28,5.0
NE SKIDMORE ST,260,1,28,28,5.0
NE SKIDMORE ST,260,1,28,28,5.0
NE SKIDMORE ST,260,1,28,28,5.0
NE SKIDMORE ST,260,1,28,28,5.0
NE SKIDMORE ST,260,1,28,28,5.0
NE SKIDMORE ST,260,1,28,28,5.0
NE SKIDMORE ST,258,1,28,28,5.0
NE STAFFORD ST,487,1,28,28,5.0
NE STAFFORD ST,339,1,28,28,5.0
NE STANTON ST,1033,1,28,28,5.0
NE STANTON ST,410,1,28,28,5.0
NE STANTON ST,303,1,28,28,5.0
NE STANTON ST,302,1,28,28,5.0
NE STANTON ST,301,1,28,28,5.0
NE STANTON ST,290,1,28,28,5.0
NE STANTON ST,282,1,28,28,5.0
NE STANTON ST,274,1,28,28,5.0
NE STANTON ST,270,1,28,28,5.0
NE STANTON ST,270,1,28,28,5.0
NE STANTON ST,270,1,28,28,5.0
NE STANTON ST,270,1,28,28,5.0
NE STANTON ST,269,1,28,28,5.0
NE STANTON ST,269,1,28,28,5.0
NE STANTON ST,265,1,28,28,5.0
NE STANTON ST,263,1,28,28,5.0
NE STANTON ST,263,1,28,28,5.0
NE STANTON ST,262,1,28,28,5.0
NE STANTON ST,260,1,28,28,5.0
NE STANTON ST,260,1,28,28,5.0
NE STANTON ST,260,1,28,28,5.0
NE STANTON ST,260,1,28,28,5.0
NE STANTON ST,260,1,28,28,5.0
NE STANTON ST,260,1,28,28,5.0
NE STANTON ST,260,1,28,28,5.0
NE STANTON ST,260,1,28,28,5.0
NE STANTON ST,260,1,28,28,5.0
NE STANTON ST,260,1,28,28,5.0
NE STANTON ST,260,1,28,28,5.0
NE STANTON ST,260,1,28,28,5.0
NE STANTON ST,260,1,28,28,5.0
NE STANTON ST,260,1,28,28,5.0
NE STANTON ST,260,1,28,28,5.0
NE STANTON ST,260,1,28,28,5.0
NE STANTON ST,260,1,28,28,5.0
NE STANTON ST,260,1,28,28,5.0
NE STANTON ST,260,1,28,28,5.0
NE STANTON ST,260,1,28,28,5.0
NE STANTON ST,260,1,28,28,5.0
NE STANTON ST,260,1,28,28,5.0
NE STANTON ST,258,1,28,28,5.0
NE SUMNER ST,669,1,28,28,5.0
NE SUMNER ST,630,1,28,28,5.0
NE SUMNER ST,589,1,28,28,5.0
NE SUMNER ST,562,1,28,28,5.0
NE SUMNER ST,530,1,28,28,5.0
NE SUMNER ST,499,1,28,28,5.0
NE SUMNER ST,437,1,28,28,5.0
NE SUMNER ST,408,1,28,28,5.0
NE SUMNER ST,379,1,28,28,5.0
NE SUMNER ST,372,1,28,28,5.0
NE SUMNER ST,266,1,28,28,5.0
NE THOMPSON CT,356,1,28,28,5.0
NE THOMPSON CT,274,1,28,28,5.0
NE THOMPSON CT,180,1,28,28,5.0
NE THOMPSON ST,898,1,28,24,5.0
NE THOMPSON ST,788,1,28,28,5.0
NE THOMPSON ST,650,1,28,28,5.0
NE THOMPSON ST,510,1,28,28,5.0
NE THOMPSON ST,503,1,28,28,5.0
NE THOMPSON ST,406,1,28,28,5.0
NE THOMPSON ST,378,1,28,28,5.0
NE THOMPSON ST,368,1,28,28,5.0
NE THOMPSON ST,347,1,28,28,5.0
NE THOMPSON ST,319,1,28,28,5.0
NE THOMPSON ST,315,1,28,28,5.0
NE THOMPSON ST,265,1,28,28,5.0
NE THOMPSON ST,255,1,28,28,5.0
NE THOMPSON ST,250,1,28,28,5.0
NE THOMPSON ST,250,1,28,28,5.0
NE THOMPSON ST,243,1,28,28,5.0
NE THOMPSON ST,225,1,28,28,5.0
NE THOMPSON ST,222,1,28,28,5.0
NE THOMPSON ST,220,1,28,28,5.0
NE THOMPSON ST,139,1,28,28,5.0
NE TILLAMOOK CT,112,1,28,28,5.0
NE TILLAMOOK ST,662,1,28,28,5.0
NE TILLAMOOK ST,650,1,28,28,5.0
NE TILLAMOOK ST,486,1,28,28,5.0
NE TILLAMOOK ST,363,1,28,28,5.0
NE TILLAMOOK ST,324,1,28,28,5.0
NE TILLAMOOK ST,180,1,28,28,5.0
NE WASCO ST,672,1,28,28,5.0
NE WASCO ST,656,2,28,28,5.0
NE WASCO ST,604,1,28,28,5.0
NE WASCO ST,518,1,28,28,5.0
NE WASCO ST,438,1,28,1,5.0
NE WASCO ST,394,1,28,28,5.0
NE WASCO ST,354,1,28,28,5.0
NE WASCO ST,303,1,28,28,5.0
NE WASCO ST,239,1,28,28,5.0
NE WEBSTER ST,524,1,28,28,5.0
NE WEBSTER ST,274,1,28,28,5.0
NE WEBSTER ST,260,1,28,28,5.0
NE WEBSTER ST,260,1,28,28,5.0
NE WEBSTER ST,260,1,28,28,5.0
NE WEBSTER ST,260,1,28,28,5.0
NE WEIDLER ST,489,1,28,28,5.0
NE WEIDLER ST,390,1,28,28,5.0
NE WILLOW ST,486,1,28,28,5.0
NE WISTARIA DR,406,1,28,28,5.0
NE WISTARIA DR,380,1,28,28,5.0
NE WISTARIA DR,270,1,28,28,5.0
NE WISTARIA DR,263,1,28,28,5.0
NE WYGANT ST,659,1,28,28,5.0
NE WYGANT ST,570,1,28,28,5.0
NE WYGANT ST,535,2,28,26,5.0
NE WYGANT ST,300,1,28,28,5.0
NE WYGANT ST,300,1,28,28,5.0
NE WYGANT ST,297,1,28,28,5.0
NE WYGANT ST,271,1,28,28,5.0
NE WYGANT ST,271,1,28,28,5.0
NE WYGANT ST,261,1,28,28,5.0
NE WYGANT ST,261,1,28,28,5.0
NE WYGANT ST,261,1,28,28,5.0
NW 28TH AVE,260,1,28,28,5.0
NW 29TH AVE,261,1,28,28,5.0
NW 29TH AVE,260,1,28,28,5.0
NW 32ND AVE,256,1,28,28,5.0
NW 33RD AVE,998,3,28,16,5.0
NW 81ST PL,1285,1,28,28,5.0
NW ALBEMARLE TER,198,1,28,28,5.0
NW ASH CT,359,1,28,28,5.0
NW ASHBY CT,149,1,28,28,5.0
NW BARNSLEY CT,155,1,28,28,5.0
NW BENSON CT,327,1,28,28,5.0
NW BENSON ST,287,1,28,28,5.0
NW BENSON ST,197,1,28,28,5.0
NW BENSON ST,145,1,28,28,5.0
NW BRITTNEY CT,235,1,28,28,5.0
NW BURKHARDT CT,197,1,28,28,5.0
NW CAXTON CT,240,1,28,28,5.0
NW FINZER CT,411,1,28,28,5.0
NW FOLEY CT,212,1,28,28,5.0
NW HAWKINS BLVD,563,1,28,28,5.0
NW HAWKINS BLVD,128,1,28,28,5.0
NW HENRY CT,512,1,28,28,5.0
NW HOPEDALE CT,495,1,28,28,5.0
NW LANGLEY CT,137,1,28,28,5.0
NW LOVEJOY ST,195,1,28,28,5.0
NW MACKAY AVE,955,3,28,1,5.0
NW MARSHALL ST,520,1,28,28,5.0
NW MARSHALL ST,510,1,28,28,5.0
NW MAYER CT,182,1,28,28,5.0
NW MAYFIELD RD,578,1,28,28,5.0
NW MELINDA AVE,342,1,28,28,5.0
NW MELINDA AVE,237,1,28,28,5.0
NW NEW HOPE CT,163,1,28,28,5.0
NW NORFOLK CT,466,1,28,28,5.0
NW NORTHRUP ST,510,1,28,28,5.0
NW OVERTON ST,510,1,28,28,5.0
NW OVERTON ST,462,1,28,28,5.0
NW POTTERS CT,231,1,28,28,5.0
NW QUIMBY ST,752,2,28,28,5.0
NW QUIMBY ST,510,1,28,28,5.0
NW RALEIGH ST,559,1,28,28,5.0
NW RALEIGH ST,152,1,28,1,5.0
NW ROYAL BLVD,1078,1,28,28,5.0
NW ROYAL BLVD,518,1,28,28,5.0
NW ROYAL BLVD,248,1,28,28,5.0
NW RUNNYMEADE CT,191,1,28,28,5.0
NW SAWYER CT,133,1,28,28,5.0
NW SEBLAR CT,174,1,28,28,5.0
NW SICHEL CT,125,1,28,28,5.0
NW SKYLINE HEIGHTS DR,239,1,28,28,5.0
NW SKYVIEW CT,281,1,28,28,5.0
NW TERRACEVIEW CT,491,1,28,20,5.0
NW TWILIGHT TER,502,1,28,28,5.0
NW TWILIGHT TER,107,1,28,28,5.0
NW UPSHUR ST,511,1,28,28,5.0
NW UPSHUR ST,361,1,28,28,5.0
NW WESTOVER RD,801,2,28,26,5.0
NW WILARK AVE,385,1,28,28,5.0
NW WOOD ROSE LOOP,950,1,28,28,5.0
NW WOOD ROSE LOOP,123,1,28,28,5.0
SE 100TH AVE,281,1,28,28,5.0
SE 100TH AVE,271,1,28,28,5.0
SE 100TH AVE,260,1,28,28,5.0
SE 100TH AVE,259,1,28,28,5.0
SE 101ST AVE,538,1,28,28,5.0
SE 101ST AVE,429,1,28,28,5.0
SE 101ST AVE,286,1,28,28,5.0
SE 101ST AVE,244,1,28,28,5.0
SE 101ST AVE,185,1,28,28,5.0
SE 102ND AVE,851,1,28,20,5.0
SE 102ND AVE,662,1,28,28,5.0
SE 102ND AVE,657,1,28,28,5.0
SE 102ND AVE,618,1,28,28,5.0
SE 102ND AVE,565,1,28,28,5.0
SE 102ND AVE,159,1,28,28,5.0
SE 103RD AVE,1169,3,28,20,5.0
SE 103RD AVE,658,1,28,28,5.0
SE 103RD AVE,330,1,28,28,5.0
SE 103RD DR,574,1,28,28,5.0
SE 103RD DR,552,1,28,28,5.0
SE 103RD DR,493,1,28,28,5.0
SE 104TH CT,751,1,28,28,5.0
SE 104TH DR,309,1,28,28,5.0
SE 104TH DR,280,1,28,28,5.0
SE 104TH DR,271,1,28,28,5.0
SE 104TH DR,170,1,28,28,5.0
SE 104TH DR,89,1,28,28,5.0
SE 105TH AVE,1158,1,28,28,5.0
SE 105TH AVE,291,1,28,28,5.0
SE 105TH AVE,271,1,28,28,5.0
SE 105TH AVE,112,1,28,28,5.0
SE 106TH AVE,973,3,28,28,5.0
SE 107TH AVE,402,1,28,28,5.0
SE 107TH AVE,244,1,28,28,5.0
SE 108TH AVE,226,1,28,28,5.0
SE 108TH PL,334,1,28,22,5.0
SE 108TH PL,259,1,28,28,5.0
SE 109TH AVE,274,1,28,28,5.0
SE 110TH AVE,263,1,28,28,5.0
SE 111TH AVE,279,1,28,28,5.0
SE 111TH AVE,274,1,28,28,5.0
SE 111TH AVE,140,1,28,28,5.0
SE 112TH AVE,523,1,28,28,5.0
SE 112TH AVE,523,1,28,28,5.0
SE 112TH AVE,517,1,28,28,5.0
SE 112TH AVE,221,1,28,28,5.0
SE 112TH AVE,202,1,28,28,5.0
SE 113TH AVE,1230,1,28,28,5.0
SE 113TH AVE,675,1,28,28,5.0
SE 113TH AVE,524,1,28,28,5.0
SE 113TH AVE,522,1,28,28,5.0
SE 113TH AVE,522,1,28,28,5.0
SE 113TH AVE,417,1,28,28,5.0
SE 113TH AVE,378,1,28,28,5.0
SE 113TH AVE,227,1,28,28,5.0
SE 114TH AVE,1246,1,28,28,5.0
SE 114TH AVE,664,1,28,28,5.0
SE 114TH AVE,509,1,28,28,5.0
SE 114TH AVE,345,1,28,28,5.0
SE 114TH AVE,247,1,28,28,5.0
SE 114TH CT,330,1,28,28,5.0
SE 114TH PL,534,1,28,28,5.0
SE 114TH PL,335,1,28,28,5.0
SE 114TH PL,333,1,28,28,5.0
SE 114TH PL,306,1,28,28,5.0
SE 114TH PL,272,1,28,28,5.0
SE 114TH PL,258,1,28,28,5.0
SE 114TH PL,240,1,28,28,5.0
SE 115TH AVE,1128,1,28,28,5.0
SE 115TH AVE,674,1,28,28,5.0
SE 115TH AVE,421,1,28,28,5.0
SE 115TH AVE,341,1,28,28,5.0
SE 115TH AVE,306,1,28,28,5.0
SE 115TH AVE,265,1,28,28,5.0
SE 115TH PL,446,1,28,28,5.0
SE 115TH PL,317,1,28,28,5.0
SE 116TH AVE,1248,3,28,28,5.0
SE 116TH AVE,1236,1,28,28,5.0
SE 116TH AVE,925,1,28,28,5.0
SE 116TH AVE,423,1,28,28,5.0
SE 116TH AVE,265,1,28,28,5.0
SE 116TH AVE,94,1,28,28,5.0
SE 117TH PL,261,1,28,28,5.0
SE 118TH AVE,501,1,28,28,5.0
SE 118TH AVE,329,1,28,28,5.0
SE 118TH DR,1295,1,28,28,5.0
SE 118TH DR,569,1,28,28,5.0
SE 11TH AVE,412,1,28,28,5.0
SE 11TH AVE,260,1,28,28,5.0
SE 11TH AVE,257,1,28,28,5.0
SE 11TH AVE,131,1,28,28,5.0
SE 120TH AVE,1221,2,28,28,5.0
SE 120TH AVE,585,1,28,28,5.0
SE 120TH AVE,516,1,28,28,5.0
SE 120TH AVE,156,1,28,28,5.0
SE 123RD AVE,396,1,28,28,5.0
SE 126TH AVE,336,1,28,28,5.0
SE 128TH AVE,613,1,28,28,5.0
SE 128TH AVE,536,1,28,28,5.0
SE 128TH AVE,484,1,28,28,5.0
SE 128TH AVE,202,1,28,28,5.0
SE 129TH AVE,1209,1,28,28,5.0
SE 12TH AVE,205,1,28,28,5.0
SE 12TH AVE,189,1,28,28,5.0
SE 130TH AVE,912,1,28,28,5.0
SE 130TH AVE,639,1,28,28,5.0
SE 130TH AVE,613,1,28,28,5.0
SE 130TH AVE,436,1,28,28,5.0
SE 130TH AVE,351,1,28,28,5.0
SE 130TH AVE,316,1,28,28,5.0
SE 130TH AVE,125,1,28,28,5.0
SE 130TH AVE,106,1,28,28,5.0
SE 130TH PL,289,1,28,28,5.0
SE 131ST AVE,220,1,28,28,5.0
SE 131ST AVE,198,1,28,28,5.0
SE 133RD PL,413,1,28,28,5.0
SE 133RD PL,148,1,28,28,5.0
SE 135TH AVE,510,1,28,28,5.0
SE 135TH AVE,462,1,28,28,5.0
SE 135TH AVE,393,1,28,28,5.0
SE 135TH AVE,374,1,28,28,5.0
SE 135TH AVE,336,1,28,28,5.0
SE 135TH AVE,299,1,28,28,5.0
SE 135TH AVE,191,1,28,28,5.0
SE 135TH AVE,136,1,28,28,5.0
SE 137TH AVE,103,1,28,28,5.0
SE 138TH AVE,308,1,28,28,5.0
SE 13TH AVE,749,3,28,28,5.0
SE 13TH AVE,545,2,28,28,5.0
SE 140TH AVE,488,1,28,28,5.0
SE 140TH AVE,206,1,28,28,5.0
SE 140TH DR,1471,1,28,28,5.0
SE 141ST AVE,1062,1,28,28,5.0
SE 141ST AVE,685,1,28,28,5.0
SE 141ST AVE,680,1,28,28,5.0
SE 141ST AVE,380,1,28,28,5.0
SE 141ST AVE,308,1,28,28,5.0
SE 141ST AVE,292,1,28,28,5.0
SE 141ST AVE,222,1,28,28,5.0
SE 141ST AVE,195,1,28,28,5.0
SE 141ST AVE,165,1,28,28,5.0
SE 142ND AVE,230,1,28,28,5.0
SE 142ND PL,662,2,28,28,5.0
SE 142ND PL,197,1,28,28,5.0
SE 142ND PL,132,1,28,28,5.0
SE 143RD AVE,470,1,28,28,5.0
SE 143RD AVE,292,1,28,28,5.0
SE 143RD AVE,283,1,28,28,5.0
SE 143RD AVE,280,1,28,28,5.0
SE 143RD AVE,272,1,28,28,5.0
SE 143RD AVE,262,1,28,28,5.0
SE 143RD AVE,260,1,28,28,5.0
SE 143RD AVE,255,1,28,28,5.0
SE 143RD AVE,215,1,28,28,5.0
SE 143RD AVE,214,1,28,28,5.0
SE 143RD AVE,212,1,28,28,5.0
SE 143RD CT,235,1,28,28,5.0
SE 143RD CT,217,1,28,28,5.0
SE 144TH AVE,476,1,28,28,5.0
SE 144TH AVE,223,1,28,28,5.0
SE 145TH AVE,1022,1,28,28,5.0
SE 145TH AVE,667,1,28,28,5.0
SE 145TH CT,480,1,28,28,5.0
SE 145TH PL,659,2,28,28,5.0
SE 146TH AVE,322,1,28,28,5.0
SE 146TH AVE,254,1,28,28,5.0
SE 147TH AVE,990,2,28,28,5.0
SE 147TH AVE,670,1,28,28,5.0
SE 147TH AVE,657,1,28,18,5.0
SE 149TH AVE,379,1,28,21,5.0
SE 14TH AVE,279,1,28,28,5.0
SE 14TH AVE,260,1,28,28,5.0
SE 14TH AVE,260,1,28,28,5.0
SE 14TH AVE,260,1,28,28,5.0
SE 14TH AVE,211,1,28,28,5.0
SE 150TH AVE,1324,1,28,21,5.0
SE 153RD AVE,1106,1,28,28,5.0
SE 154TH AVE,1746,2,28,28,5.0
SE 155TH PL,1100,1,28,28,5.0
SE 157TH AVE,989,1,28,28,5.0
SE 157TH AVE,295,1,28,28,5.0
SE 157TH AVE,170,1,28,28,5.0
SE 15TH AVE,509,2,28,28,5.0
SE 15TH AVE,461,1,28,28,5.0
SE 15TH AVE,300,1,28,28,5.0
SE 15TH AVE,289,1,28,28,5.0
SE 15TH AVE,272,1,28,28,5.0
SE 15TH AVE,260,1,28,28,5.0
SE 15TH AVE,260,1,28,28,5.0
SE 15TH AVE,260,1,28,28,5.0
SE 15TH AVE,260,1,28,28,5.0
SE 15TH AVE,260,1,28,28,5.0
SE 15TH AVE,260,1,28,28,5.0
SE 15TH AVE,258,1,28,28,5.0
SE 15TH AVE,249,1,28,28,5.0
SE 15TH AVE,245,1,28,28,5.0
SE 15TH AVE,208,1,28,28,5.0
SE 15TH PL,276,1,28,20,5.0
SE 160TH AVE,368,1,28,26,5.0
SE 160TH AVE,245,1,28,28,5.0
SE 161ST AVE,276,1,28,28,5.0
SE 164TH AVE,285,1,28,28,5.0
SE 164TH AVE,284,1,28,28,5.0
SE 164TH AVE,280,1,28,28,5.0
SE 164TH AVE,233,1,28,28,5.0
SE 164TH AVE,233,1,28,28,5.0
SE 165TH AVE,934,1,28,28,5.0
SE 165TH AVE,840,1,28,28,5.0
SE 165TH AVE,697,2,28,28,5.0
SE 165TH AVE,599,1,28,28,5.0
SE 165TH AVE,357,1,28,28,5.0
SE 165TH PL,503,1,28,28,5.0
SE 165TH PL,469,1,28,28,5.0
SE 166TH AVE,1436,3,28,28,5.0
SE 166TH AVE,931,1,28,28,5.0
SE 166TH AVE,675,1,28,28,5.0
SE 166TH AVE,474,1,28,28,5.0
SE 166TH CT,166,1,28,28,5.0
SE 166TH PL,742,1,28,28,5.0
SE 166TH PL,488,1,28,28,5.0
SE 167TH AVE,505,1,28,28,5.0
SE 167TH AVE,262,1,28,28,5.0
SE 167TH AVE,233,1,28,28,5.0
SE 167TH AVE,208,1,28,28,5.0
SE 167TH AVE,166,1,28,28,5.0
SE 167TH AVE,165,1,28,28,5.0
SE 167TH AVE,114,1,28,28,5.0
SE 168TH AVE,669,1,28,28,5.0
SE 168TH AVE,133,1,28,28,5.0
SE 168TH PL,239,1,28,28,5.0
SE 16TH AVE,302,1,28,28,5.0
SE 16TH AVE,277,1,28,28,5.0
SE 16TH AVE,263,1,28,28,5.0
SE 16TH AVE,261,1,28,28,5.0
SE 16TH AVE,261,1,28,28,5.0
SE 16TH AVE,261,1,28,28,5.0
SE 16TH AVE,261,1,28,28,5.0
SE 16TH AVE,261,1,28,28,5.0
SE 16TH AVE,260,1,28,28,5.0
SE 16TH AVE,260,1,28,28,5.0
SE 16TH AVE,260,1,28,28,5.0
SE 16TH AVE,260,1,28,28,5.0
SE 16TH AVE,260,1,28,28,5.0
SE 16TH AVE,260,1,28,28,5.0
SE 16TH AVE,252,1,28,24,5.0
SE 16TH PL,235,1,28,28,5.0
SE 17TH AVE,260,1,28,28,5.0
SE 17TH AVE,260,1,28,28,5.0
SE 17TH AVE,260,1,28,28,5.0
SE 18TH AVE,710,1,28,28,5.0
SE 18TH AVE,661,1,28,28,5.0
SE 18TH AVE,660,1,28,28,5.0
SE 18TH AVE,660,1,28,28,5.0
SE 18TH AVE,660,1,28,28,5.0
SE 18TH AVE,660,1,28,28,5.0
SE 18TH AVE,585,1,28,28,5.0
SE 18TH AVE,355,1,28,28,5.0
SE 19TH AVE,732,1,28,28,5.0
SE 19TH AVE,660,1,28,28,5.0
SE 19TH AVE,660,1,28,28,5.0
SE 19TH AVE,660,1,28,28,5.0
SE 19TH AVE,660,1,28,28,5.0
SE 19TH AVE,599,1,28,28,5.0
SE 19TH AVE,564,1,28,28,5.0
SE 19TH AVE,357,1,28,28,5.0
SE 19TH AVE,276,1,28,28,5.0
SE 19TH AVE,273,1,28,28,5.0
SE 19TH AVE,269,1,28,28,5.0
SE 19TH AVE,262,1,28,28,5.0
SE 19TH AVE,260,1,28,28,5.0
SE 19TH AVE,260,1,28,28,5.0
SE 19TH AVE,260,1,28,28,5.0
SE 19TH AVE,253,1,28,28,5.0
SE 19TH AVE,252,1,28,28,5.0
SE 19TH AVE,223,1,28,28,5.0
SE 19TH AVE,223,1,28,28,5.0
SE 19TH AVE,222,1,28,28,5.0
SE 20TH AVE,753,1,28,28,5.0
SE 20TH AVE,660,1,28,28,5.0
SE 20TH AVE,660,1,28,28,5.0
SE 20TH AVE,660,1,28,28,5.0
SE 20TH AVE,660,1,28,28,5.0
SE 20TH AVE,544,1,28,28,5.0
SE 20TH AVE,358,1,28,28,5.0
SE 20TH AVE,250,1,28,28,5.0
SE 21ST AVE,774,1,28,28,5.0
SE 21ST AVE,660,1,28,28,5.0
SE 21ST AVE,660,1,28,28,5.0
SE 21ST AVE,660,1,28,28,5.0
SE 21ST AVE,523,1,28,28,5.0
SE 21ST AVE,262,1,28,28,5.0
SE 21ST AVE,224,1,28,28,5.0
SE 21ST AVE,223,1,28,28,5.0
SE 21ST AVE,222,1,28,28,5.0
SE 22ND AVE,795,1,28,28,5.0
SE 22ND AVE,664,1,28,28,5.0
SE 22ND AVE,662,1,28,28,5.0
SE 22ND AVE,660,1,28,28,5.0
SE 22ND AVE,656,1,28,28,5.0
SE 22ND AVE,586,1,28,28,5.0
SE 22ND AVE,500,1,28,28,5.0
SE 23RD AVE,500,1,28,28,5.0
SE 23RD AVE,260,1,28,28,5.0
SE 24TH AVE,498,1,28,28,5.0
SE 24TH AVE,294,1,28,28,5.0
SE 24TH AVE,260,1,28,28,5.0
SE 24TH AVE,255,1,28,28,5.0
SE 24TH AVE,248,1,28,28,5.0
SE 25TH AVE,510,1,28,28,5.0
SE 25TH AVE,356,1,28,28,5.0
SE 25TH AVE,260,1,28,28,5.0
SE 25TH AVE,260,1,28,28,5.0
SE 25TH AVE,260,1,28,28,5.0
SE 25TH AVE,79,1,28,28,5.0
SE 26TH AVE,485,1,28,28,5.0
SE 27TH AVE,581,1,28,28,5.0
SE 27TH AVE,470,1,28,28,5.0
SE 27TH AVE,460,1,28,28,5.0
SE 27TH AVE,319,1,28,28,5.0
SE 27TH AVE,260,1,28,28,5.0
SE 27TH AVE,260,1,28,28,5.0
SE 27TH AVE,258,1,28,28,5.0
SE 27TH AVE,248,1,28,28,5.0
SE 28TH AVE,648,1,28,28,5.0
SE 28TH AVE,580,1,28,28,5.0
SE 28TH AVE,542,1,28,28,5.0
SE 28TH AVE,533,1,28,28,5.0
SE 28TH AVE,460,1,28,28,5.0
SE 28TH AVE,292,1,28,28,5.0
SE 28TH AVE,260,1,28,28,5.0
SE 28TH AVE,260,1,28,28,5.0
SE 28TH AVE,260,1,28,28,5.0
SE 28TH AVE,260,1,28,28,5.0
SE 28TH AVE,260,1,28,28,5.0
SE 28TH PL,463,1,28,28,5.0
SE 28TH PL,392,1,28,28,5.0
SE 28TH PL,260,1,28,28,5.0
SE 28TH PL,259,1,28,28,5.0
SE 28TH PL,257,1,28,28,5.0
SE 28TH PL,250,1,28,28,5.0
SE 28TH PL,214,1,28,28,5.0
SE 29TH AVE,814,1,28,28,5.0
SE 29TH AVE,788,1,28,28,5.0
SE 29TH AVE,709,1,28,28,5.0
SE 29TH AVE,615,1,28,28,5.0
SE 29TH AVE,613,1,28,28,5.0
SE 29TH AVE,522,1,28,28,5.0
SE 29TH AVE,520,1,28,28,5.0
SE 29TH AVE,511,1,28,28,5.0
SE 29TH AVE,482,1,28,28,5.0
SE 29TH AVE,470,1,28,28,5.0
SE 29TH AVE,460,1,28,28,5.0
SE 29TH AVE,318,1,28,28,5.0
SE 29TH AVE,260,1,28,28,5.0
SE 29TH AVE,260,1,28,28,5.0
SE 29TH AVE,258,1,28,28,5.0
SE 29TH AVE,155,1,28,28,5.0
SE 30TH AVE,924,1,28,28,5.0
SE 30TH AVE,693,1,28,28,5.0
SE 30TH AVE,586,1,28,28,5.0
SE 30TH AVE,562,1,28,28,5.0
SE 30TH AVE,546,1,28,28,5.0
SE 30TH AVE,465,1,28,28,5.0
SE 30TH AVE,420,1,28,28,5.0
SE 30TH AVE,392,1,28,28,5.0
SE 30TH AVE,300,1,28,28,5.0
SE 30TH AVE,236,1,28,28,5.0
SE 30TH AVE,222,1,28,28,5.0
SE 31ST AVE,871,1,28,28,5.0
SE 31ST AVE,673,1,28,28,5.0
SE 31ST AVE,559,1,28,28,5.0
SE 31ST AVE,518,1,28,28,5.0
SE 31ST AVE,512,1,28,28,5.0
SE 31ST AVE,505,1,28,28,5.0
SE 31ST AVE,498,1,28,28,5.0
SE 31ST AVE,467,1,28,28,5.0
SE 31ST AVE,466,1,28,28,5.0
SE 31ST AVE,460,1,28,28,5.0
SE 31ST AVE,460,1,28,28,5.0
SE 31ST AVE,380,1,28,26,5.0
SE 32ND AVE,668,1,28,28,5.0
SE 32ND AVE,580,1,28,28,5.0
SE 32ND AVE,506,1,28,28,5.0
SE 32ND AVE,466,1,28,28,5.0
SE 32ND AVE,463,1,28,28,5.0
SE 32ND AVE,284,1,28,28,5.0
SE 32ND AVE,279,1,28,28,5.0
SE 32ND AVE,273,1,28,28,5.0
SE 32ND AVE,260,1,28,28,5.0
SE 32ND AVE,260,1,28,28,5.0
SE 32ND AVE,260,1,28,28,5.0
SE 32ND AVE,258,1,28,28,5.0
SE 32ND PL,469,1,28,28,5.0
SE 32ND PL,460,1,28,28,5.0
SE 32ND PL,393,1,28,28,5.0
SE 32ND PL,287,1,28,28,5.0
SE 32ND PL,263,1,28,28,5.0
SE 32ND PL,257,1,28,28,5.0
SE 33RD AVE,736,1,28,28,5.0
SE 33RD AVE,580,1,28,28,5.0
SE 33RD AVE,489,1,28,28,5.0
SE 33RD AVE,464,1,28,28,5.0
SE 33RD AVE,460,1,28,28,5.0
SE 33RD AVE,460,1,28,28,5.0
SE 33RD AVE,426,1,28,28,5.0
SE 33RD AVE,361,1,28,28,5.0
SE 33RD AVE,220,1,28,20,5.0
SE 33RD AVE,167,1,28,28,5.0
SE 33RD AVE,147,1,28,28,5.0
SE 33RD PL,580,1,28,28,5.0
SE 33RD PL,460,1,28,28,5.0
SE 33RD PL,398,1,28,28,5.0
SE 34TH AVE,856,1,28,28,5.0
SE 34TH AVE,790,1,28,28,5.0
SE 34TH AVE,784,2,28,28,5.0
SE 34TH AVE,684,1,28,28,5.0
SE 34TH AVE,636,1,28,28,5.0
SE 34TH AVE,515,1,28,28,5.0
SE 34TH AVE,514,1,28,28,5.0
SE 34TH AVE,466,1,28,28,5.0
SE 34TH AVE,460,1,28,28,5.0
SE 34TH AVE,452,1,28,28,5.0
SE 34TH AVE,298,1,28,28,5.0
SE 34TH AVE,261,1,28,28,5.0
SE 34TH AVE,260,1,28,28,5.0
SE 34TH AVE,260,1,28,28,5.0
SE 35TH AVE,793,1,28,28,5.0
SE 35TH AVE,746,1,28,28,5.0
SE 35TH AVE,738,1,28,28,5.0
SE 35TH AVE,661,1,28,28,5.0
SE 35TH AVE,639,1,28,28,5.0
SE 35TH AVE,510,1,28,28,5.0
SE 35TH AVE,496,1,28,28,5.0
SE 35TH AVE,409,1,28,28,5.0
SE 35TH AVE,375,1,28,28,5.0
SE 35TH AVE,352,1,28,28,5.0
SE 35TH PL,640,1,28,28,5.0
SE 35TH PL,520,1,28,28,5.0
SE 35TH PL,520,1,28,28,5.0
SE 36TH AVE,1201,1,28,24,5.0
SE 36TH AVE,775,1,28,28,5.0
SE 36TH AVE,520,1,28,28,5.0
SE 36TH AVE,520,1,28,28,5.0
SE 36TH AVE,466,1,28,28,5.0
SE 36TH AVE,269,1,28,28,5.0
SE 36TH AVE,261,1,28,28,5.0
SE 36TH AVE,259,1,28,28,5.0
SE 36TH AVE,258,1,28,28,5.0
SE 36TH AVE,254,1,28,28,5.0
SE 36TH AVE,251,1,28,28,5.0
SE 36TH AVE,251,1,28,28,5.0
SE 36TH AVE,250,1,28,28,5.0
SE 36TH AVE,250,1,28,28,5.0
SE 36TH AVE,250,1,28,28,5.0
SE 36TH AVE,250,1,28,28,5.0
SE 36TH AVE,250,1,28,28,5.0
SE 36TH AVE,250,1,28,28,5.0
SE 36TH AVE,229,1,28,28,5.0
SE 36TH AVE,222,1,28,28,5.0
SE 36TH AVE,172,1,28,28,5.0
SE 36TH PL,411,1,28,28,5.0
SE 36TH PL,374,1,28,28,5.0
SE 37TH AVE,1003,2,28,28,5.0
SE 37TH AVE,715,1,28,28,5.0
SE 37TH AVE,520,1,28,28,5.0
SE 37TH AVE,519,1,28,28,5.0
SE 37TH AVE,411,1,28,28,5.0
SE 37TH AVE,374,1,28,28,5.0
SE 37TH AVE,318,1,28,28,5.0
SE 37TH AVE,267,1,28,28,5.0
SE 37TH AVE,267,1,28,28,5.0
SE 37TH AVE,255,1,28,28,5.0
SE 37TH AVE,250,1,28,28,5.0
SE 37TH AVE,250,1,28,28,5.0
SE 38TH AVE,714,1,28,28,5.0
SE 38TH AVE,419,1,28,28,5.0
SE 38TH AVE,410,1,28,28,5.0
SE 38TH AVE,267,1,28,28,5.0
SE 38TH AVE,263,1,28,28,5.0
SE 38TH AVE,230,1,28,28,5.0
SE 40TH AVE,975,1,28,28,5.0
SE 40TH AVE,713,2,28,14,5.0
SE 40TH AVE,596,1,28,28,5.0
SE 40TH AVE,530,2,28,28,5.0
SE 40TH AVE,271,1,28,28,5.0
SE 40TH AVE,269,1,28,28,5.0
SE 40TH AVE,260,1,28,28,5.0
SE 40TH AVE,260,1,28,28,5.0
SE 40TH AVE,260,1,28,28,5.0
SE 40TH AVE,260,1,28,28,5.0
SE 41ST AVE,922,1,28,28,5.0
SE 41ST AVE,269,1,28,28,5.0
SE 41ST AVE,263,1,28,28,5.0
SE 41ST AVE,260,1,28,28,5.0
SE 41ST AVE,260,1,28,28,5.0
SE 41ST AVE,260,1,28,28,5.0
SE 41ST AVE,260,1,28,28,5.0
SE 41ST AVE,250,1,28,28,5.0
SE 41ST AVE,249,1,28,28,5.0
SE 41ST AVE,198,1,28,28,5.0
SE 41ST AVE,193,1,28,28,5.0
SE 42ND AVE,928,1,28,28,5.0
SE 42ND AVE,414,1,28,28,5.0
SE 42ND AVE,363,1,28,28,5.0
SE 42ND AVE,361,1,28,28,5.0
SE 42ND AVE,333,1,28,28,5.0
SE 42ND AVE,277,1,28,28,5.0
SE 42ND AVE,271,1,28,28,5.0
SE 42ND AVE,263,1,28,28,5.0
SE 42ND AVE,251,1,28,28,5.0
SE 42ND AVE,251,1,28,28,5.0
SE 42ND AVE,251,1,28,28,5.0
SE 42ND AVE,250,1,28,28,5.0
SE 42ND AVE,250,1,28,28,5.0
SE 42ND AVE,250,1,28,28,5.0
SE 42ND AVE,250,1,28,28,5.0
SE 42ND AVE,250,1,28,28,5.0
SE 42ND AVE,249,1,28,28,5.0
SE 42ND AVE,249,1,28,28,5.0
SE 42ND AVE,241,1,28,28,5.0
SE 42ND AVE,240,1,28,28,5.0
SE 43RD AVE,1642,5,28,28,5.0
SE 43RD AVE,927,1,28,28,5.0
SE 43RD AVE,497,1,28,28,5.0
SE 43RD AVE,495,1,28,28,5.0
SE 43RD AVE,367,1,28,28,5.0
SE 43RD AVE,363,1,28,28,5.0
SE 43RD AVE,363,1,28,28,5.0
SE 43RD AVE,283,1,28,28,5.0
SE 43RD AVE,279,1,28,28,5.0
SE 43RD AVE,270,1,28,28,5.0
SE 43RD AVE,269,1,28,28,5.0
SE 43RD AVE,259,1,28,28,5.0
SE 43RD AVE,259,1,28,28,5.0
SE 43RD AVE,250,1,28,28,5.0
SE 43RD AVE,248,1,28,28,5.0
SE 43RD AVE,230,1,28,28,5.0
SE 43RD AVE,140,1,28,28,5.0
SE 44TH AVE,1375,4,28,28,5.0
SE 44TH AVE,964,2,28,28,5.0
SE 44TH AVE,921,1,28,28,5.0
SE 44TH AVE,660,1,28,28,5.0
SE 44TH AVE,659,1,28,28,5.0
SE 44TH AVE,549,2,28,28,5.0
SE 44TH AVE,496,1,28,28,5.0
SE 44TH AVE,494,1,28,28,5.0
SE 44TH AVE,364,1,28,28,5.0
SE 44TH AVE,363,1,28,28,5.0
SE 44TH AVE,363,1,28,28,5.0
SE 44TH AVE,280,1,28,28,5.0
SE 44TH AVE,272,1,28,28,5.0
SE 44TH AVE,270,1,28,28,5.0
SE 44TH AVE,260,1,28,28,5.0
SE 44TH AVE,259,1,28,28,5.0
SE 44TH AVE,259,1,28,28,5.0
SE 44TH AVE,256,1,28,28,5.0
SE 44TH AVE,255,1,28,28,5.0
SE 44TH AVE,250,1,28,28,5.0
SE 44TH AVE,250,1,28,28,5.0
SE 44TH AVE,249,1,28,28,5.0
SE 44TH AVE,249,1,28,28,5.0
SE 44TH AVE,201,1,28,28,5.0
SE 45TH AVE,1401,1,28,28,5.0
SE 45TH AVE,967,3,28,28,5.0
SE 45TH AVE,660,1,28,28,5.0
SE 45TH AVE,659,1,28,28,5.0
SE 45TH AVE,591,1,28,28,5.0
SE 45TH AVE,520,2,28,28,5.0
SE 45TH AVE,496,1,28,28,5.0
SE 45TH AVE,494,1,28,28,5.0
SE 45TH AVE,363,1,28,28,5.0
SE 45TH AVE,362,1,28,28,5.0
SE 45TH AVE,270,1,28,28,5.0
SE 45TH AVE,260,1,28,28,5.0
SE 45TH AVE,260,1,28,28,5.0
SE 45TH AVE,260,1,28,28,5.0
SE 45TH AVE,259,1,28,28,5.0
SE 45TH AVE,259,1,28,28,5.0
SE 45TH AVE,258,1,28,28,5.0
SE 45TH AVE,230,1,28,28,5.0
SE 45TH AVE,211,1,28,28,5.0
SE 46TH AVE,713,2,28,28,5.0
SE 46TH AVE,660,1,28,28,5.0
SE 46TH AVE,659,1,28,28,5.0
SE 46TH AVE,517,2,28,28,5.0
SE 46TH AVE,497,1,28,28,5.0
SE 46TH AVE,494,1,28,28,5.0
SE 46TH AVE,363,1,28,28,5.0
SE 46TH AVE,363,1,28,28,5.0
SE 46TH AVE,256,1,28,28,5.0
SE 47TH AVE,774,3,28,28,5.0
SE 47TH AVE,663,1,28,28,5.0
SE 47TH AVE,659,1,28,28,5.0
SE 47TH AVE,503,1,28,28,5.0
SE 47TH AVE,499,1,28,28,5.0
SE 47TH AVE,364,1,28,28,5.0
SE 47TH AVE,363,1,28,28,5.0
SE 47TH AVE,268,1,28,28,5.0
SE 47TH AVE,262,1,28,28,5.0
SE 47TH AVE,260,1,28,28,5.0
SE 48TH AVE,665,1,28,28,5.0
SE 48TH AVE,657,1,28,28,5.0
SE 48TH AVE,607,1,28,28,5.0
SE 48TH AVE,499,1,28,28,5.0
SE 48TH AVE,495,1,28,28,5.0
SE 48TH AVE,267,1,28,28,5.0
SE 48TH AVE,258,1,28,28,5.0
SE 48TH AVE,258,1,28,28,5.0
SE 48TH AVE,258,1,28,28,5.0
SE 48TH AVE,237,1,28,28,5.0
SE 49TH AVE,725,2,28,28,5.0
SE 49TH AVE,675,1,28,28,5.0
SE 49TH AVE,670,1,28,28,5.0
SE 49TH AVE,587,1,28,28,5.0
SE 49TH AVE,530,2,28,28,5.0
SE 49TH AVE,520,2,28,28,5.0
SE 49TH AVE,503,1,28,28,5.0
SE 49TH AVE,267,1,28,28,5.0
SE 49TH AVE,258,1,28,28,5.0
SE 49TH AVE,258,1,28,28,5.0
SE 49TH AVE,257,1,28,28,5.0
SE 49TH AVE,250,1,28,28,5.0
SE 49TH AVE,250,1,28,28,5.0
SE 49TH AVE,250,1,28,28,5.0
SE 49TH AVE,250,1,28,28,5.0
SE 50TH AVE,677,2,28,28,5.0
SE 50TH AVE,667,1,28,28,5.0
SE 50TH AVE,584,1,28,28,5.0
SE 50TH AVE,543,1,28,28,5.0
SE 50TH AVE,530,1,28,28,5.0
SE 50TH AVE,452,1,28,28,5.0
SE 50TH AVE,417,1,28,28,5.0
SE 50TH AVE,363,1,28,28,5.0
SE 50TH AVE,363,1,28,28,5.0
SE 50TH AVE,304,1,28,28,5.0
SE 50TH AVE,270,1,28,28,5.0
SE 50TH AVE,267,1,28,28,5.0
SE 50TH AVE,260,1,28,28,5.0
SE 50TH AVE,260,1,28,28,5.0
SE 50TH AVE,258,1,28,28,5.0
SE 50TH AVE,257,1,28,28,5.0
SE 50TH AVE,257,1,28,28,5.0
SE 50TH AVE,219,1,28,28,5.0
SE 50TH AVE,215,1,28,28,5.0
SE 51ST AVE,682,1,28,28,5.0
SE 51ST AVE,667,1,28,28,5.0
SE 51ST AVE,515,1,28,28,5.0
SE 51ST AVE,500,1,28,28,5.0
SE 51ST AVE,496,1,28,28,5.0
SE 51ST AVE,461,1,28,28,5.0
SE 51ST AVE,426,1,28,28,5.0
SE 51ST AVE,422,1,28,28,5.0
SE 51ST AVE,363,1,28,28,5.0
SE 51ST AVE,347,1,28,28,5.0
SE 51ST AVE,336,1,28,28,5.0
SE 51ST AVE,303,1,28,28,5.0
SE 51ST AVE,275,1,28,28,5.0
SE 51ST AVE,271,1,28,28,5.0
SE 51ST AVE,270,1,28,28,5.0
SE 51ST AVE,268,1,28,28,5.0
SE 51ST AVE,257,1,28,28,5.0
SE 51ST AVE,255,1,28,28,5.0
SE 51ST AVE,250,1,28,28,5.0
SE 51ST AVE,250,1,28,28,5.0
SE 51ST AVE,250,1,28,28,5.0
SE 51ST AVE,250,1,28,28,5.0
SE 51ST AVE,222,1,28,28,5.0
SE 52ND AVE,523,1,28,28,5.0
SE 52ND AVE,427,1,28,28,5.0
SE 52ND AVE,326,1,28,28,5.0
SE 53RD AVE,914,2,28,28,5.0
SE 53RD AVE,521,1,28,28,5.0
SE 53RD AVE,511,1,28,28,5.0
SE 53RD AVE,499,1,28,28,5.0
SE 53RD AVE,495,1,28,28,5.0
SE 53RD AVE,384,1,28,28,5.0
SE 53RD AVE,301,1,28,28,5.0
SE 53RD AVE,255,1,28,28,5.0
SE 53RD AVE,220,1,28,28,5.0
SE 53RD AVE,215,1,28,28,5.0
SE 54TH AVE,914,2,28,28,5.0
SE 54TH AVE,520,1,28,28,5.0
SE 54TH AVE,496,1,28,28,5.0
SE 54TH AVE,495,1,28,28,5.0
SE 54TH AVE,447,1,28,28,5.0
SE 54TH AVE,386,1,28,28,5.0
SE 54TH AVE,275,1,28,28,5.0
SE 54TH AVE,273,1,28,28,5.0
SE 54TH AVE,266,1,28,28,5.0
SE 54TH AVE,250,1,28,28,5.0
SE 54TH AVE,250,1,28,28,5.0
SE 54TH AVE,244,1,28,28,5.0
SE 54TH AVE,162,1,28,28,5.0
SE 55TH AVE,914,2,28,28,5.0
SE 55TH AVE,522,1,28,28,5.0
SE 55TH AVE,496,1,28,28,5.0
SE 55TH AVE,495,1,28,28,5.0
SE 55TH AVE,255,1,28,28,5.0
SE 55TH AVE,250,1,28,28,5.0
SE 55TH AVE,250,1,28,28,5.0
SE 56TH AVE,1349,1,28,28,5.0
SE 56TH AVE,913,2,28,28,5.0
SE 56TH AVE,521,1,28,28,5.0
SE 56TH AVE,447,1,28,28,5.0
SE 56TH AVE,433,1,28,28,5.0
SE 56TH AVE,392,1,28,28,5.0
SE 56TH AVE,383,1,28,28,5.0
SE 56TH AVE,284,1,28,28,5.0
SE 56TH AVE,262,1,28,28,5.0
SE 56TH AVE,253,1,28,28,5.0
SE 56TH AVE,246,1,28,28,5.0
SE 56TH AVE,220,1,28,28,5.0
SE 57TH AVE,1371,1,28,28,5.0
SE 57TH AVE,908,2,28,28,5.0
SE 57TH AVE,825,1,28,28,5.0
SE 57TH AVE,524,1,28,28,5.0
SE 57TH AVE,496,1,28,28,5.0
SE 57TH AVE,494,1,28,28,5.0
SE 57TH AVE,440,1,28,28,5.0
SE 57TH AVE,401,1,28,28,5.0
SE 57TH AVE,392,1,28,28,5.0
SE 57TH AVE,383,1,28,28,5.0
SE 57TH AVE,330,1,28,28,5.0
SE 57TH AVE,292,1,28,20,5.0
SE 58TH AVE,1430,3,28,28,5.0
SE 58TH AVE,991,1,28,28,5.0
SE 58TH AVE,743,1,28,28,5.0
SE 58TH AVE,702,1,28,28,5.0
SE 58TH AVE,566,1,28,28,5.0
SE 58TH AVE,456,1,28,28,5.0
SE 58TH AVE,438,1,28,28,5.0
SE 58TH AVE,392,1,28,28,5.0
SE 58TH AVE,285,1,28,28,5.0
SE 58TH AVE,221,1,28,28,5.0
SE 58TH AVE,221,1,28,28,5.0
SE 58TH AVE,219,1,28,28,5.0
SE 58TH AVE,219,1,28,28,5.0
SE 58TH AVE,176,1,28,28,5.0
SE 58TH AVE,132,1,28,28,5.0
SE 59TH AVE,1320,1,28,24,5.0
SE 59TH AVE,991,1,28,28,5.0
SE 59TH AVE,752,1,28,28,5.0
SE 59TH AVE,455,1,28,28,5.0
SE 59TH AVE,366,1,28,28,5.0
SE 59TH AVE,250,1,28,28,5.0
SE 59TH AVE,250,1,28,28,5.0
SE 59TH AVE,250,1,28,28,5.0
SE 59TH AVE,209,1,28,28,5.0
SE 59TH AVE,204,1,28,28,5.0
SE 60TH AVE,743,1,28,28,5.0
SE 60TH AVE,351,1,28,28,5.0
SE 60TH AVE,347,1,28,28,5.0
SE 60TH AVE,298,1,28,28,5.0
SE 60TH AVE,250,1,28,28,5.0
SE 60TH AVE,250,1,28,28,5.0
SE 60TH AVE,232,1,28,28,5.0
SE 60TH AVE,167,1,28,28,5.0
SE 60TH AVE,165,1,28,28,5.0
SE 60TH AVE,156,1,28,28,5.0
SE 61ST AVE,1326,2,28,28,5.0
SE 61ST AVE,996,2,28,28,5.0
SE 61ST AVE,910,1,28,28,5.0
SE 61ST AVE,645,1,28,28,5.0
SE 61ST AVE,355,1,28,28,5.0
SE 61ST AVE,343,1,28,28,5.0
SE 61ST AVE,330,1,28,28,5.0
SE 62ND AVE,1742,2,28,28,5.0
SE 62ND AVE,676,1,28,28,5.0
SE 62ND AVE,639,1,28,28,5.0
SE 62ND AVE,500,1,28,28,5.0
SE 62ND AVE,486,1,28,28,5.0
SE 62ND AVE,347,1,28,28,5.0
SE 62ND AVE,327,1,28,28,5.0
SE 62ND AVE,278,1,28,28,5.0
SE 62ND AVE,255,1,28,28,5.0
SE 62ND AVE,250,1,28,28,5.0
SE 62ND AVE,250,1,28,28,5.0
SE 62ND AVE,155,1,28,28,5.0
SE 63RD AVE,1743,2,28,26,5.0
SE 63RD AVE,678,1,28,28,5.0
SE 63RD AVE,642,1,28,28,5.0
SE 63RD AVE,641,1,28,28,5.0
SE 63RD AVE,640,1,28,28,5.0
SE 63RD AVE,638,1,28,28,5.0
SE 63RD AVE,630,1,28,28,5.0
SE 63RD AVE,563,1,28,28,5.0
SE 63RD AVE,521,1,28,28,5.0
SE 63RD AVE,494,1,28,28,5.0
SE 63RD AVE,329,1,28,28,5.0
SE 63RD AVE,312,1,28,28,5.0
SE 63RD AVE,299,1,28,28,5.0
SE 64TH AVE,679,1,28,28,5.0
SE 64TH AVE,645,2,28,28,5.0
SE 64TH AVE,641,1,28,28,5.0
SE 64TH AVE,641,1,28,28,5.0
SE 64TH AVE,638,1,28,28,5.0
SE 64TH AVE,519,1,28,28,5.0
SE 64TH AVE,495,1,28,28,5.0
SE 64TH AVE,474,1,28,28,5.0
SE 64TH AVE,283,1,28,28,5.0
SE 64TH AVE,281,1,28,28,5.0
SE 64TH AVE,254,1,28,28,5.0
SE 64TH AVE,250,1,28,28,5.0
SE 65TH AVE,886,1,28,28,5.0
SE 65TH AVE,679,1,28,28,5.0
SE 65TH AVE,641,1,28,28,5.0
SE 65TH AVE,640,1,28,28,5.0
SE 65TH AVE,637,1,28,28,5.0
SE 65TH AVE,526,1,28,28,5.0
SE 65TH AVE,521,1,28,28,5.0
SE 65TH AVE,495,1,28,28,5.0
SE 65TH AVE,437,1,28,28,5.0
SE 65TH AVE,378,1,28,28,5.0
SE 65TH AVE,354,1,28,28,5.0
SE 65TH AVE,346,1,28,28,5.0
SE 65TH AVE,322,1,28,28,5.0
SE 65TH AVE,301,1,28,28,5.0
SE 66TH AVE,1743,2,28,28,5.0
SE 66TH AVE,932,1,28,28,5.0
SE 66TH AVE,887,1,28,28,5.0
SE 66TH AVE,807,1,28,28,5.0
SE 66TH AVE,680,1,28,28,5.0
SE 66TH AVE,666,2,28,28,5.0
SE 66TH AVE,642,1,28,28,5.0
SE 66TH AVE,639,1,28,28,5.0
SE 66TH AVE,554,1,28,28,5.0
SE 66TH AVE,532,1,28,28,5.0
SE 66TH AVE,522,1,28,28,5.0
SE 66TH AVE,504,1,28,28,5.0
SE 66TH AVE,451,1,28,28,5.0
SE 66TH AVE,425,1,28,28,5.0
SE 66TH AVE,361,1,28,28,5.0
SE 66TH AVE,345,1,28,28,5.0
SE 66TH AVE,302,1,28,28,5.0
SE 66TH AVE,283,1,28,28,5.0
SE 66TH AVE,234,1,28,28,5.0
SE 67TH AVE,1742,2,28,28,5.0
SE 68TH AVE,521,1,28,28,5.0
SE 68TH AVE,374,1,28,28,5.0
SE 68TH AVE,250,1,28,28,5.0
SE 68TH AVE,247,1,28,28,5.0
SE 68TH AVE,242,1,28,28,5.0
SE 68TH AVE,171,1,28,28,5.0
SE 68TH CT,165,1,28,28,5.0
SE 68TH PL,226,1,28,28,5.0
SE 69TH AVE,669,1,28,28,5.0
SE 69TH AVE,667,1,28,28,5.0
SE 69TH AVE,651,1,28,28,5.0
SE 69TH AVE,645,1,28,28,5.0
SE 69TH AVE,380,1,28,28,5.0
SE 69TH AVE,376,1,28,28,5.0
SE 69TH AVE,368,1,28,22,5.0
SE 69TH AVE,348,1,28,28,5.0
SE 69TH AVE,319,1,28,28,5.0
SE 69TH AVE,213,1,28,28,5.0
SE 69TH AVE,192,1,28,28,5.0
SE 6TH AVE,261,1,28,28,5.0
SE 6TH AVE,260,1,28,28,5.0
SE 70TH AVE,892,1,28,28,5.0
SE 70TH AVE,708,2,28,28,5.0
SE 70TH AVE,676,1,28,28,5.0
SE 70TH AVE,667,1,28,28,5.0
SE 70TH AVE,660,1,28,28,5.0
SE 70TH AVE,655,1,28,28,5.0
SE 70TH AVE,540,1,28,28,5.0
SE 70TH AVE,507,1,28,28,5.0
SE 70TH AVE,405,1,28,28,5.0
SE 70TH AVE,403,1,28,28,5.0
SE 70TH AVE,397,1,28,28,5.0
SE 70TH AVE,377,1,28,28,5.0
SE 70TH AVE,355,1,28,28,5.0
SE 70TH AVE,322,1,28,28,5.0
SE 70TH AVE,256,1,28,28,5.0
SE 70TH AVE,253,1,28,28,5.0
SE 70TH AVE,250,1,28,28,5.0
SE 71ST AVE,677,1,28,28,5.0
SE 71ST AVE,655,1,28,28,5.0
SE 71ST AVE,545,1,28,28,5.0
SE 71ST AVE,430,1,28,24,5.0
SE 71ST AVE,420,1,28,28,5.0
SE 71ST AVE,406,1,28,28,5.0
SE 71ST AVE,321,1,28,28,5.0
SE 71ST AVE,225,1,28,28,5.0
SE 72ND AVE,631,1,28,28,5.0
SE 72ND AVE,335,1,28,28,5.0
SE 72ND AVE,333,1,28,28,5.0
SE 72ND AVE,296,1,28,28,5.0
SE 72ND AVE,262,1,28,28,5.0
SE 72ND AVE,254,1,28,28,5.0
SE 72ND AVE,235,1,28,28,5.0
SE 72ND AVE,235,1,28,28,5.0
SE 72ND AVE,229,1,28,28,5.0
SE 72ND AVE,185,1,28,28,5.0
SE 72ND AVE,160,1,28,28,5.0
SE 73RD AVE,666,1,28,28,5.0
SE 73RD AVE,655,1,28,28,5.0
SE 73RD AVE,500,1,28,28,5.0
SE 73RD AVE,250,1,28,28,5.0
SE 74TH AVE,1314,1,28,28,5.0
SE 74TH AVE,932,1,28,28,5.0
SE 74TH AVE,732,1,28,28,5.0
SE 74TH AVE,709,1,28,28,5.0
SE 74TH AVE,665,1,28,28,5.0
SE 74TH AVE,533,1,28,28,5.0
SE 74TH AVE,500,1,28,28,5.0
SE 74TH AVE,456,1,28,28,5.0
SE 74TH AVE,345,1,28,28,5.0
SE 74TH AVE,256,1,28,28,5.0
SE 74TH AVE,255,1,28,28,5.0
SE 74TH AVE,254,1,28,28,5.0
SE 74TH AVE,252,1,28,28,5.0
SE 74TH AVE,251,1,28,28,5.0
SE 74TH AVE,250,1,28,28,5.0
SE 74TH AVE,249,1,28,28,5.0
SE 74TH AVE,247,1,28,28,5.0
SE 74TH AVE,239,1,28,28,5.0
SE 74TH AVE,238,1,28,28,5.0
SE 75TH AVE,411,1,28,28,5.0
SE 76TH AVE,1234,1,28,28,5.0
SE 76TH AVE,559,1,28,28,5.0
SE 76TH AVE,500,1,28,28,5.0
SE 76TH AVE,457,1,28,28,5.0
SE 76TH AVE,369,1,28,28,5.0
SE 76TH PL,410,1,28,28,5.0
SE 76TH PL,351,1,28,28,5.0
SE 77TH AVE,714,1,28,28,5.0
SE 77TH AVE,682,1,28,28,5.0
SE 77TH AVE,674,2,28,26,5.0
SE 77TH AVE,500,1,28,28,5.0
SE 77TH AVE,459,1,28,28,5.0
SE 77TH AVE,391,1,28,28,5.0
SE 77TH AVE,285,1,28,28,5.0
SE 77TH AVE,250,1,28,28,5.0
SE 77TH AVE,250,1,28,28,5.0
SE 77TH AVE,250,1,28,20,5.0
SE 78TH AVE,734,1,28,28,5.0
SE 78TH AVE,711,1,28,28,5.0
SE 78TH AVE,541,1,28,28,5.0
SE 78TH AVE,500,1,28,28,5.0
SE 78TH AVE,461,1,28,28,5.0
SE 79TH AVE,735,2,28,28,5.0
SE 79TH AVE,695,1,28,28,5.0
SE 79TH AVE,541,1,28,28,5.0
SE 79TH AVE,125,1,28,28,5.0
SE 7TH AVE,260,1,28,28,5.0
SE 7TH AVE,260,1,28,28,5.0
SE 7TH AVE,260,1,28,28,5.0
SE 80TH AVE,505,1,28,28,5.0
SE 80TH AVE,285,1,28,28,5.0
SE 80TH AVE,255,1,28,28,5.0
SE 80TH AVE,255,1,28,28,5.0
SE 80TH AVE,253,1,28,28,5.0
SE 80TH AVE,250,1,28,28,5.0
SE 80TH AVE,250,1,28,28,5.0
SE 80TH AVE,144,1,28,28,5.0
SE 81ST AVE,567,1,28,28,5.0
SE 81ST AVE,478,1,28,28,5.0
SE 81ST AVE,328,1,28,28,5.0
SE 81ST AVE,284,1,28,28,5.0
SE 83RD AVE,720,1,28,28,5.0
SE 83RD AVE,654,1,28,28,5.0
SE 83RD AVE,610,1,28,28,5.0
SE 83RD AVE,251,1,28,28,5.0
SE 84TH AVE,720,1,28,28,5.0
SE 84TH AVE,651,1,28,28,5.0
SE 84TH AVE,610,1,28,28,5.0
SE 84TH AVE,252,1,28,28,5.0
SE 84TH AVE,252,1,28,28,5.0
SE 84TH AVE,252,1,28,28,5.0
SE 84TH AVE,248,1,28,28,5.0
SE 85TH AVE,1289,2,28,20,5.0
SE 85TH AVE,720,1,28,28,5.0
SE 85TH AVE,656,1,28,28,5.0
SE 85TH AVE,610,1,28,28,5.0
SE 86TH AVE,656,1,28,28,5.0
SE 86TH AVE,610,1,28,28,5.0
SE 86TH AVE,412,1,28,28,5.0
SE 86TH AVE,320,1,28,28,5.0
SE 87TH AVE,1173,2,28,14,5.0
SE 87TH AVE,1129,1,28,28,5.0
SE 87TH AVE,720,2,28,28,5.0
SE 87TH AVE,559,1,28,28,5.0
SE 88TH AVE,640,1,28,28,5.0
SE 88TH AVE,270,2,28,18,5.0
SE 88TH AVE,243,1,28,28,5.0
SE 89TH AVE,450,1,28,28,5.0
SE 89TH AVE,440,1,28,28,5.0
SE 89TH AVE,323,1,28,28,5.0
SE 89TH AVE,254,1,28,28,5.0
SE 89TH AVE,249,1,28,28,5.0
SE 89TH AVE,249,1,28,28,5.0
SE 8TH AVE,260,1,28,28,5.0
SE 8TH AVE,260,1,28,28,5.0
SE 8TH AVE,260,1,28,28,5.0
SE 8TH AVE,260,1,28,28,5.0
SE 8TH AVE,260,1,28,28,5.0
SE 90TH AVE,334,1,28,28,5.0
SE 91ST AVE,499,1,28,28,5.0
SE 93RD AVE,251,1,28,28,5.0
SE 93RD AVE,249,1,28,28,5.0
SE 93RD AVE,121,1,28,28,5.0
SE 94TH AVE,1326,1,28,24,5.0
SE 97TH AVE,269,1,28,28,5.0
SE 97TH AVE,260,1,28,28,5.0
SE 97TH AVE,165,1,28,28,5.0
SE 98TH AVE,701,1,28,24,5.0
SE 98TH AVE,590,1,28,28,5.0
SE 98TH AVE,271,1,28,28,5.0
SE 98TH AVE,258,1,28,28,5.0
SE 98TH AVE,252,1,28,28,5.0
SE 98TH AVE,250,1,28,28,5.0
SE 9TH AVE,518,1,28,28,5.0
SE 9TH AVE,375,1,28,28,5.0
SE 9TH AVE,362,1,28,28,5.0
SE 9TH AVE,357,1,28,28,5.0
SE 9TH AVE,344,1,28,28,5.0
SE 9TH AVE,275,1,28,28,5.0
SE 9TH AVE,260,1,28,28,5.0
SE 9TH AVE,260,1,28,28,5.0
SE 9TH AVE,260,1,28,28,5.0
SE 9TH AVE,260,1,28,28,5.0
SE 9TH AVE,260,1,28,28,5.0
SE 9TH AVE,260,1,28,28,5.0
SE 9TH AVE,260,1,28,28,5.0
SE 9TH AVE,260,1,28,28,5.0
SE 9TH AVE,260,1,28,28,5.0
SE 9TH AVE,260,1,28,28,5.0
SE 9TH AVE,260,1,28,28,5.0
SE 9TH AVE,260,1,28,28,5.0
SE 9TH AVE,260,1,28,28,5.0
SE 9TH AVE,260,1,28,28,5.0
SE 9TH AVE,78,1,28,28,5.0
SE ALDER CT,217,1,28,28,5.0
SE ALDER ST,573,1,28,28,5.0
SE ALDER ST,521,1,28,28,5.0
SE ALDER ST,510,1,28,28,5.0
SE ALDER ST,464,1,28,28,5.0
SE ALDER ST,419,1,28,28,5.0
SE ALDER ST,355,1,28,28,5.0
SE ALDER ST,330,1,28,28,5.0
SE ALDER ST,260,1,28,28,5.0
SE ALDER ST,250,1,28,28,5.0
SE ALDER ST,246,1,28,28,5.0
SE ALDER ST,244,1,28,28,5.0
SE ALDER ST,235,1,28,28,5.0
SE ALDER ST,203,1,28,28,5.0
SE ALDER ST,194,1,28,28,5.0
SE ALDER ST,149,1,28,28,5.0
SE ALTA VERDE DR,533,1,28,28,5.0
SE ANKENY ST,789,1,28,28,5.0
SE ANKENY ST,774,1,28,28,5.0
SE ANKENY ST,722,1,28,28,5.0
SE ANKENY ST,552,1,28,14,5.0
SE ANKENY ST,464,1,28,28,5.0
SE ANKENY ST,412,1,28,28,5.0
SE ANKENY ST,302,1,28,28,5.0
SE ANKENY ST,223,1,28,28,5.0
SE ASH CT,483,1,28,28,5.0
SE ASH ST,773,1,28,28,5.0
SE ASH ST,657,1,28,28,5.0
SE ASH ST,612,2,28,13,5.0
SE ASH ST,554,1,28,28,5.0
SE ASH ST,447,1,28,28,5.0
SE ASH ST,278,1,28,28,5.0
SE ASH ST,261,1,28,28,5.0
SE ASH ST,261,1,28,28,5.0
SE ASH ST,261,1,28,28,5.0
SE ASH ST,261,1,28,28,5.0
SE ASH ST,222,1,28,28,5.0
SE ASH ST,185,1,28,28,5.0
SE BERKELEY PL,973,1,28,28,5.0
SE BIDWELL ST,510,1,28,28,5.0
SE BIDWELL ST,510,1,28,28,5.0
SE BIDWELL ST,510,1,28,28,5.0
SE BIDWELL ST,257,1,28,28,5.0
SE BOISE ST,791,1,28,28,5.0
SE BOISE ST,660,1,28,28,5.0
SE BOISE ST,611,1,28,28,5.0
SE BOISE ST,473,1,28,28,5.0
SE BOISE ST,462,1,28,28,5.0
SE BOISE ST,304,1,28,28,5.0
SE BOISE ST,273,1,28,28,5.0
SE BOISE ST,260,1,28,28,5.0
SE BOISE ST,260,1,28,28,5.0
SE BOISE ST,214,1,28,28,5.0
SE BROOKLYN ST,849,1,28,28,5.0
SE BROOKLYN ST,756,1,28,28,5.0
SE BROOKLYN ST,670,1,28,28,5.0
SE BROOKLYN ST,557,1,28,28,5.0
SE BROOKLYN ST,520,1,28,28,5.0
SE BROOKLYN ST,501,1,28,28,5.0
SE BROOKLYN ST,486,1,28,28,5.0
SE BROOKLYN ST,356,1,28,28,5.0
SE BROOKLYN ST,356,1,28,28,5.0
SE BROOKLYN ST,333,1,28,28,5.0
SE BROOKLYN ST,300,1,28,28,5.0
SE BROOKLYN ST,276,1,28,28,5.0
SE BUSH ST,604,1,28,28,5.0
SE BUSH ST,459,1,28,28,5.0
SE BUSH ST,391,1,28,28,5.0
SE BUSH ST,380,1,28,28,5.0
SE BUSH ST,361,1,28,28,5.0
SE BUSH ST,321,1,28,28,5.0
SE BUSH ST,295,1,28,28,5.0
SE BUSH ST,289,1,28,28,5.0
SE BUSH ST,219,1,28,28,5.0
SE BYBEE BLVD,987,2,28,28,5.0
SE BYBEE BLVD,898,2,28,24,5.0
SE BYBEE BLVD,376,1,28,28,5.0
SE BYBEE BLVD,313,1,28,28,5.0
SE BYBEE BLVD,305,1,28,28,5.0
SE BYBEE BLVD,301,1,28,28,5.0
SE BYBEE BLVD,284,1,28,28,5.0
SE BYBEE BLVD,270,1,28,28,5.0
SE BYBEE BLVD,268,1,28,28,5.0
SE BYBEE BLVD,263,1,28,28,5.0
SE BYBEE BLVD,261,1,28,28,5.0
SE BYBEE BLVD,261,1,28,28,5.0
SE BYBEE BLVD,260,1,28,28,5.0
SE BYBEE BLVD,248,1,28,28,5.0
SE BYBEE BLVD,244,1,28,28,5.0
SE BYBEE BLVD,242,1,28,28,5.0
SE CARLTON ST,686,2,28,19,5.0
SE CARLTON ST,663,1,28,28,5.0
SE CARLTON ST,661,1,28,28,5.0
SE CARLTON ST,660,1,28,28,5.0
SE CARLTON ST,427,1,28,28,5.0
SE CARLTON ST,387,1,28,28,5.0
SE CARLTON ST,330,1,28,28,5.0
SE CARLTON ST,288,1,28,28,5.0
SE CARLTON ST,274,1,28,28,5.0
SE CARLTON ST,268,1,28,28,5.0
SE CARLTON ST,260,1,28,28,5.0
SE CARLTON ST,260,1,28,28,5.0
SE CARLTON ST,260,1,28,28,5.0
SE CARLTON ST,260,1,28,28,5.0
SE CARLTON ST,260,1,28,28,5.0
SE CARLTON ST,257,1,28,28,5.0
SE CARLTON ST,251,1,28,28,5.0
SE CARLTON ST,229,1,28,28,5.0
SE CARLTON ST,155,1,28,28,5.0
SE CARUTHERS ST,907,2,28,28,5.0
SE CARUTHERS ST,792,1,28,28,5.0
SE CARUTHERS ST,525,1,28,28,5.0
SE CARUTHERS ST,512,1,28,28,5.0
SE CARUTHERS ST,490,1,28,28,5.0
SE CARUTHERS ST,401,1,28,28,5.0
SE CARUTHERS ST,329,1,28,28,5.0
SE CARUTHERS ST,281,1,28,28,5.0
SE CARUTHERS ST,230,1,28,28,5.0
SE CARUTHERS ST,199,1,28,28,5.0
SE CENTER ST,659,1,28,28,5.0
SE CENTER ST,606,1,28,28,5.0
SE CENTER ST,562,1,28,28,5.0
SE CENTER ST,474,1,28,28,5.0
SE CENTER ST,468,1,28,28,5.0
SE CENTER ST,461,1,28,28,5.0
SE CENTER ST,461,1,28,28,5.0
SE CENTER ST,411,1,28,28,5.0
SE CENTER ST,399,1,28,28,5.0
SE CENTER ST,353,1,28,28,5.0
SE CENTER ST,292,1,28,28,5.0
SE CLATSOP ST,2451,4,28,22,5.0
SE CLATSOP ST,510,1,28,28,5.0
SE CLATSOP ST,510,1,28,28,5.0
SE CLATSOP ST,510,1,28,28,5.0
SE CLATSOP ST,510,1,28,28,5.0
SE CLATSOP ST,509,1,28,28,5.0
SE CLATSOP ST,260,1,28,28,5.0
SE CLAY ST,1050,2,28,28,5.0
SE CLAY ST,777,1,28,28,5.0
SE CLAY ST,663,1,28,28,5.0
SE CLAY ST,574,1,28,28,5.0
SE CLAY ST,520,1,28,28,5.0
SE CLAY ST,509,1,28,28,5.0
SE CLAY ST,455,1,28,28,5.0
SE CLAY ST,348,1,28,28,5.0
SE CLAY ST,260,1,28,28,5.0
SE CLAY ST,260,1,28,28,5.0
SE CLAY ST,260,1,28,28,5.0
SE CLAY ST,260,1,28,28,5.0
SE CLAY ST,260,1,28,28,5.0
SE CLAY ST,254,1,28,28,5.0
SE CLAYBOURNE ST,821,3,28,24,5.0
SE CLAYBOURNE ST,554,1,28,28,5.0
SE CLAYBOURNE ST,445,1,28,28,5.0
SE CLAYBOURNE ST,424,1,28,28,5.0
SE CLAYBOURNE ST,399,1,28,28,5.0
SE CLAYBOURNE ST,324,1,28,28,5.0
SE CLAYBOURNE ST,259,1,28,28,5.0
SE CLAYBOURNE ST,255,1,28,28,5.0
SE CLAYBOURNE ST,255,1,28,28,5.0
SE CLAYBOURNE ST,255,1,28,28,5.0
SE CLAYBOURNE ST,251,1,28,28,5.0
SE CLAYBOURNE ST,250,1,28,28,5.0
SE CLAYBOURNE ST,249,1,28,28,5.0
SE CLAYBOURNE ST,248,1,28,28,5.0
SE CLINTON CT,573,1,28,28,5.0
SE CLINTON ST,825,1,28,28,5.0
SE CLINTON ST,530,1,28,28,5.0
SE CLINTON ST,527,1,28,28,5.0
SE CLINTON ST,527,1,28,28,5.0
SE CLINTON ST,527,1,28,28,5.0
SE CLINTON ST,486,1,28,28,5.0
SE CLINTON ST,280,1,28,28,5.0
SE CLINTON ST,260,1,28,28,5.0
SE CLINTON ST,258,1,28,28,5.0
SE CLINTON ST,251,1,28,28,5.0
SE CLINTON ST,249,1,28,28,5.0
SE CLINTON ST,249,1,28,28,5.0
SE CLINTON ST,248,1,28,28,5.0
SE CLINTON ST,248,1,28,28,5.0
SE CLINTON ST,243,1,28,28,5.0
SE CLINTON ST,235,1,28,28,5.0
SE CLINTON ST,229,1,28,28,5.0
SE CLINTON ST,227,1,28,28,5.0
SE CLINTON ST,221,1,28,28,5.0
SE COOPER ST,803,2,28,28,5.0
SE COOPER ST,446,1,28,28,5.0
SE COOPER ST,279,1,28,28,5.0
SE COOPER ST,148,1,28,28,5.0
SE CORA ST,792,1,28,28,5.0
SE CORA ST,528,1,28,28,5.0
SE CORA ST,473,1,28,28,5.0
SE CORA ST,426,1,28,28,5.0
SE CORA ST,402,1,28,28,5.0
SE CORA ST,307,1,28,28,5.0
SE CORA ST,216,1,28,28,5.0
SE CRYSTAL ST,130,1,28,28,5.0
SE DUKE ST,245,1,28,28,5.0
SE EASTRIDGE CT,219,1,28,28,5.0
SE ELLIS ST,540,2,28,28,5.0
SE ELLIS ST,418,1,28,28,5.0
SE ELLIS ST,263,1,28,28,5.0
SE ELLIS ST,260,1,28,28,5.0
SE ELLIS ST,260,1,28,28,5.0
SE ELLIS ST,260,1,28,28,5.0
SE ELLIS ST,260,1,28,28,5.0
SE ELLIS ST,260,1,28,28,5.0
SE EVERGREEN CT,187,1,28,28,5.0
SE EVERGREEN ST,544,1,28,28,5.0
SE EVERGREEN ST,261,1,28,28,5.0
SE FIRCREST CT,211,1,28,28,5.0
SE FLAVEL DR,292,1,28,28,5.0
SE FLAVEL DR,284,1,28,28,5.0
SE FLAVEL DR,283,1,28,28,5.0
SE FLAVEL DR,281,1,28,28,5.0
SE FLAVEL ST,931,1,28,28,5.0
SE FLAVEL ST,799,1,28,28,5.0
SE FLAVEL ST,513,1,28,28,5.0
SE FLAVEL ST,483,1,28,28,5.0
SE FLAVEL ST,453,1,28,28,5.0
SE FLAVEL ST,446,1,28,28,5.0
SE FLAVEL ST,392,1,28,28,5.0
SE FLAVEL ST,345,1,28,28,5.0
SE FLORAL PL,219,1,28,28,5.0
SE FRANCIS ST,608,1,28,28,5.0
SE FRANCIS ST,476,1,28,28,5.0
SE FRANCIS ST,473,2,28,22,5.0
SE FRANCIS ST,468,1,28,28,5.0
SE FRANCIS ST,463,1,28,28,5.0
SE FRANCIS ST,461,1,28,28,5.0
SE FRANCIS ST,424,1,28,28,5.0
SE FRANCIS ST,264,1,28,28,5.0
SE FRANKLIN ST,602,1,28,28,5.0
SE FRANKLIN ST,507,1,28,28,5.0
SE FRANKLIN ST,465,1,28,28,5.0
SE FRANKLIN ST,360,1,28,28,5.0
SE FRANKLIN ST,352,1,28,28,5.0
SE FRANKLIN ST,349,1,28,28,5.0
SE FRANKLIN ST,320,1,28,28,5.0
SE FRANKLIN ST,313,1,28,28,5.0
SE FRANKLIN ST,286,1,28,28,5.0
SE FRANKLIN ST,274,1,28,28,5.0
SE FRANKLIN ST,270,1,28,28,5.0
SE FRANKLIN ST,263,1,28,28,5.0
SE FRANKLIN ST,262,1,28,28,5.0
SE FRANKLIN ST,262,1,28,28,5.0
SE FRANKLIN ST,261,1,28,28,5.0
SE FRANKLIN ST,260,1,28,28,5.0
SE FRANKLIN ST,260,1,28,28,5.0
SE FRANKLIN ST,255,1,28,28,5.0
SE FRANKLIN ST,250,1,28,28,5.0
SE FRANKLIN ST,246,1,28,28,5.0
SE GLADSTONE ST,792,1,28,28,5.0
SE GLADSTONE ST,568,2,28,28,5.0
SE GLADSTONE ST,472,1,28,28,5.0
SE GLADSTONE ST,464,1,28,28,5.0
SE GLADSTONE ST,443,1,28,28,5.0
SE GLENWOOD ST,452,1,28,28,5.0
SE GLENWOOD ST,445,1,28,28,5.0
SE GLENWOOD ST,415,1,28,28,5.0
SE GLENWOOD ST,264,1,28,28,5.0
SE GLENWOOD ST,264,1,28,28,5.0
SE GLENWOOD ST,261,1,28,28,5.0
SE GLENWOOD ST,260,1,28,28,5.0
SE GLENWOOD ST,184,1,28,28,5.0
SE GLENWOOD ST,173,1,28,28,5.0
SE GRANT CT,383,1,28,28,5.0
SE GRANT CT,186,1,28,28,5.0
SE GRANT ST,730,1,28,28,5.0
SE GRANT ST,725,1,28,28,5.0
SE GRANT ST,661,1,28,28,5.0
SE GRANT ST,658,1,28,28,5.0
SE GRANT ST,595,1,28,28,5.0
SE GRANT ST,521,1,28,28,5.0
SE GRANT ST,502,1,28,28,5.0
SE GRANT ST,490,1,28,28,5.0
SE GRANT ST,433,1,28,28,5.0
SE GRANT ST,432,1,28,28,5.0
SE GRANT ST,333,1,28,28,5.0
SE GRANT ST,330,1,28,28,5.0
SE GRANT ST,326,1,28,28,5.0
SE GRANT ST,319,1,28,28,5.0
SE GRANT ST,305,1,28,28,5.0
SE GRANT ST,278,1,28,28,5.0
SE GRANT ST,272,1,28,28,5.0
SE GRANT ST,260,1,28,28,5.0
SE GRANT ST,256,1,28,28,5.0
SE GRANT ST,199,1,28,28,5.0
SE HAIG ST,610,1,28,28,5.0
SE HAIG ST,506,1,28,28,5.0
SE HAIG ST,464,1,28,28,5.0
SE HAIG ST,319,1,28,28,5.0
SE HAIG ST,313,1,28,28,5.0
SE HARNEY ST,255,1,28,28,5.0
SE HARNEY ST,133,1,28,28,5.0
SE HAROLD CT,1323,1,28,28,5.0
SE HAROLD ST,526,1,28,28,5.0
SE HAROLD ST,318,1,28,28,5.0
SE HAROLD ST,260,1,28,28,5.0
SE HAROLD ST,260,1,28,28,5.0
SE HAROLD ST,234,1,28,28,5.0
SE HARRISON CT,315,1,28,28,5.0
SE HARRISON ST,807,1,28,28,5.0
SE HARRISON ST,688,2,28,28,5.0
SE HARRISON ST,531,1,28,28,5.0
SE HARRISON ST,501,1,28,28,5.0
SE HARRISON ST,405,1,28,28,5.0
SE HARRISON ST,395,1,28,28,5.0
SE HARRISON ST,350,1,28,28,5.0
SE HARRISON ST,299,1,28,28,5.0
SE HARRISON ST,264,1,28,28,5.0
SE HARRISON ST,261,1,28,28,5.0
SE HARRISON ST,260,1,28,28,5.0
SE HARRISON ST,260,1,28,28,5.0
SE HARRISON ST,255,1,28,28,5.0
SE HARRISON ST,251,1,28,28,5.0
SE HARRISON ST,233,1,28,28,5.0
SE HARRISON ST,227,1,28,28,5.0
SE HARRISON ST,198,1,28,28,5.0
SE HARRISON ST,174,1,28,28,5.0
SE HAWK CT,429,1,28,28,5.0
SE HAWTHORNE BLVD,588,1,28,28,5.0
SE HAWTHORNE CT,352,1,28,28,5.0
SE HENDERSON ST,2007,3,28,26,5.0
SE HENDERSON ST,799,1,28,28,5.0
SE HENDERSON ST,529,1,28,28,5.0
SE HENDERSON ST,480,1,28,28,5.0
SE HENDERSON ST,256,1,28,28,5.0
SE HENRY ST,742,2,28,28,5.0
SE HENRY ST,497,1,28,28,5.0
SE HENRY ST,428,1,28,28,5.0
SE HENRY ST,424,1,28,28,5.0
SE HENRY ST,270,1,28,28,5.0
SE HENRY ST,260,1,28,28,5.0
SE HENRY ST,260,1,28,28,5.0
SE HENRY ST,260,1,28,28,5.0
SE HENRY ST,257,1,28,28,5.0
SE INSLEY ST,660,1,28,28,5.0
SE INSLEY ST,660,1,28,28,5.0
SE INSLEY ST,660,1,28,28,5.0
SE INSLEY ST,514,1,28,28,5.0
SE INSLEY ST,406,1,28,28,5.0
SE INSLEY ST,331,1,28,28,5.0
SE INSLEY ST,323,1,28,28,5.0
SE INSLEY ST,318,1,28,28,5.0
SE INSLEY ST,315,1,28,28,5.0
SE INSLEY ST,265,1,28,28,5.0
SE INSLEY ST,260,1,28,28,5.0
SE INSLEY ST,250,1,28,28,5.0
SE INSLEY ST,246,1,28,28,5.0
SE INSLEY ST,240,1,28,28,5.0
SE INSLEY ST,160,1,28,28,5.0
SE IVON ST,560,1,28,28,5.0
SE IVON ST,547,1,28,28,5.0
SE IVON ST,497,1,28,28,5.0
SE IVON ST,473,1,28,28,5.0
SE IVON ST,422,1,28,28,5.0
SE IVON ST,249,1,28,28,5.0
SE IVON ST,240,1,28,28,5.0
SE IVON ST,225,1,28,28,5.0
SE IVON ST,222,1,28,28,5.0
SE KELLY ST,973,2,28,28,5.0
SE KELLY ST,320,1,28,28,5.0
SE KELLY ST,313,1,28,28,5.0
SE KNAPP CT,276,1,28,28,5.0
SE KNAPP ST,2004,3,28,28,5.0
SE KNAPP ST,525,1,28,28,5.0
SE KNAPP ST,482,1,28,28,5.0
SE KNAPP ST,453,1,28,28,5.0
SE KNAPP ST,444,1,28,28,5.0
SE KNAPP ST,402,1,28,28,5.0
SE KNAPP ST,397,1,28,28,5.0
SE KNAPP ST,373,1,28,28,5.0
SE KNAPP ST,370,1,28,28,5.0
SE KNAPP ST,343,1,28,28,5.0
SE KNAPP ST,320,1,28,28,5.0
SE KNAPP ST,293,1,28,28,5.0
SE KNAPP ST,292,1,28,28,5.0
SE KNAPP ST,282,1,28,28,5.0
SE KNAPP ST,282,1,28,28,5.0
SE KNAPP ST,280,1,28,28,5.0
SE KNAPP ST,269,1,28,28,5.0
SE KNAPP ST,260,1,28,28,5.0
SE KNAPP ST,259,1,28,28,5.0
SE KNAPP ST,256,1,28,28,5.0
SE KNAPP ST,255,1,28,28,5.0
SE KNAPP ST,254,1,28,28,5.0
SE KNAPP ST,251,1,28,28,5.0
SE KNAPP ST,250,1,28,28,5.0
SE KNAPP ST,244,1,28,28,5.0
SE KNIGHT ST,663,1,28,28,5.0
SE KNIGHT ST,660,1,28,28,5.0
SE KNIGHT ST,508,2,28,28,5.0
SE KNIGHT ST,348,1,28,28,5.0
SE KNIGHT ST,347,1,28,28,5.0
SE KNIGHT ST,320,1,28,28,5.0
SE LAFAYETTE ST,692,1,28,24,5.0
SE LAFAYETTE ST,560,1,28,28,5.0
SE LAFAYETTE ST,479,1,28,28,5.0
SE LAFAYETTE ST,324,1,28,28,5.0
SE LAFAYETTE ST,123,1,28,28,5.0
SE LAMBERT ST,946,2,28,28,5.0
SE LAMBERT ST,799,1,28,28,5.0
SE LAMBERT ST,412,1,28,28,5.0
SE LAMBERT ST,307,1,28,28,5.0
SE LAMBERT ST,278,1,28,28,5.0
SE LAMBERT ST,277,1,28,28,5.0
SE LAMBERT ST,269,1,28,28,5.0
SE LAMBERT ST,269,1,28,28,5.0
SE LAMBERT ST,268,1,28,28,5.0
SE LAMBERT ST,265,1,28,28,5.0
SE LAMBERT ST,259,1,28,28,5.0
SE LAMBERT ST,258,1,28,28,5.0
SE LAMBERT ST,256,1,28,28,5.0
SE LAMBERT ST,256,1,28,28,5.0
SE LAMBERT ST,246,1,28,28,5.0
SE LAURELHURST PL,381,1,28,28,5.0
SE LEXINGTON ST,947,2,28,28,5.0
SE LEXINGTON ST,799,2,28,28,5.0
SE LEXINGTON ST,525,1,28,28,5.0
SE LEXINGTON ST,519,1,28,28,5.0
SE LEXINGTON ST,515,1,28,28,5.0
SE LEXINGTON ST,510,1,28,28,5.0
SE LEXINGTON ST,510,1,28,28,5.0
SE LEXINGTON ST,510,1,28,28,5.0
SE LEXINGTON ST,510,1,28,28,5.0
SE LEXINGTON ST,510,1,28,28,5.0
SE LEXINGTON ST,510,1,28,28,5.0
SE LEXINGTON ST,368,1,28,28,5.0
SE LEXINGTON ST,287,1,28,28,5.0
SE LEXINGTON ST,231,1,28,28,5.0
SE LIEBE ST,654,1,28,28,5.0
SE LIEBE ST,557,1,28,28,5.0
SE LINCOLN CT,663,1,28,28,5.0
SE LINCOLN ST,723,1,28,28,5.0
SE LINCOLN ST,659,1,28,28,5.0
SE LINCOLN ST,616,2,28,28,5.0
SE LINCOLN ST,502,1,28,28,5.0
SE LINCOLN ST,490,1,28,28,5.0
SE LINCOLN ST,462,1,28,28,5.0
SE LINCOLN ST,433,1,28,28,5.0
SE LINCOLN ST,393,1,28,28,5.0
SE LINCOLN ST,367,1,28,28,5.0
SE LINCOLN ST,350,1,28,28,5.0
SE LINCOLN ST,328,1,28,28,5.0
SE LINCOLN ST,324,1,28,28,5.0
SE LINCOLN ST,295,1,28,28,5.0
SE LINCOLN ST,292,1,28,28,5.0
SE LINCOLN ST,276,1,28,28,5.0
SE LINCOLN ST,263,1,28,28,5.0
SE LINCOLN ST,257,1,28,28,5.0
SE LINCOLN ST,218,1,28,28,5.0
SE LONG ST,990,2,28,28,5.0
SE LONG ST,446,1,28,28,5.0
SE LONG ST,421,2,28,28,5.0
SE LONG ST,274,1,28,28,5.0
SE LONG ST,271,1,28,28,5.0
SE LONG ST,250,1,28,28,5.0
SE LONG ST,250,1,28,28,5.0
SE LONG ST,250,1,28,28,5.0
SE LONG ST,250,1,28,28,5.0
SE LONG ST,250,1,28,28,5.0
SE LONG ST,225,1,28,28,5.0
SE LONG ST,225,1,28,28,5.0
SE LONG ST,195,1,28,28,5.0
SE MADISON ST,1319,1,28,28,5.0
SE MADISON ST,985,2,28,28,5.0
SE MADISON ST,893,2,28,28,5.0
SE MADISON ST,696,1,28,28,5.0
SE MADISON ST,603,1,28,28,5.0
SE MADISON ST,588,1,28,28,5.0
SE MADISON ST,443,1,28,28,5.0
SE MADISON ST,366,1,28,28,5.0
SE MADISON ST,289,1,28,28,5.0
SE MADISON ST,261,1,28,28,5.0
SE MADISON ST,260,1,28,28,5.0
SE MADISON ST,260,1,28,28,5.0
SE MADISON ST,260,1,28,28,5.0
SE MADISON ST,260,1,28,28,5.0
SE MADISON ST,260,1,28,28,5.0
SE MADISON ST,260,1,28,28,5.0
SE MADISON ST,260,1,28,28,5.0
SE MADISON ST,258,1,28,28,5.0
SE MADISON ST,256,1,28,28,5.0
SE MADISON ST,247,1,28,28,5.0
SE MAIN ST,977,2,28,28,5.0
SE MAIN ST,586,1,28,28,5.0
SE MAIN ST,435,1,28,28,5.0
SE MAIN ST,356,1,28,28,5.0
SE MAIN ST,355,1,28,28,5.0
SE MAIN ST,350,1,28,28,5.0
SE MAIN ST,350,1,28,28,5.0
SE MAIN ST,350,1,28,28,5.0
SE MAIN ST,341,1,28,28,5.0
SE MAIN ST,318,1,28,28,5.0
SE MAIN ST,260,1,28,28,5.0
SE MAIN ST,260,1,28,28,5.0
SE MAIN ST,260,1,28,28,5.0
SE MAIN ST,260,1,28,28,5.0
SE MAIN ST,260,1,28,28,5.0
SE MAIN ST,260,1,28,28,5.0
SE MAIN ST,258,1,28,28,5.0
SE MAIN ST,250,1,28,28,5.0
SE MAIN ST,216,1,28,28,5.0
SE MAIN ST,146,1,28,28,5.0
SE MALDEN CT,174,1,28,28,5.0
SE MALDEN ST,2010,3,28,27,5.0
SE MALDEN ST,942,2,28,28,5.0
SE MALDEN ST,799,1,28,28,5.0
SE MALDEN ST,563,1,28,28,5.0
SE MALDEN ST,520,1,28,28,5.0
SE MALDEN ST,513,1,28,28,5.0
SE MALDEN ST,510,1,28,28,5.0
SE MALDEN ST,354,1,28,28,5.0
SE MALDEN ST,288,1,28,28,5.0
SE MALDEN ST,222,1,28,28,5.0
SE MALL ST,791,1,28,28,5.0
SE MALL ST,719,2,28,15,5.0
SE MALL ST,533,2,28,28,5.0
SE MALL ST,529,1,28,28,5.0
SE MALL ST,410,1,28,28,5.0
SE MALL ST,291,1,28,28,5.0
SE MALL ST,279,1,28,28,5.0
SE MALL ST,260,1,28,28,5.0
SE MALL ST,250,1,28,28,5.0
SE MALL ST,162,1,28,28,5.0
SE MALL ST,158,1,28,28,5.0
SE MARION ST,510,1,28,28,5.0
SE MARION ST,510,1,28,28,5.0
SE MARION ST,510,1,28,28,5.0
SE MARION ST,510,1,28,28,5.0
SE MARION ST,509,1,28,28,5.0
SE MARKET ST,1322,1,28,28,5.0
SE MARKET ST,1052,2,28,24,5.0
SE MARKET ST,783,1,28,28,5.0
SE MARKET ST,572,1,28,28,5.0
SE MARKET ST,519,1,28,28,5.0
SE MARKET ST,460,1,28,28,5.0
SE MARKET ST,390,1,28,28,5.0
SE MARKET ST,295,1,28,28,5.0
SE MARKET ST,293,1,28,28,5.0
SE MARKET ST,288,1,28,28,5.0
SE MARKET ST,260,1,28,28,5.0
SE MARKET ST,260,1,28,28,5.0
SE MARKET ST,259,1,28,28,5.0
SE MARKET ST,255,1,28,28,5.0
SE MARKET ST,238,1,28,28,5.0
SE MARTINS ST,859,1,28,28,5.0
SE MARTINS ST,685,2,28,28,5.0
SE MARTINS ST,661,1,28,28,5.0
SE MARTINS ST,431,1,28,28,5.0
SE MARTINS ST,363,1,28,28,5.0
SE MARTINS ST,282,1,28,28,5.0
SE MARTINS ST,260,1,28,28,5.0
SE MARTINS ST,260,1,28,28,5.0
SE MILL CT,790,1,28,28,5.0
SE MILL CT,199,1,28,28,5.0
SE MILL ST,974,1,28,28,5.0
SE MILL ST,803,1,28,28,5.0
SE MILL ST,777,1,28,28,5.0
SE MILL ST,757,1,28,28,5.0
SE MILL ST,538,1,28,28,5.0
SE MILL ST,504,1,28,28,5.0
SE MILL ST,459,1,28,28,5.0
SE MILL ST,453,1,28,28,5.0
SE MILL ST,371,1,28,28,5.0
SE MILLER ST,510,1,28,28,5.0
SE MILLER ST,510,1,28,28,5.0
SE MILLER ST,304,1,28,28,5.0
SE MILLER ST,205,1,28,28,5.0
SE MITCHELL CT,516,1,28,28,5.0
SE MITCHELL CT,258,1,28,28,5.0
SE MITCHELL ST,660,1,28,26,5.0
SE MITCHELL ST,456,1,28,26,5.0
SE MITCHELL ST,320,1,28,28,5.0
SE MITCHELL ST,270,1,28,28,5.0
SE MITCHELL ST,270,1,28,28,5.0
SE MITCHELL ST,260,1,28,28,5.0
SE MITCHELL ST,260,1,28,28,5.0
SE MITCHELL ST,260,1,28,28,5.0
SE MITCHELL ST,260,1,28,28,5.0
SE MITCHELL ST,161,1,28,28,5.0
SE MORRISON ST,759,1,28,28,5.0
SE MORRISON ST,672,2,28,28,5.0
SE MORRISON ST,576,1,28,28,5.0
SE MORRISON ST,521,1,28,28,5.0
SE MORRISON ST,511,1,28,28,5.0
SE MORRISON ST,477,1,28,28,5.0
SE MORRISON ST,468,1,28,28,5.0
SE MORRISON ST,419,1,28,28,5.0
SE MORRISON ST,396,1,28,28,5.0
SE MORRISON ST,346,1,28,28,5.0
SE MORRISON ST,307,1,28,28,5.0
SE MORRISON ST,276,1,28,28,5.0
SE MORRISON ST,250,1,28,28,5.0
SE MORRISON ST,248,1,28,28,5.0
SE MORRISON ST,248,1,28,28,5.0
SE NEHALEM ST,950,2,28,28,5.0
SE NEHALEM ST,799,1,28,28,5.0
SE NEHALEM ST,525,1,28,28,5.0
SE NEHALEM ST,510,1,28,28,5.0
SE NEHALEM ST,510,1,28,28,5.0
SE NEHALEM ST,510,1,28,28,5.0
SE NEHALEM ST,510,1,28,28,5.0
SE NEHALEM ST,509,1,28,28,5.0
SE NEHALEM ST,466,1,28,28,5.0
SE NEHALEM ST,374,1,28,28,5.0
SE NEHALEM ST,268,1,28,28,5.0
SE NEHALEM ST,260,1,28,28,5.0
SE NEHALEM ST,260,1,28,28,5.0
SE NEHALEM ST,260,1,28,28,5.0
SE OAK ST,773,1,28,28,5.0
SE OAK ST,657,1,28,28,5.0
SE OAK ST,643,1,28,28,5.0
SE OAK ST,370,1,28,28,5.0
SE OGDEN ST,922,2,28,28,5.0
SE OGDEN ST,475,1,28,28,5.0
SE OGDEN ST,453,1,28,28,5.0
SE OGDEN ST,445,1,28,28,5.0
SE OGDEN ST,401,1,28,28,5.0
SE OGDEN ST,379,1,28,28,5.0
SE OGDEN ST,373,1,28,28,5.0
SE OGDEN ST,251,1,28,28,5.0
SE OGDEN ST,250,1,28,28,5.0
SE OGDEN ST,250,1,28,28,5.0
SE OGDEN ST,250,1,28,28,5.0
SE PARDEE ST,1134,2,28,28,5.0
SE PARDEE ST,575,1,28,28,5.0
SE PARDEE ST,557,1,28,28,5.0
SE PARDEE ST,494,1,28,28,5.0
SE PARDEE ST,437,1,28,28,5.0
SE PARDEE ST,435,1,28,28,5.0
SE PARDEE ST,281,1,28,28,5.0
SE PARDEE ST,228,1,28,28,5.0
SE PARDEE ST,225,1,28,28,5.0
SE PINE CT,616,1,28,28,5.0
SE PINE CT,218,1,28,28,5.0
SE PINE ST,1000,1,28,22,5.0
SE PINE ST,771,1,28,28,5.0
SE PINE ST,665,1,28,28,5.0
SE PINE ST,657,1,28,28,5.0
SE PINE ST,551,1,28,22,5.0
SE PINE ST,284,1,28,28,5.0
SE PINE ST,257,1,28,28,5.0
SE PINE ST,250,1,28,28,5.0
SE PINERIDGE CT,508,1,28,28,5.0
SE RAMONA ST,668,1,28,28,5.0
SE RAMONA ST,663,1,28,28,5.0
SE RAMONA ST,661,1,28,28,5.0
SE RAMONA ST,654,1,28,28,5.0
SE RAMONA ST,380,1,28,28,5.0
SE RAMONA ST,372,1,28,28,5.0
SE RAMONA ST,363,1,28,28,5.0
SE RAMONA ST,304,1,28,28,5.0
SE RAMONA ST,303,1,28,28,5.0
SE RAMONA ST,275,1,28,28,5.0
SE RAMONA ST,270,1,28,28,5.0
SE RAMONA ST,265,1,28,28,5.0
SE RAMONA ST,260,1,28,28,5.0
SE RAMONA ST,260,1,28,28,5.0
SE RAMONA ST,260,1,28,28,5.0
SE RAMONA ST,260,1,28,28,5.0
SE RAMONA ST,260,1,28,28,5.0
SE RAMONA ST,260,1,28,28,5.0
SE RAMONA ST,146,1,28,28,5.0
SE RAYMOND CT,458,1,28,28,5.0
SE RAYMOND CT,374,1,28,28,5.0
SE RAYMOND CT,251,1,28,28,5.0
SE RAYMOND ST,1206,1,28,28,5.0
SE RAYMOND ST,525,1,28,28,5.0
SE RAYMOND ST,495,1,28,28,5.0
SE RAYMOND ST,364,1,28,28,5.0
SE RAYMOND ST,355,1,28,28,5.0
SE RAYMOND ST,309,1,28,28,5.0
SE RAYMOND ST,288,1,28,28,5.0
SE RAYMOND ST,270,1,28,28,5.0
SE RAYMOND ST,270,1,28,28,5.0
SE RAYMOND ST,260,1,28,28,5.0
SE RAYMOND ST,260,1,28,28,5.0
SE RAYMOND ST,260,1,28,28,5.0
SE RAYMOND ST,260,1,28,28,5.0
SE RAYMOND ST,260,1,28,28,5.0
SE RAYMOND ST,253,1,28,28,5.0
SE RAYMOND ST,252,1,28,28,5.0
SE RAYMOND ST,249,1,28,28,5.0
SE RAYMOND ST,249,1,28,28,5.0
SE RAYMOND ST,236,1,28,28,5.0
SE RAYMOND ST,230,1,28,28,5.0
SE RAYMOND ST,176,1,28,28,5.0
SE RAYMOND ST,167,1,28,28,5.0
SE RAYMOND ST,156,1,28,28,5.0
SE RAYMOND ST,135,1,28,28,5.0
SE RAYMOND ST,113,1,28,28,5.0
SE REEDWAY ST,419,1,28,28,5.0
SE REEDWAY ST,320,1,28,28,5.0
SE REEDWAY ST,271,1,28,28,5.0
SE REEDWAY ST,270,1,28,28,5.0
SE REEDWAY ST,264,1,28,28,5.0
SE REEDWAY ST,260,1,28,28,5.0
SE REEDWAY ST,260,1,28,28,5.0
SE REEDWAY ST,260,1,28,28,5.0
SE REEDWAY ST,260,1,28,28,5.0
SE REEDWAY ST,260,1,28,28,5.0
SE REEDWAY ST,240,1,28,28,5.0
SE REEDWAY ST,153,1,28,28,5.0
SE REEDWAY ST,117,1,28,28,5.0
SE REX ST,939,2,28,28,5.0
SE REX ST,799,1,28,28,5.0
SE REX ST,707,1,28,28,5.0
SE REX ST,512,1,28,28,5.0
SE REX ST,510,1,28,28,5.0
SE REX ST,447,1,28,28,5.0
SE REX ST,410,1,28,28,5.0
SE REX ST,349,1,28,28,5.0
SE REX ST,326,1,28,28,5.0
SE REX ST,271,1,28,28,5.0
SE REX ST,271,1,28,28,5.0
SE REX ST,261,1,28,28,5.0
SE REX ST,259,1,28,28,5.0
SE REX ST,255,1,28,28,5.0
SE REX ST,255,1,28,28,5.0
SE REX ST,255,1,28,28,5.0
SE REX ST,255,1,28,28,5.0
SE REX ST,250,1,28,28,5.0
SE REX ST,226,1,28,28,5.0
SE RHINE ST,418,1,28,28,5.0
SE RHINE ST,286,1,28,28,5.0
SE RHINE ST,273,1,28,28,5.0
SE RHONE ST,635,2,28,26,5.0
SE RHONE ST,619,1,28,28,5.0
SE RHONE ST,616,1,28,28,5.0
SE RHONE ST,477,1,28,28,5.0
SE RHONE ST,450,1,28,28,5.0
SE RHONE ST,450,1,28,28,5.0
SE RHONE ST,318,1,28,28,5.0
SE RHONE ST,288,1,28,28,5.0
SE RHONE ST,266,1,28,28,5.0
SE RHONE ST,255,1,28,28,5.0
SE RHONE ST,250,1,28,28,5.0
SE RHONE ST,238,1,28,28,5.0
SE RHONE ST,227,1,28,28,5.0
SE RURAL ST,981,2,28,28,5.0
SE RURAL ST,925,2,28,28,5.0
SE RURAL ST,525,1,28,28,5.0
SE RURAL ST,445,1,28,28,5.0
SE RURAL ST,404,1,28,28,5.0
SE RURAL ST,400,1,28,28,5.0
SE RURAL ST,266,1,28,28,5.0
SE RURAL ST,223,1,28,28,5.0
SE SALMON ST,676,1,28,28,5.0
SE SALMON ST,661,1,28,28,5.0
SE SALMON ST,510,1,28,28,5.0
SE SALMON ST,465,1,28,28,5.0
SE SALMON ST,433,1,28,28,5.0
SE SALMON ST,406,1,28,28,5.0
SE SALMON ST,333,1,28,28,5.0
SE SALMON ST,305,1,28,28,5.0
SE SALMON ST,295,1,28,28,5.0
SE SALMON ST,289,1,28,28,5.0
SE SALMON ST,260,1,28,28,5.0
SE SALMON ST,259,1,28,28,5.0
SE SALMON ST,255,1,28,28,5.0
SE SALMON ST,247,1,28,28,5.0
SE SALMON ST,243,1,28,28,5.0
SE SALMON ST,233,1,28,28,5.0
SE SALMON ST,233,1,28,28,5.0
SE SALMON ST,228,1,28,28,5.0
SE SALMON ST,115,1,28,28,5.0
SE SALMON ST,92,1,28,28,5.0
SE SCHILLER ST,262,1,28,28,5.0
SE SCHILLER ST,257,1,28,28,5.0
SE SCHILLER ST,250,1,28,28,5.0
SE SCHILLER ST,250,1,28,28,5.0
SE SCHILLER ST,250,1,28,28,5.0
SE SCHILLER ST,243,1,28,28,5.0
SE SCHILLER ST,242,1,28,28,5.0
SE SCHILLER ST,225,1,28,28,5.0
SE SCHILLER ST,175,1,28,28,5.0
SE SHERMAN ST,905,2,28,20,5.0
SE SHERMAN ST,513,1,28,28,5.0
SE SHERMAN ST,513,1,28,28,5.0
SE SHERMAN ST,490,1,28,28,5.0
SE SHERMAN ST,430,1,28,28,5.0
SE SHERMAN ST,387,1,28,28,5.0
SE SHERMAN ST,331,1,28,28,5.0
SE SHERMAN ST,289,1,28,28,5.0
SE SHERMAN ST,274,1,28,28,5.0
SE SHERMAN ST,261,1,28,28,5.0
SE SHERMAN ST,260,1,28,28,5.0
SE SHERMAN ST,240,1,28,28,5.0
SE SHERMAN ST,240,1,28,28,5.0
SE SHERRETT ST,520,2,28,24,5.0
SE STEELE ST,660,1,28,28,5.0
SE STEELE ST,660,1,28,28,5.0
SE STEELE ST,655,1,28,28,5.0
SE STEELE ST,425,1,28,28,5.0
SE STEELE ST,379,1,28,28,5.0
SE STEELE ST,347,1,28,28,5.0
SE STEELE ST,321,1,28,28,5.0
SE STEELE ST,255,1,28,28,5.0
SE STEELE ST,175,1,28,28,5.0
SE STEPHENS PL,660,1,28,28,5.0
SE STEPHENS ST,943,2,28,28,5.0
SE STEPHENS ST,828,1,28,28,5.0
SE STEPHENS ST,800,1,28,28,5.0
SE STEPHENS ST,787,1,28,28,5.0
SE STEPHENS ST,660,1,28,22,5.0
SE STEPHENS ST,566,1,28,28,5.0
SE STEPHENS ST,533,1,28,28,5.0
SE STEPHENS ST,396,1,28,28,5.0
SE STEPHENS ST,367,1,28,28,5.0
SE STEPHENS ST,353,1,28,28,5.0
SE STEPHENS ST,340,1,28,28,5.0
SE STEPHENS ST,295,1,28,28,5.0
SE STEPHENS ST,262,1,28,28,5.0
SE STEPHENS ST,260,1,28,28,5.0
SE STEPHENS ST,250,1,28,28,5.0
SE STEPHENS ST,245,1,28,28,5.0
SE STEPHENS ST,238,1,28,28,5.0
SE STEPHENS ST,231,1,28,28,5.0
SE STEPHENS ST,227,1,28,28,5.0
SE STEPHENS ST,227,1,28,28,5.0
SE STEPHENS ST,197,1,28,28,5.0
SE STEPHENS ST,181,1,28,28,5.0
SE TAGGART CT,92,1,28,28,5.0
SE TAGGART ST,657,2,28,14,5.0
SE TAGGART ST,592,1,28,28,5.0
SE TAGGART ST,573,1,28,28,5.0
SE TAGGART ST,560,1,28,28,5.0
SE TAGGART ST,554,1,28,28,5.0
SE TAGGART ST,489,1,28,28,5.0
SE TAGGART ST,479,1,28,28,5.0
SE TAGGART ST,473,1,28,28,5.0
SE TAGGART ST,422,1,28,28,5.0
SE TAGGART ST,375,1,28,28,5.0
SE TAGGART ST,276,1,28,26,5.0
SE TAGGART ST,263,1,28,28,5.0
SE TAGGART ST,260,1,28,28,5.0
SE TAGGART ST,260,1,28,28,5.0
SE TAGGART ST,260,1,28,28,5.0
SE TAGGART ST,249,1,28,28,5.0
SE TAGGART ST,246,1,28,28,5.0
SE TAGGART ST,244,1,28,28,5.0
SE TAGGART ST,235,1,28,28,5.0
SE TAGGART ST,200,1,28,28,5.0
SE TAYLOR CT,669,1,28,28,5.0
SE TAYLOR CT,433,1,28,28,5.0
SE TAYLOR ST,733,2,28,28,5.0
SE TAYLOR ST,716,1,28,28,5.0
SE TAYLOR ST,674,1,28,28,5.0
SE TAYLOR ST,663,1,28,28,5.0
SE TAYLOR ST,584,1,28,28,5.0
SE TAYLOR ST,514,1,28,28,5.0
SE TAYLOR ST,463,1,28,28,5.0
SE TAYLOR ST,400,1,28,28,5.0
SE TAYLOR ST,375,1,28,28,5.0
SE TAYLOR ST,339,1,28,28,5.0
SE TAYLOR ST,331,1,28,28,5.0
SE TAYLOR ST,312,1,28,28,5.0
SE TAYLOR ST,243,1,28,28,5.0
SE TAYLOR ST,119,1,28,28,5.0
SE TIBBETTS ST,997,1,28,28,5.0
SE TIBBETTS ST,556,1,28,28,5.0
SE TIBBETTS ST,487,1,28,28,5.0
SE TIBBETTS ST,357,1,28,28,5.0
SE TIBBETTS ST,351,1,28,28,5.0
SE TIBBETTS ST,323,1,28,28,5.0
SE TIBBETTS ST,320,1,28,28,5.0
SE TIBBETTS ST,313,1,28,28,5.0
SE TIBBETTS ST,292,1,28,28,5.0
SE TIBBETTS ST,278,1,28,28,5.0
SE TIBBETTS ST,277,1,28,28,5.0
SE TIBBETTS ST,274,1,28,28,5.0
SE TIBBETTS ST,271,1,28,28,5.0
SE TIBBETTS ST,270,1,28,28,5.0
SE TIBBETTS ST,261,1,28,28,5.0
SE TIBBETTS ST,260,1,28,28,5.0
SE TIBBETTS ST,255,1,28,28,5.0
SE TIBBETTS ST,250,1,28,28,5.0
SE TIBBETTS ST,250,1,28,28,5.0
SE TIBBETTS ST,143,1,28,28,5.0
SE TINDALL CIR,132,1,28,28,5.0
SE TOLMAN ST,1035,1,28,28,5.0
SE TOLMAN ST,407,1,28,28,5.0
SE TOLMAN ST,275,1,28,28,5.0
SE TOLMAN ST,270,1,28,28,5.0
SE TOLMAN ST,260,1,28,28,5.0
SE TOLMAN ST,260,1,28,28,5.0
SE TOLMAN ST,259,1,28,28,5.0
SE TOLMAN ST,255,1,28,28,5.0
SE TOLMAN ST,255,1,28,28,5.0
SE TOLMAN ST,255,1,28,28,5.0
SE TOLMAN ST,251,1,28,28,5.0
SE TOLMAN ST,250,1,28,28,5.0
SE TOLMAN ST,249,1,28,28,5.0
SE WASHINGTON ST,367,1,28,28,5.0
SE WASHINGTON ST,357,1,28,28,5.0
SE WASHINGTON ST,354,1,28,28,5.0
SE WASHINGTON ST,330,1,28,28,5.0
SE WASHINGTON ST,325,1,28,28,5.0
SE WASHINGTON ST,307,1,28,28,5.0
SE WASHINGTON ST,260,1,28,28,5.0
SE WASHINGTON ST,260,1,28,28,5.0
SE WASHINGTON ST,148,1,28,28,5.0
SE WINDSOR CT,491,1,28,28,5.0
SE WOODWARD ST,571,1,28,28,5.0
SE WOODWARD ST,560,1,28,28,5.0
SE WOODWARD ST,520,1,28,28,5.0
SE WOODWARD ST,520,1,28,28,5.0
SE WOODWARD ST,423,1,28,28,5.0
SE WOODWARD ST,378,1,28,28,5.0
SE WOODWARD ST,342,1,28,28,5.0
SE WOODWARD ST,300,1,28,28,5.0
SE WOODWARD ST,277,1,28,28,5.0
SE WOODWARD ST,271,1,28,28,5.0
SE WOODWARD ST,263,1,28,28,5.0
SE WOODWARD ST,263,1,28,28,5.0
SE WOODWARD ST,261,1,28,28,5.0
SE WOODWARD ST,259,1,28,28,5.0
SE WOODWARD ST,258,1,28,28,5.0
SE WOODWARD ST,257,1,28,28,5.0
SE WOODWARD ST,257,1,28,28,5.0
SE WOODWARD ST,257,1,28,28,5.0
SE WOODWARD ST,255,1,28,28,5.0
SE WOODWARD ST,252,1,28,28,5.0
SE WOODWARD ST,251,1,28,28,5.0
SE WOODWARD ST,250,1,28,28,5.0
SE WOODWARD ST,248,1,28,28,5.0
SE WOODWARD ST,248,1,28,28,5.0
SE WOODWARD ST,247,1,28,28,5.0
SE WOODWARD ST,247,1,28,28,5.0
SE WOODWARD ST,247,1,28,28,5.0
SE WOODWARD ST,244,1,28,28,5.0
SE WOODWARD ST,235,1,28,28,5.0
SE WOODWARD ST,226,1,28,20,5.0
SE WOODWARD ST,189,1,28,28,5.0
SE WOODWARD ST,188,1,28,28,5.0
SE WOODWARD ST,146,1,28,28,5.0
SE YAMHILL ST,613,1,28,28,5.0
SE YAMHILL ST,578,1,28,28,5.0
SE YAMHILL ST,522,1,28,28,5.0
SE YAMHILL ST,521,1,28,28,5.0
SE YAMHILL ST,450,1,28,28,5.0
SE YAMHILL ST,419,1,28,28,5.0
SE YAMHILL ST,404,1,28,28,5.0
SE YAMHILL ST,350,1,28,28,5.0
SE YAMHILL ST,293,1,28,28,5.0
SE YAMHILL ST,251,1,28,28,5.0
SE YAMHILL ST,244,1,28,28,5.0
SE YAMHILL ST,240,1,28,28,5.0
SE YAMHILL ST,240,1,28,28,5.0
SE YAMHILL ST,156,1,28,28,5.0
SE YUKON ST,338,1,28,28,5.0
SE YUKON ST,260,1,28,28,5.0
SE YUKON ST,260,1,28,28,5.0
SE YUKON ST,258,1,28,28,5.0
SE YUKON ST,256,1,28,28,5.0
SE YUKON ST,255,1,28,28,5.0
SE YUKON ST,255,1,28,28,5.0
SE YUKON ST,251,1,28,28,5.0
SE YUKON ST,249,1,28,28,5.0
SE YUKON ST,165,1,28,28,5.0
SW 11TH DR,1051,1,28,28,5.0
SW 11TH DR,735,1,28,28,5.0
SW 12TH AVE,485,1,28,28,5.0
SW 12TH AVE,463,2,28,12,5.0
SW 12TH AVE,448,1,28,28,5.0
SW 12TH AVE,208,1,28,28,5.0
SW 12TH AVE,87,1,28,28,5.0
SW 12TH DR,525,1,28,28,5.0
SW 12TH DR,302,1,28,28,5.0
SW 12TH PL,238,1,28,28,5.0
SW 12TH PL,215,1,28,28,5.0
SW 13TH AVE,844,1,28,28,5.0
SW 13TH AVE,225,1,28,28,5.0
SW 13TH AVE,144,1,28,28,5.0
SW 14TH AVE,1022,1,28,28,5.0
SW 14TH AVE,262,1,28,28,5.0
SW 14TH AVE,260,1,28,28,5.0
SW 15TH AVE,1215,1,28,28,5.0
SW 16TH DR,673,1,28,28,5.0
SW 16TH DR,524,1,28,28,5.0
SW 16TH DR,403,1,28,28,5.0
SW 17TH AVE,250,1,28,28,5.0
SW 1ST AVE,308,1,28,28,5.0
SW 25TH AVE,649,1,28,12,5.0
SW 27TH AVE,569,1,28,28,5.0
SW 27TH AVE,112,1,28,12,5.0
SW 28TH DR,177,1,28,28,5.0
SW 29TH AVE,334,1,28,28,5.0
SW 29TH CT,323,1,28,28,5.0
SW 29TH CT,266,1,28,28,5.0
SW 30TH AVE,601,1,28,18,5.0
SW 31ST CT,569,1,28,28,5.0
SW 31ST CT,330,1,28,28,5.0
SW 33RD AVE,335,1,28,8,5.0
SW 35TH PL,490,1,28,28,5.0
SW 35TH PL,245,1,28,28,5.0
SW 35TH PL,192,1,28,28,5.0
SW 36TH AVE,332,1,28,28,5.0
SW 36TH AVE,264,1,28,28,5.0
SW 36TH AVE,176,1,28,28,5.0
SW 36TH CT,287,1,28,28,5.0
SW 36TH CT,193,1,28,28,5.0
SW 36TH PL,205,1,28,28,5.0
SW 37TH AVE,846,1,28,28,5.0
SW 37TH AVE,665,2,28,28,5.0
SW 37TH AVE,228,1,28,28,5.0
SW 38TH AVE,918,2,28,20,5.0
SW 38TH PL,937,1,28,28,5.0
SW 39TH DR,110,1,28,28,5.0
SW 40TH AVE,719,1,28,28,5.0
SW 41ST AVE,880,1,28,28,5.0
SW 41ST AVE,330,1,28,28,5.0
SW 42ND AVE,485,1,28,28,5.0
SW 42ND AVE,449,1,28,28,5.0
SW 42ND AVE,183,1,28,28,5.0
SW 45TH AVE,273,1,28,28,5.0
SW 48TH AVE,650,2,28,18,5.0
SW 48TH AVE,305,1,28,28,5.0
SW 4TH AVE,457,1,28,28,5.0
SW 4TH AVE,360,1,28,28,5.0
SW 50TH AVE,610,1,28,28,5.0
SW 50TH AVE,510,1,28,28,5.0
SW 50TH AVE,277,1,28,28,5.0
SW 50TH AVE,131,1,28,28,5.0
SW 51ST PL,351,1,28,28,5.0
SW 52ND AVE,502,1,28,28,5.0
SW 52ND AVE,487,1,28,28,5.0
SW 52ND AVE,444,1,28,28,5.0
SW 52ND AVE,271,1,28,18,5.0
SW 53RD AVE,778,1,28,28,5.0
SW 53RD AVE,615,2,28,28,5.0
SW 53RD AVE,501,1,28,28,5.0
SW 53RD AVE,255,1,28,28,5.0
SW 53RD AVE,247,1,28,28,5.0
SW 53RD CT,138,1,28,28,5.0
SW 54TH AVE,635,1,28,28,5.0
SW 54TH AVE,507,1,28,28,5.0
SW 55TH AVE,130,1,28,28,5.0
SW 55TH DR,453,1,28,28,5.0
SW 55TH DR,368,1,28,28,5.0
SW 56TH AVE,375,1,28,28,5.0
SW 56TH AVE,294,1,28,28,5.0
SW 56TH PL,197,1,28,28,5.0
SW 59TH AVE,341,1,28,28,5.0
SW 59TH CIR,98,1,28,28,5.0
SW 59TH PL,1269,2,28,28,5.0
SW 60TH CT,200,1,28,28,5.0
SW 61ST PL,339,1,28,28,5.0
SW 62ND AVE,453,1,28,28,5.0
SW 63RD AVE,603,1,28,1,5.0
SW 63RD AVE,317,1,28,28,5.0
SW 63RD AVE,312,1,28,28,5.0
SW 63RD AVE,265,1,28,28,5.0
SW 63RD AVE,191,1,28,28,5.0
SW 64TH AVE,949,1,28,28,5.0
SW 64TH AVE,458,1,28,28,5.0
SW 64TH CT,172,1,28,28,5.0
SW 6TH AVE,454,1,28,28,5.0
SW 6TH AVE,210,1,28,28,5.0
SW 6TH PL,438,2,28,28,5.0
SW 8TH AVE,963,2,28,28,5.0
SW 8TH AVE,336,1,28,28,5.0
SW 8TH DR,1581,1,28,28,5.0
SW 9TH AVE,842,2,28,28,5.0
SW ALFRED ST,730,1,28,28,5.0
SW ALFRED ST,545,1,28,28,5.0
SW ALTA MIRA CIR,227,1,28,28,5.0
SW BALMER CIR,1125,2,28,28,5.0
SW BALMER CIR,301,1,28,28,5.0
SW BERTHA AVE,324,1,28,28,5.0
SW BOUNDARY ST,1020,1,28,20,5.0
SW BOUNDARY ST,435,1,28,28,5.0
SW BRUGGER ST,983,1,28,20,5.0
SW BURLINGAME AVE,394,1,28,28,5.0
SW CALDEW ST,623,1,28,28,5.0
SW CANBY ST,331,1,28,28,5.0
SW CANBY ST,317,1,28,28,5.0
SW CARAWAY CT,497,1,28,28,5.0
SW CAROLINA ST,312,1,28,28,5.0
SW CARSON ST,649,1,28,28,5.0
SW CARSON ST,560,1,28,28,5.0
SW CARSON ST,331,1,28,28,5.0
SW CARSON ST,260,1,28,28,5.0
SW CHELTENHAM DR,495,1,28,28,5.0
SW CHESTNUT ST,151,1,28,28,5.0
SW CLIFTON ST,289,1,28,28,5.0
SW CLIFTON ST,208,1,28,28,5.0
SW COMUS ST,288,1,28,28,5.0
SW COMUS ST,286,1,28,28,5.0
SW COMUS ST,280,1,28,28,5.0
SW CORONADO ST,517,1,28,28,5.0
SW CREIGHTONWOOD PL,882,1,28,28,5.0
SW CRESTLINE DR,147,1,28,28,5.0
SW CUSTER ST,1426,2,28,22,5.0
SW CUSTER ST,330,1,28,28,5.0
SW DAKOTA ST,611,1,28,28,5.0
SW DAKOTA ST,401,1,28,28,5.0
SW DAKOTA ST,230,1,28,22,5.0
SW DAKOTA ST,199,1,28,28,5.0
SW DAKOTA ST,146,1,28,28,5.0
SW DAVENPORT ST,1203,1,28,24,5.0
SW DEWITT ST,288,1,28,28,5.0
SW DOLPH CT,142,1,28,28,5.0
SW DOLPH DR,130,1,28,28,5.0
SW DOLPH ST,560,1,28,28,5.0
SW DOLPH ST,524,1,28,28,5.0
SW DOWNS VIEW CT,950,1,28,28,5.0
SW DOWNSVIEW TER,409,1,28,28,5.0
SW EAGLES NEST LN,447,2,28,12,5.0
SW EDGEWOOD RD,1562,4,28,18,5.0
SW ELIZABETH CT,169,1,28,28,5.0
SW ELIZABETH ST,263,1,28,28,5.0
SW FLORIDA ST,463,1,28,28,5.0
SW FLOWER ST,442,1,28,28,5.0
SW FLOWER ST,107,1,28,1,5.0
SW FREEMAN ST,708,1,28,28,5.0
SW FREEMAN ST,560,1,28,28,5.0
SW FREEMAN ST,126,1,28,28,5.0
SW FREEMAN ST,125,1,28,28,5.0
SW GAINES ST,260,1,28,28,5.0
SW GALEBURN ST,101,1,28,28,5.0
SW HAMILTON CT,188,1,28,28,5.0
SW HAMILTON CT,138,1,28,28,5.0
SW HAMILTON CT,93,1,28,28,5.0
SW HILEN CT,147,1,28,28,5.0
SW HOWARDS WAY,260,1,28,28,5.0
SW HUME CT,648,1,28,28,5.0
SW HUME CT,559,1,28,28,5.0
SW HUME ST,651,1,28,28,5.0
SW HUME ST,230,1,28,28,5.0
SW HUME ST,193,1,28,28,5.0
SW IDAHO ST,351,1,28,28,5.0
SW IDAHO ST,278,1,28,28,5.0
SW IDAHO TER,247,1,28,28,5.0
SW ILLINOIS ST,819,2,28,28,5.0
SW IOWA ST,925,1,28,28,5.0
SW IOWA ST,395,1,28,28,5.0
SW IOWA ST,367,1,28,28,5.0
SW IOWA ST,191,1,28,28,5.0
SW JACKSON ST,342,1,28,28,5.0
SW JAN TREE CT,627,1,28,28,5.0
SW JERALD WAY,178,1,28,28,5.0
SW JULIA CT,194,1,28,28,5.0
SW KANAN ST,167,1,28,28,5.0
SW KARLA CT,283,1,28,28,5.0
SW KRUSE RIDGE DR,305,1,28,28,5.0
SW LEE ST,451,1,28,28,5.0
SW LOGAN CT,177,1,28,28,5.0
SW LOOP DR,1340,1,28,28,5.0
SW LOOP DR,388,1,28,28,5.0
SW LURADEL CT,149,1,28,28,5.0
SW LURADEL LN,311,1,28,28,5.0
SW LURADEL ST,1171,1,28,28,5.0
SW LURADEL ST,285,1,28,28,5.0
SW LYLE CT,634,1,28,28,5.0
SW MARIGOLD ST,1516,1,28,22,5.0
SW MARTHA ST,195,1,28,28,5.0
SW MELVILLE AVE,1209,3,28,9,5.0
SW MILES CT,226,1,28,28,5.0
SW MILES ST,303,1,28,28,5.0
SW MILES ST,297,1,28,28,5.0
SW MONTGOMERY DR,366,1,28,28,5.0
SW MOSS ST,249,1,28,28,5.0
SW NEBRASKA ST,839,1,28,28,5.0
SW NEBRASKA ST,460,1,28,28,5.0
SW NEVADA ST,310,1,28,28,5.0
SW NEVADA ST,260,1,28,28,5.0
SW NEVADA TER,1407,1,28,28,5.0
SW ORCHID DR,150,1,28,28,5.0
SW ORCHID ST,260,1,28,28,5.0
SW ORCHID ST,147,1,28,28,5.0
SW PATTON CT,1213,1,28,26,5.0
SW PENDLETON ST,927,1,28,28,5.0
SW RICHARDSON ST,388,1,28,28,5.0
SW ROBERT CT,494,1,28,28,5.0
SW SELLING CT,290,1,28,28,5.0
SW SEMLER WAY,503,1,28,28,5.0
SW SEYMOUR CT,502,1,28,28,5.0
SW SEYMOUR CT,251,1,28,28,5.0
SW SEYMOUR DR,1061,2,28,24,5.0
SW SEYMOUR ST,290,1,28,28,5.0
SW SIERRA VISTA DR,139,1,28,28,5.0
SW SNYDER PL,351,1,28,28,5.0
SW SNYDER PL,136,1,28,28,5.0
SW SPRING GARDEN ST,401,1,28,28,5.0
SW ST HELENS CT,320,1,28,28,5.0
SW STONEBROOK CT,366,1,28,28,5.0
SW STONEBROOK DR,344,1,28,28,5.0
SW STREAMSIDE CT,100,1,28,28,5.0
SW STREAMSIDE DR,188,1,28,28,5.0
SW STREAMSIDE DR,155,1,28,28,5.0
SW TERLYN CT,260,1,28,28,5.0
SW TERWILLIGER PL,266,1,28,28,5.0
SW TEXAS CT,402,1,28,28,5.0
SW TEXAS ST,710,1,28,28,5.0
SW TEXAS ST,257,1,28,28,5.0
SW TOWER WAY,709,1,28,28,5.0
SW TROY ST,663,1,28,28,5.0
SW TROY ST,432,1,28,28,5.0
SW TUNNELWOOD ST,564,1,28,28,5.0
SW VACUNA CT,223,1,28,28,5.0
SW VACUNA CT,159,1,28,28,5.0
SW VIEW POINT TER,212,1,28,28,5.0
SW VINCENT PL,426,1,28,28,5.0
SW WESTDALE DR,1886,3,28,28,5.0
SW WOODS CREEK CT,576,1,28,28,5.0
N CECELIA ST,279,1,29,29,5.5
N DWIGHT AVE,216,1,29,29,5.5
N DWIGHT AVE,195,1,29,29,5.5
N DWIGHT AVE,155,1,29,29,5.5
N DWIGHT AVE,126,1,29,29,5.5
N ESPERANZA ST,265,1,29,29,5.5
N FESSENDEN ST,210,1,29,29,5.5
N FESSENDEN ST,190,1,29,29,5.5
N FESSENDEN ST,176,1,29,29,5.5
N FISKE AVE,201,1,29,29,5.5
N HAVEN AVE,198,1,29,29,5.5
N HAVEN AVE,121,1,29,29,5.5
N HUDSON ST,180,1,29,29,5.5
N NEWARK ST,277,1,29,29,5.5
N NEWARK ST,167,1,29,29,5.5
N NEWARK ST,133,1,29,29,5.5
N NEWARK ST,100,1,29,29,5.5
N TRENTON ST,140,1,29,29,5.5
N WOOLSEY AVE,124,1,29,29,5.5
N WOOLSEY AVE,98,1,29,29,5.5
NE 64TH AVE,234,1,29,29,5.5
NE ASHLEY ST,262,1,29,29,5.5
NE DAVIS ST,298,1,29,29,5.5
NE KILLINGSWORTH CT,260,1,29,29,5.5
NE SIMPSON ST,454,1,29,29,5.5
SE 103RD AVE,482,1,29,29,5.5
SE 103RD AVE,302,1,29,29,5.5
SE 105TH AVE,480,1,29,29,5.5
SE 119TH AVE,255,1,29,29,5.5
SE 124TH AVE,629,2,29,16,5.5
SE 127TH PL,228,1,29,29,5.5
SE 128TH AVE,270,1,29,29,5.5
SE 133RD AVE,267,1,29,29,5.5
SE 171ST AVE,590,1,29,29,5.5
SE 171ST AVE,380,1,29,29,5.5
SE 171ST AVE,255,1,29,29,5.5
SE 23RD AVE,260,1,29,29,5.5
SE 60TH PL,241,1,29,29,5.5
SE 62ND AVE,255,1,29,29,5.5
SE 66TH AVE,458,1,29,29,5.5
SE 97TH AVE,396,1,29,29,5.5
SE ANKENY ST,384,1,29,29,5.5
SE ANKENY ST,336,1,29,29,5.5
SE CLAYBOURNE ST,145,1,29,29,5.5
SE MITCHELL ST,256,1,29,29,5.5
SE PINE ST,378,1,29,29,5.5
SE PINE ST,341,1,29,29,5.5
SE STEELE ST,313,1,29,29,5.5
SE TAGGART CT,166,1,29,29,5.5
SW 27TH PL,500,1,29,29,5.5
SW 27TH PL,302,1,29,29,5.5
SW ORCHARD HILL LN,396,1,29,29,5.5
SW ORCHARD HILL PL,321,1,29,29,5.5
SW ORCHARD HILL PL,244,1,29,29,5.5
N ADRIATIC AVE,166,1,30,30,6.0
N ALASKA PL,614,1,30,30,6.0
N ARGYLE ST,614,1,30,30,6.0
N ARGYLE ST,254,1,30,30,6.0
N ARLINGTON PL,687,1,30,30,6.0
N ARMOUR ST,570,1,30,30,6.0
N ATLANTIC AVE,662,1,30,30,6.0
N ATTU ST,677,1,30,30,6.0
N BALDWIN ST,625,1,30,30,6.0
N BALDWIN ST,515,1,30,30,6.0
N BALDWIN ST,507,1,30,30,6.0
N BALDWIN ST,412,1,30,30,6.0
N BANK ST,267,1,30,30,6.0
N BANK ST,258,1,30,30,6.0
N BARR AVE,342,1,30,30,6.0
N BORTHWICK AVE,409,1,30,30,6.0
N BOSTON AVE,663,1,30,30,6.0
N BOSTON AVE,660,1,30,30,6.0
N BOSTON AVE,660,1,30,30,6.0
N BOSTON AVE,657,1,30,30,6.0
N BOSTON AVE,655,1,30,30,6.0
N BOSTON AVE,640,1,30,30,6.0
N BUCHANAN AVE,282,1,30,30,6.0
N BUCHANAN AVE,261,1,30,30,6.0
N BUCHANAN AVE,261,1,30,30,6.0
N BUCHANAN AVE,261,1,30,30,6.0
N BUCHANAN AVE,252,1,30,30,6.0
N BUCHANAN AVE,244,1,30,30,6.0
N BUFFALO ST,544,1,30,30,6.0
N BUFFALO ST,526,1,30,30,6.0
N BUFFALO ST,520,1,30,30,6.0
N BUFFALO ST,464,1,30,30,6.0
N BUFFALO ST,391,1,30,30,6.0
N BUFFALO ST,261,1,30,30,6.0
N BUFFALO ST,260,1,30,30,6.0
N BURR AVE,1026,2,30,30,6.0
N BURR AVE,519,1,30,30,6.0
N BURR AVE,513,1,30,30,6.0
N BURR AVE,505,1,30,30,6.0
N BURR AVE,479,1,30,30,6.0
N BURR AVE,249,1,30,30,6.0
N BURR AVE,246,1,30,30,6.0
N CALVERT AVE,700,1,30,30,6.0
N CALVERT AVE,371,1,30,30,6.0
N CENTRAL ST,293,1,30,30,6.0
N CENTRAL ST,282,1,30,30,6.0
N CENTRAL ST,263,1,30,30,6.0
N CENTRAL ST,202,1,30,30,6.0
N CENTRAL ST,156,1,30,30,6.0
N CHARLESTON AVE,263,1,30,30,6.0
N CHASE AVE,798,1,30,30,6.0
N CHASE AVE,550,1,30,30,6.0
N CHICAGO AVE,643,1,30,30,6.0
N CHICAGO AVE,460,1,30,30,6.0
N COLFAX ST,603,1,30,30,6.0
N COLFAX ST,449,1,30,30,6.0
N COLONIAL AVE,150,1,30,30,6.0
N COMMERCIAL AVE,763,1,30,30,6.0
N COMMERCIAL AVE,479,1,30,30,6.0
N COMMERCIAL AVE,399,1,30,30,6.0
N COMMERCIAL AVE,282,1,30,30,6.0
N COMMERCIAL AVE,265,1,30,30,6.0
N COMMERCIAL AVE,265,1,30,30,6.0
N COMMERCIAL AVE,250,1,30,30,6.0
N COMMERCIAL AVE,250,1,30,30,6.0
N COMMERCIAL AVE,250,1,30,30,6.0
N COMMERCIAL AVE,250,1,30,30,6.0
N CRAMER ST,201,1,30,30,6.0
N CRAWFORD ST,282,1,30,30,6.0
N DEKUM ST,271,1,30,30,6.0
N DELAWARE AVE,660,1,30,30,6.0
N DELAWARE AVE,659,1,30,30,6.0
N DELAWARE AVE,652,1,30,30,6.0
N DELAWARE AVE,650,1,30,30,6.0
N DELAWARE AVE,150,1,30,30,6.0
N DELAWARE AVE,150,1,30,30,6.0
N FARRAGUT ST,838,3,30,28,6.0
N FARRAGUT ST,687,1,30,30,6.0
N FARRAGUT ST,515,1,30,30,6.0
N FARRAGUT ST,506,1,30,30,6.0
N FISKE AVE,661,1,30,30,6.0
N FISKE AVE,592,1,30,30,6.0
N FISKE AVE,461,1,30,30,6.0
N FISKE AVE,460,1,30,30,6.0
N FISKE AVE,155,1,30,30,6.0
N FISKE AVE,143,1,30,30,6.0
N GANTENBEIN AVE,289,1,30,30,6.0
N GILBERT AVE,427,1,30,30,6.0
N GILBERT AVE,338,1,30,30,6.0
N GILBERT AVE,264,1,30,30,6.0
N GILBERT AVE,257,1,30,30,6.0
N GILBERT AVE,237,1,30,30,6.0
N GILBERT PL,302,1,30,30,6.0
N GIRARD ST,186,1,30,30,6.0
N HAIGHT AVE,758,1,30,30,6.0
N HAIGHT AVE,478,1,30,30,6.0
N HAIGHT AVE,470,1,30,30,6.0
N HAIGHT AVE,402,1,30,30,6.0
N HAMLIN AVE,274,1,30,30,6.0
N HOLLAND ST,560,1,30,30,6.0
N HOLLAND ST,524,1,30,30,6.0
N HOLLAND ST,520,1,30,30,6.0
N HOLLAND ST,448,1,30,30,6.0
N HOLLAND ST,393,1,30,30,6.0
N HOUGHTON ST,775,2,30,28,6.0
N HUMBOLDT ST,645,1,30,30,6.0
N HUMBOLDT ST,260,1,30,30,6.0
N HUMBOLDT ST,194,1,30,30,6.0
N HUNT ST,252,1,30,30,6.0
N HUNT ST,250,1,30,30,6.0
N JOHN AVE,512,1,30,30,6.0
N JUNEAU ST,678,1,30,30,6.0
N KISKA CT,163,1,30,30,6.0
N KISKA ST,384,1,30,30,6.0
N KISKA ST,298,1,30,30,6.0
N LEONARD ST,395,1,30,30,6.0
N LEONARD ST,260,1,30,30,6.0
N LEONARD ST,260,1,30,30,6.0
N MICHIGAN AVE,658,1,30,30,6.0
N MICHIGAN AVE,598,1,30,30,6.0
N MISSOURI AVE,1153,3,30,30,6.0
N MOBILE AVE,660,1,30,30,6.0
N MOBILE AVE,651,1,30,30,6.0
N MOHAWK AVE,366,1,30,30,6.0
N MONTANA AVE,675,2,30,30,6.0
N MONTANA AVE,327,1,30,30,6.0
N MOORE AVE,405,1,30,30,6.0
N MOORE AVE,299,1,30,30,6.0
N MOORE AVE,261,1,30,30,6.0
N MORGAN ST,294,1,30,30,6.0
N MORGAN ST,284,1,30,30,6.0
N MORGAN ST,278,1,30,30,6.0
N MORGAN ST,258,1,30,30,6.0
N MORGAN ST,250,1,30,30,6.0
N MORGAN ST,244,1,30,30,6.0
N NASHTON ST,296,1,30,30,6.0
N NEW YORK AVE,488,1,30,30,6.0
N NEWELL AVE,376,1,30,30,6.0
N OLIN AVE,659,1,30,30,6.0
N OLIN AVE,297,1,30,30,6.0
N OLIN AVE,292,1,30,30,6.0
N OLIN AVE,156,1,30,30,6.0
N OLIN AVE,145,1,30,30,6.0
N OMAHA AVE,658,1,30,30,6.0
N OMAHA AVE,655,1,30,30,6.0
N OMAHA AVE,109,1,30,30,6.0
N OVERLOOK BLVD,453,1,30,30,6.0
N OVERLOOK BLVD,243,1,30,30,6.0
N OVERLOOK BLVD,237,1,30,30,6.0
N OVERLOOK BLVD,235,1,30,30,6.0
N OVERLOOK BLVD,234,1,30,30,6.0
N PRESCOTT ST,423,1,30,30,6.0
N PRESCOTT ST,212,1,30,30,6.0
N RUSSET ST,613,1,30,30,6.0
N RUSSET ST,609,1,30,30,6.0
N RUSSET ST,515,1,30,30,6.0
N RUSSET ST,507,1,30,30,6.0
N RUSSET ST,445,1,30,30,6.0
N RUSSET ST,412,1,30,30,6.0
N RUSSET ST,173,1,30,30,6.0
N SALEM AVE,259,1,30,30,6.0
N SEDRO ST,494,1,30,30,6.0
N SEDRO ST,439,1,30,30,6.0
N SEDRO ST,343,1,30,30,6.0
N SEWARD AVE,542,1,30,30,6.0
N SEWARD AVE,288,1,30,30,6.0
N SEWARD AVE,245,1,30,30,6.0
N SEWARD CT,184,1,30,30,6.0
N SKY ST,637,1,30,30,6.0
N SMITH CT,126,1,30,30,6.0
N ST JOHNS AVE,262,1,30,30,6.0
N ST JOHNS AVE,260,1,30,30,6.0
N ST JOHNS AVE,256,1,30,30,6.0
N ST JOHNS AVE,175,1,30,30,6.0
N STAFFORD ST,950,3,30,30,6.0
N STAFFORD ST,576,1,30,30,6.0
N STAFFORD ST,522,1,30,30,6.0
N STAFFORD ST,520,1,30,30,6.0
N STAFFORD ST,432,1,30,30,6.0
N STAFFORD ST,394,1,30,30,6.0
N TAFT AVE,259,1,30,30,6.0
N TERRY ST,901,3,30,22,6.0
N TERRY ST,515,1,30,30,6.0
N TERRY ST,505,1,30,30,6.0
N TIOGA AVE,1075,2,30,10,6.0
N TRENTON ST,281,1,30,30,6.0
N TRENTON ST,250,1,30,30,6.0
N TRENTON ST,250,1,30,30,6.0
N TRUMBULL AVE,605,1,30,30,6.0
N TRUMBULL AVE,303,1,30,30,6.0
N TRUMBULL AVE,303,1,30,30,6.0
N TRUMBULL AVE,303,1,30,30,6.0
N TRUMBULL AVE,303,1,30,30,6.0
N TYLER AVE,989,2,30,30,6.0
N TYLER AVE,519,1,30,30,6.0
N TYLER AVE,509,1,30,30,6.0
N TYLER AVE,261,1,30,30,6.0
N TYLER AVE,242,1,30,30,6.0
N VAN HOUTEN AVE,800,1,30,30,6.0
N WASHBURNE AVE,307,1,30,30,6.0
N WASHBURNE AVE,256,1,30,30,6.0
N WATTS ST,853,3,30,15,6.0
N WATTS ST,504,1,30,30,6.0
N WESTANNA CT,294,1,30,30,6.0
N WILLAMETTE BLVD,216,1,30,30,6.0
N WILLIAMS AVE,409,1,30,30,6.0
N WILLIAMS AVE,295,1,30,30,6.0
N WILLIAMS AVE,265,1,30,30,6.0
N WILLIAMS AVE,265,1,30,30,6.0
N WILLIAMS AVE,261,1,30,30,6.0
N WILLIAMS AVE,250,1,30,30,6.0
N WILLIAMS AVE,250,1,30,30,6.0
N WILLIAMS AVE,250,1,30,30,6.0
N WILLIAMS AVE,250,1,30,30,6.0
N WILLIAMS AVE,250,1,30,30,6.0
N WINCHELL ST,1149,3,30,30,6.0
N WINCHELL ST,515,1,30,30,6.0
N WINCHELL ST,505,1,30,30,6.0
N WINCHELL ST,458,1,30,30,6.0
N WYGANT ST,250,1,30,30,6.0
NE 103RD AVE,667,1,30,30,6.0
NE 104TH AVE,330,1,30,30,6.0
NE 10TH AVE,474,1,30,30,6.0
NE 10TH AVE,462,1,30,30,6.0
NE 10TH AVE,450,1,30,30,6.0
NE 10TH AVE,450,1,30,30,6.0
NE 10TH AVE,450,1,30,30,6.0
NE 10TH AVE,355,1,30,30,6.0
NE 10TH AVE,350,1,30,30,6.0
NE 10TH AVE,330,1,30,30,6.0
NE 111TH AVE,660,1,30,30,6.0
NE 11TH AVE,474,1,30,30,6.0
NE 11TH AVE,462,1,30,30,6.0
NE 11TH AVE,450,1,30,30,6.0
NE 11TH AVE,450,1,30,30,6.0
NE 11TH AVE,450,1,30,30,6.0
NE 11TH AVE,360,1,30,30,6.0
NE 11TH AVE,350,1,30,30,6.0
NE 11TH AVE,330,1,30,30,6.0
NE 11TH AVE,330,1,30,30,6.0
NE 11TH AVE,220,1,30,30,6.0
NE 120TH AVE,300,1,30,30,6.0
NE 127TH AVE,325,1,30,30,6.0
NE 12TH AVE,474,1,30,30,6.0
NE 12TH AVE,462,1,30,30,6.0
NE 12TH AVE,450,1,30,30,6.0
NE 12TH AVE,450,1,30,30,6.0
NE 12TH AVE,450,1,30,30,6.0
NE 12TH AVE,350,1,30,30,6.0
NE 12TH AVE,344,1,30,30,6.0
NE 12TH AVE,330,1,30,30,6.0
NE 12TH AVE,330,1,30,30,6.0
NE 12TH AVE,330,1,30,30,6.0
NE 134TH PL,243,1,30,30,6.0
NE 13TH AVE,474,1,30,30,6.0
NE 13TH AVE,461,1,30,30,6.0
NE 13TH AVE,450,1,30,30,6.0
NE 13TH AVE,450,1,30,30,6.0
NE 13TH AVE,450,1,30,30,6.0
NE 13TH AVE,350,1,30,30,6.0
NE 13TH AVE,330,1,30,30,6.0
NE 13TH AVE,330,1,30,30,6.0
NE 13TH AVE,222,1,30,30,6.0
NE 13TH AVE,220,1,30,30,6.0
NE 13TH AVE,215,1,30,30,6.0
NE 144TH AVE,416,1,30,30,6.0
NE 144TH AVE,268,1,30,30,6.0
NE 144TH AVE,250,1,30,30,6.0
NE 144TH AVE,245,1,30,30,6.0
NE 14TH AVE,474,1,30,30,6.0
NE 14TH AVE,450,1,30,30,6.0
NE 14TH AVE,401,1,30,30,6.0
NE 14TH AVE,399,1,30,30,6.0
NE 14TH AVE,393,1,30,30,6.0
NE 14TH AVE,350,1,30,30,6.0
NE 14TH AVE,330,1,30,30,6.0
NE 14TH AVE,330,1,30,30,6.0
NE 14TH AVE,320,1,30,30,6.0
NE 14TH PL,505,1,30,30,6.0
NE 14TH PL,489,1,30,30,6.0
NE 14TH PL,450,1,30,30,6.0
NE 14TH PL,333,1,30,30,6.0
NE 152ND AVE,450,1,30,30,6.0
NE 153RD PL,363,1,30,30,6.0
NE 16TH AVE,560,1,30,30,6.0
NE 16TH AVE,505,1,30,30,6.0
NE 16TH AVE,489,1,30,30,6.0
NE 16TH AVE,455,1,30,30,6.0
NE 16TH AVE,450,1,30,30,6.0
NE 16TH AVE,418,1,30,30,6.0
NE 16TH AVE,333,1,30,30,6.0
NE 17TH AVE,505,1,30,30,6.0
NE 17TH AVE,489,1,30,30,6.0
NE 17TH AVE,455,1,30,30,6.0
NE 17TH AVE,450,1,30,30,6.0
NE 17TH AVE,418,1,30,30,6.0
NE 17TH AVE,333,1,30,30,6.0
NE 17TH AVE,250,1,30,30,6.0
NE 17TH AVE,250,1,30,30,6.0
NE 17TH AVE,250,1,30,30,6.0
NE 17TH AVE,250,1,30,30,6.0
NE 17TH AVE,250,1,30,30,6.0
NE 17TH AVE,250,1,30,30,6.0
NE 18TH AVE,560,1,30,30,6.0
NE 18TH AVE,505,1,30,30,6.0
NE 18TH AVE,489,1,30,30,6.0
NE 18TH AVE,455,1,30,30,6.0
NE 18TH AVE,450,1,30,30,6.0
NE 18TH AVE,418,1,30,30,6.0
NE 18TH AVE,333,1,30,30,6.0
NE 18TH AVE,251,1,30,30,6.0
NE 18TH AVE,250,1,30,30,6.0
NE 18TH AVE,250,1,30,30,6.0
NE 18TH AVE,250,1,30,30,6.0
NE 18TH AVE,250,1,30,30,6.0
NE 18TH AVE,250,1,30,30,6.0
NE 18TH AVE,250,1,30,30,6.0
NE 19TH AVE,658,1,30,30,6.0
NE 19TH AVE,637,1,30,30,6.0
NE 19TH AVE,559,1,30,30,6.0
NE 19TH AVE,505,1,30,30,6.0
NE 19TH AVE,489,1,30,30,6.0
NE 19TH AVE,476,1,30,30,6.0
NE 19TH AVE,455,1,30,30,6.0
NE 19TH AVE,450,1,30,30,6.0
NE 19TH AVE,447,1,30,30,6.0
NE 19TH AVE,418,1,30,30,6.0
NE 19TH AVE,393,1,30,30,6.0
NE 19TH AVE,333,1,30,30,6.0
NE 20TH AVE,559,1,30,30,6.0
NE 20TH AVE,505,1,30,30,6.0
NE 20TH AVE,489,1,30,30,6.0
NE 20TH AVE,455,1,30,30,6.0
NE 20TH AVE,450,1,30,30,6.0
NE 20TH AVE,418,1,30,30,6.0
NE 20TH AVE,333,1,30,30,6.0
NE 21ST AVE,505,1,30,30,6.0
NE 21ST AVE,489,1,30,30,6.0
NE 21ST AVE,455,1,30,30,6.0
NE 21ST AVE,450,1,30,30,6.0
NE 21ST AVE,333,1,30,30,6.0
NE 22ND AVE,505,1,30,30,6.0
NE 22ND AVE,489,1,30,30,6.0
NE 22ND AVE,460,1,30,30,6.0
NE 22ND AVE,455,1,30,30,6.0
NE 22ND AVE,450,1,30,30,6.0
NE 22ND AVE,450,1,30,30,6.0
NE 22ND AVE,418,1,30,30,6.0
NE 22ND AVE,395,1,30,30,6.0
NE 22ND AVE,333,1,30,30,6.0
NE 23RD AVE,560,1,30,30,6.0
NE 23RD AVE,559,1,30,30,6.0
NE 23RD AVE,505,1,30,30,6.0
NE 23RD AVE,489,1,30,30,6.0
NE 23RD AVE,455,1,30,30,6.0
NE 23RD AVE,450,1,30,30,6.0
NE 23RD AVE,419,1,30,30,6.0
NE 23RD AVE,395,1,30,30,6.0
NE 23RD AVE,333,1,30,30,6.0
NE 24TH AVE,505,1,30,30,6.0
NE 24TH AVE,489,1,30,30,6.0
NE 24TH AVE,455,1,30,30,6.0
NE 24TH AVE,450,1,30,30,6.0
NE 24TH AVE,423,1,30,30,6.0
NE 24TH AVE,333,1,30,30,6.0
NE 25TH AVE,504,1,30,30,6.0
NE 25TH AVE,489,1,30,30,6.0
NE 25TH AVE,454,1,30,30,6.0
NE 25TH AVE,450,1,30,30,6.0
NE 25TH AVE,428,1,30,30,6.0
NE 25TH AVE,333,1,30,30,6.0
NE 26TH AVE,563,1,30,30,6.0
NE 26TH AVE,504,1,30,30,6.0
NE 26TH AVE,489,1,30,30,6.0
NE 26TH AVE,454,1,30,30,6.0
NE 26TH AVE,450,1,30,30,6.0
NE 26TH AVE,424,1,30,30,6.0
NE 26TH AVE,359,1,30,30,6.0
NE 26TH AVE,334,1,30,30,6.0
NE 26TH AVE,275,1,30,30,6.0
NE 26TH AVE,260,1,30,30,6.0
NE 26TH AVE,255,1,30,30,6.0
NE 26TH AVE,255,1,30,30,6.0
NE 27TH AVE,564,1,30,30,6.0
NE 27TH AVE,358,1,30,30,6.0
NE 27TH AVE,255,1,30,30,6.0
NE 27TH AVE,255,1,30,30,6.0
NE 28TH AVE,879,2,30,30,6.0
NE 28TH AVE,504,1,30,30,6.0
NE 28TH AVE,489,1,30,30,6.0
NE 28TH AVE,454,1,30,30,6.0
NE 28TH AVE,419,1,30,30,6.0
NE 28TH AVE,406,1,30,30,6.0
NE 28TH AVE,333,1,30,30,6.0
NE 28TH AVE,260,1,30,30,6.0
NE 28TH AVE,260,1,30,30,6.0
NE 28TH AVE,250,1,30,30,6.0
NE 28TH AVE,203,1,30,30,6.0
NE 29TH AVE,505,1,30,30,6.0
NE 29TH AVE,489,1,30,30,6.0
NE 29TH AVE,333,1,30,30,6.0
NE 30TH AVE,505,1,30,30,6.0
NE 30TH AVE,489,1,30,30,6.0
NE 30TH AVE,333,1,30,30,6.0
NE 31ST AVE,262,1,30,30,6.0
NE 31ST AVE,258,1,30,30,6.0
NE 31ST AVE,190,1,30,30,6.0
NE 31ST AVE,181,1,30,30,6.0
NE 31ST AVE,171,1,30,30,6.0
NE 31ST AVE,128,1,30,30,6.0
NE 37TH AVE,556,1,30,30,6.0
NE 37TH AVE,445,1,30,30,6.0
NE 38TH AVE,575,1,30,30,6.0
NE 38TH AVE,421,1,30,30,6.0
NE 40TH AVE,415,1,30,30,6.0
NE 41ST AVE,575,1,30,30,6.0
NE 41ST AVE,413,1,30,30,6.0
NE 44TH AVE,303,1,30,30,6.0
NE 46TH PL,326,1,30,30,6.0
NE 52ND AVE,487,1,30,30,6.0
NE 55TH AVE,443,1,30,30,6.0
NE 55TH AVE,440,1,30,30,6.0
NE 55TH AVE,281,1,30,30,6.0
NE 58TH AVE,533,1,30,30,6.0
NE 58TH AVE,455,1,30,30,6.0
NE 59TH AVE,533,1,30,30,6.0
NE 61ST AVE,256,1,30,30,6.0
NE 63RD AVE,505,1,30,30,6.0
NE 65TH AVE,731,2,30,28,6.0
NE 65TH AVE,219,1,30,30,6.0
NE 68TH AVE,395,1,30,30,6.0
NE 6TH AVE,474,1,30,30,6.0
NE 6TH AVE,464,1,30,30,6.0
NE 6TH AVE,450,1,30,30,6.0
NE 6TH AVE,450,1,30,30,6.0
NE 6TH AVE,445,1,30,30,6.0
NE 6TH AVE,350,1,30,30,6.0
NE 6TH AVE,330,1,30,30,6.0
NE 6TH AVE,330,1,30,30,6.0
NE 6TH AVE,261,1,30,30,6.0
NE 6TH AVE,249,1,30,30,6.0
NE 6TH AVE,163,1,30,30,6.0
NE 70TH AVE,420,1,30,30,6.0
NE 70TH AVE,391,1,30,30,6.0
NE 70TH AVE,268,1,30,30,6.0
NE 70TH AVE,257,1,30,30,6.0
NE 70TH AVE,252,1,30,30,6.0
NE 70TH AVE,144,1,30,30,6.0
NE 73RD AVE,640,1,30,30,6.0
NE 73RD AVE,450,1,30,30,6.0
NE 73RD AVE,444,1,30,30,6.0
NE 73RD AVE,287,1,30,30,6.0
NE 73RD AVE,129,1,30,30,6.0
NE 74TH AVE,660,1,30,30,6.0
NE 74TH AVE,656,1,30,30,6.0
NE 75TH AVE,660,1,30,30,6.0
NE 75TH AVE,657,1,30,30,6.0
NE 75TH AVE,505,2,30,30,6.0
NE 75TH AVE,450,1,30,30,6.0
NE 75TH AVE,449,1,30,30,6.0
NE 75TH AVE,407,1,30,30,6.0
NE 75TH AVE,286,1,30,30,6.0
NE 75TH AVE,264,1,30,30,6.0
NE 75TH AVE,134,1,30,30,6.0
NE 76TH AVE,660,1,30,30,6.0
NE 76TH AVE,619,1,30,30,6.0
NE 76TH AVE,455,1,30,30,6.0
NE 76TH AVE,286,1,30,30,6.0
NE 77TH AVE,450,1,30,30,6.0
NE 77TH AVE,389,1,30,30,6.0
NE 77TH AVE,285,1,30,30,6.0
NE 77TH AVE,250,1,30,30,6.0
NE 77TH AVE,238,1,30,30,6.0
NE 77TH PL,154,1,30,30,6.0
NE 78TH AVE,450,1,30,30,6.0
NE 78TH AVE,392,1,30,30,6.0
NE 78TH AVE,295,1,30,30,6.0
NE 78TH AVE,288,1,30,30,6.0
NE 78TH AVE,238,1,30,30,6.0
NE 78TH AVE,130,1,30,30,6.0
NE 79TH AVE,715,1,30,30,6.0
NE 79TH AVE,662,1,30,30,6.0
NE 79TH AVE,660,1,30,30,6.0
NE 79TH AVE,655,1,30,30,6.0
NE 79TH AVE,512,1,30,30,6.0
NE 79TH AVE,450,1,30,30,6.0
NE 79TH AVE,284,1,30,30,6.0
NE 7TH AVE,330,1,30,30,6.0
NE 7TH AVE,287,1,30,30,6.0
NE 7TH AVE,240,1,30,30,6.0
NE 7TH AVE,240,1,30,30,6.0
NE 80TH AVE,656,1,30,30,6.0
NE 80TH AVE,514,1,30,30,6.0
NE 80TH AVE,450,1,30,30,6.0
NE 80TH AVE,284,1,30,30,6.0
NE 81ST AVE,669,1,30,30,6.0
NE 81ST AVE,515,1,30,30,6.0
NE 81ST AVE,297,1,30,30,6.0
NE 87TH AVE,299,1,30,30,6.0
NE 88TH AVE,267,1,30,30,6.0
NE 88TH AVE,260,1,30,30,6.0
NE 89TH AVE,313,1,30,30,6.0
NE 8TH AVE,661,1,30,30,6.0
NE 8TH AVE,474,1,30,30,6.0
NE 8TH AVE,463,1,30,30,6.0
NE 8TH AVE,450,1,30,30,6.0
NE 8TH AVE,450,1,30,30,6.0
NE 8TH AVE,450,1,30,30,6.0
NE 8TH AVE,350,1,30,30,6.0
NE 8TH AVE,330,1,30,30,6.0
NE 8TH AVE,330,1,30,30,6.0
NE 8TH AVE,330,1,30,30,6.0
NE 8TH AVE,249,1,30,30,6.0
NE 8TH AVE,161,1,30,30,6.0
NE 90TH AVE,518,1,30,30,6.0
NE 93RD AVE,1300,3,30,30,6.0
NE 9TH AVE,878,1,30,30,6.0
NE 9TH AVE,474,1,30,30,6.0
NE 9TH AVE,462,1,30,30,6.0
NE 9TH AVE,450,1,30,30,6.0
NE 9TH AVE,450,1,30,30,6.0
NE 9TH AVE,450,1,30,30,6.0
NE 9TH AVE,350,1,30,30,6.0
NE 9TH AVE,346,1,30,30,6.0
NE 9TH AVE,344,1,30,30,6.0
NE 9TH AVE,330,1,30,30,6.0
NE 9TH AVE,330,1,30,30,6.0
NE 9TH AVE,236,1,30,30,6.0
NE 9TH AVE,227,1,30,30,6.0
NE 9TH AVE,211,1,30,30,6.0
NE BEAKEY ST,649,2,30,30,6.0
NE BEECH ST,920,2,30,30,6.0
NE BEECH ST,258,1,30,30,6.0
NE BEECH ST,250,1,30,30,6.0
NE BEECH ST,250,1,30,30,6.0
NE BEECH ST,250,1,30,30,6.0
NE BROADWAY,656,1,30,30,6.0
NE BROADWAY,245,1,30,30,6.0
NE BROADWAY,240,1,30,30,6.0
NE BROADWAY,240,1,30,30,6.0
NE BRYANT ST,806,1,30,30,6.0
NE BRYANT ST,438,1,30,30,6.0
NE BRYANT ST,438,1,30,30,6.0
NE BRYANT ST,259,1,30,30,6.0
NE BRYANT ST,257,1,30,30,6.0
NE BRYANT ST,250,1,30,30,6.0
NE BUFFALO ST,720,1,30,30,6.0
NE BUFFALO ST,517,1,30,30,6.0
NE BUFFALO ST,508,1,30,30,6.0
NE BUFFALO ST,457,1,30,30,6.0
NE BUFFALO ST,427,1,30,30,6.0
NE CESAR E CHAVEZ BLVD,575,1,30,30,6.0
NE CESAR E CHAVEZ BLVD,418,1,30,30,6.0
NE CLACKAMAS ST,250,1,30,30,6.0
NE CLACKAMAS ST,250,1,30,30,6.0
NE CLACKAMAS ST,250,1,30,30,6.0
NE CLACKAMAS ST,205,1,30,30,6.0
NE CLEVELAND AVE,412,1,30,30,6.0
NE CLEVELAND AVE,292,1,30,30,6.0
NE CLEVELAND AVE,259,1,30,30,6.0
NE COOK ST,778,1,30,30,6.0
NE COOK ST,640,1,30,30,6.0
NE DAVIS ST,261,1,30,30,6.0
NE DAVIS ST,260,1,30,30,6.0
NE EMERSON ST,250,1,30,30,6.0
NE EMERSON ST,250,1,30,30,6.0
NE EMERSON ST,250,1,30,30,6.0
NE EVERETT ST,516,1,30,30,6.0
NE EVERETT ST,294,1,30,30,6.0
NE EVERETT ST,282,1,30,30,6.0
NE EVERETT ST,280,1,30,30,6.0
NE EVERETT ST,250,1,30,30,6.0
NE EVERETT ST,248,1,30,30,6.0
NE FARGO CT,1487,2,30,26,6.0
NE FARGO ST,1303,1,30,30,6.0
NE FARGO ST,655,1,30,30,6.0
NE FARGO ST,640,1,30,30,6.0
NE FLANDERS ST,522,1,30,30,6.0
NE FLANDERS ST,372,1,30,30,6.0
NE FLANDERS ST,369,1,30,30,6.0
NE GARFIELD AVE,662,1,30,30,6.0
NE GARFIELD AVE,540,1,30,30,6.0
NE GARFIELD AVE,424,1,30,30,6.0
NE GILHAM AVE,408,1,30,30,6.0
NE GOING ST,300,1,30,30,6.0
NE GOING ST,269,1,30,30,6.0
NE GOING ST,260,1,30,30,6.0
NE GOING ST,260,1,30,30,6.0
NE GOING ST,260,1,30,30,6.0
NE GOING ST,260,1,30,30,6.0
NE GOING ST,255,1,30,30,6.0
NE GOING ST,250,1,30,30,6.0
NE GRAHAM ST,650,1,30,30,6.0
NE GRAND AVE,474,1,30,30,6.0
NE GRAND AVE,464,1,30,30,6.0
NE GRAND AVE,450,1,30,30,6.0
NE GRAND AVE,450,1,30,30,6.0
NE GRAND AVE,445,1,30,30,6.0
NE GRAND AVE,350,1,30,30,6.0
NE GRAND AVE,330,1,30,30,6.0
NE GRAND AVE,330,1,30,30,6.0
NE GRAND AVE,329,1,30,30,6.0
NE HANCOCK ST,1154,2,30,30,6.0
NE HANCOCK ST,774,1,30,30,6.0
NE HANCOCK ST,245,1,30,30,6.0
NE HANCOCK ST,240,1,30,30,6.0
NE HANCOCK ST,240,1,30,30,6.0
NE HASSALO ST,376,1,30,30,6.0
NE HASSALO ST,254,1,30,30,6.0
NE HIGHLAND ST,804,1,30,30,6.0
NE HIGHLAND ST,438,1,30,30,6.0
NE HIGHLAND ST,438,1,30,30,6.0
NE HIGHLAND ST,424,1,30,30,6.0
NE HIGHLAND ST,325,1,30,30,6.0
NE HOLLADAY ST,251,1,30,30,6.0
NE HOLLADAY ST,250,1,30,30,6.0
NE HOLLADAY ST,250,1,30,30,6.0
NE HOLLADAY ST,250,1,30,30,6.0
NE HOLLADAY ST,250,1,30,30,6.0
NE HOLLADAY ST,220,1,30,30,6.0
NE HOLLADAY ST,163,1,30,30,6.0
NE HOLLAND ST,516,1,30,30,6.0
NE HOLLAND ST,509,1,30,30,6.0
NE HOLLAND ST,457,1,30,30,6.0
NE HOLLAND ST,427,1,30,30,6.0
NE HOLLAND ST,267,1,30,30,6.0
NE HOLLAND ST,239,1,30,30,6.0
NE HOLMAN ST,266,1,30,30,6.0
NE HOLMAN ST,253,1,30,30,6.0
NE HOLMAN ST,183,1,30,30,6.0
NE HOLMAN ST,168,1,30,30,6.0
NE HOYT ST,691,1,30,30,6.0
NE HUMBOLDT ST,600,1,30,30,6.0
NE JUNIOR ST,806,1,30,30,6.0
NE JUNIOR ST,438,1,30,30,6.0
NE JUNIOR ST,425,1,30,30,6.0
NE KILLINGSWORTH CT,458,1,30,30,6.0
NE KILLINGSWORTH CT,430,1,30,30,6.0
NE LIBERTY ST,805,1,30,30,6.0
NE LIBERTY ST,438,1,30,30,6.0
NE LIBERTY ST,438,1,30,30,6.0
NE LIBERTY ST,423,1,30,30,6.0
NE MALLORY AVE,664,1,30,30,6.0
NE MALLORY AVE,543,1,30,30,6.0
NE MALLORY AVE,464,1,30,30,6.0
NE MALLORY AVE,420,1,30,30,6.0
NE MALLORY AVE,265,1,30,30,6.0
NE MALLORY AVE,250,1,30,30,6.0
NE MALLORY AVE,250,1,30,30,6.0
NE MALLORY AVE,250,1,30,30,6.0
NE MALTBY ST,486,2,30,30,6.0
NE MASON ST,260,1,30,30,6.0
NE MASON ST,256,1,30,30,6.0
NE MASON ST,250,1,30,30,6.0
NE MASON ST,250,1,30,30,6.0
NE MASON ST,250,1,30,30,6.0
NE MASON ST,250,1,30,30,6.0
NE MASON ST,250,1,30,30,6.0
NE MASON ST,250,1,30,30,6.0
NE MASON ST,250,1,30,30,6.0
NE MASON ST,250,1,30,30,6.0
NE MASON ST,250,1,30,30,6.0
NE MILTON ST,663,1,30,30,6.0
NE MILTON ST,650,1,30,30,6.0
NE MILTON ST,262,1,30,30,6.0
NE MORGAN ST,260,1,30,30,6.0
NE MORGAN ST,260,1,30,30,6.0
NE MORGAN ST,257,1,30,30,6.0
NE MORGAN ST,254,1,30,30,6.0
NE MORGAN ST,250,1,30,30,6.0
NE MORGAN ST,250,1,30,30,6.0
NE MORGAN ST,203,1,30,30,6.0
NE MULTNOMAH ST,262,1,30,30,6.0
NE MULTNOMAH ST,251,1,30,14,6.0
NE MULTNOMAH ST,249,1,30,30,6.0
NE OREGON ST,593,1,30,30,6.0
NE OREGON ST,403,1,30,30,6.0
NE OREGON ST,281,1,30,30,6.0
NE OREGON ST,260,1,30,30,6.0
NE OREGON ST,260,1,30,30,6.0
NE OREGON ST,260,1,30,30,6.0
NE OREGON ST,222,1,30,30,6.0
NE OREGON ST,145,1,30,30,6.0
NE OREGON ST,135,1,30,30,6.0
NE OREGON ST,132,1,30,30,6.0
NE PACIFIC ST,698,1,30,30,6.0
NE PACIFIC ST,695,1,30,30,6.0
NE PORTLAND BOULEVARD CT,325,1,30,30,6.0
NE RODNEY AVE,666,1,30,30,6.0
NE RODNEY AVE,546,1,30,30,6.0
NE RODNEY AVE,355,1,30,30,6.0
NE RODNEY AVE,351,1,30,30,6.0
NE RODNEY AVE,351,1,30,30,6.0
NE RODNEY AVE,349,1,30,30,6.0
NE RODNEY AVE,278,1,30,30,6.0
NE RODNEY AVE,265,1,30,30,6.0
NE RODNEY AVE,250,1,30,30,6.0
NE RODNEY AVE,250,1,30,30,6.0
NE RODNEY AVE,250,1,30,30,6.0
NE RODNEY CT,416,1,30,30,6.0
NE ROSA PARKS WAY,804,1,30,30,6.0
NE ROSA PARKS WAY,438,1,30,30,6.0
NE ROSA PARKS WAY,438,1,30,30,6.0
NE ROSELAWN ST,937,1,30,30,6.0
NE ROSELAWN ST,750,1,30,30,6.0
NE ROSELAWN ST,372,1,30,30,6.0
NE RUSSELL ST,662,1,30,30,6.0
NE SACRAMENTO ST,650,1,30,30,6.0
NE SACRAMENTO ST,650,1,30,30,6.0
NE SACRAMENTO ST,560,1,30,30,6.0
NE SACRAMENTO ST,460,1,30,30,6.0
NE SAN RAFAEL ST,650,1,30,30,6.0
NE SAN RAFAEL ST,650,1,30,30,6.0
NE SARATOGA ST,806,1,30,30,6.0
NE SARATOGA ST,438,1,30,30,6.0
NE SARATOGA ST,438,1,30,30,6.0
NE SARATOGA ST,424,1,30,30,6.0
NE SCHUYLER ST,660,1,30,30,6.0
NE SCHUYLER ST,605,1,30,30,6.0
NE SCHUYLER ST,449,1,30,30,6.0
NE SCHUYLER ST,305,1,30,30,6.0
NE SHAVER ST,256,1,30,30,6.0
NE SHAVER ST,250,1,30,30,6.0
NE SHAVER ST,250,1,30,30,6.0
NE SHAVER ST,250,1,30,30,6.0
NE SHAVER ST,250,1,30,30,6.0
NE SHAVER ST,250,1,30,30,6.0
NE SHAVER ST,250,1,30,30,6.0
NE SHAVER ST,250,1,30,30,6.0
NE SHAVER ST,249,1,30,30,6.0
NE SIMPSON ST,454,1,30,30,6.0
NE SIMPSON ST,450,1,30,30,6.0
NE SISKIYOU ST,270,1,30,30,6.0
NE SKIDMORE ST,256,1,30,30,6.0
NE SKIDMORE ST,250,1,30,30,6.0
NE SKIDMORE ST,250,1,30,30,6.0
NE SKIDMORE ST,250,1,30,30,6.0
NE SKIDMORE ST,250,1,30,30,6.0
NE SKIDMORE ST,250,1,30,30,6.0
NE SKIDMORE ST,250,1,30,30,6.0
NE SKIDMORE ST,250,1,30,30,6.0
NE SKIDMORE ST,250,1,30,30,6.0
NE SKIDMORE ST,250,1,30,30,6.0
NE STAFFORD ST,666,1,30,30,6.0
NE STAFFORD ST,515,1,30,30,6.0
NE STAFFORD ST,510,1,30,30,6.0
NE STAFFORD ST,457,1,30,30,6.0
NE STAFFORD ST,427,1,30,30,6.0
NE SUMNER ST,766,1,30,30,6.0
NE SUMNER ST,250,1,30,30,6.0
NE SUMNER ST,250,1,30,30,6.0
NE SUMNER ST,250,1,30,30,6.0
NE SUMNER ST,250,1,30,30,6.0
NE SUMNER ST,250,1,30,30,6.0
NE SUMNER ST,250,1,30,30,6.0
NE SUMNER ST,250,1,30,30,6.0
NE SUMNER ST,250,1,30,30,6.0
NE SUMNER ST,250,1,30,30,6.0
NE SUMNER ST,250,1,30,30,6.0
NE THOMPSON ST,650,1,30,30,6.0
NE THOMPSON ST,650,1,30,30,6.0
NE THOMPSON ST,270,1,30,30,6.0
NE THOMPSON ST,270,1,30,30,6.0
NE THOMPSON ST,266,1,30,30,6.0
NE THOMPSON ST,260,1,30,30,6.0
NE THOMPSON ST,260,1,30,30,6.0
NE THOMPSON ST,260,1,30,30,6.0
NE THOMPSON ST,260,1,30,30,6.0
NE THOMPSON ST,260,1,30,30,6.0
NE THOMPSON ST,260,1,30,30,6.0
NE THOMPSON ST,260,1,30,30,6.0
NE THOMPSON ST,260,1,30,30,6.0
NE TILLAMOOK ST,803,2,30,30,6.0
NE TILLAMOOK ST,663,1,30,30,6.0
NE TILLAMOOK ST,650,1,30,30,6.0
NE TILLAMOOK ST,275,1,30,30,6.0
NE TILLAMOOK ST,270,1,30,30,6.0
NE TILLAMOOK ST,269,1,30,30,6.0
NE TILLAMOOK ST,260,1,30,30,6.0
NE TILLAMOOK ST,260,1,30,30,6.0
NE TILLAMOOK ST,260,1,30,30,6.0
NE TILLAMOOK ST,260,1,30,30,6.0
NE TILLAMOOK ST,260,1,30,30,6.0
NE TILLAMOOK ST,260,1,30,30,6.0
NE TILLAMOOK ST,180,1,30,30,6.0
NE WASCO ST,331,1,30,30,6.0
NE WEBSTER ST,282,1,30,30,6.0
NE WEBSTER ST,252,1,30,30,6.0
NE WEBSTER ST,251,1,30,30,6.0
NE WEBSTER ST,248,1,30,30,6.0
NE WEBSTER ST,245,1,30,30,6.0
NE WEIDLER ST,454,1,30,30,6.0
NE WEIDLER ST,433,1,30,30,6.0
NE WEIDLER ST,329,1,30,30,6.0
NE WEIDLER ST,279,1,30,30,6.0
NE WEIDLER ST,255,1,30,30,6.0
NE WEIDLER ST,250,1,30,30,6.0
NE WEIDLER ST,179,1,30,30,6.0
NE WYGANT ST,265,1,30,30,6.0
NE WYGANT ST,260,1,30,30,6.0
NE WYGANT ST,250,1,30,30,6.0
NE WYGANT ST,250,1,30,30,6.0
NE WYGANT ST,250,1,30,30,6.0
NE WYGANT ST,250,1,30,30,6.0
NE WYGANT ST,250,1,30,30,6.0
NE WYGANT ST,250,1,30,30,6.0
NE WYGANT ST,250,1,30,30,6.0
NE WYGANT ST,250,1,30,30,6.0
NE WYGANT ST,250,1,30,30,6.0
NE WYGANT ST,250,1,30,30,6.0
NE WYGANT ST,250,1,30,30,6.0
NE WYGANT ST,250,1,30,30,6.0
NE WYGANT ST,250,1,30,30,6.0
NE WYGANT ST,250,1,30,30,6.0
NE WYGANT ST,250,1,30,30,6.0
NW ASPEN AVE,277,1,30,30,6.0
NW IRVING ST,260,1,30,30,6.0
NW PITTOCK AVE,606,1,30,30,6.0
NW PITTOCK AVE,329,1,30,30,6.0
NW SEBLAR DR,677,1,30,30,6.0
NW SEBLAR DR,676,1,30,30,6.0
NW SEBLAR DR,172,1,30,30,6.0
NW SEBLAR TER,1144,1,30,30,6.0
SE 100TH AVE,396,1,30,30,6.0
SE 100TH AVE,271,1,30,30,6.0
SE 101ST AVE,411,1,30,30,6.0
SE 101ST AVE,256,1,30,30,6.0
SE 101ST AVE,250,1,30,30,6.0
SE 101ST AVE,250,1,30,30,6.0
SE 102ND AVE,480,1,30,30,6.0
SE 103RD AVE,576,1,30,30,6.0
SE 108TH AVE,1593,2,30,30,6.0
SE 109TH AVE,574,1,30,30,6.0
SE 111TH AVE,472,1,30,30,6.0
SE 114TH AVE,211,1,30,30,6.0
SE 119TH AVE,493,1,30,1,6.0
SE 124TH AVE,378,1,30,30,6.0
SE 127TH AVE,256,1,30,30,6.0
SE 127TH AVE,205,1,30,30,6.0
SE 128TH AVE,462,1,30,30,6.0
SE 130TH AVE,947,2,30,28,6.0
SE 133RD AVE,605,1,30,30,6.0
SE 136TH AVE,1170,1,30,28,6.0
SE 137TH AVE,717,1,30,30,6.0
SE 137TH AVE,285,1,30,30,6.0
SE 142ND AVE,980,1,30,30,6.0
SE 153RD AVE,930,1,30,30,6.0
SE 15TH AVE,360,1,30,30,6.0
SE 15TH AVE,255,1,30,30,6.0
SE 18TH AVE,260,1,30,30,6.0
SE 18TH AVE,260,1,30,30,6.0
SE 18TH AVE,260,1,30,30,6.0
SE 19TH AVE,260,1,30,30,6.0
SE 21ST AVE,774,2,30,24,6.0
SE 21ST AVE,268,1,30,30,6.0
SE 21ST AVE,261,1,30,30,6.0
SE 22ND AVE,250,1,30,30,6.0
SE 22ND AVE,204,1,30,30,6.0
SE 23RD AVE,1624,2,30,28,6.0
SE 23RD AVE,296,1,30,30,6.0
SE 24TH AVE,493,1,30,30,6.0
SE 24TH AVE,470,1,30,30,6.0
SE 24TH AVE,293,1,30,30,6.0
SE 24TH AVE,260,1,30,30,6.0
SE 24TH AVE,260,1,30,30,6.0
SE 24TH AVE,260,1,30,30,6.0
SE 24TH AVE,258,1,30,30,6.0
SE 24TH AVE,256,1,30,30,6.0
SE 25TH AVE,495,1,30,30,6.0
SE 25TH AVE,470,1,30,30,6.0
SE 25TH AVE,467,1,30,30,6.0
SE 25TH AVE,325,1,30,30,6.0
SE 25TH AVE,275,1,30,30,6.0
SE 25TH AVE,162,1,30,30,6.0
SE 25TH AVE,157,1,30,30,6.0
SE 26TH AVE,261,1,30,30,6.0
SE 26TH AVE,260,1,30,30,6.0
SE 26TH AVE,249,1,30,30,6.0
SE 27TH AVE,649,1,30,30,6.0
SE 27TH AVE,520,1,30,30,6.0
SE 27TH AVE,455,1,30,30,6.0
SE 27TH AVE,307,1,30,30,6.0
SE 28TH AVE,520,1,30,30,6.0
SE 28TH AVE,269,1,30,30,6.0
SE 28TH AVE,260,1,30,30,6.0
SE 28TH AVE,260,1,30,30,6.0
SE 28TH PL,582,2,30,28,6.0
SE 28TH PL,456,1,30,30,6.0
SE 29TH AVE,1112,2,30,30,6.0
SE 29TH AVE,276,1,30,30,6.0
SE 29TH AVE,260,1,30,30,6.0
SE 29TH AVE,260,1,30,30,6.0
SE 30TH AVE,642,1,30,30,6.0
SE 30TH AVE,521,1,30,30,6.0
SE 30TH AVE,470,1,30,30,6.0
SE 30TH PL,520,1,30,30,6.0
SE 30TH PL,504,1,30,30,6.0
SE 30TH PL,273,1,30,30,6.0
SE 31ST AVE,538,1,30,30,6.0
SE 31ST AVE,523,1,30,30,6.0
SE 31ST AVE,520,1,30,30,6.0
SE 31ST AVE,503,1,30,30,6.0
SE 31ST AVE,470,1,30,30,6.0
SE 31ST AVE,260,1,30,30,6.0
SE 31ST AVE,260,1,30,30,6.0
SE 31ST AVE,260,1,30,30,6.0
SE 32ND AVE,1005,2,30,30,6.0
SE 32ND AVE,843,2,30,29,6.0
SE 32ND AVE,747,1,30,30,6.0
SE 32ND AVE,587,1,30,30,6.0
SE 32ND AVE,521,1,30,30,6.0
SE 32ND AVE,520,1,30,30,6.0
SE 32ND AVE,503,1,30,30,6.0
SE 32ND AVE,260,1,30,30,6.0
SE 32ND AVE,260,1,30,30,6.0
SE 32ND AVE,111,1,30,30,6.0
SE 33RD AVE,520,1,30,30,6.0
SE 33RD AVE,455,1,30,30,6.0
SE 33RD AVE,260,1,30,30,6.0
SE 33RD AVE,260,1,30,30,6.0
SE 33RD AVE,260,1,30,30,6.0
SE 33RD PL,590,1,30,30,6.0
SE 33RD PL,520,1,30,30,6.0
SE 33RD PL,455,1,30,30,6.0
SE 33RD PL,267,1,30,30,6.0
SE 34TH AVE,520,1,30,30,6.0
SE 34TH AVE,465,1,30,30,6.0
SE 34TH AVE,463,1,30,30,6.0
SE 34TH AVE,301,1,30,30,6.0
SE 34TH AVE,265,1,30,30,6.0
SE 34TH AVE,262,1,30,30,6.0
SE 34TH AVE,260,1,30,30,6.0
SE 34TH AVE,260,1,30,30,6.0
SE 34TH AVE,260,1,30,30,6.0
SE 34TH AVE,260,1,30,30,6.0
SE 34TH AVE,260,1,30,30,6.0
SE 34TH AVE,260,1,30,30,6.0
SE 34TH AVE,260,1,30,30,6.0
SE 34TH AVE,260,1,30,30,6.0
SE 34TH AVE,251,1,30,30,6.0
SE 34TH AVE,244,1,30,30,6.0
SE 34TH AVE,218,1,30,30,6.0
SE 34TH AVE,72,1,30,30,6.0
SE 35TH AVE,753,1,30,30,6.0
SE 35TH AVE,489,1,30,30,6.0
SE 35TH AVE,465,1,30,30,6.0
SE 35TH AVE,460,1,30,30,6.0
SE 35TH AVE,410,1,30,30,6.0
SE 35TH AVE,302,1,30,30,6.0
SE 35TH AVE,268,1,30,30,6.0
SE 35TH AVE,261,1,30,30,6.0
SE 35TH AVE,260,1,30,30,6.0
SE 35TH AVE,260,1,30,30,6.0
SE 35TH AVE,260,1,30,30,6.0
SE 35TH AVE,259,1,30,30,6.0
SE 36TH AVE,689,1,30,30,6.0
SE 36TH AVE,309,1,30,30,6.0
SE 36TH AVE,260,1,30,30,6.0
SE 36TH AVE,260,1,30,30,6.0
SE 36TH AVE,260,1,30,30,6.0
SE 36TH AVE,260,1,30,30,6.0
SE 36TH PL,451,1,30,30,6.0
SE 36TH PL,434,1,30,30,6.0
SE 36TH PL,264,1,30,30,6.0
SE 36TH PL,161,1,30,30,6.0
SE 37TH AVE,265,1,30,30,6.0
SE 37TH AVE,262,1,30,30,6.0
SE 37TH AVE,260,1,30,30,6.0
SE 37TH AVE,260,1,30,30,6.0
SE 37TH AVE,260,1,30,30,6.0
SE 37TH AVE,260,1,30,30,6.0
SE 37TH AVE,260,1,30,30,6.0
SE 37TH AVE,255,1,30,30,6.0
SE 38TH AVE,440,1,30,30,6.0
SE 38TH AVE,261,1,30,30,6.0
SE 38TH AVE,260,1,30,30,6.0
SE 38TH AVE,260,1,30,30,6.0
SE 38TH AVE,260,1,30,30,6.0
SE 38TH AVE,260,1,30,30,6.0
SE 40TH AVE,980,1,30,30,6.0
SE 40TH AVE,263,1,30,30,6.0
SE 40TH AVE,260,1,30,30,6.0
SE 40TH AVE,260,1,30,30,6.0
SE 40TH AVE,260,1,30,30,6.0
SE 40TH AVE,255,1,30,30,6.0
SE 40TH AVE,250,1,30,30,6.0
SE 40TH AVE,250,1,30,30,6.0
SE 41ST AVE,303,1,30,30,6.0
SE 41ST AVE,271,1,30,30,6.0
SE 41ST AVE,260,1,30,30,6.0
SE 41ST AVE,260,1,30,30,6.0
SE 41ST AVE,260,1,30,30,6.0
SE 41ST AVE,253,1,30,30,6.0
SE 41ST AVE,251,1,30,30,6.0
SE 41ST AVE,250,1,30,30,6.0
SE 42ND AVE,305,1,30,30,6.0
SE 42ND AVE,266,1,30,30,6.0
SE 43RD AVE,261,1,30,30,6.0
SE 43RD AVE,250,1,30,30,6.0
SE 43RD AVE,240,1,30,30,6.0
SE 43RD AVE,240,1,30,30,6.0
SE 43RD AVE,209,1,30,30,6.0
SE 44TH AVE,93,1,30,30,6.0
SE 45TH AVE,250,1,30,30,6.0
SE 45TH AVE,249,1,30,30,6.0
SE 47TH AVE,698,1,30,24,6.0
SE 47TH AVE,240,1,30,30,6.0
SE 47TH AVE,240,1,30,30,6.0
SE 48TH AVE,710,1,30,30,6.0
SE 48TH AVE,637,1,30,30,6.0
SE 48TH AVE,363,1,30,30,6.0
SE 49TH AVE,351,1,30,30,6.0
SE 49TH AVE,165,1,30,30,6.0
SE 51ST AVE,717,1,30,30,6.0
SE 51ST AVE,606,1,30,30,6.0
SE 52ND PL,172,1,30,30,6.0
SE 53RD AVE,427,1,30,30,6.0
SE 53RD AVE,400,1,30,30,6.0
SE 54TH AVE,418,1,30,30,6.0
SE 54TH AVE,400,1,30,30,6.0
SE 54TH AVE,255,1,30,30,6.0
SE 58TH AVE,251,1,30,30,6.0
SE 58TH AVE,242,1,30,30,6.0
SE 58TH AVE,192,1,30,30,6.0
SE 62ND AVE,255,1,30,30,6.0
SE 64TH AVE,1743,2,30,30,6.0
SE 64TH AVE,884,1,30,30,6.0
SE 64TH AVE,436,1,30,30,6.0
SE 65TH AVE,1742,2,30,30,6.0
SE 65TH AVE,404,1,30,30,6.0
SE 65TH AVE,340,1,30,30,6.0
SE 67TH AVE,888,1,30,30,6.0
SE 67TH AVE,652,1,30,30,6.0
SE 67TH AVE,129,1,30,30,6.0
SE 68TH AVE,812,2,30,30,6.0
SE 68TH AVE,668,1,30,30,6.0
SE 68TH AVE,649,1,30,30,6.0
SE 68TH AVE,645,1,30,30,6.0
SE 68TH AVE,287,1,30,30,6.0
SE 68TH AVE,279,1,30,30,6.0
SE 68TH AVE,190,1,30,30,6.0
SE 69TH AVE,1742,2,30,30,6.0
SE 69TH AVE,891,1,30,21,6.0
SE 69TH AVE,287,1,30,30,6.0
SE 70TH AVE,645,1,30,30,6.0
SE 70TH AVE,378,1,30,30,6.0
SE 70TH AVE,359,1,30,30,6.0
SE 71ST AVE,894,1,30,30,6.0
SE 72ND AVE,538,1,30,30,6.0
SE 72ND AVE,486,1,30,30,6.0
SE 72ND AVE,251,1,30,30,6.0
SE 72ND AVE,238,1,30,30,6.0
SE 73RD AVE,1311,1,30,30,6.0
SE 73RD AVE,1043,1,30,30,6.0
SE 73RD AVE,733,1,30,30,6.0
SE 74TH AVE,920,2,30,30,6.0
SE 74TH AVE,330,1,30,30,6.0
SE 75TH AVE,1321,1,30,30,6.0
SE 75TH AVE,733,1,30,30,6.0
SE 75TH AVE,709,1,30,30,6.0
SE 75TH AVE,504,1,30,30,6.0
SE 75TH AVE,500,1,30,30,6.0
SE 75TH AVE,500,1,30,30,6.0
SE 75TH AVE,457,1,30,30,6.0
SE 75TH AVE,410,1,30,30,6.0
SE 79TH AVE,610,1,30,30,6.0
SE 79TH AVE,410,1,30,30,6.0
SE 79TH AVE,310,1,30,30,6.0
SE 80TH AVE,857,1,30,30,6.0
SE 80TH AVE,635,1,30,30,6.0
SE 80TH AVE,475,1,30,30,6.0
SE 80TH AVE,289,1,30,30,6.0
SE 80TH AVE,251,1,30,30,6.0
SE 80TH AVE,250,1,30,30,6.0
SE 80TH AVE,229,1,30,30,6.0
SE 81ST AVE,611,1,30,30,6.0
SE 81ST AVE,270,1,30,30,6.0
SE 81ST AVE,245,1,30,30,6.0
SE 81ST AVE,240,1,30,30,6.0
SE 83RD AVE,831,1,30,30,6.0
SE 83RD AVE,657,1,30,30,6.0
SE 83RD AVE,431,1,30,30,6.0
SE 84TH AVE,794,2,30,30,6.0
SE 84TH AVE,659,1,30,30,6.0
SE 84TH AVE,656,1,30,30,6.0
SE 84TH AVE,437,1,30,30,6.0
SE 85TH AVE,831,1,30,30,6.0
SE 85TH AVE,479,1,30,30,6.0
SE 85TH AVE,377,1,30,30,6.0
SE 86TH AVE,620,2,30,28,6.0
SE 86TH AVE,477,1,30,30,6.0
SE 86TH AVE,377,1,30,30,6.0
SE 86TH CT,403,1,30,24,6.0
SE 87TH AVE,711,1,30,30,6.0
SE 87TH AVE,626,1,30,30,6.0
SE 87TH AVE,475,1,30,30,6.0
SE 87TH AVE,401,1,30,30,6.0
SE 87TH AVE,396,1,30,30,6.0
SE 87TH AVE,396,1,30,30,6.0
SE 87TH AVE,388,1,30,30,6.0
SE 88TH AVE,611,1,30,30,6.0
SE 88TH AVE,471,1,30,30,6.0
SE 88TH AVE,408,1,30,30,6.0
SE 88TH AVE,342,1,30,30,6.0
SE 88TH AVE,249,1,30,30,6.0
SE 88TH AVE,186,1,30,30,6.0
SE 89TH AVE,514,1,30,30,6.0
SE 89TH AVE,450,1,30,30,6.0
SE 89TH AVE,346,1,30,30,6.0
SE 89TH AVE,297,1,30,30,6.0
SE 90TH AVE,347,1,30,30,6.0
SE 90TH AVE,297,1,30,30,6.0
SE 91ST AVE,470,1,30,30,6.0
SE 91ST AVE,347,1,30,30,6.0
SE 94TH AVE,616,2,30,14,6.0
SE 97TH AVE,301,1,30,30,6.0
SE 99TH AVE,250,1,30,30,6.0
SE ALDER CT,408,1,30,30,6.0
SE ALDER CT,326,1,30,30,6.0
SE ALDER CT,307,1,30,30,6.0
SE ANDEREGG DR,353,1,30,30,6.0
SE ASH CT,290,1,30,30,6.0
SE ASH PL,452,1,30,30,6.0
SE ASH ST,849,2,30,28,6.0
SE ASH ST,636,1,30,30,6.0
SE ASH ST,315,1,30,30,6.0
SE ASH ST,265,1,30,30,6.0
SE ASH ST,257,1,30,30,6.0
SE ASH ST,251,1,30,30,6.0
SE BOISE ST,944,1,30,30,6.0
SE BOISE ST,563,1,30,30,6.0
SE BOISE ST,546,1,30,30,6.0
SE BOISE ST,506,1,30,30,6.0
SE BOISE ST,500,1,30,30,6.0
SE BOISE ST,500,1,30,30,6.0
SE BOISE ST,500,1,30,30,6.0
SE BROOKLYN ST,610,1,30,30,6.0
SE BROOKLYN ST,603,1,30,30,6.0
SE BROOKLYN ST,521,1,30,30,6.0
SE BROOKLYN ST,520,1,30,30,6.0
SE BROOKLYN ST,520,1,30,30,6.0
SE BROOKLYN ST,316,1,30,30,6.0
SE BUSH ST,415,1,30,30,6.0
SE CARLTON ST,664,1,30,30,6.0
SE CARLTON ST,659,1,30,30,6.0
SE CARLTON ST,655,1,30,30,6.0
SE CARUTHERS ST,456,1,30,30,6.0
SE CARUTHERS ST,334,1,30,30,6.0
SE CARUTHERS ST,334,1,30,30,6.0
SE CARUTHERS ST,325,1,30,30,6.0
SE CARUTHERS ST,300,1,30,30,6.0
SE CARUTHERS ST,295,1,30,30,6.0
SE CENTER ST,534,1,30,30,6.0
SE CENTER ST,505,1,30,30,6.0
SE CENTER ST,451,1,30,30,6.0
SE CENTER ST,389,1,30,30,6.0
SE CENTER ST,286,1,30,30,6.0
SE CENTER ST,285,1,30,30,6.0
SE CENTER ST,275,1,30,30,6.0
SE CLAYBOURNE ST,320,1,30,30,6.0
SE CLINTON ST,663,1,30,30,6.0
SE CLINTON ST,277,1,30,28,6.0
SE CLINTON ST,270,1,30,30,6.0
SE CLINTON ST,270,1,30,30,6.0
SE CLINTON ST,247,1,30,30,6.0
SE CLINTON ST,243,1,30,30,6.0
SE COLT DR,852,2,30,30,6.0
SE CORA DR,935,1,30,30,6.0
SE CORA DR,260,1,30,30,6.0
SE CORA DR,255,1,30,30,6.0
SE CORA ST,942,1,30,30,6.0
SE CORA ST,510,1,30,30,6.0
SE CORA ST,250,1,30,30,6.0
SE CORA ST,240,1,30,30,6.0
SE CORA ST,240,1,30,30,6.0
SE CORA ST,240,1,30,30,6.0
SE ELLIS ST,522,1,30,30,6.0
SE ELLIS ST,511,1,30,30,6.0
SE ELLIS ST,500,1,30,30,6.0
SE ELLIS ST,324,1,30,30,6.0
SE ELLIS ST,310,1,30,30,6.0
SE ELLIS ST,237,1,30,30,6.0
SE EVERGREEN ST,320,1,30,30,6.0
SE FLAVEL DR,259,1,30,30,6.0
SE FRANCIS ST,451,1,30,30,6.0
SE FRANCIS ST,399,1,30,30,6.0
SE FRANCIS ST,244,1,30,30,6.0
SE FRANCIS ST,231,1,30,30,6.0
SE FRANKLIN ST,718,1,30,30,6.0
SE FRANKLIN ST,523,1,30,30,6.0
SE FRANKLIN ST,520,1,30,30,6.0
SE FRANKLIN ST,520,1,30,30,6.0
SE FRANKLIN ST,260,1,30,30,6.0
SE FRANKLIN ST,260,1,30,30,6.0
SE GRANT CT,483,1,30,30,6.0
SE GRANT CT,457,1,30,30,6.0
SE GRANT CT,321,1,30,30,6.0
SE GRANT CT,300,1,30,30,6.0
SE GRANT CT,295,1,30,30,6.0
SE GRANT ST,330,1,30,30,6.0
SE HAROLD ST,183,1,30,30,6.0
SE HENRY PL,658,1,30,30,6.0
SE HENRY ST,659,1,30,30,6.0
SE IVON ST,312,1,30,30,6.0
SE KELLY ST,756,1,30,30,6.0
SE KELLY ST,610,1,30,30,6.0
SE KELLY ST,603,1,30,30,6.0
SE KELLY ST,579,1,30,30,6.0
SE KELLY ST,520,1,30,30,6.0
SE KELLY ST,520,1,30,30,6.0
SE KELLY ST,520,1,30,30,6.0
SE KELLY ST,520,1,30,30,6.0
SE KELLY ST,313,1,30,30,6.0
SE KELLY ST,149,1,30,30,6.0
SE KNAPP ST,270,1,30,30,6.0
SE LAFAYETTE CT,325,1,30,30,6.0
SE LAFAYETTE CT,264,1,30,30,6.0
SE LEE ANNA WAY,339,1,30,30,6.0
SE LIEBE ST,248,1,30,30,6.0
SE LIEBE ST,221,1,30,30,6.0
SE LIEBE ST,203,1,30,30,6.0
SE LILLIAN WAY,595,1,30,30,6.0
SE LONG ST,520,1,30,30,6.0
SE MADISON ST,285,1,30,30,6.0
SE MADISON ST,219,1,30,30,6.0
SE MAIN ST,376,1,30,30,6.0
SE MAIN ST,255,1,30,30,6.0
SE MAIN ST,218,1,30,30,6.0
SE MALL ST,942,1,30,30,6.0
SE MALL ST,604,2,30,30,6.0
SE MALL ST,507,1,30,30,6.0
SE MARKET CT,292,1,30,30,6.0
SE MARKET ST,330,1,30,30,6.0
SE MARTINS ST,664,1,30,30,6.0
SE MARTINS ST,659,1,30,30,6.0
SE MARTINS ST,330,1,30,30,6.0
SE MARTINS ST,310,1,30,30,6.0
SE MARTINS ST,310,1,30,24,6.0
SE MORRISON ST,745,3,30,24,6.0
SE MORRISON ST,675,1,30,30,6.0
SE MORRISON ST,323,1,30,30,6.0
SE MORRISON ST,318,1,30,30,6.0
SE MORRISON ST,258,1,30,30,6.0
SE MORRISON ST,254,1,30,30,6.0
SE MORRISON ST,251,1,30,30,6.0
SE MORRISON ST,250,1,30,30,6.0
SE OAK ST,260,1,30,30,6.0
SE OGDEN ST,250,1,30,30,6.0
SE OGDEN ST,250,1,30,30,6.0
SE OGDEN ST,250,1,30,30,6.0
SE OGDEN ST,250,1,30,30,6.0
SE PARDEE ST,981,1,30,30,6.0
SE PARDEE ST,443,1,30,30,6.0
SE PARDEE ST,341,1,30,30,6.0
SE PARDEE ST,338,1,30,30,6.0
SE PARDEE ST,250,1,30,30,6.0
SE PARDEE ST,199,1,30,30,6.0
SE PINE ST,370,1,30,30,6.0
SE PINE ST,347,1,30,30,6.0
SE PINE ST,304,1,30,30,6.0
SE PINE ST,253,1,30,30,6.0
SE RAMONA ST,511,1,30,30,6.0
SE RAMONA ST,448,1,30,30,6.0
SE RAMONA ST,310,1,30,30,6.0
SE RAYMOND CT,525,1,30,30,6.0
SE RAYMOND CT,245,1,30,30,6.0
SE RAYMOND CT,240,1,30,30,6.0
SE RAYMOND CT,213,1,30,30,6.0
SE RAYMOND CT,167,1,30,30,6.0
SE REEDWAY ST,317,1,30,30,6.0
SE REEDWAY ST,267,1,30,30,6.0
SE REEDWAY ST,253,1,30,30,6.0
SE REEDWAY ST,251,1,30,30,6.0
SE REEDWAY ST,250,1,30,30,6.0
SE REEDWAY ST,245,1,30,30,6.0
SE REYNOLDS ST,468,1,30,30,6.0
SE REYNOLDS ST,453,1,30,30,6.0
SE RHONE ST,266,1,30,30,6.0
SE SALMON ST,402,1,30,30,6.0
SE SCHILLER ST,354,1,30,30,6.0
SE SCHILLER ST,280,1,30,30,6.0
SE SCHILLER ST,278,1,30,30,6.0
SE SCHILLER ST,274,1,30,30,6.0
SE SCHILLER ST,267,1,30,30,6.0
SE SCHILLER ST,267,1,30,30,6.0
SE SCHILLER ST,260,1,30,30,6.0
SE SCHILLER ST,252,1,30,30,6.0
SE SCHILLER ST,245,1,30,30,6.0
SE SCHILLER ST,240,1,30,30,6.0
SE SCHILLER ST,216,1,30,30,6.0
SE SCHILLER ST,199,1,30,30,6.0
SE SCOTT DR,647,1,30,30,6.0
SE SCOTT DR,492,1,30,30,6.0
SE SCOTT DR,256,1,30,30,6.0
SE SHERMAN ST,516,1,30,30,6.0
SE SHERMAN ST,457,1,30,30,6.0
SE SHERMAN ST,334,1,30,30,6.0
SE SHERMAN ST,300,1,30,30,6.0
SE SHERMAN ST,294,1,30,30,6.0
SE STARK ST,465,1,30,30,6.0
SE STARK ST,250,1,30,30,6.0
SE STARK ST,243,1,30,28,6.0
SE STEELE ST,153,1,30,30,6.0
SE STEPHENS ST,459,1,30,30,6.0
SE STEPHENS ST,304,1,30,30,6.0
SE STEPHENS ST,253,1,30,30,6.0
SE STEPHENS ST,250,1,30,30,6.0
SE STEPHENS ST,250,1,30,30,6.0
SE STEPHENS ST,240,1,30,30,6.0
SE TACOMA ST,261,1,30,30,6.0
SE TAYLOR CT,153,1,30,30,6.0
SE TAYLOR ST,591,1,30,30,6.0
SE TAYLOR ST,514,1,30,30,6.0
SE TAYLOR ST,338,1,30,30,6.0
SE TAYLOR ST,277,1,30,30,6.0
SE TAYLOR ST,266,1,30,30,6.0
SE TAYLOR ST,250,1,30,30,6.0
SE TAYLOR ST,250,1,30,30,6.0
SE TAYLOR ST,240,1,30,30,6.0
SE TAYLOR ST,157,1,30,30,6.0
SE TIBBETTS ST,756,1,30,30,6.0
SE TIBBETTS ST,610,1,30,30,6.0
SE TIBBETTS ST,603,1,30,30,6.0
SE TIBBETTS ST,573,1,30,30,6.0
SE TIBBETTS ST,520,1,30,30,6.0
SE TIBBETTS ST,520,1,30,30,6.0
SE TIBBETTS ST,520,1,30,30,6.0
SE TIBBETTS ST,520,1,30,30,6.0
SE TIBBETTS ST,314,1,30,30,6.0
SE TIBBETTS ST,285,1,30,30,6.0
SE TIBBETTS ST,248,1,30,30,6.0
SE TIBBETTS ST,242,1,30,30,6.0
SE TOLMAN ST,669,1,30,30,6.0
SE VAN WATER ST,793,1,30,30,6.0
SE WASHINGTON ST,250,1,30,30,6.0
SE WASHINGTON ST,245,1,30,30,6.0
SE WASHINGTON ST,178,1,30,30,6.0
SE WOODWARD ST,755,2,30,28,6.0
SE WOODWARD ST,285,1,30,30,6.0
SE WOODWARD ST,271,1,30,30,6.0
SE WOODWARD ST,270,1,30,30,6.0
SE YAMHILL ST,254,1,30,30,6.0
SE YAMHILL ST,250,1,30,30,6.0
SW 10TH AVE,261,1,30,30,6.0
SW 10TH AVE,249,1,30,30,6.0
SW 10TH AVE,245,1,30,30,6.0
SW 10TH AVE,245,1,30,30,6.0
SW 10TH AVE,242,1,30,30,6.0
SW 13TH DR,754,1,30,30,6.0
SW 13TH DR,292,1,30,30,6.0
SW 14TH AVE,461,1,30,30,6.0
SW 14TH AVE,262,1,30,30,6.0
SW 14TH AVE,259,1,30,30,6.0
SW 14TH AVE,250,1,30,30,6.0
SW 14TH AVE,250,1,30,30,6.0
SW 14TH AVE,210,1,30,30,6.0
SW 14TH DR,218,1,30,30,6.0
SW 21ST AVE,260,1,30,30,6.0
SW 21ST AVE,215,1,30,30,6.0
SW 23RD DR,579,1,30,30,6.0
SW 28TH AVE,872,2,30,28,6.0
SW 32ND AVE,254,1,30,30,6.0
SW 33RD DR,394,1,30,30,6.0
SW 33RD PL,517,1,30,30,6.0
SW 33RD PL,375,1,30,30,6.0
SW 34TH AVE,792,1,30,30,6.0
SW 34TH AVE,547,1,30,30,6.0
SW 34TH AVE,465,1,30,30,6.0
SW 34TH AVE,168,1,30,30,6.0
SW 34TH AVE,168,1,30,30,6.0
SW 36TH AVE,558,2,30,18,6.0
SW 36TH AVE,457,1,30,30,6.0
SW 37TH AVE,1690,4,30,10,6.0
SW 39TH DR,653,1,30,30,6.0
SW 39TH DR,276,1,30,30,6.0
SW 40TH AVE,261,1,30,30,6.0
SW 41ST PL,490,1,30,28,6.0
SW 42ND PL,439,1,30,30,6.0
SW 46TH AVE,837,1,30,30,6.0
SW 46TH PL,1112,1,30,30,6.0
SW 47TH AVE,507,1,30,30,6.0
SW 47TH AVE,274,1,30,30,6.0
SW 47TH PL,1261,1,30,30,6.0
SW 48TH AVE,597,2,30,18,6.0
SW 50TH AVE,689,1,30,30,6.0
SW 50TH AVE,572,2,30,30,6.0
SW 50TH AVE,497,1,30,30,6.0
SW 50TH AVE,299,1,30,30,6.0
SW 50TH AVE,275,1,30,30,6.0
SW 50TH AVE,267,1,30,30,6.0
SW 50TH AVE,254,1,30,30,6.0
SW 50TH AVE,246,1,30,30,6.0
SW 50TH AVE,209,1,30,30,6.0
SW 50TH AVE,166,1,30,30,6.0
SW 52ND AVE,708,2,30,30,6.0
SW 54TH AVE,289,1,30,30,6.0
SW 56TH CT,80,1,30,30,6.0
SW 62ND AVE,552,1,30,30,6.0
SW 62ND AVE,499,1,30,30,6.0
SW 62ND AVE,294,1,30,30,6.0
SW 66TH AVE,152,1,30,30,6.0
SW 8TH AVE,605,2,30,28,6.0
SW 8TH AVE,464,1,30,30,6.0
SW 8TH AVE,414,1,30,30,6.0
SW ALDEN ST,149,1,30,30,6.0
SW ALTADENA AVE,788,1,30,30,6.0
SW ALTADENA AVE,327,1,30,30,6.0
SW ALTADENA AVE,272,1,30,30,6.0
SW BANCROFT ST,741,2,30,30,6.0
SW BERTHA BLVD,382,1,30,30,6.0
SW BOUNDARY ST,229,1,30,30,6.0
SW BROADLEAF DR,180,1,30,30,6.0
SW CALDEW ST,475,2,30,30,6.0
SW CALDEW ST,406,1,30,30,6.0
SW CALDEW ST,329,1,30,30,6.0
SW CALDEW ST,320,1,30,30,6.0
SW CAMELOT LN,158,1,30,30,6.0
SW CANBY CT,666,2,30,30,6.0
SW CAPITOL HWY,210,1,30,30,6.0
SW DEWITT ST,515,1,30,30,6.0
SW DOLPH DR,1009,1,30,30,6.0
SW DOLPH DR,317,1,30,30,6.0
SW DOLPH DR,254,1,30,30,6.0
SW DOLPH DR,186,1,30,30,6.0
SW DOLPH DR,157,1,30,30,6.0
SW DOSCHDALE CT,168,1,30,30,6.0
SW DOSCHDALE DR,322,1,30,30,6.0
SW DOSCHDALE DR,204,1,30,30,6.0
SW ERICWOOD LN,497,1,30,30,6.0
SW EVANS ST,326,1,30,30,6.0
SW EXCALIBUR PL,513,1,30,30,6.0
SW FALCON ST,884,2,30,20,6.0
SW FALCON ST,324,1,30,30,6.0
SW FLORIDA CT,232,1,30,30,6.0
SW FLORIDA ST,542,1,30,30,6.0
SW GALE AVE,471,1,30,30,6.0
SW GILLCREST CT,645,1,30,30,6.0
SW HAMILTON ST,408,1,30,30,6.0
SW HUME ST,259,1,30,30,6.0
SW HUME ST,174,1,30,30,6.0
SW IDAHO DR,759,1,30,30,6.0
SW IDAHO TER,1328,1,30,30,6.0
SW ILLINOIS ST,782,1,30,30,6.0
SW ILLINOIS ST,450,1,30,30,6.0
SW ILLINOIS ST,300,1,30,30,6.0
SW ILLINOIS ST,273,1,30,30,6.0
SW IOWA ST,883,2,30,30,6.0
SW IOWA ST,461,1,30,30,6.0
SW IOWA ST,454,1,30,30,6.0
SW KNIGHTSBRIDGE DR,991,1,30,30,6.0
SW KNIGHTSBRIDGE DR,222,1,30,30,6.0
SW LANCELOT LN,875,1,30,30,6.0
SW LOBELIA ST,550,1,30,30,6.0
SW LOCUST ST,315,1,30,30,6.0
SW LURADEL ST,1628,2,30,16,6.0
SW MARIGOLD ST,255,1,30,30,6.0
SW MARTHA TER,1006,2,30,30,6.0
SW MARTHA TER,266,1,30,30,6.0
SW MERLIN CT,203,1,30,30,6.0
SW MILES ST,163,1,30,1,6.0
SW MOSS ST,328,1,30,30,6.0
SW NEVADA CT,522,1,30,26,6.0
SW NEVADA CT,176,1,30,30,6.0
SW NEVADA ST,258,1,30,30,6.0
SW ORCHID DR,1227,1,30,30,6.0
SW ORCHID DR,472,1,30,30,6.0
SW ORCHID DR,191,1,30,30,6.0
SW PENDLETON ST,266,1,30,30,6.0
SW PENDLETON ST,251,1,30,30,6.0
SW REDONDO AVE,222,1,30,30,6.0
SW SANTA MONICA ST,250,1,30,30,6.0
SW SANTA MONICA ST,144,1,30,30,6.0
SW ST CLAIR AVE,242,1,30,30,6.0
SW STONEBROOK DR,261,1,30,30,6.0
SW SYLVANIA TER,1037,2,30,30,6.0
SW TROY ST,776,1,30,30,6.0
SW TROY ST,330,1,30,30,6.0
SW VERMONT ST,282,1,30,30,6.0
SW VERMONT ST,274,1,30,30,6.0
SW VERMONT ST,267,1,30,30,6.0
N MICHIGAN AVE,260,1,31,31,6.5
SE GRAND AVE,211,1,31,31,6.5
SE RHONE ST,361,1,31,31,6.5
SE TAYLOR ST,735,1,31,31,6.5
SE TAYLOR ST,252,1,31,31,6.5
SE TAYLOR ST,249,1,31,31,6.5
SE TIBBETTS ST,324,1,31,31,6.5
N ALBINA AVE,460,1,32,32,7.0
N ALBINA AVE,460,1,32,32,7.0
N ALBINA AVE,460,1,32,32,7.0
N ALBINA AVE,459,1,32,32,7.0
N ALBINA AVE,325,1,32,32,7.0
N ALLEGHENY AVE,487,1,32,32,7.0
N ALLEGHENY AVE,391,1,32,32,7.0
N ALLEGHENY AVE,292,1,32,32,7.0
N AMHERST ST,460,1,32,32,7.0
N AMHERST ST,360,1,32,32,7.0
N ARGYLE ST,687,1,32,32,7.0
N ARMOUR ST,614,1,32,32,7.0
N ASTOR ST,525,1,32,32,7.0
N ATTU ST,895,1,32,32,7.0
N BANK ST,615,1,32,32,7.0
N BANK ST,525,1,32,32,7.0
N BANK ST,349,1,32,32,7.0
N BANK ST,267,1,32,32,7.0
N BANK ST,253,1,32,32,7.0
N BERKELEY AVE,560,1,32,32,7.0
N BERKELEY AVE,509,1,32,32,7.0
N BOWDOIN ST,393,1,32,32,7.0
N BUCHANAN AVE,531,1,32,32,7.0
N BUCHANAN AVE,511,1,32,32,7.0
N BUCHANAN AVE,276,1,32,32,7.0
N BUFFALO ST,260,1,32,32,7.0
N BURRAGE AVE,957,2,32,28,7.0
N BURRAGE AVE,260,1,32,32,7.0
N BURRAGE AVE,260,1,32,32,7.0
N BURRAGE AVE,260,1,32,32,7.0
N BURRAGE AVE,260,1,32,32,7.0
N BURRAGE AVE,256,1,32,32,7.0
N BURRAGE AVE,251,1,32,32,7.0
N BURRAGE AVE,250,1,32,32,7.0
N CAREY BLVD,166,1,32,32,7.0
N CECELIA ST,556,1,32,32,7.0
N CECELIA ST,295,1,32,32,7.0
N CECELIA ST,270,1,32,32,7.0
N CECELIA ST,270,1,32,32,7.0
N CECELIA ST,266,1,32,32,7.0
N CECELIA ST,260,1,32,32,7.0
N CLARENDON AVE,649,1,32,32,7.0
N CLARENDON AVE,560,1,32,32,7.0
N CLARENDON AVE,509,1,32,32,7.0
N COLUMBIA CT,620,2,32,32,7.0
N COMMERCIAL AVE,662,2,32,30,7.0
N CONGRESS AVE,711,2,32,20,7.0
N COOK ST,334,1,32,32,7.0
N COURTENAY AVE,525,1,32,32,7.0
N CRAWFORD ST,260,1,32,32,7.0
N CURTIS AVE,578,1,32,32,7.0
N CURTIS AVE,550,1,32,32,7.0
N DANA AVE,192,1,32,32,7.0
N DEKUM ST,260,1,32,32,7.0
N DELAWARE AVE,266,1,32,32,7.0
N DELAWARE AVE,263,1,32,32,7.0
N DELAWARE AVE,255,1,32,32,7.0
N DELAWARE AVE,152,1,32,32,7.0
N DELAWARE AVE,149,1,32,32,7.0
N DENVER AVE,280,1,32,32,7.0
N DENVER AVE,263,1,32,32,7.0
N DENVER AVE,262,1,32,32,7.0
N DENVER AVE,260,1,32,32,7.0
N DENVER AVE,260,1,32,32,7.0
N DENVER AVE,137,1,32,32,7.0
N DEPAUW ST,393,1,32,32,7.0
N DREW ST,367,1,32,32,7.0
N DREW ST,236,1,32,32,7.0
N DRUID AVE,467,1,32,32,7.0
N DRUMMOND AVE,550,1,32,32,7.0
N DRUMMOND AVE,550,1,32,32,7.0
N DRUMMOND AVE,175,1,32,32,7.0
N EDISON ST,593,1,32,32,7.0
N EDISON ST,520,2,32,32,7.0
N EDISON ST,360,1,32,32,7.0
N EDISON ST,280,1,32,32,7.0
N EDISON ST,266,1,32,32,7.0
N EDISON ST,260,1,32,32,7.0
N ENDICOTT AVE,580,1,32,32,7.0
N ENDICOTT AVE,550,1,32,32,7.0
N ENDICOTT AVE,550,1,32,32,7.0
N ENDICOTT AVE,350,1,32,32,7.0
N EXETER AVE,774,1,32,32,7.0
N EXETER AVE,627,1,32,32,7.0
N EXETER AVE,560,1,32,32,7.0
N EXETER AVE,509,1,32,32,7.0
N FOSS AVE,229,1,32,32,7.0
N GENEVA AVE,877,2,32,30,7.0
N GENEVA AVE,530,1,32,32,7.0
N HAMLIN AVE,475,1,32,32,7.0
N HARVARD ST,383,1,32,32,7.0
N HENDRICKS ST,262,1,32,32,7.0
N HENDRICKS ST,260,1,32,32,7.0
N HEREFORD AVE,871,1,32,30,7.0
N HODGE AVE,836,2,32,24,7.0
N HODGE AVE,560,1,32,32,7.0
N HODGE AVE,511,1,32,32,7.0
N HODGE AVE,360,1,32,32,7.0
N HOUGHTON ST,250,1,32,32,7.0
N HOUGHTON ST,250,1,32,32,7.0
N HOUGHTON ST,250,1,32,32,7.0
N HUDSON ST,549,1,32,32,7.0
N HUDSON ST,291,1,32,32,7.0
N HUDSON ST,281,1,32,32,7.0
N HUDSON ST,269,1,32,32,7.0
N HUDSON ST,260,1,32,32,7.0
N HUDSON ST,240,1,32,32,7.0
N HUDSON ST,227,1,32,32,7.0
N HUMBOLDT ST,270,1,32,32,7.0
N HUMBOLDT ST,270,1,32,32,7.0
N HUMBOLDT ST,251,1,32,32,7.0
N HUNT ST,260,1,32,32,7.0
N HUNT ST,260,1,32,32,7.0
N HUNT ST,258,1,32,32,7.0
N HUNT ST,250,1,32,32,7.0
N HUNT ST,212,1,32,32,7.0
N IVANHOE ST,523,1,32,32,7.0
N IVANHOE ST,504,1,32,32,7.0
N IVANHOE ST,460,1,32,32,7.0
N IVANHOE ST,439,1,32,32,7.0
N JUNEAU ST,265,1,32,32,7.0
N JUNEAU ST,103,1,32,32,7.0
N KERBY AVE,547,2,32,28,7.0
N KILPATRICK ST,220,1,32,32,7.0
N MCKENNA AVE,525,1,32,32,7.0
N MEARS ST,551,1,32,32,7.0
N MICHIGAN AVE,260,1,32,32,7.0
N MICHIGAN AVE,260,1,32,32,7.0
N MICHIGAN AVE,260,1,32,32,7.0
N MICHIGAN AVE,260,1,32,32,7.0
N MINERVA AVE,531,1,32,28,7.0
N MOHAWK AVE,587,1,32,32,7.0
N MOHAWK AVE,390,1,32,32,7.0
N MOHAWK AVE,246,1,32,32,7.0
N MONTANA AVE,250,1,32,32,7.0
N MONTANA AVE,250,1,32,32,7.0
N MONTANA AVE,250,1,32,32,7.0
N MORGAN ST,225,1,32,32,7.0
N NEWARK ST,801,2,32,32,7.0
N NEWARK ST,278,1,32,32,7.0
N NEWARK ST,270,1,32,32,7.0
N NEWARK ST,260,1,32,32,7.0
N NEWMAN AVE,208,1,32,32,7.0
N OLYMPIA ST,403,1,32,32,7.0
N OLYMPIA ST,283,1,32,32,7.0
N OLYMPIA ST,260,1,32,32,7.0
N OSWEGO AVE,519,1,32,32,7.0
N OSWEGO AVE,513,1,32,32,7.0
N RICHARDS ST,571,1,32,32,7.0
N SENECA ST,260,1,32,32,7.0
N SENECA ST,260,1,32,32,7.0
N SENECA ST,253,1,32,32,7.0
N SENECA ST,233,1,32,32,7.0
N SUMNER ST,520,1,32,32,7.0
N SWIFT ST,615,1,32,32,7.0
N SWIFT ST,574,1,32,32,7.0
N SYRACUSE ST,350,1,32,32,7.0
N TIOGA AVE,389,1,32,32,7.0
N TRENTON ST,800,2,32,28,7.0
N TRENTON ST,250,1,32,32,7.0
N TRENTON ST,250,1,32,32,7.0
N TYNDALL AVE,575,1,32,1,7.0
N VAN HOUTEN AVE,560,1,32,32,7.0
N WAYLAND AVE,555,1,32,32,7.0
N WINCHELL ST,224,1,32,32,7.0
N WYGANT ST,260,1,32,32,7.0
NE 100TH AVE,764,1,32,32,7.0
NE 100TH AVE,160,1,32,32,7.0
NE 103RD AVE,1094,2,32,18,7.0
NE 104TH AVE,849,1,32,32,7.0
NE 104TH AVE,331,1,32,32,7.0
NE 104TH AVE,295,1,32,32,7.0
NE 108TH AVE,500,1,32,32,7.0
NE 109TH AVE,368,1,32,32,7.0
NE 109TH AVE,289,1,32,22,7.0
NE 110TH AVE,436,1,32,32,7.0
NE 110TH AVE,212,1,32,32,7.0
NE 113TH AVE,271,1,32,32,7.0
NE 113TH AVE,222,1,32,32,7.0
NE 113TH AVE,196,1,32,32,7.0
NE 113TH AVE,179,1,32,32,7.0
NE 113TH PL,126,1,32,32,7.0
NE 118TH AVE,1323,1,32,24,7.0
NE 118TH AVE,358,1,32,32,7.0
NE 119TH AVE,357,1,32,32,7.0
NE 120TH AVE,357,1,32,32,7.0
NE 120TH AVE,106,1,32,32,7.0
NE 121ST AVE,357,1,32,32,7.0
NE 121ST AVE,132,1,32,32,7.0
NE 124TH AVE,280,1,32,32,7.0
NE 124TH AVE,261,1,32,32,7.0
NE 124TH AVE,165,1,32,32,7.0
NE 124TH PL,152,1,32,32,7.0
NE 125TH AVE,704,1,32,32,7.0
NE 125TH AVE,531,1,32,32,7.0
NE 125TH AVE,165,1,32,32,7.0
NE 125TH AVE,139,1,32,32,7.0
NE 125TH PL,156,1,32,32,7.0
NE 126TH AVE,584,1,32,32,7.0
NE 126TH AVE,528,1,32,32,7.0
NE 126TH AVE,364,1,32,32,7.0
NE 126TH AVE,307,1,32,32,7.0
NE 126TH AVE,165,1,32,32,7.0
NE 126TH CT,418,1,32,32,7.0
NE 127TH AVE,584,1,32,32,7.0
NE 127TH AVE,219,1,32,32,7.0
NE 127TH AVE,153,1,32,32,7.0
NE 127TH AVE,135,1,32,32,7.0
NE 127TH AVE,130,1,32,32,7.0
NE 127TH AVE,93,1,32,32,7.0
NE 127TH PL,167,1,32,32,7.0
NE 128TH AVE,732,1,32,32,7.0
NE 128TH AVE,453,1,32,32,7.0
NE 128TH AVE,400,1,32,32,7.0
NE 128TH AVE,243,1,32,32,7.0
NE 128TH AVE,228,1,32,32,7.0
NE 129TH AVE,824,1,32,32,7.0
NE 129TH AVE,129,1,32,32,7.0
NE 129TH PL,1131,1,32,32,7.0
NE 129TH PL,135,1,32,32,7.0
NE 130TH AVE,914,1,32,32,7.0
NE 130TH AVE,731,1,32,32,7.0
NE 130TH AVE,278,1,32,32,7.0
NE 130TH PL,1030,1,32,32,7.0
NE 131ST AVE,1064,2,32,32,7.0
NE 131ST AVE,963,1,32,32,7.0
NE 131ST AVE,694,1,32,32,7.0
NE 131ST AVE,278,1,32,32,7.0
NE 132ND AVE,996,1,32,32,7.0
NE 132ND AVE,836,1,32,32,7.0
NE 132ND PL,751,1,32,32,7.0
NE 133RD AVE,719,1,32,32,7.0
NE 133RD AVE,300,1,32,32,7.0
NE 133RD AVE,292,1,32,32,7.0
NE 134TH AVE,652,1,32,32,7.0
NE 134TH AVE,618,1,32,32,7.0
NE 134TH AVE,495,1,32,32,7.0
NE 134TH AVE,453,1,32,32,7.0
NE 134TH AVE,349,1,32,32,7.0
NE 134TH AVE,224,1,32,32,7.0
NE 135TH AVE,1279,3,32,32,7.0
NE 135TH AVE,604,1,32,32,7.0
NE 135TH AVE,470,1,32,32,7.0
NE 135TH AVE,389,1,32,32,7.0
NE 135TH AVE,158,1,32,32,7.0
NE 136TH AVE,994,3,32,32,7.0
NE 136TH AVE,899,1,32,32,7.0
NE 136TH AVE,397,1,32,32,7.0
NE 136TH AVE,259,1,32,32,7.0
NE 136TH AVE,166,1,32,32,7.0
NE 136TH PL,847,1,32,32,7.0
NE 137TH AVE,159,1,32,32,7.0
NE 137TH PL,542,1,32,32,7.0
NE 138TH AVE,624,1,32,32,7.0
NE 138TH AVE,262,1,32,32,7.0
NE 138TH AVE,208,1,32,32,7.0
NE 138TH AVE,143,1,32,32,7.0
NE 138TH PL,668,2,32,32,7.0
NE 139TH AVE,357,1,32,32,7.0
NE 139TH AVE,168,1,32,32,7.0
NE 13TH AVE,344,1,32,32,7.0
NE 13TH AVE,330,1,32,32,7.0
NE 13TH AVE,319,1,32,32,7.0
NE 140TH AVE,1294,2,32,22,7.0
NE 140TH AVE,354,1,32,32,7.0
NE 140TH AVE,261,1,32,32,7.0
NE 140TH AVE,257,1,32,32,7.0
NE 142ND AVE,1061,2,32,32,7.0
NE 142ND AVE,922,1,32,32,7.0
NE 142ND AVE,597,1,32,32,7.0
NE 142ND AVE,346,1,32,32,7.0
NE 142ND AVE,342,1,32,32,7.0
NE 142ND AVE,194,1,32,32,7.0
NE 143RD AVE,228,1,32,32,7.0
NE 143RD AVE,190,1,32,32,7.0
NE 143RD AVE,180,1,32,32,7.0
NE 143RD PL,562,2,32,32,7.0
NE 144TH AVE,917,1,32,32,7.0
NE 144TH AVE,160,1,32,32,7.0
NE 145TH AVE,266,1,32,32,7.0
NE 145TH AVE,246,1,32,32,7.0
NE 145TH AVE,243,1,32,32,7.0
NE 145TH AVE,231,1,32,32,7.0
NE 145TH AVE,179,1,32,32,7.0
NE 146TH AVE,1090,2,32,24,7.0
NE 146TH DR,260,1,32,32,7.0
NE 146TH DR,246,1,32,32,7.0
NE 146TH DR,206,1,32,32,7.0
NE 148TH PL,515,1,32,32,7.0
NE 148TH PL,222,1,32,32,7.0
NE 148TH PL,159,1,32,32,7.0
NE 149TH AVE,282,1,32,32,7.0
NE 149TH AVE,157,1,32,32,7.0
NE 14TH AVE,330,1,32,32,7.0
NE 150TH AVE,951,1,32,32,7.0
NE 150TH AVE,829,2,32,32,7.0
NE 150TH AVE,497,1,32,32,7.0
NE 150TH AVE,432,1,32,32,7.0
NE 150TH AVE,391,1,32,32,7.0
NE 150TH AVE,306,1,32,32,7.0
NE 150TH AVE,215,1,32,32,7.0
NE 150TH AVE,198,1,32,32,7.0
NE 150TH AVE,159,1,32,32,7.0
NE 152ND AVE,1049,1,32,32,7.0
NE 152ND AVE,495,2,32,26,7.0
NE 152ND CT,209,1,32,32,7.0
NE 153RD PL,337,1,32,32,7.0
NE 153RD PL,98,1,32,32,7.0
NE 154TH AVE,1016,3,32,32,7.0
NE 154TH AVE,250,1,32,32,7.0
NE 154TH CT,198,1,32,32,7.0
NE 154TH PL,170,1,32,32,7.0
NE 155TH AVE,792,2,32,32,7.0
NE 155TH AVE,399,1,32,32,7.0
NE 155TH AVE,293,1,32,32,7.0
NE 155TH AVE,267,1,32,32,7.0
NE 155TH AVE,263,1,32,32,7.0
NE 155TH AVE,261,1,32,32,7.0
NE 155TH AVE,252,1,32,32,7.0
NE 155TH CT,256,1,32,32,7.0
NE 155TH PL,185,1,32,32,7.0
NE 156TH AVE,1042,1,32,32,7.0
NE 156TH AVE,315,1,32,32,7.0
NE 156TH AVE,268,1,32,32,7.0
NE 156TH AVE,207,1,32,32,7.0
NE 156TH AVE,139,1,32,32,7.0
NE 156TH PL,133,1,32,32,7.0
NE 157TH AVE,623,2,32,32,7.0
NE 157TH AVE,494,1,32,32,7.0
NE 157TH AVE,435,2,32,32,7.0
NE 157TH AVE,400,1,32,32,7.0
NE 158TH AVE,545,1,32,32,7.0
NE 158TH AVE,429,1,32,32,7.0
NE 158TH AVE,268,1,32,32,7.0
NE 158TH AVE,250,1,32,32,7.0
NE 158TH AVE,236,1,32,32,7.0
NE 158TH AVE,226,1,32,32,7.0
NE 158TH AVE,222,1,32,32,7.0
NE 158TH AVE,192,1,32,32,7.0
NE 158TH CT,115,1,32,32,7.0
NE 159TH AVE,292,1,32,32,7.0
NE 160TH AVE,722,1,32,32,7.0
NE 160TH AVE,335,1,32,32,7.0
NE 160TH DR,311,1,32,32,7.0
NE 160TH DR,240,1,32,32,7.0
NE 160TH DR,177,1,32,32,7.0
NE 17TH AVE,260,1,32,32,7.0
NE 26TH AVE,260,1,32,32,7.0
NE 30TH AVE,261,1,32,32,7.0
NE 31ST AVE,321,1,32,32,7.0
NE 47TH AVE,415,1,32,32,7.0
NE 47TH AVE,344,1,32,32,7.0
NE 47TH AVE,265,1,32,32,7.0
NE 47TH AVE,117,1,32,32,7.0
NE 49TH AVE,162,1,32,32,7.0
NE 52ND AVE,224,1,32,32,7.0
NE 54TH AVE,580,1,32,30,7.0
NE 55TH AVE,361,1,32,32,7.0
NE 61ST AVE,260,1,32,32,7.0
NE 62ND AVE,85,1,32,32,7.0
NE 66TH AVE,1290,1,32,32,7.0
NE 66TH AVE,569,1,32,32,7.0
NE 66TH AVE,510,1,32,32,7.0
NE 68TH AVE,496,1,32,32,7.0
NE 71ST AVE,444,1,32,32,7.0
NE 71ST AVE,389,1,32,32,7.0
NE 71ST AVE,285,1,32,32,7.0
NE 71ST AVE,267,1,32,32,7.0
NE 71ST AVE,259,1,32,32,7.0
NE 71ST AVE,255,1,32,32,7.0
NE 71ST AVE,136,1,32,32,7.0
NE 73RD AVE,498,1,32,18,7.0
NE 74TH AVE,1172,2,32,28,7.0
NE 7TH AVE,220,1,32,32,7.0
NE 84TH AVE,1260,3,32,32,7.0
NE 84TH AVE,455,1,32,32,7.0
NE 84TH AVE,296,1,32,32,7.0
NE 84TH AVE,230,1,32,32,7.0
NE 85TH AVE,642,1,32,32,7.0
NE 85TH AVE,455,1,32,32,7.0
NE 86TH AVE,501,1,32,32,7.0
NE 87TH AVE,270,1,32,32,7.0
NE 87TH AVE,265,1,32,32,7.0
NE 87TH AVE,260,1,32,32,7.0
NE 87TH AVE,259,1,32,32,7.0
NE 88TH AVE,480,1,32,32,7.0
NE 8TH AVE,443,1,32,32,7.0
NE 8TH AVE,250,1,32,32,7.0
NE 90TH AVE,395,1,32,32,7.0
NE 95TH AVE,659,1,32,32,7.0
NE 97TH AVE,660,1,32,32,7.0
NE 97TH AVE,581,1,32,32,7.0
NE 9TH AVE,255,1,32,32,7.0
NE 9TH AVE,248,1,32,32,7.0
NE 9TH AVE,160,1,32,32,7.0
NE ALAMEDA ST,126,1,32,32,7.0
NE ALBERTA CT,1427,1,32,32,7.0
NE ALBERTA CT,263,1,32,32,7.0
NE ALBERTA ST,375,1,32,26,7.0
NE ALTON CT,579,1,32,32,7.0
NE ALTON CT,246,1,32,32,7.0
NE ALTON CT,219,1,32,32,7.0
NE ALTON CT,125,1,32,32,7.0
NE ALTON ST,567,1,32,32,7.0
NE ALTON ST,342,1,32,32,7.0
NE ALTON ST,243,1,32,32,7.0
NE BEECH CT,394,1,32,32,7.0
NE BEECH CT,255,1,32,32,7.0
NE BEECH CT,196,1,32,32,7.0
NE BEECH ST,1313,2,32,20,7.0
NE BEECH ST,676,2,32,1,7.0
NE BEECH ST,389,1,32,32,7.0
NE BEECH ST,379,1,32,32,7.0
NE BEECH ST,376,1,32,32,7.0
NE BEECH ST,318,1,32,32,7.0
NE BEECH ST,318,1,32,32,7.0
NE BEECH ST,282,1,32,32,7.0
NE BEECH ST,260,1,32,32,7.0
NE BEECH ST,258,1,32,32,7.0
NE BEECH ST,255,1,32,32,7.0
NE BEECH ST,251,1,32,32,7.0
NE BEECH ST,250,1,32,32,7.0
NE BEECH ST,215,1,32,32,7.0
NE BEECH ST,196,1,32,32,7.0
NE BEECH ST,166,1,32,32,7.0
NE BEECH ST,150,1,32,32,7.0
NE BEECH ST,130,1,32,32,7.0
NE BEYRL TER,302,1,32,32,7.0
NE BRAZEE CT,608,1,32,32,7.0
NE BRAZEE ST,1435,2,32,32,7.0
NE BRAZEE ST,670,1,32,32,7.0
NE BRAZEE ST,659,1,32,32,7.0
NE BRAZEE ST,499,1,32,32,7.0
NE BRAZEE ST,296,1,32,32,7.0
NE BRAZEE ST,199,1,32,32,7.0
NE BROADWAY,915,2,32,30,7.0
NE BROADWAY,646,1,32,32,7.0
NE CADET AVE,1325,1,32,12,7.0
NE CHURCH ST,860,2,32,28,7.0
NE CLACKAMAS ST,679,1,32,32,7.0
NE CLACKAMAS ST,162,1,32,32,7.0
NE COUCH CT,639,1,32,32,7.0
NE COUCH CT,315,1,32,32,7.0
NE COUCH CT,305,1,32,32,7.0
NE COUCH CT,174,1,32,32,7.0
NE COUCH ST,488,1,32,32,7.0
NE DAVIS ST,732,2,32,32,7.0
NE EMERSON ST,1032,2,32,28,7.0
NE EMERSON ST,814,2,32,30,7.0
NE EMERSON ST,267,1,32,32,7.0
NE EMERSON ST,250,1,32,32,7.0
NE EUGENE CT,1059,2,32,32,7.0
NE EUGENE ST,750,2,32,32,7.0
NE EUGENE ST,292,1,32,32,7.0
NE EUGENE ST,200,1,32,32,7.0
NE EVERETT CT,199,1,32,32,7.0
NE EVERETT ST,342,2,32,28,7.0
NE EVERETT ST,316,1,32,32,7.0
NE FAILING CT,568,1,32,32,7.0
NE FAILING ST,668,2,32,32,7.0
NE FAILING ST,521,1,32,32,7.0
NE FAILING ST,354,1,32,32,7.0
NE FAILING ST,288,1,32,32,7.0
NE FAILING ST,279,1,32,32,7.0
NE FAILING ST,220,1,32,32,7.0
NE FAILING ST,213,1,32,32,7.0
NE FAILING ST,198,1,32,32,7.0
NE FAILING ST,123,1,32,32,7.0
NE FARGO ST,1251,1,32,32,7.0
NE FLANDERS ST,257,1,32,32,7.0
NE FLANDERS ST,207,1,32,32,7.0
NE FREMONT CT,1466,2,32,30,7.0
NE FREMONT CT,953,1,32,32,7.0
NE FREMONT CT,563,1,32,32,7.0
NE FREMONT CT,365,1,32,32,7.0
NE FREMONT CT,317,1,32,32,7.0
NE FREMONT CT,310,1,32,32,7.0
NE FREMONT CT,289,1,32,32,7.0
NE FREMONT CT,287,1,32,32,7.0
NE FREMONT CT,245,1,32,32,7.0
NE GOING ST,661,1,32,32,7.0
NE GOING ST,302,1,32,32,7.0
NE GOING ST,259,1,32,32,7.0
NE GOING ST,250,1,32,32,7.0
NE HANCOCK CT,273,1,32,32,7.0
NE HANCOCK ST,1434,2,32,30,7.0
NE HANCOCK ST,629,1,32,32,7.0
NE HANCOCK ST,260,1,32,32,7.0
NE HASSALO ST,1457,3,32,32,7.0
NE HOLLADAY CT,716,2,32,28,7.0
NE HOLLADAY ST,661,1,32,32,7.0
NE HOLLADAY ST,483,1,32,32,7.0
NE HOLLADAY ST,421,1,32,32,7.0
NE HOLLADAY ST,359,1,32,32,7.0
NE HOLLADAY ST,261,1,32,32,7.0
NE HOLLADAY ST,239,1,32,32,7.0
NE HOLLADAY ST,161,1,32,32,7.0
NE HOLLADAY ST,160,1,32,32,7.0
NE HOLMAN ST,1017,2,32,16,7.0
NE HOYT ST,1286,2,32,32,7.0
NE IRVING ST,342,1,32,32,7.0
NE IRVING ST,332,1,32,32,7.0
NE IVY ST,777,1,32,32,7.0
NE JARRETT ST,891,1,32,32,7.0
NE JESSUP ST,1321,4,32,32,7.0
NE JESSUP ST,597,1,32,32,7.0
NE JEWELL ST,278,1,32,32,7.0
NE JEWELL ST,149,1,32,32,7.0
NE KLICKITAT CT,1006,1,32,32,7.0
NE KLICKITAT CT,336,1,32,32,7.0
NE KLICKITAT ST,866,1,32,32,7.0
NE KNOTT CT,543,1,32,32,7.0
NE KNOTT CT,119,1,32,32,7.0
NE KNOTT ST,1069,1,32,32,7.0
NE KNOTT ST,276,1,32,32,7.0
NE KNOTT ST,243,1,32,32,7.0
NE KNOTT ST,213,1,32,32,7.0
NE MILTON CT,194,1,32,32,7.0
NE MILTON CT,146,1,32,32,7.0
NE MILTON PL,215,1,32,32,7.0
NE MILTON ST,1336,2,32,32,7.0
NE MILTON ST,921,2,32,32,7.0
NE MILTON ST,643,2,32,32,7.0
NE MILTON ST,533,1,32,32,7.0
NE MILTON ST,247,1,32,32,7.0
NE MORRIS CT,450,1,32,32,7.0
NE MORRIS CT,409,1,32,32,7.0
NE MORRIS CT,296,1,32,32,7.0
NE MORRIS CT,231,1,32,32,7.0
NE MORRIS ST,580,1,32,32,7.0
NE MORRIS ST,249,1,32,32,7.0
NE NEWPORT ST,555,1,32,32,7.0
NE NEWPORT ST,268,1,32,32,7.0
NE OREGON ST,665,1,32,32,7.0
NE OREGON ST,512,2,32,28,7.0
NE OREGON ST,380,1,32,32,7.0
NE OREGON ST,302,1,32,32,7.0
NE ROSE PARKWAY CT,187,1,32,32,7.0
NE ROSE PKWY,1221,1,32,32,7.0
NE ROSE PKWY,1152,1,32,32,7.0
NE ROSE PKWY,507,1,32,32,7.0
NE ROSE PKWY,413,1,32,32,7.0
NE ROSE PKWY,306,1,32,32,7.0
NE ROSE PKWY,290,1,32,32,7.0
NE ROSE PKWY,288,1,32,32,7.0
NE ROSE PKWY,265,1,32,32,7.0
NE ROSE PKWY,250,1,32,32,7.0
NE ROSE PKWY,244,1,32,32,7.0
NE ROSE PKWY,185,1,32,32,7.0
NE ROSELAWN ST,659,2,32,32,7.0
NE RUSSELL CT,530,1,32,32,7.0
NE RUSSELL CT,331,1,32,32,7.0
NE RUSSELL PL,198,1,32,32,7.0
NE RUSSELL ST,743,2,32,28,7.0
NE RUSSELL ST,712,1,32,32,7.0
NE SACRAMENTO ST,628,1,32,28,7.0
NE SACRAMENTO ST,406,1,32,32,7.0
NE SCHUYLER CT,279,1,32,32,7.0
NE SCHUYLER ST,649,1,32,32,7.0
NE SCHUYLER ST,611,2,32,24,7.0
NE SCHUYLER ST,561,1,32,32,7.0
NE SCHUYLER ST,317,1,32,32,7.0
NE SCHUYLER ST,312,1,32,32,7.0
NE SCHUYLER ST,291,1,32,32,7.0
NE SCHUYLER ST,260,1,32,32,7.0
NE SCHUYLER ST,260,1,32,32,7.0
NE SHAVER ST,427,1,32,32,7.0
NE SHAVER ST,306,1,32,32,7.0
NE SHAVER ST,284,1,32,32,7.0
NE SISKIYOU CT,1192,1,32,32,7.0
NE SISKIYOU CT,411,1,32,32,7.0
NE SISKIYOU ST,996,1,32,32,7.0
NE SISKIYOU ST,906,1,32,30,7.0
NE SISKIYOU ST,706,1,32,32,7.0
NE SISKIYOU ST,312,1,32,32,7.0
NE SISKIYOU ST,235,1,32,32,7.0
NE SKIDMORE ST,812,1,32,32,7.0
NE SKIDMORE ST,297,1,32,32,7.0
NE SKIDMORE ST,289,1,32,32,7.0
NE SKIDMORE ST,283,1,32,1,7.0
NE SPRINGBROOK ST,307,1,32,32,7.0
NE STANTON PL,185,1,32,32,7.0
NE STANTON ST,1054,2,32,32,7.0
NE STANTON ST,665,1,32,32,7.0
NE STANTON ST,405,1,32,32,7.0
NE STANTON ST,211,1,32,32,7.0
NE SUMMERPLACE DR,377,1,32,32,7.0
NE SUMMERPLACE DR,350,1,32,32,7.0
NE SUMMERPLACE DR,296,1,32,32,7.0
NE SUMMERPLACE DR,274,1,32,32,7.0
NE SUMNER ST,2043,4,32,32,7.0
NE SUMNER ST,600,1,32,32,7.0
NE SUMNER ST,149,1,32,32,7.0
NE THOMPSON ST,757,3,32,32,7.0
NE THOMPSON ST,270,1,32,32,7.0
NE THOMPSON ST,270,1,32,32,7.0
NE THOMPSON ST,269,1,32,32,7.0
NE THOMPSON ST,265,1,32,32,7.0
NE THOMPSON ST,260,1,32,32,7.0
NE THOMPSON ST,260,1,32,32,7.0
NE THOMPSON ST,260,1,32,32,7.0
NE THOMPSON ST,230,1,32,32,7.0
NE THOMPSON ST,226,1,32,32,7.0
NE THOMPSON ST,214,1,32,32,7.0
NE THOMPSON ST,207,1,32,32,7.0
NE THOMPSON ST,193,1,32,32,7.0
NE TILLAMOOK CT,123,1,32,32,7.0
NE TILLAMOOK ST,827,2,32,32,7.0
NE TILLAMOOK ST,544,1,32,32,7.0
NE TILLAMOOK ST,461,1,32,32,7.0
NE TILLAMOOK ST,260,1,32,32,7.0
NE TILLAMOOK ST,260,1,32,32,7.0
NE TILLAMOOK ST,200,1,32,32,7.0
NE WARD ST,611,1,32,32,7.0
NE WASCO ST,622,1,32,32,7.0
NE WEBSTER CT,168,1,32,32,7.0
NE WEBSTER ST,602,1,32,32,7.0
NE WEBSTER ST,533,1,32,32,7.0
NE WEBSTER ST,218,1,32,32,7.0
NE WEIDLER ST,343,1,32,32,7.0
NE WEIDLER ST,233,1,32,32,7.0
NE WYGANT ST,258,1,32,32,7.0
NW 83RD PL,567,1,32,32,7.0
NW BARTHOLOMEW DR,1026,1,32,32,7.0
NW BARTHOLOMEW DR,677,1,32,32,7.0
NW BARTHOLOMEW DR,507,1,32,32,7.0
NW BARTHOLOMEW DR,318,1,32,32,7.0
NW BARTHOLOMEW DR,283,1,32,32,7.0
NW BARTHOLOMEW DR,267,1,32,32,7.0
NW BARTHOLOMEW DR,222,1,32,32,7.0
NW BARTHOLOMEW DR,201,1,32,32,7.0
NW BENSON ST,930,2,32,28,7.0
NW BIRKENDENE ST,1705,1,32,26,7.0
NW BIRKENDENE ST,692,1,32,32,7.0
NW ENGLEMAN ST,673,1,32,32,7.0
NW ENGLEMAN ST,332,1,32,32,7.0
NW ENGLEMAN ST,290,1,32,32,7.0
NW ENGLEMAN ST,251,1,32,32,7.0
NW ENGLEMAN ST,170,1,32,32,7.0
NW ENGLEMAN ST,156,1,32,32,7.0
NW HAZELTINE ST,312,1,32,32,7.0
NW HAZELTINE ST,236,1,32,32,7.0
NW MAYFIELD RD,515,1,32,32,7.0
NW MENDENHALL ST,615,1,32,32,7.0
NW MILL POND RD,1134,1,32,32,7.0
NW MILL POND RD,436,1,32,32,7.0
NW MILL POND RD,412,1,32,32,7.0
NW MILL POND RD,371,1,32,32,7.0
NW MILL POND RD,328,1,32,32,7.0
NW MILL POND RD,258,1,32,32,7.0
NW MILL RIDGE RD,341,1,32,32,7.0
NW MORGAN LN,580,1,32,32,7.0
NW PINNACLE CT,126,1,32,32,7.0
NW PINNACLE DR,426,1,32,32,7.0
NW PINNACLE DR,347,1,32,32,7.0
NW PINNACLE DR,305,1,32,32,7.0
NW RAINMONT RD,206,1,32,32,7.0
NW SLOCUM WAY,246,1,32,32,7.0
SE 100TH AVE,774,1,32,32,7.0
SE 100TH AVE,455,1,32,32,7.0
SE 100TH AVE,316,1,32,32,7.0
SE 100TH AVE,284,1,32,32,7.0
SE 100TH AVE,180,1,32,32,7.0
SE 101ST AVE,566,1,32,32,7.0
SE 101ST AVE,415,1,32,32,7.0
SE 101ST AVE,296,1,32,32,7.0
SE 101ST AVE,289,1,32,32,7.0
SE 101ST AVE,287,1,32,32,7.0
SE 101ST AVE,267,1,32,32,7.0
SE 101ST AVE,261,1,32,32,7.0
SE 101ST AVE,260,1,32,32,7.0
SE 101ST AVE,253,1,32,32,7.0
SE 101ST AVE,250,1,32,32,7.0
SE 101ST AVE,250,1,32,32,7.0
SE 101ST AVE,217,1,32,32,7.0
SE 101ST PL,154,1,32,32,7.0
SE 102ND AVE,280,1,32,32,7.0
SE 102ND AVE,254,1,32,32,7.0
SE 102ND AVE,250,1,32,32,7.0
SE 102ND AVE,250,1,32,32,7.0
SE 102ND AVE,250,1,32,32,7.0
SE 102ND AVE,250,1,32,32,7.0
SE 103RD AVE,973,1,32,32,7.0
SE 103RD AVE,343,1,32,28,7.0
SE 104TH AVE,397,1,32,32,7.0
SE 104TH AVE,308,1,32,32,7.0
SE 104TH AVE,233,1,32,32,7.0
SE 104TH AVE,187,1,32,32,7.0
SE 104TH AVE,161,1,32,32,7.0
SE 104TH AVE,135,1,32,32,7.0
SE 105TH AVE,575,1,32,32,7.0
SE 105TH AVE,316,1,32,32,7.0
SE 105TH AVE,254,1,32,32,7.0
SE 105TH AVE,223,1,32,32,7.0
SE 106TH AVE,216,1,32,32,7.0
SE 107TH AVE,220,1,32,32,7.0
SE 108TH AVE,227,1,32,32,7.0
SE 108TH PL,388,1,32,28,7.0
SE 109TH AVE,366,1,32,32,7.0
SE 110TH AVE,252,1,32,32,7.0
SE 111TH AVE,1041,2,32,32,7.0
SE 111TH AVE,619,1,32,32,7.0
SE 111TH AVE,541,1,32,32,7.0
SE 111TH AVE,536,1,32,32,7.0
SE 111TH AVE,282,1,32,32,7.0
SE 113TH AVE,556,1,32,32,7.0
SE 113TH AVE,538,2,32,1,7.0
SE 113TH AVE,243,1,32,32,7.0
SE 113TH AVE,241,1,32,32,7.0
SE 114TH AVE,1030,3,32,28,7.0
SE 114TH AVE,725,2,32,15,7.0
SE 114TH PL,283,1,32,32,7.0
SE 115TH AVE,307,1,32,32,7.0
SE 115TH AVE,274,1,32,32,7.0
SE 116TH AVE,143,1,32,32,7.0
SE 116TH AVE,130,1,32,32,7.0
SE 117TH AVE,305,1,32,32,7.0
SE 117TH AVE,258,1,32,32,7.0
SE 118TH AVE,339,1,32,32,7.0
SE 119TH AVE,912,2,32,32,7.0
SE 119TH AVE,509,1,32,28,7.0
SE 119TH AVE,250,1,32,32,7.0
SE 119TH AVE,250,1,32,32,7.0
SE 119TH AVE,247,1,32,32,7.0
SE 119TH CT,445,1,32,32,7.0
SE 119TH DR,411,1,32,32,7.0
SE 119TH DR,245,1,32,32,7.0
SE 119TH DR,226,1,32,32,7.0
SE 120TH AVE,790,2,32,32,7.0
SE 120TH AVE,297,1,32,32,7.0
SE 121ST AVE,520,1,32,32,7.0
SE 124TH AVE,354,1,32,22,7.0
SE 125TH AVE,401,1,32,32,7.0
SE 125TH AVE,221,1,32,32,7.0
SE 125TH AVE,209,1,32,32,7.0
SE 127TH AVE,1218,2,32,1,7.0
SE 127TH AVE,727,3,32,32,7.0
SE 127TH AVE,163,1,32,32,7.0
SE 128TH AVE,554,1,32,32,7.0
SE 128TH AVE,253,1,32,32,7.0
SE 128TH AVE,142,1,32,32,7.0
SE 128TH AVE,114,1,32,32,7.0
SE 129TH AVE,264,1,32,32,7.0
SE 129TH AVE,158,1,32,32,7.0
SE 129TH AVE,140,1,32,32,7.0
SE 131ST AVE,395,1,32,32,7.0
SE 131ST AVE,346,1,32,32,7.0
SE 131ST PL,250,1,32,32,7.0
SE 131ST PL,125,1,32,32,7.0
SE 132ND AVE,317,1,32,18,7.0
SE 132ND AVE,278,1,32,32,7.0
SE 132ND AVE,196,1,32,32,7.0
SE 132ND AVE,119,1,32,32,7.0
SE 133RD AVE,566,1,32,32,7.0
SE 133RD AVE,529,1,32,32,7.0
SE 133RD AVE,274,1,32,32,7.0
SE 134TH AVE,695,1,32,32,7.0
SE 134TH AVE,490,1,32,32,7.0
SE 134TH AVE,434,1,32,32,7.0
SE 134TH AVE,398,1,32,32,7.0
SE 134TH AVE,120,1,32,32,7.0
SE 134TH PL,366,1,32,30,7.0
SE 136TH AVE,239,1,32,32,7.0
SE 136TH PL,189,1,32,32,7.0
SE 136TH PL,76,1,32,32,7.0
SE 137TH AVE,351,1,32,32,7.0
SE 137TH AVE,147,1,32,32,7.0
SE 138TH AVE,1308,2,32,16,7.0
SE 138TH AVE,183,1,32,32,7.0
SE 139TH AVE,167,1,32,32,7.0
SE 140TH AVE,815,2,32,32,7.0
SE 140TH AVE,661,1,32,32,7.0
SE 140TH AVE,289,1,32,32,7.0
SE 140TH AVE,250,1,32,32,7.0
SE 141ST AVE,1055,1,32,32,7.0
SE 141ST AVE,226,1,32,32,7.0
SE 143RD AVE,329,1,32,32,7.0
SE 143RD PL,332,1,32,32,7.0
SE 144TH AVE,996,3,32,28,7.0
SE 144TH DR,405,1,32,32,7.0
SE 144TH DR,277,1,32,32,7.0
SE 144TH DR,264,1,32,32,7.0
SE 144TH DR,188,1,32,32,7.0
SE 146TH AVE,630,2,32,32,7.0
SE 146TH AVE,229,1,32,32,7.0
SE 146TH AVE,208,1,32,32,7.0
SE 146TH PL,270,1,32,32,7.0
SE 146TH PL,270,1,32,32,7.0
SE 146TH PL,264,1,32,32,7.0
SE 147TH AVE,545,1,32,32,7.0
SE 147TH AVE,263,1,32,32,7.0
SE 149TH AVE,767,1,32,32,7.0
SE 149TH AVE,629,2,32,28,7.0
SE 149TH AVE,249,1,32,32,7.0
SE 149TH PL,136,1,32,32,7.0
SE 150TH AVE,729,1,32,32,7.0
SE 150TH AVE,125,1,32,32,7.0
SE 151ST AVE,1254,1,32,22,7.0
SE 151ST AVE,848,1,32,32,7.0
SE 151ST AVE,505,1,32,32,7.0
SE 151ST AVE,476,1,32,32,7.0
SE 151ST AVE,367,1,32,32,7.0
SE 151ST AVE,302,1,32,32,7.0
SE 152ND AVE,1185,4,32,32,7.0
SE 152ND AVE,635,2,32,32,7.0
SE 152ND AVE,262,1,32,32,7.0
SE 152ND AVE,260,1,32,32,7.0
SE 152ND AVE,256,1,32,32,7.0
SE 152ND AVE,252,1,32,32,7.0
SE 152ND AVE,249,1,32,32,7.0
SE 152ND PL,187,1,32,32,7.0
SE 153RD AVE,967,1,32,18,7.0
SE 153RD AVE,923,1,32,32,7.0
SE 153RD AVE,847,2,32,32,7.0
SE 153RD AVE,733,1,32,32,7.0
SE 153RD AVE,414,1,32,28,7.0
SE 153RD AVE,253,1,32,32,7.0
SE 153RD AVE,113,1,32,32,7.0
SE 154TH AVE,1243,4,32,32,7.0
SE 154TH AVE,412,1,32,32,7.0
SE 154TH AVE,355,1,32,32,7.0
SE 154TH AVE,312,1,32,32,7.0
SE 154TH AVE,253,1,32,32,7.0
SE 154TH AVE,248,1,32,32,7.0
SE 154TH AVE,223,1,32,32,7.0
SE 154TH AVE,204,1,32,32,7.0
SE 154TH AVE,91,1,32,32,7.0
SE 155TH AVE,655,2,32,32,7.0
SE 155TH PL,206,1,32,32,7.0
SE 156TH AVE,535,1,32,32,7.0
SE 156TH AVE,458,1,32,32,7.0
SE 156TH AVE,410,1,32,32,7.0
SE 156TH AVE,406,1,32,32,7.0
SE 156TH AVE,379,1,32,32,7.0
SE 156TH AVE,347,1,32,32,7.0
SE 156TH AVE,299,1,32,32,7.0
SE 156TH AVE,269,1,32,32,7.0
SE 156TH AVE,264,1,32,23,7.0
SE 156TH AVE,68,1,32,32,7.0
SE 156TH PL,226,1,32,32,7.0
SE 157TH AVE,721,2,32,32,7.0
SE 157TH AVE,662,1,32,32,7.0
SE 157TH AVE,265,1,32,32,7.0
SE 157TH AVE,254,1,32,32,7.0
SE 157TH DR,680,1,32,32,7.0
SE 157TH DR,279,1,32,32,7.0
SE 157TH DR,230,1,32,32,7.0
SE 158TH AVE,656,1,32,32,7.0
SE 158TH AVE,459,1,32,32,7.0
SE 158TH AVE,276,1,32,32,7.0
SE 158TH AVE,268,1,32,32,7.0
SE 158TH AVE,267,1,32,32,7.0
SE 158TH AVE,258,1,32,32,7.0
SE 158TH AVE,224,1,32,32,7.0
SE 158TH AVE,83,1,32,32,7.0
SE 159TH AVE,871,2,32,28,7.0
SE 159TH AVE,630,1,32,32,7.0
SE 159TH AVE,549,1,32,32,7.0
SE 159TH AVE,428,1,32,32,7.0
SE 159TH AVE,336,1,32,32,7.0
SE 159TH AVE,255,1,32,32,7.0
SE 159TH AVE,140,1,32,32,7.0
SE 159TH AVE,98,1,32,32,7.0
SE 160TH AVE,359,1,32,32,7.0
SE 160TH AVE,286,1,32,32,7.0
SE 160TH PL,536,2,32,32,7.0
SE 161ST CT,145,1,32,32,7.0
SE 163RD AVE,210,1,32,32,7.0
SE 163RD PL,234,1,32,32,7.0
SE 164TH AVE,709,1,32,24,7.0
SE 166TH PL,301,1,32,32,7.0
SE 166TH PL,162,1,32,32,7.0
SE 167TH AVE,557,1,32,32,7.0
SE 167TH AVE,291,1,32,32,7.0
SE 167TH AVE,282,1,32,32,7.0
SE 167TH AVE,207,1,32,32,7.0
SE 167TH AVE,177,1,32,32,7.0
SE 167TH AVE,158,1,32,32,7.0
SE 168TH AVE,723,1,32,32,7.0
SE 168TH AVE,394,1,32,32,7.0
SE 168TH AVE,301,1,32,32,7.0
SE 168TH AVE,300,1,32,32,7.0
SE 168TH AVE,300,1,32,32,7.0
SE 168TH AVE,300,1,32,32,7.0
SE 168TH AVE,275,1,32,32,7.0
SE 168TH AVE,148,1,32,32,7.0
SE 168TH AVE,128,1,32,32,7.0
SE 169TH AVE,305,1,32,32,7.0
SE 169TH AVE,270,1,32,32,7.0
SE 169TH AVE,267,1,32,32,7.0
SE 169TH AVE,218,1,32,32,7.0
SE 169TH AVE,209,1,32,32,7.0
SE 169TH DR,886,1,32,32,7.0
SE 169TH PL,478,1,32,32,7.0
SE 169TH PL,327,1,32,32,7.0
SE 170TH AVE,449,1,32,32,7.0
SE 170TH AVE,264,1,32,32,7.0
SE 170TH AVE,255,1,32,32,7.0
SE 170TH AVE,253,1,32,32,7.0
SE 170TH AVE,246,1,32,32,7.0
SE 170TH DR,814,1,32,32,7.0
SE 171ST AVE,249,1,32,32,7.0
SE 171ST DR,504,1,32,32,7.0
SE 172ND AVE,295,1,32,32,7.0
SE 172ND AVE,274,1,32,32,7.0
SE 172ND AVE,270,1,32,32,7.0
SE 172ND AVE,242,1,32,32,7.0
SE 172ND AVE,233,1,32,32,7.0
SE 172ND AVE,133,1,32,32,7.0
SE 174TH PL,657,1,32,32,7.0
SE 175TH PL,948,1,32,32,7.0
SE 175TH PL,221,1,32,32,7.0
SE 19TH AVE,260,1,32,32,7.0
SE 19TH AVE,260,1,32,32,7.0
SE 19TH AVE,260,1,32,32,7.0
SE 19TH AVE,260,1,32,32,7.0
SE 19TH AVE,260,1,32,32,7.0
SE 19TH AVE,260,1,32,32,7.0
SE 21ST AVE,260,1,32,32,7.0
SE 21ST AVE,260,1,32,32,7.0
SE 23RD AVE,257,1,32,32,7.0
SE 24TH AVE,359,1,32,32,7.0
SE 24TH AVE,260,1,32,32,7.0
SE 29TH AVE,260,1,32,32,7.0
SE 30TH AVE,297,1,32,32,7.0
SE 31ST AVE,802,3,32,10,7.0
SE 32ND AVE,947,1,32,32,7.0
SE 32ND AVE,258,1,32,32,7.0
SE 33RD AVE,400,1,32,32,7.0
SE 33RD PL,727,1,32,32,7.0
SE 36TH AVE,499,1,32,32,7.0
SE 40TH AVE,303,1,32,32,7.0
SE 45TH AVE,357,1,32,32,7.0
SE 45TH AVE,247,1,32,32,7.0
SE 45TH AVE,232,1,32,32,7.0
SE 46TH AVE,619,1,32,32,7.0
SE 46TH AVE,431,1,32,32,7.0
SE 46TH AVE,398,1,32,32,7.0
SE 47TH AVE,269,1,32,32,7.0
SE 48TH AVE,295,1,32,32,7.0
SE 48TH AVE,255,1,32,32,7.0
SE 48TH AVE,255,1,32,32,7.0
SE 48TH AVE,239,1,32,32,7.0
SE 49TH AVE,418,1,32,32,7.0
SE 50TH AVE,722,2,32,28,7.0
SE 50TH AVE,252,1,32,32,7.0
SE 50TH AVE,251,1,32,32,7.0
SE 50TH AVE,134,1,32,32,7.0
SE 57TH AVE,586,1,32,32,7.0
SE 57TH AVE,447,1,32,32,7.0
SE 57TH AVE,143,1,32,32,7.0
SE 58TH AVE,447,1,32,32,7.0
SE 60TH AVE,567,1,32,32,7.0
SE 60TH AVE,447,1,32,32,7.0
SE 61ST AVE,566,1,32,32,7.0
SE 61ST AVE,448,1,32,32,7.0
SE 62ND AVE,566,1,32,32,7.0
SE 62ND AVE,145,1,32,32,7.0
SE 63RD AVE,882,2,32,32,7.0
SE 63RD AVE,449,1,32,32,7.0
SE 63RD AVE,438,1,32,32,7.0
SE 63RD AVE,335,1,32,32,7.0
SE 64TH AVE,1275,2,32,18,7.0
SE 65TH AVE,560,1,32,32,7.0
SE 65TH AVE,450,1,32,32,7.0
SE 65TH AVE,441,1,32,32,7.0
SE 65TH AVE,438,1,32,32,7.0
SE 66TH PL,458,1,32,32,7.0
SE 67TH AVE,523,1,32,32,7.0
SE 67TH AVE,504,1,32,32,7.0
SE 67TH AVE,398,1,32,32,7.0
SE 67TH AVE,326,1,32,32,7.0
SE 67TH AVE,324,1,32,32,7.0
SE 67TH AVE,323,1,32,32,7.0
SE 67TH AVE,302,1,32,32,7.0
SE 67TH AVE,286,1,32,32,7.0
SE 67TH AVE,283,1,32,32,7.0
SE 67TH AVE,251,1,32,32,7.0
SE 67TH AVE,205,1,32,32,7.0
SE 68TH AVE,452,1,32,32,7.0
SE 68TH AVE,299,1,32,32,7.0
SE 68TH AVE,250,1,32,32,7.0
SE 68TH AVE,250,1,32,32,7.0
SE 68TH AVE,228,1,32,32,7.0
SE 68TH AVE,207,1,32,32,7.0
SE 69TH AVE,326,1,32,32,7.0
SE 70TH AVE,1743,2,32,32,7.0
SE 70TH AVE,331,1,32,32,7.0
SE 70TH AVE,329,1,32,32,7.0
SE 70TH AVE,326,1,32,32,7.0
SE 71ST AVE,1742,2,32,30,7.0
SE 71ST AVE,667,1,32,32,7.0
SE 71ST AVE,449,1,32,32,7.0
SE 71ST AVE,328,1,32,32,7.0
SE 73RD AVE,1311,1,32,32,7.0
SE 73RD AVE,250,1,32,32,7.0
SE 73RD AVE,250,1,32,32,7.0
SE 73RD AVE,250,1,32,32,7.0
SE 73RD AVE,244,1,32,32,7.0
SE 74TH AVE,308,1,32,32,7.0
SE 74TH AVE,250,1,32,32,7.0
SE 74TH AVE,250,1,32,32,7.0
SE 74TH AVE,250,1,32,32,7.0
SE 74TH AVE,245,1,32,32,7.0
SE 75TH AVE,387,1,32,32,7.0
SE 75TH PL,655,1,32,32,7.0
SE 76TH AVE,861,2,32,32,7.0
SE 76TH AVE,500,1,32,32,7.0
SE 76TH AVE,371,1,32,32,7.0
SE 76TH AVE,310,1,32,32,7.0
SE 76TH AVE,271,1,32,32,7.0
SE 76TH AVE,201,1,32,32,7.0
SE 77TH AVE,561,1,32,32,7.0
SE 77TH AVE,250,1,32,32,7.0
SE 77TH AVE,250,1,32,32,7.0
SE 78TH AVE,655,1,32,32,7.0
SE 78TH AVE,505,1,32,32,7.0
SE 79TH AVE,962,2,32,29,7.0
SE 79TH AVE,520,1,32,32,7.0
SE 79TH AVE,505,1,32,32,7.0
SE 79TH AVE,289,1,32,32,7.0
SE 79TH AVE,250,1,32,32,7.0
SE 79TH AVE,246,1,32,32,7.0
SE 79TH AVE,133,1,32,32,7.0
SE 80TH AVE,510,1,32,32,7.0
SE 80TH AVE,426,1,32,32,7.0
SE 80TH AVE,254,1,32,32,7.0
SE 80TH AVE,254,1,32,32,7.0
SE 80TH AVE,253,1,32,32,7.0
SE 80TH AVE,250,1,32,32,7.0
SE 80TH AVE,250,1,32,32,7.0
SE 80TH AVE,250,1,32,32,7.0
SE 80TH AVE,250,1,32,32,7.0
SE 80TH AVE,250,1,32,32,7.0
SE 80TH AVE,245,1,32,32,7.0
SE 80TH AVE,245,1,32,32,7.0
SE 80TH AVE,244,1,32,32,7.0
SE 80TH AVE,231,1,32,32,7.0
SE 80TH AVE,201,1,32,32,7.0
SE 80TH PL,327,1,32,32,7.0
SE 83RD AVE,661,1,32,32,7.0
SE 83RD AVE,660,1,32,32,7.0
SE 83RD AVE,653,1,32,32,7.0
SE 83RD AVE,651,1,32,32,7.0
SE 84TH AVE,832,1,32,32,7.0
SE 84TH AVE,655,1,32,32,7.0
SE 84TH AVE,541,1,32,32,7.0
SE 84TH AVE,412,1,32,32,7.0
SE 84TH AVE,377,1,32,32,7.0
SE 84TH AVE,240,1,32,32,7.0
SE 84TH AVE,136,1,32,32,7.0
SE 84TH PL,661,1,32,32,7.0
SE 84TH PL,654,1,32,32,7.0
SE 85TH AVE,1134,2,32,27,7.0
SE 85TH AVE,666,1,32,32,7.0
SE 85TH AVE,658,1,32,32,7.0
SE 85TH AVE,656,1,32,32,7.0
SE 85TH AVE,647,1,32,32,7.0
SE 85TH AVE,501,1,32,32,7.0
SE 85TH AVE,459,1,32,32,7.0
SE 85TH AVE,443,1,32,32,7.0
SE 86TH AVE,1305,2,32,12,7.0
SE 86TH AVE,561,1,32,32,7.0
SE 86TH AVE,453,1,32,32,7.0
SE 86TH AVE,369,1,32,32,7.0
SE 86TH AVE,239,1,32,32,7.0
SE 87TH AVE,656,1,32,32,7.0
SE 87TH AVE,561,1,32,32,7.0
SE 87TH AVE,437,1,32,32,7.0
SE 87TH AVE,226,1,32,32,7.0
SE 88TH AVE,660,1,32,32,7.0
SE 88TH AVE,397,1,32,32,7.0
SE 88TH AVE,388,1,32,32,7.0
SE 88TH AVE,335,1,32,32,7.0
SE 89TH AVE,754,2,32,32,7.0
SE 89TH AVE,677,1,32,32,7.0
SE 89TH AVE,336,1,32,32,7.0
SE 90TH AVE,660,1,32,32,7.0
SE 90TH AVE,655,1,32,32,7.0
SE 90TH AVE,500,1,32,32,7.0
SE 90TH PL,310,2,32,32,7.0
SE 91ST AVE,883,2,32,28,7.0
SE 91ST AVE,662,1,32,32,7.0
SE 91ST AVE,650,1,32,32,7.0
SE 91ST AVE,329,1,32,32,7.0
SE 93RD AVE,770,1,32,32,7.0
SE 93RD AVE,246,1,32,32,7.0
SE 93RD AVE,170,1,32,32,7.0
SE 93RD CT,176,1,32,32,7.0
SE 94TH AVE,1321,3,32,19,7.0
SE 94TH AVE,1017,3,32,24,7.0
SE 94TH AVE,956,3,32,18,7.0
SE 94TH AVE,719,3,32,30,7.0
SE 94TH AVE,684,2,32,28,7.0
SE 94TH AVE,171,1,32,32,7.0
SE 96TH AVE,844,2,32,32,7.0
SE 96TH AVE,394,1,32,32,7.0
SE 97TH AVE,624,1,32,32,7.0
SE 97TH AVE,255,1,32,32,7.0
SE 97TH AVE,255,1,32,32,7.0
SE 97TH AVE,250,1,32,32,7.0
SE 97TH AVE,250,1,32,32,7.0
SE 97TH AVE,250,1,32,32,7.0
SE 97TH AVE,207,1,32,32,7.0
SE 97TH AVE,194,1,32,32,7.0
SE 98TH AVE,498,2,32,32,7.0
SE 98TH AVE,368,1,32,32,7.0
SE 98TH AVE,323,1,32,32,7.0
SE 99TH AVE,631,1,32,32,7.0
SE 99TH AVE,397,1,32,32,7.0
SE 99TH AVE,353,1,32,32,7.0
SE 99TH AVE,337,1,32,32,7.0
SE 99TH AVE,315,1,32,32,7.0
SE 99TH AVE,301,1,32,32,7.0
SE 99TH AVE,287,1,32,32,7.0
SE 99TH AVE,254,1,32,32,7.0
SE 99TH AVE,250,1,32,32,7.0
SE 99TH AVE,250,1,32,32,7.0
SE ALDER CT,510,1,32,32,7.0
SE ALDER CT,111,1,32,32,7.0
SE ALDER ST,1623,3,32,30,7.0
SE ALDER ST,1349,3,32,32,7.0
SE ALDER ST,815,2,32,28,7.0
SE ALDER ST,655,1,32,32,7.0
SE ALDER ST,528,1,32,32,7.0
SE ALDER ST,370,1,32,32,7.0
SE ALDER ST,345,1,32,32,7.0
SE ALDER ST,250,1,32,32,7.0
SE ALDER ST,216,1,32,32,7.0
SE ALDER ST,150,1,32,32,7.0
SE ALDER ST,140,1,32,32,7.0
SE ANKENY CIR,887,1,32,32,7.0
SE ANKENY CT,194,1,32,32,7.0
SE ANKENY ST,665,1,32,32,7.0
SE ANKENY ST,655,1,32,32,7.0
SE ASH ST,674,1,32,32,7.0
SE ASH ST,655,1,32,32,7.0
SE BOISE ST,164,1,32,32,7.0
SE BROOKLYN ST,945,1,32,32,7.0
SE BROOKLYN ST,456,2,32,16,7.0
SE BROOKLYN ST,416,1,32,32,7.0
SE BROOKLYN ST,363,1,32,32,7.0
SE BROOKLYN ST,354,2,32,16,7.0
SE BROOKLYN ST,328,1,32,32,7.0
SE BROOKLYN ST,278,1,32,32,7.0
SE BROOKLYN ST,222,1,32,32,7.0
SE BROOKSIDE DR,951,1,32,32,7.0
SE BROOKSIDE DR,303,1,32,32,7.0
SE BROOKSIDE DR,222,1,32,32,7.0
SE BUSH ST,1084,2,32,32,7.0
SE BUSH ST,605,1,32,32,7.0
SE BUSH ST,560,1,32,32,7.0
SE BUSH ST,394,1,32,32,7.0
SE BUSH ST,347,1,32,32,7.0
SE BUSH ST,256,1,32,32,7.0
SE CARLTON ST,661,1,32,32,7.0
SE CARLTON ST,660,1,32,32,7.0
SE CARLTON ST,412,1,32,32,7.0
SE CARUTHERS ST,739,1,32,32,7.0
SE CARUTHERS ST,689,2,32,32,7.0
SE CARUTHERS ST,200,1,32,32,7.0
SE CENTER ST,1003,2,32,32,7.0
SE CENTER ST,653,1,32,32,7.0
SE CENTER ST,277,1,32,32,7.0
SE CENTER ST,275,1,32,32,7.0
SE CENTER ST,266,1,32,32,7.0
SE CENTER ST,255,1,32,32,7.0
SE CENTER ST,236,1,32,32,7.0
SE CENTER ST,219,1,32,32,7.0
SE CENTER ST,189,1,32,32,7.0
SE CENTER ST,73,1,32,32,7.0
SE CLATSOP CT,981,1,32,32,7.0
SE CLATSOP CT,231,1,32,32,7.0
SE CLATSOP ST,1412,2,32,28,7.0
SE CLATSOP ST,637,1,32,32,7.0
SE CLATSOP ST,592,2,32,20,7.0
SE CLATSOP ST,386,1,32,32,7.0
SE CLAY CT,665,1,32,32,7.0
SE CLAY ST,1611,3,32,30,7.0
SE CLAY ST,640,1,32,32,7.0
SE CLAY ST,535,1,32,32,7.0
SE CLAY ST,530,1,32,32,7.0
SE CLAY ST,256,1,32,32,7.0
SE CLAY ST,122,1,32,32,7.0
SE CLAYBOURNE ST,1086,1,32,32,7.0
SE CLAYBOURNE ST,557,2,32,28,7.0
SE CLAYBOURNE ST,479,1,32,32,7.0
SE CLAYBOURNE ST,394,1,32,32,7.0
SE CLAYBOURNE ST,288,1,32,32,7.0
SE CLAYBOURNE ST,287,1,32,32,7.0
SE CLAYBOURNE ST,273,1,32,32,7.0
SE CLAYBOURNE ST,269,1,32,32,7.0
SE CLAYBOURNE ST,260,1,32,32,7.0
SE CLAYBOURNE ST,260,1,32,32,7.0
SE CLAYBOURNE ST,255,1,32,32,7.0
SE CLAYBOURNE ST,255,1,32,32,7.0
SE CLAYBOURNE ST,252,1,32,32,7.0
SE CLINTON CT,539,1,32,32,7.0
SE CLINTON ST,869,1,32,32,7.0
SE CLINTON ST,376,1,32,32,7.0
SE CLINTON ST,260,1,32,32,7.0
SE CLINTON ST,257,1,32,32,7.0
SE COOPER ST,765,1,32,28,7.0
SE COOPER ST,570,2,32,12,7.0
SE COOPER ST,556,1,32,32,7.0
SE COOPER ST,537,1,32,32,7.0
SE COOPER ST,381,1,32,32,7.0
SE COOPER ST,285,1,32,32,7.0
SE COOPER ST,251,1,32,32,7.0
SE CORA ST,1082,2,32,32,7.0
SE CORA ST,662,1,32,25,7.0
SE CORA ST,590,2,32,32,7.0
SE CORA ST,564,1,32,32,7.0
SE CORA ST,339,1,32,32,7.0
SE CORA ST,255,1,32,32,7.0
SE CORA ST,254,1,32,32,7.0
SE CORA ST,251,1,32,32,7.0
SE CORA ST,250,1,32,32,7.0
SE CORA ST,250,1,32,32,7.0
SE CORA ST,250,1,32,32,7.0
SE CORA ST,250,1,32,32,7.0
SE CORA ST,250,1,32,32,7.0
SE CRYSTAL CT,359,1,32,32,7.0
SE CRYSTAL SPRINGS ST,928,1,32,32,7.0
SE CRYSTAL VIEW DR,492,1,32,20,7.0
SE DUKE ST,361,1,32,32,7.0
SE DUKE ST,318,1,32,32,7.0
SE DUKE ST,255,1,32,32,7.0
SE DUKE ST,250,1,32,32,7.0
SE ELLIS ST,849,1,32,32,7.0
SE ELLIS ST,655,1,32,32,7.0
SE ELLIS ST,633,1,32,32,7.0
SE ELLIS ST,464,1,32,32,7.0
SE ELLIS ST,379,1,32,32,7.0
SE ELLIS ST,310,1,32,32,7.0
SE ELSASSER LN,279,1,32,32,7.0
SE FLAVEL CT,510,1,32,32,7.0
SE FLAVEL CT,149,1,32,32,7.0
SE FLAVEL ST,652,1,32,32,7.0
SE FLAVEL ST,305,1,32,32,7.0
SE FLAVEL ST,301,1,32,32,7.0
SE FLAVEL ST,236,1,32,32,7.0
SE FRANCIS ST,896,3,32,18,7.0
SE FRANCIS ST,561,1,32,32,7.0
SE FRANCIS ST,527,1,32,32,7.0
SE FRANCIS ST,314,1,32,32,7.0
SE FRANCIS ST,243,1,32,32,7.0
SE FRANCIS ST,202,1,32,32,7.0
SE FRANKLIN ST,803,2,32,28,7.0
SE FRANKLIN ST,725,1,32,32,7.0
SE FRANKLIN ST,392,1,32,32,7.0
SE FRANKLIN ST,388,1,32,32,7.0
SE FRANKLIN ST,269,1,32,32,7.0
SE FRANKLIN ST,214,1,32,32,7.0
SE GLADSTONE CT,441,2,32,31,7.0
SE GLADSTONE DR,430,1,32,32,7.0
SE GLADSTONE DR,261,1,32,32,7.0
SE GLADSTONE DR,161,1,32,32,7.0
SE GLADSTONE ST,942,1,32,32,7.0
SE GLADSTONE ST,652,1,32,32,7.0
SE GLADSTONE ST,268,1,32,32,7.0
SE GLADSTONE ST,125,1,32,32,7.0
SE GLENWOOD ST,1359,3,32,22,7.0
SE GLENWOOD ST,298,1,32,32,7.0
SE GLENWOOD ST,276,1,32,32,7.0
SE GLENWOOD ST,260,1,32,32,7.0
SE GLENWOOD ST,260,1,32,32,7.0
SE GLENWOOD ST,260,1,32,32,7.0
SE GLENWOOD ST,256,1,32,32,7.0
SE GLENWOOD ST,255,1,32,32,7.0
SE GLENWOOD ST,250,1,32,32,7.0
SE GLENWOOD ST,226,1,32,32,7.0
SE GLENWOOD ST,113,1,32,32,7.0
SE GRAND AVE,157,1,32,32,7.0
SE GRANDVIEW TER,853,1,32,32,7.0
SE GRANT CT,295,1,32,32,7.0
SE GRANT CT,197,1,32,32,7.0
SE GRANT CT,148,1,32,32,7.0
SE GRANT ST,1025,1,32,32,7.0
SE GRANT ST,662,1,32,32,7.0
SE GRANT ST,306,1,32,32,7.0
SE GRANT ST,263,1,32,32,7.0
SE HAIG DR,404,1,32,32,7.0
SE HAIG DR,234,1,32,32,7.0
SE HAIG DR,149,1,32,32,7.0
SE HAIG DR,146,1,32,32,7.0
SE HAIG DR,125,1,32,32,7.0
SE HAIG ST,651,1,32,32,7.0
SE HAIG ST,485,1,32,32,7.0
SE HAIG ST,461,2,32,25,7.0
SE HAIG ST,173,1,32,32,7.0
SE HARNEY ST,655,1,32,32,7.0
SE HARNEY ST,528,1,32,32,7.0
SE HARNEY ST,267,1,32,32,7.0
SE HARNEY ST,266,1,32,32,7.0
SE HARRISON ST,1717,3,32,28,7.0
SE HARRISON ST,479,1,32,32,7.0
SE HARRISON ST,350,1,32,32,7.0
SE HARRISON ST,331,1,32,32,7.0
SE HARRISON ST,331,1,32,32,7.0
SE HARRISON ST,330,1,32,32,7.0
SE HARRISON ST,327,2,32,32,7.0
SE HARRISON ST,224,1,32,32,7.0
SE HARRISON ST,164,1,32,32,7.0
SE HARRISON ST,120,1,32,32,7.0
SE HAWTHORNE BLVD,983,2,32,28,7.0
SE HAWTHORNE CT,514,1,32,32,7.0
SE HAWTHORNE CT,273,1,32,32,7.0
SE HAWTHORNE CT,261,1,32,32,7.0
SE HAWTHORNE CT,201,1,32,32,7.0
SE HENDERSON ST,837,2,32,26,7.0
SE HENDERSON ST,669,1,32,32,7.0
SE HENRY ST,662,1,32,32,7.0
SE HENRY ST,373,2,32,24,7.0
SE HENRY ST,369,1,32,32,7.0
SE HENRY ST,270,1,32,32,7.0
SE HENRY ST,255,1,32,32,7.0
SE HENRY ST,251,1,32,32,7.0
SE HENRY ST,149,1,32,32,7.0
SE HENRY ST,134,1,32,32,7.0
SE HENRY ST,98,1,32,32,7.0
SE INSLEY ST,655,1,32,32,7.0
SE INSLEY ST,340,1,32,32,7.0
SE INSLEY ST,330,1,32,32,7.0
SE INSLEY ST,327,1,32,32,7.0
SE INSLEY ST,267,1,32,32,7.0
SE KELLY ST,570,1,32,32,7.0
SE KELLY ST,503,1,32,32,7.0
SE KELLY ST,349,1,32,32,7.0
SE KELLY ST,317,1,32,32,7.0
SE KELLY ST,284,1,32,32,7.0
SE KELLY ST,276,1,32,32,7.0
SE KELLY ST,255,1,32,32,7.0
SE KELLY ST,240,1,32,32,7.0
SE KNAPP LN,461,1,32,32,7.0
SE KNAPP ST,326,1,32,32,7.0
SE KNAPP ST,270,1,32,32,7.0
SE KNAPP ST,270,1,32,32,7.0
SE KNAPP ST,260,1,32,32,7.0
SE KNAPP ST,250,1,32,32,7.0
SE KNIGHT ST,778,3,32,32,7.0
SE KNIGHT ST,584,1,32,32,7.0
SE KNIGHT ST,511,1,32,32,7.0
SE KNIGHT ST,310,1,32,32,7.0
SE KNIGHT ST,250,1,32,32,7.0
SE LAFAYETTE ST,611,1,32,32,7.0
SE LAFAYETTE ST,408,1,32,32,7.0
SE LAFAYETTE ST,361,2,32,32,7.0
SE LAFAYETTE ST,339,1,32,32,7.0
SE LAFAYETTE ST,306,1,32,32,7.0
SE LAFAYETTE ST,285,1,32,32,7.0
SE LAFAYETTE ST,191,1,32,32,7.0
SE LAMBERT ST,261,1,32,32,7.0
SE LEXINGTON ST,600,2,32,32,7.0
SE LEXINGTON ST,340,1,32,32,7.0
SE LEXINGTON ST,340,1,32,32,7.0
SE LEXINGTON ST,275,1,32,32,7.0
SE LEXINGTON ST,270,1,32,32,7.0
SE LEXINGTON ST,264,1,32,32,7.0
SE LIEBE ST,526,1,32,32,7.0
SE LIEBE ST,423,1,32,32,7.0
SE LIEBE ST,345,1,32,14,7.0
SE LIEBE ST,245,1,32,32,7.0
SE LIEBE ST,240,1,32,32,7.0
SE LIEBE ST,216,1,32,32,7.0
SE LINCOLN CT,1012,2,32,32,7.0
SE LINCOLN CT,300,1,32,32,7.0
SE LINCOLN CT,208,1,32,32,7.0
SE LINCOLN ST,1026,1,32,32,7.0
SE LINCOLN ST,680,1,32,32,7.0
SE LINCOLN ST,524,1,32,32,7.0
SE LINCOLN ST,522,1,32,32,7.0
SE LINCOLN ST,403,1,32,32,7.0
SE LINCOLN ST,307,1,32,32,7.0
SE LINCOLN ST,299,1,32,32,7.0
SE LINCOLN ST,275,1,32,32,7.0
SE LINCOLN ST,274,1,32,32,7.0
SE LINCOLN ST,273,1,32,32,7.0
SE LINCOLN ST,252,1,32,32,7.0
SE LINCOLN ST,241,1,32,32,7.0
SE LINCOLN ST,219,1,32,32,7.0
SE LINCOLN ST,168,1,32,32,7.0
SE LONG ST,1129,1,32,16,7.0
SE LONG ST,397,1,32,32,7.0
SE LONG ST,338,1,32,32,7.0
SE LONG ST,330,1,32,32,7.0
SE LONG ST,328,1,32,32,7.0
SE LONG ST,317,1,32,32,7.0
SE LONG ST,308,1,32,32,7.0
SE LONG ST,290,1,32,32,7.0
SE LONG ST,267,1,32,32,7.0
SE LYDIA CT,430,1,32,32,7.0
SE MADISON CT,577,1,32,32,7.0
SE MADISON CT,279,1,32,32,7.0
SE MADISON DR,537,1,32,32,7.0
SE MADISON DR,426,1,32,32,7.0
SE MADISON DR,234,1,32,32,7.0
SE MADISON ST,878,2,32,32,7.0
SE MADISON ST,786,3,32,32,7.0
SE MADISON ST,404,1,32,32,7.0
SE MADISON ST,354,1,32,32,7.0
SE MAIN ST,934,1,32,28,7.0
SE MAIN ST,260,1,32,32,7.0
SE MALDEN ST,830,2,32,32,7.0
SE MALDEN ST,323,1,32,32,7.0
SE MALDEN ST,140,1,32,32,7.0
SE MALL ST,248,1,32,32,7.0
SE MARKET CT,330,1,32,32,7.0
SE MARKET CT,295,1,32,32,7.0
SE MARKET DR,349,1,32,32,7.0
SE MARKET DR,214,1,32,32,7.0
SE MARKET ST,989,2,32,22,7.0
SE MARKET ST,687,1,32,32,7.0
SE MARKET ST,528,1,32,32,7.0
SE MARKET ST,332,1,32,32,7.0
SE MARTINS ST,656,1,32,32,7.0
SE MARTINS ST,260,1,32,32,7.0
SE MILL CT,1318,1,32,32,7.0
SE MILL CT,1032,2,32,32,7.0
SE MILL CT,401,1,32,32,7.0
SE MILL CT,382,1,32,32,7.0
SE MILL CT,199,1,32,32,7.0
SE MILL CT,129,1,32,32,7.0
SE MILL ST,1986,2,32,28,7.0
SE MILL ST,373,1,32,32,7.0
SE MILL ST,310,1,32,32,7.0
SE MILL ST,247,1,32,32,7.0
SE MILL ST,244,1,32,32,7.0
SE MITCHELL ST,662,1,32,32,7.0
SE MITCHELL ST,647,1,32,1,7.0
SE MITCHELL ST,535,1,32,32,7.0
SE MITCHELL ST,458,1,32,32,7.0
SE MITCHELL ST,379,1,32,32,7.0
SE MITCHELL ST,362,1,32,32,7.0
SE MITCHELL ST,263,1,32,32,7.0
SE MITCHELL ST,259,1,32,32,7.0
SE MITCHELL ST,249,1,32,32,7.0
SE MITCHELL ST,236,1,32,32,7.0
SE MITCHELL ST,195,1,32,32,7.0
SE MORRISON CT,259,1,32,32,7.0
SE MORRISON CT,236,1,32,32,7.0
SE MORRISON CT,118,1,32,32,7.0
SE MORRISON ST,1322,2,32,30,7.0
SE MORRISON ST,581,1,32,32,7.0
SE MORRISON ST,435,1,32,32,7.0
SE MORRISON ST,260,1,32,32,7.0
SE MORRISON ST,237,1,32,32,7.0
SE MORRISON ST,217,1,32,32,7.0
SE NEHALEM ST,510,1,32,32,7.0
SE OAK ST,665,1,32,32,7.0
SE OAK ST,655,1,32,32,7.0
SE OAK ST,475,1,32,17,7.0
SE OGDEN ST,538,1,32,20,7.0
SE PARDEE ST,345,1,32,32,7.0
SE PARDEE ST,340,1,32,32,7.0
SE PARDEE ST,317,1,32,32,7.0
SE PINE ST,655,1,32,32,7.0
SE PINE ST,327,1,32,32,7.0
SE POWELL CT,591,1,32,32,7.0
SE POWELL CT,349,1,32,32,7.0
SE POWELL CT,283,1,32,32,7.0
SE RAMONA ST,660,1,32,32,7.0
SE RAMONA ST,660,1,32,32,7.0
SE RAMONA ST,660,1,32,32,7.0
SE RAMONA ST,655,1,32,32,7.0
SE RAMONA ST,259,1,32,32,7.0
SE RAYMOND ST,660,1,32,32,7.0
SE REEDWAY ST,665,1,32,32,7.0
SE REEDWAY ST,660,1,32,32,7.0
SE REEDWAY ST,655,1,32,32,7.0
SE REEDWAY ST,535,2,32,32,7.0
SE REEDWAY ST,511,1,32,32,7.0
SE REEDWAY ST,456,1,32,32,7.0
SE REEDWAY ST,311,1,32,32,7.0
SE REEDWAY ST,310,1,32,32,7.0
SE REEDWAY ST,249,1,32,32,7.0
SE REX ST,1415,2,32,32,7.0
SE REX ST,796,2,32,26,7.0
SE REX ST,146,1,32,32,7.0
SE REX ST,120,1,32,32,7.0
SE RHINE CT,526,1,32,32,7.0
SE RHINE CT,166,1,32,32,7.0
SE RHINE ST,740,1,32,32,7.0
SE RHINE ST,613,1,32,28,7.0
SE RHINE ST,560,1,32,32,7.0
SE RHONE ST,577,2,32,26,7.0
SE RHONE ST,560,1,32,32,7.0
SE RHONE ST,477,1,32,32,7.0
SE RHONE ST,267,1,32,32,7.0
SE SALMON ST,894,1,32,32,7.0
SE SALMON ST,745,2,32,28,7.0
SE SALMON ST,739,2,32,32,7.0
SE SALMON ST,702,1,32,32,7.0
SE SALMON ST,615,1,32,32,7.0
SE SCHILLER ST,827,1,32,32,7.0
SE SCHILLER ST,666,1,32,32,7.0
SE SCHILLER ST,565,1,32,32,7.0
SE SCHILLER ST,490,2,32,32,7.0
SE SCHILLER ST,330,1,32,32,7.0
SE SCHILLER ST,292,1,32,32,7.0
SE SCHILLER ST,283,1,32,32,7.0
SE SCHILLER ST,250,1,32,32,7.0
SE SCHILLER ST,209,1,32,32,7.0
SE SHERMAN DR,432,1,32,32,7.0
SE SHERMAN DR,281,1,32,32,7.0
SE SHERMAN DR,130,1,32,32,7.0
SE SHERMAN ST,674,1,32,32,7.0
SE SHERMAN ST,528,1,32,32,7.0
SE SHERMAN ST,492,1,32,32,7.0
SE SHERMAN ST,411,1,32,32,7.0
SE SHERMAN ST,409,1,32,32,7.0
SE SHERMAN ST,307,1,32,32,7.0
SE SHERMAN ST,102,1,32,32,7.0
SE STEELE ST,660,1,32,32,7.0
SE STEELE ST,350,1,32,32,7.0
SE STEELE ST,338,1,32,32,7.0
SE STEELE ST,325,1,32,16,7.0
SE STEELE ST,315,1,32,32,7.0
SE STEELE ST,257,1,32,32,7.0
SE STEELE ST,250,1,32,32,7.0
SE STEELE ST,249,1,32,32,7.0
SE STEELE ST,248,1,32,32,7.0
SE STEPHENS CT,938,3,32,32,7.0
SE STEPHENS CT,482,1,32,32,7.0
SE STEPHENS CT,249,1,32,32,7.0
SE STEPHENS CT,245,1,32,32,7.0
SE STEPHENS CT,197,1,32,32,7.0
SE STEPHENS ST,690,2,32,32,7.0
SE STEPHENS ST,343,1,32,32,7.0
SE STEPHENS ST,158,1,32,32,7.0
SE STEPHENS ST,154,1,32,32,7.0
SE SUN CREST DR,1177,1,32,32,7.0
SE SUN CREST DR,668,1,32,32,7.0
SE TAGGART ST,284,1,32,32,7.0
SE TAGGART ST,270,1,32,28,7.0
SE TAGGART ST,173,1,32,32,7.0
SE TAGGART ST,161,1,32,32,7.0
SE TAYLOR CT,332,1,32,32,7.0
SE TAYLOR CT,156,1,32,32,7.0
SE TAYLOR CT,126,1,32,32,7.0
SE TAYLOR ST,895,1,32,32,7.0
SE TAYLOR ST,332,1,32,32,7.0
SE TAYLOR ST,277,1,32,32,7.0
SE TENINO ST,530,1,32,32,7.0
SE TENINO ST,264,1,32,32,7.0
SE TENINO ST,262,1,32,32,7.0
SE TENINO ST,193,1,32,32,7.0
SE TIBBETTS ST,803,2,32,32,7.0
SE TIBBETTS ST,576,1,32,32,7.0
SE TIBBETTS ST,492,1,32,32,7.0
SE TIBBETTS ST,274,1,32,32,7.0
SE TIBBETTS ST,261,1,32,32,7.0
SE TIBBETTS ST,260,1,32,32,7.0
SE TIBBETTS ST,224,1,32,32,7.0
SE TIBBETTS ST,216,1,32,32,7.0
SE TIBBETTS ST,195,1,32,32,7.0
SE TIBBETTS ST,132,1,32,32,7.0
SE TIBBETTS ST,92,1,32,32,7.0
SE TOLMAN ST,659,1,32,32,7.0
SE TOLMAN ST,324,1,32,32,7.0
SE TOLMAN ST,267,1,32,32,7.0
SE TOLMAN ST,257,1,32,32,7.0
SE TOLMAN ST,255,1,32,32,7.0
SE TOLMAN ST,251,1,32,32,7.0
SE TOLMAN ST,250,1,32,32,7.0
SE TOLMAN ST,248,1,32,32,7.0
SE TOLMAN ST,248,1,32,32,7.0
SE TOLMAN ST,248,1,32,32,7.0
SE TOLMAN ST,248,1,32,32,7.0
SE TOLMAN ST,248,1,32,32,7.0
SE TOLMAN ST,157,1,32,32,7.0
SE TOLMAN ST,156,1,32,32,7.0
SE TOLMAN ST,155,1,32,32,7.0
SE WASHINGTON CT,369,1,32,15,7.0
SE WASHINGTON CT,101,1,32,32,7.0
SE WASHINGTON ST,579,1,32,32,7.0
SE WASHINGTON ST,528,1,32,32,7.0
SE WOODSTOCK BLVD,410,2,32,32,7.0
SE WOODSTOCK BLVD,255,1,32,32,7.0
SE WOODSTOCK BLVD,131,1,32,32,7.0
SE WOODSTOCK CT,328,1,32,32,7.0
SE WOODWARD CT,591,1,32,32,7.0
SE WOODWARD PL,274,1,32,32,7.0
SE WOODWARD ST,658,1,32,32,7.0
SE WOODWARD ST,406,1,32,32,7.0
SE WOODWARD ST,330,1,32,32,7.0
SE WOODWARD ST,245,1,32,32,7.0
SE WOODWARD ST,232,1,32,32,7.0
SE WOODWARD ST,149,1,32,32,7.0
SE YAMHILL ST,1735,3,32,30,7.0
SE YAMHILL ST,727,2,32,28,7.0
SE YAMHILL ST,549,2,32,32,7.0
SE YAMHILL ST,460,1,32,32,7.0
SE YAMHILL ST,453,1,32,16,7.0
SE YAMHILL ST,341,1,32,32,7.0
SE YAMHILL ST,302,1,32,32,7.0
SE YUKON ST,310,1,32,32,7.0
SE YUKON ST,279,1,32,32,7.0
SE YUKON ST,255,1,32,32,7.0
SE YUKON ST,252,1,32,32,7.0
SW 14TH DR,950,1,32,32,7.0
SW 14TH DR,382,1,32,32,7.0
SW 14TH DR,240,1,32,32,7.0
SW 21ST AVE,402,1,32,32,7.0
SW 25TH AVE,335,1,32,32,7.0
SW 25TH AVE,328,1,32,32,7.0
SW 25TH AVE,245,1,32,32,7.0
SW 25TH AVE,209,1,32,32,7.0
SW 25TH AVE,198,1,32,32,7.0
SW 25TH AVE,190,1,32,32,7.0
SW 26TH AVE,342,1,32,32,7.0
SW 26TH AVE,297,1,32,32,7.0
SW 26TH AVE,135,1,32,32,7.0
SW 28TH AVE,648,1,32,32,7.0
SW 28TH AVE,405,1,32,14,7.0
SW 28TH DR,420,1,32,32,7.0
SW 28TH DR,321,1,32,32,7.0
SW 28TH DR,315,1,32,32,7.0
SW 28TH DR,239,1,32,32,7.0
SW 28TH PL,137,1,32,32,7.0
SW 29TH PL,102,1,32,32,7.0
SW 31ST AVE,387,1,32,32,7.0
SW 32ND AVE,701,2,32,30,7.0
SW 32ND AVE,529,2,32,32,7.0
SW 32ND AVE,516,1,32,32,7.0
SW 32ND AVE,313,2,32,10,7.0
SW 32ND AVE,262,1,32,32,7.0
SW 32ND AVE,260,1,32,32,7.0
SW 32ND AVE,179,1,32,32,7.0
SW 34TH AVE,238,1,32,32,7.0
SW 34TH PL,517,1,32,32,7.0
SW 34TH PL,136,1,32,32,7.0
SW 36TH AVE,265,1,32,32,7.0
SW 36TH AVE,260,1,32,32,7.0
SW 36TH AVE,161,1,32,1,7.0
SW 37TH AVE,259,1,32,32,7.0
SW 38TH PL,446,1,32,32,7.0
SW 38TH PL,254,1,32,32,7.0
SW 39TH AVE,259,1,32,32,7.0
SW 39TH DR,617,1,32,32,7.0
SW 39TH DR,450,1,32,32,7.0
SW 39TH DR,438,1,32,32,7.0
SW 40TH AVE,400,1,32,32,7.0
SW 41ST AVE,658,1,32,32,7.0
SW 42ND AVE,656,1,32,32,7.0
SW 43RD AVE,941,1,32,32,7.0
SW 43RD AVE,370,1,32,32,7.0
SW 43RD AVE,259,1,32,32,7.0
SW 44TH AVE,988,1,32,32,7.0
SW 45TH AVE,478,1,32,32,7.0
SW 45TH AVE,260,1,32,32,7.0
SW 45TH AVE,260,1,32,32,7.0
SW 45TH AVE,260,1,32,32,7.0
SW 45TH AVE,260,1,32,32,7.0
SW 45TH AVE,260,1,32,32,7.0
SW 45TH AVE,260,1,32,32,7.0
SW 45TH AVE,260,1,32,32,7.0
SW 47TH AVE,653,2,32,1,7.0
SW 47TH AVE,485,1,32,15,7.0
SW 47TH AVE,296,1,32,32,7.0
SW 47TH AVE,260,1,32,32,7.0
SW 47TH AVE,260,1,32,32,7.0
SW 47TH AVE,260,1,32,32,7.0
SW 47TH DR,308,1,32,32,7.0
SW 48TH WAY,178,1,32,32,7.0
SW 49TH AVE,538,1,32,32,7.0
SW 49TH AVE,440,2,32,16,7.0
SW 49TH AVE,310,1,32,32,7.0
SW 49TH AVE,276,1,32,32,7.0
SW 49TH CT,243,1,32,32,7.0
SW 50TH AVE,510,1,32,32,7.0
SW 50TH AVE,496,1,32,32,7.0
SW 50TH AVE,178,1,32,32,7.0
SW 51ST AVE,510,1,32,20,7.0
SW 51ST PL,225,1,32,32,7.0
SW 52ND AVE,899,1,32,32,7.0
SW 52ND AVE,354,1,32,32,7.0
SW 53RD AVE,485,1,32,32,7.0
SW 53RD AVE,289,1,32,32,7.0
SW 53RD AVE,235,1,32,32,7.0
SW 54TH AVE,860,2,32,32,7.0
SW 54TH PL,329,1,32,32,7.0
SW 54TH PL,236,1,32,32,7.0
SW 54TH PL,195,1,32,32,7.0
SW 55TH AVE,588,1,32,32,7.0
SW 55TH AVE,267,1,32,32,7.0
SW 56TH AVE,493,1,32,32,7.0
SW 57TH AVE,1024,1,32,32,7.0
SW 57TH AVE,547,1,32,32,7.0
SW 57TH AVE,506,1,32,32,7.0
SW 57TH AVE,317,1,32,32,7.0
SW 57TH PL,1214,2,32,20,7.0
SW 58TH AVE,769,1,32,32,7.0
SW 59TH AVE,827,1,32,32,7.0
SW 59TH DR,373,1,32,32,7.0
SW 59TH DR,194,1,32,32,7.0
SW 60TH AVE,924,1,32,32,7.0
SW 61ST CT,193,1,32,32,7.0
SW 62ND AVE,447,1,32,32,7.0
SW 62ND PL,673,1,32,32,7.0
SW 62ND PL,667,1,32,32,7.0
SW 62ND PL,178,1,32,32,7.0
SW 63RD DR,1068,1,32,32,7.0
SW 63RD PL,276,1,32,32,7.0
SW 64TH AVE,278,1,32,32,7.0
SW 64TH AVE,261,1,32,32,7.0
SW 64TH AVE,180,1,32,32,7.0
SW 64TH DR,174,1,32,32,7.0
SW 65TH AVE,144,1,32,32,7.0
SW 65TH AVE,110,1,32,32,7.0
SW 6TH AVE,464,1,32,32,7.0
SW 6TH AVE,345,1,32,32,7.0
SW 6TH AVE,219,1,32,32,7.0
SW ALFRED ST,446,1,32,32,7.0
SW ALFRED ST,368,1,32,32,7.0
SW ALFRED ST,329,1,32,32,7.0
SW ALFRED ST,291,1,32,32,7.0
SW ALFRED ST,257,1,32,32,7.0
SW ARNOLD ST,489,1,32,32,7.0
SW ARNOLD ST,381,1,32,32,7.0
SW ASH CREEK DR,454,1,32,32,7.0
SW ASH CREEK DR,190,1,32,32,7.0
SW BANCROFT ST,368,1,32,32,7.0
SW BANCROFT ST,310,1,32,32,7.0
SW BENTLY CT,182,1,32,32,7.0
SW BROADLEAF DR,1156,1,32,32,7.0
SW BRUGGER ST,258,1,32,32,7.0
SW BUDDINGTON ST,520,1,32,32,7.0
SW CALDEW ST,320,1,32,32,7.0
SW CALIFORNIA ST,358,1,32,32,7.0
SW CALIFORNIA ST,305,1,32,32,7.0
SW CALIFORNIA ST,188,1,32,32,7.0
SW CANBY LN,372,1,32,32,7.0
SW CANBY ST,844,3,32,30,7.0
SW CANYON CT,1657,2,32,32,7.0
SW CARAWAY CT,181,1,32,32,7.0
SW CAROLINA ST,450,1,32,32,7.0
SW CARSON ST,971,2,32,28,7.0
SW CARSON ST,346,1,32,32,7.0
SW CARSON ST,329,1,32,32,7.0
SW CARSON ST,321,1,32,32,7.0
SW COLLINS CT,482,1,32,32,7.0
SW COLLINS CT,251,1,32,26,7.0
SW COLLINS CT,249,1,32,32,7.0
SW COMUS ST,1019,2,32,20,7.0
SW COMUS ST,359,1,32,32,7.0
SW CORONADO ST,768,2,32,32,7.0
SW CORONADO ST,520,1,32,32,7.0
SW CORONADO ST,519,1,32,32,7.0
SW CORONADO ST,374,1,32,32,7.0
SW CORONADO ST,221,1,32,32,7.0
SW CULLEN BLVD,597,2,32,30,7.0
SW DICKINSON CT,705,1,32,32,7.0
SW DICKINSON CT,361,1,32,32,7.0
SW DICKINSON LN,524,1,32,32,7.0
SW DICKINSON ST,258,1,32,32,7.0
SW DOLPH CT,496,1,32,32,7.0
SW DOLPH CT,254,1,32,20,7.0
SW DOLPH CT,119,1,32,32,7.0
SW DOLPH DR,599,1,32,32,7.0
SW DOLPH DR,273,1,32,32,7.0
SW EVELYN ST,300,1,32,32,7.0
SW EVELYN ST,248,1,32,32,7.0
SW EVELYN ST,244,1,32,32,7.0
SW EVELYN ST,216,1,32,32,7.0
SW EVELYN ST,205,1,32,32,7.0
SW FLORENCE LN,419,1,32,32,7.0
SW FLORIDA ST,182,1,32,32,7.0
SW FREEMAN CT,657,1,32,32,7.0
SW GALEBURN ST,359,1,32,32,7.0
SW HAMILTON CT,773,2,32,28,7.0
SW HAMILTON CT,417,1,32,12,7.0
SW HUDDLESON ST,141,1,32,32,7.0
SW IOWA ST,1336,1,32,32,7.0
SW KARI LN,863,1,32,32,7.0
SW KRUSE RIDGE DR,370,1,32,32,7.0
SW KRUSE RIDGE DR,350,1,32,32,7.0
SW KRUSE RIDGE DR,280,1,32,32,7.0
SW KRUSE RIDGE DR,175,1,32,32,7.0
SW KRUSE RIDGE DR,108,1,32,32,7.0
SW LANE ST,236,1,32,32,7.0
SW LOGAN CT,415,1,32,32,7.0
SW LOGAN ST,331,1,32,32,7.0
SW LOGAN ST,317,1,32,32,7.0
SW LOWELL ST,808,2,32,32,7.0
SW LURADEL ST,544,1,32,32,7.0
SW MADISON CT,419,1,32,32,7.0
SW MARIGOLD ST,500,1,32,32,7.0
SW MARIGOLD ST,497,1,32,32,7.0
SW MARIGOLD ST,260,1,32,32,7.0
SW MILES CT,1291,1,32,28,7.0
SW MILES ST,262,1,32,32,7.0
SW MILES ST,255,1,32,32,7.0
SW MITCHELL CT,335,1,32,32,7.0
SW MITCHELL ST,358,1,32,32,7.0
SW NEVADA CT,311,1,32,19,7.0
SW OAK CREEK DR,238,1,32,32,7.0
SW OAK CREEK DR,165,1,32,32,7.0
SW OPHELIA ST,428,1,32,32,7.0
SW ORCHARD HILL PL,509,1,32,32,7.0
SW ORCHARD HILL PL,265,1,32,32,7.0
SW ORCHARD HILL RD,653,1,32,10,7.0
SW ORCHID CT,148,1,32,32,7.0
SW ORCHID ST,716,2,32,30,7.0
SW PASADENA ST,520,1,32,32,7.0
SW PLUM CIR,121,1,32,32,7.0
SW PLUM CT,421,1,32,32,7.0
SW PLUM CT,397,1,32,32,7.0
SW POMONA ST,254,1,32,32,7.0
SW RICHENBERG CT,340,1,32,32,7.0
SW ROUNDTREE CT,454,1,32,32,7.0
SW ROUNDTREE CT,155,1,32,32,7.0
SW SALMON ST,555,1,32,32,7.0
SW SALMON ST,153,1,32,32,7.0
SW SEYMOUR ST,1032,2,32,32,7.0
SW SEYMOUR ST,395,1,32,32,7.0
SW STANLEY CT,914,1,32,32,7.0
SW STANLEY CT,296,1,32,32,7.0
SW STANLEY CT,257,1,32,32,7.0
SW STANLEY CT,210,1,32,32,7.0
SW TARA CT,139,1,32,32,7.0
SW TERRI CT,434,1,32,32,7.0
SW TRAIL CT,192,1,32,32,7.0
SW TUNNELWOOD ST,662,2,32,32,7.0
SW TUNNELWOOD ST,258,1,32,32,7.0
SW TUNNELWOOD ST,235,1,32,32,7.0
SW VACUNA ST,1027,2,32,32,7.0
SW VACUNA ST,591,1,32,32,7.0
SW VACUNA ST,519,1,32,32,7.0
SW VACUNA ST,519,1,32,32,7.0
SW VACUNA ST,509,1,32,32,7.0
SW VACUNA ST,509,1,32,32,7.0
SW VACUNA ST,502,1,32,32,7.0
SW VACUNA ST,289,1,32,32,7.0
SW VACUNA ST,185,1,32,32,7.0
SW VACUNA ST,170,1,32,32,7.0
SW VESTA ST,1285,3,32,28,7.0
SW VESTA ST,522,1,32,32,7.0
SW VESTA ST,502,1,32,32,7.0
SW VESTA ST,393,1,32,32,7.0
SW VESTA ST,272,1,32,32,7.0
SW VESTA ST,162,1,32,32,7.0
SW WILBARD ST,468,1,32,32,7.0
SW WILBARD ST,270,1,32,32,7.0
SW WILBARD ST,252,1,32,32,7.0
SW WILBARD ST,88,1,32,32,7.0
SW WOODLEE HEIGHTS AVE,264,1,32,32,7.0
SW WOODLEE HEIGHTS AVE,179,1,32,32,7.0
SW WOODLEE HEIGHTS CT,621,1,32,32,7.0
NE RUSSELL ST,423,1,33,28,7.5
NW 16TH AVE,156,1,33,33,7.5
NW 17TH AVE,161,1,33,33,7.5
NW 18TH AVE,151,1,33,33,7.5
NW MEARES DR,169,1,33,33,7.5
NW RIVERSCAPE ST,259,1,33,33,7.5
NW RIVERSCAPE ST,257,1,33,33,7.5
SE 71ST AVE,246,1,33,33,7.5
SE MALDEN ST,661,1,33,33,7.5
SE MALDEN ST,658,1,33,33,7.5
SW 18TH AVE,226,1,33,33,7.5
SW 20TH AVE,594,1,33,33,7.5
SW 61ST CT,130,1,33,33,7.5
SW ST CLAIR AVE,453,1,33,33,7.5
SW ST CLAIR AVE,259,1,33,33,7.5
N ALTA AVE,260,1,34,34,8.0
N BUCHANAN AVE,255,1,34,34,8.0
N BUCHANAN AVE,249,1,34,34,8.0
N CRAWFORD ST,260,1,34,34,8.0
N DENVER AVE,270,1,34,34,8.0
N DENVER AVE,265,1,34,34,8.0
N EDISON ST,280,1,34,34,8.0
N EMERSON ST,664,1,34,34,8.0
N HUDSON ST,261,1,34,34,8.0
N KILLINGSWORTH ST,261,1,34,34,8.0
N MORRIS ST,359,1,34,34,8.0
N OMAHA AVE,145,1,34,34,8.0
N PRINCETON ST,260,1,34,34,8.0
N RUSSET ST,685,1,34,34,8.0
N RUSSET ST,261,1,34,34,8.0
N WEBSTER ST,520,1,34,34,8.0
N WEBSTER ST,520,1,34,34,8.0
NE 111TH AVE,403,1,34,27,8.0
NE 154TH AVE,215,1,34,34,8.0
NE 17TH AVE,266,1,34,34,8.0
NE 22ND AVE,559,1,34,34,8.0
NE 29TH AVE,696,3,34,30,8.0
NE 29TH AVE,270,1,34,34,8.0
NE 37TH AVE,303,1,34,34,8.0
NE 48TH AVE,560,1,34,34,8.0
NE 49TH AVE,530,1,34,34,8.0
NE 50TH AVE,406,1,34,34,8.0
NE 59TH AVE,243,1,34,34,8.0
NE 62ND AVE,207,1,34,34,8.0
NE BROADWAY,264,1,34,34,8.0
NE CLACKAMAS ST,1284,2,34,22,8.0
NE CLACKAMAS ST,390,2,34,31,8.0
NE LAWRENCE AVE,260,1,34,34,8.0
NE MULTNOMAH ST,411,1,34,34,8.0
NE MULTNOMAH ST,154,1,34,34,8.0
NE PEERLESS PL,175,1,34,34,8.0
NE SKIDMORE ST,534,1,34,34,8.0
NE STANTON ST,265,1,34,34,8.0
SE 157TH AVE,586,1,34,24,8.0
SE 73RD AVE,633,1,34,34,8.0
SE 76TH AVE,409,1,34,34,8.0
SE 97TH AVE,1225,1,34,32,8.0
SE CLINTON ST,297,1,34,34,8.0
SE CLINTON ST,265,1,34,34,8.0
SE CLINTON ST,260,1,34,34,8.0
SE LINCOLN ST,283,1,34,34,8.0
SE LINCOLN ST,256,1,34,34,8.0
SE LINCOLN ST,255,1,34,34,8.0
SE LINCOLN ST,255,1,34,34,8.0
SE LINCOLN ST,251,1,34,34,8.0
SE LINCOLN ST,246,1,34,34,8.0
SE LINCOLN ST,234,1,34,34,8.0
SE MADISON ST,522,1,34,34,8.0
SE MILL ST,272,1,34,34,8.0
SE MORRISON ST,194,1,34,34,8.0
SE TOLMAN ST,248,1,34,34,8.0
SE TOLMAN ST,248,1,34,34,8.0
SW 25TH AVE,336,1,34,34,8.0
SW 37TH AVE,726,2,34,30,8.0
SW 37TH AVE,336,1,34,34,8.0
SW 37TH AVE,240,1,34,34,8.0
SW 47TH DR,287,1,34,34,8.0
SW 52ND AVE,475,1,34,34,8.0
SW 52ND AVE,267,1,34,34,8.0
SW 54TH PL,279,1,34,34,8.0
SW BANCROFT ST,340,1,34,34,8.0
SW BANCROFT ST,260,1,34,34,8.0
SW CAROLINA ST,538,1,34,34,8.0
SW CAROLINA ST,451,1,34,34,8.0
SW CAROLINA ST,203,1,34,1,8.0
SW CONDOR AVE,270,1,34,34,8.0
SW SANTA MONICA CT,670,1,34,34,8.0
SW SANTA MONICA CT,400,1,34,34,8.0
SW ST CLAIR AVE,292,1,34,34,8.0
SW WOODS ST,290,1,34,34,8.0
N CONGRESS AVE,650,1,35,35,8.5
N CONGRESS AVE,399,1,35,35,8.5
N JESSUP ST,260,1,35,35,8.5
N JOHN AVE,131,1,35,35,8.5
N MISSISSIPPI AVE,520,1,35,35,8.5
N MONTANA AVE,460,1,35,35,8.5
N PRINCETON ST,263,1,35,35,8.5
N PRINCETON ST,263,1,35,35,8.5
NE 127TH AVE,276,1,35,35,8.5
NE 127TH AVE,271,1,35,35,8.5
NE 17TH AVE,260,1,35,35,8.5
NE 22ND AVE,260,1,35,35,8.5
NE 95TH AVE,219,1,35,35,8.5
NE DURHAM AVE,198,1,35,35,8.5
NE IRVING ST,403,1,35,35,8.5
NE WASCO ST,249,1,35,35,8.5
NE WASCO ST,240,1,35,35,8.5
NE WASCO ST,237,1,35,35,8.5
SE 166TH PL,299,1,35,35,8.5
SE 169TH PL,165,1,35,35,8.5
SE HARRISON ST,274,1,35,35,8.5
SE HARRISON ST,74,1,35,35,8.5
SE MADISON ST,325,1,35,35,8.5
SE MADISON ST,259,1,35,35,8.5
SE RAYMOND ST,259,1,35,35,8.5
SE UMATILLA ST,510,1,35,35,8.5
SE UMATILLA ST,510,1,35,35,8.5
SE UMATILLA ST,260,1,35,35,8.5
SE UMATILLA ST,260,1,35,35,8.5
SE UMATILLA ST,256,1,35,35,8.5
N ALBERTA ST,665,1,36,36,9.0
N ALLEGHENY AVE,989,2,36,36,9.0
N ALLEGHENY AVE,519,1,36,36,9.0
N ALLEGHENY AVE,511,1,36,36,9.0
N ALMA AVE,340,1,36,36,9.0
N ALMA AVE,260,1,36,36,9.0
N ALMA AVE,260,1,36,36,9.0
N ALMA AVE,260,1,36,36,9.0
N ALMA AVE,260,1,36,36,9.0
N ALMA AVE,260,1,36,36,9.0
N ALMA AVE,260,1,36,36,9.0
N ALMA AVE,249,1,36,36,9.0
N ALMA AVE,246,1,36,36,9.0
N ALTA AVE,261,1,36,36,9.0
N ALTA AVE,260,1,36,36,9.0
N ALTA AVE,260,1,36,36,9.0
N ATLANTIC AVE,669,1,36,36,9.0
N ATLANTIC AVE,660,1,36,36,9.0
N ATLANTIC AVE,659,1,36,36,9.0
N ATLANTIC AVE,640,1,36,36,9.0
N BEECH ST,281,1,36,36,9.0
N BEECH ST,137,1,36,36,9.0
N BERKELEY AVE,521,1,36,36,9.0
N BLANDENA ST,316,1,36,36,9.0
N BLANDENA ST,281,1,36,36,9.0
N BLANDENA ST,260,1,36,36,9.0
N BLANDENA ST,260,1,36,36,9.0
N BLANDENA ST,260,1,36,36,9.0
N BLANDENA ST,260,1,36,36,9.0
N BLANDENA ST,256,1,36,36,9.0
N BLANDENA ST,252,1,36,36,9.0
N BLANDENA ST,250,1,36,36,9.0
N BLANDENA ST,223,1,36,36,9.0
N BLANDENA ST,188,1,36,36,9.0
N BORTHWICK AVE,388,1,36,36,9.0
N BORTHWICK AVE,322,1,36,36,9.0
N BORTHWICK AVE,296,1,36,36,9.0
N BORTHWICK AVE,262,1,36,36,9.0
N BORTHWICK AVE,246,1,36,36,9.0
N BOWDOIN ST,383,1,36,36,9.0
N BRANDON AVE,260,1,36,36,9.0
N BRANDON AVE,260,1,36,36,9.0
N BRANDON AVE,259,1,36,36,9.0
N BRANDON AVE,259,1,36,36,9.0
N BRISTOL AVE,606,1,36,36,9.0
N BRISTOL AVE,606,1,36,36,9.0
N BRISTOL AVE,605,1,36,36,9.0
N BRYANT ST,269,1,36,36,9.0
N BRYANT ST,260,1,36,36,9.0
N BRYANT ST,259,1,36,36,9.0
N BRYANT ST,255,1,36,36,9.0
N BRYANT ST,249,1,36,36,9.0
N BRYANT ST,223,1,36,36,9.0
N BRYANT ST,192,1,36,36,9.0
N BUCHANAN AVE,1023,2,36,36,9.0
N BUCHANAN AVE,519,1,36,36,9.0
N BUCHANAN AVE,479,1,36,36,9.0
N BURLINGTON AVE,374,1,36,36,9.0
N BURLINGTON AVE,261,1,36,36,9.0
N BURLINGTON AVE,258,1,36,36,9.0
N BURLINGTON AVE,238,1,36,36,9.0
N BURR AVE,260,1,36,36,9.0
N BURR AVE,260,1,36,36,9.0
N BURR AVE,260,1,36,36,9.0
N BURR AVE,260,1,36,36,9.0
N BURR AVE,260,1,36,36,9.0
N BURR AVE,260,1,36,36,9.0
N BURRAGE AVE,265,1,36,36,9.0
N BURRAGE AVE,238,1,36,36,9.0
N CALHOUN AVE,1024,2,36,36,9.0
N CALHOUN AVE,512,1,36,36,9.0
N CALHOUN AVE,507,1,36,36,9.0
N CAMPBELL AVE,290,1,36,36,9.0
N CAMPBELL AVE,281,1,36,36,9.0
N CAMPBELL AVE,260,1,36,36,9.0
N CAMPBELL AVE,260,1,36,36,9.0
N CAMPBELL AVE,260,1,36,36,9.0
N CAMPBELL AVE,260,1,36,36,9.0
N CAMPBELL AVE,256,1,36,36,9.0
N CAMPBELL AVE,255,1,36,36,9.0
N CAMPBELL AVE,170,1,36,36,9.0
N CAMPBELL AVE,140,1,36,36,9.0
N CAREY BLVD,1020,2,36,32,9.0
N CATLIN AVE,261,1,36,36,9.0
N CATLIN AVE,261,1,36,36,9.0
N CATLIN AVE,261,1,36,36,9.0
N CATLIN AVE,261,1,36,36,9.0
N CATLIN AVE,254,1,36,36,9.0
N CATLIN AVE,250,1,36,36,9.0
N CATLIN AVE,152,1,36,36,9.0
N CENTRAL ST,631,1,36,36,9.0
N CENTRAL ST,608,1,36,36,9.0
N CENTRAL ST,584,1,36,36,9.0
N CENTRAL ST,482,1,36,36,9.0
N CENTRAL ST,478,1,36,9,9.0
N CENTRAL ST,470,1,36,36,9.0
N CENTRAL ST,387,1,36,20,9.0
N CENTRAL ST,276,1,36,36,9.0
N CENTRAL ST,270,1,36,36,9.0
N CENTRAL ST,269,1,36,36,9.0
N CENTRAL ST,266,1,36,36,9.0
N CENTRAL ST,251,1,36,36,9.0
N CENTRAL ST,247,1,36,36,9.0
N CENTRAL ST,246,1,36,36,9.0
N CHARLESTON AVE,516,1,36,36,9.0
N CHARLESTON AVE,497,1,36,36,9.0
N CHARLESTON AVE,283,1,36,36,9.0
N CHARLESTON AVE,262,1,36,36,9.0
N CHARLESTON AVE,261,1,36,36,9.0
N CHARLESTON AVE,261,1,36,36,9.0
N CHARLESTON AVE,260,1,36,36,9.0
N CHARLESTON AVE,249,1,36,36,9.0
N CHARLESTON AVE,240,1,36,36,9.0
N CHATHAM AVE,619,1,36,28,9.0
N CHICAGO AVE,260,1,36,36,9.0
N CHICAGO AVE,260,1,36,36,9.0
N CHICAGO AVE,217,1,36,36,9.0
N CLARENDON AVE,557,1,36,36,9.0
N COMMERCIAL AVE,483,2,36,30,9.0
N CONCORD AVE,466,1,36,36,9.0
N CONCORD AVE,460,1,36,36,9.0
N CONCORD AVE,268,1,36,36,9.0
N CONCORD AVE,260,1,36,36,9.0
N CONCORD AVE,260,1,36,36,9.0
N CONCORD AVE,260,1,36,36,9.0
N CONCORD AVE,260,1,36,36,9.0
N CONCORD AVE,253,1,36,36,9.0
N CURTIS AVE,661,1,36,36,9.0
N CURTIS AVE,637,1,36,36,9.0
N DEKUM ST,260,1,36,36,9.0
N DEKUM ST,253,1,36,36,9.0
N DEKUM ST,250,1,36,36,9.0
N DELAWARE AVE,661,1,36,36,9.0
N DELAWARE AVE,658,1,36,36,9.0
N DEPAUW ST,383,1,36,36,9.0
N DEPAUW ST,383,1,36,36,9.0
N DRUMMOND AVE,330,1,36,28,9.0
N EDISON ST,1063,1,36,36,9.0
N EDISON ST,669,1,36,36,9.0
N EDISON ST,479,1,36,36,9.0
N EDISON ST,258,1,36,36,9.0
N EMERALD AVE,255,1,36,36,9.0
N EMERSON ST,521,2,36,28,9.0
N EMERSON ST,381,1,36,36,9.0
N EMERSON ST,267,1,36,36,9.0
N EMERSON ST,260,1,36,36,9.0
N EMERSON ST,260,1,36,36,9.0
N EMERSON ST,253,1,36,36,9.0
N EMERSON ST,250,1,36,36,9.0
N FAILING ST,139,1,36,36,9.0
N FAILING ST,138,1,36,36,9.0
N FARGO ST,334,1,36,36,9.0
N FENWICK AVE,263,1,36,36,9.0
N FENWICK AVE,260,1,36,36,9.0
N FENWICK AVE,257,1,36,36,9.0
N FORTUNE AVE,540,1,36,36,9.0
N FORTUNE AVE,426,1,36,36,9.0
N FORTUNE AVE,388,1,36,36,9.0
N FORTUNE CT,398,1,36,36,9.0
N FOSS AVE,554,1,36,36,9.0
N GAY AVE,264,1,36,36,9.0
N GOING ST,510,2,36,22,9.0
N HAIGHT AVE,390,1,36,36,9.0
N HARVARD ST,392,1,36,36,9.0
N HOLMAN ST,266,1,36,36,9.0
N HOLMAN ST,260,1,36,36,9.0
N HOLMAN ST,260,1,36,36,9.0
N HOLMAN ST,260,1,36,36,9.0
N HOLMAN ST,260,1,36,36,9.0
N HOLMAN ST,260,1,36,36,9.0
N HOLMAN ST,193,1,36,36,9.0
N HOUGHTON ST,261,1,36,36,9.0
N HOUGHTON ST,260,1,36,36,9.0
N HOUGHTON ST,259,1,36,36,9.0
N HOUGHTON ST,208,1,36,36,9.0
N HOUGHTON ST,173,1,36,36,9.0
N HOUGHTON ST,153,1,36,36,9.0
N HUDSON ST,609,1,36,36,9.0
N HUDSON ST,583,1,36,36,9.0
N HUDSON ST,266,1,36,36,9.0
N HUDSON ST,265,1,36,36,9.0
N HUDSON ST,263,1,36,36,9.0
N HUDSON ST,260,1,36,36,9.0
N IRIS WAY,283,1,36,36,9.0
N IRIS WAY,268,1,36,36,9.0
N IVANHOE ST,662,1,36,36,9.0
N IVANHOE ST,627,1,36,36,9.0
N IVANHOE ST,600,1,36,36,9.0
N IVANHOE ST,460,1,36,36,9.0
N IVANHOE ST,421,1,36,36,9.0
N IVY ST,483,2,36,14,9.0
N IVY ST,235,1,36,36,9.0
N JAMES ST,632,1,36,36,9.0
N JAMES ST,612,1,36,36,9.0
N JARRETT ST,286,1,36,36,9.0
N JERSEY ST,627,1,36,36,9.0
N JERSEY ST,601,1,36,36,9.0
N JERSEY ST,500,1,36,36,9.0
N JERSEY ST,492,1,36,36,9.0
N JERSEY ST,460,1,36,36,9.0
N JERSEY ST,446,1,36,36,9.0
N JERSEY ST,441,1,36,36,9.0
N JERSEY ST,360,1,36,36,9.0
N JERSEY ST,359,1,36,36,9.0
N JERSEY ST,259,1,36,36,9.0
N JESSUP ST,289,1,36,36,9.0
N JESSUP ST,280,1,36,36,9.0
N JESSUP ST,275,1,36,36,9.0
N JESSUP ST,265,1,36,36,9.0
N JESSUP ST,260,1,36,36,9.0
N JESSUP ST,260,1,36,36,9.0
N JESSUP ST,260,1,36,36,9.0
N JESSUP ST,260,1,36,36,9.0
N JESSUP ST,255,1,36,36,9.0
N JESSUP ST,234,1,36,36,9.0
N JOHN AVE,523,2,36,36,9.0
N JOHN AVE,254,1,36,36,9.0
N KELLOGG ST,496,1,36,36,9.0
N KELLOGG ST,468,1,36,36,9.0
N KELLOGG ST,460,1,36,36,9.0
N KELLOGG ST,453,1,36,36,9.0
N KELLOGG ST,360,1,36,36,9.0
N KELLOGG ST,359,1,36,36,9.0
N KELLOGG ST,359,1,36,36,9.0
N KERBY AVE,1283,1,36,36,9.0
N KERBY AVE,509,1,36,36,9.0
N KERBY AVE,453,1,36,36,9.0
N KERBY AVE,391,1,36,36,9.0
N KERBY AVE,321,1,36,36,9.0
N KERBY AVE,302,1,36,36,9.0
N KERBY AVE,265,1,36,36,9.0
N KERBY AVE,265,1,36,36,9.0
N KERBY AVE,261,1,36,36,9.0
N KERBY AVE,260,1,36,36,9.0
N KERBY AVE,260,1,36,36,9.0
N KERBY AVE,250,1,36,36,9.0
N KERBY AVE,250,1,36,36,9.0
N KERBY AVE,250,1,36,36,9.0
N KERBY AVE,250,1,36,36,9.0
N KERBY AVE,250,1,36,36,9.0
N KERBY AVE,250,1,36,36,9.0
N KERBY AVE,250,1,36,36,9.0
N KILLINGSWORTH CT,260,1,36,36,9.0
N KILLINGSWORTH CT,260,1,36,36,9.0
N KILLINGSWORTH CT,260,1,36,36,9.0
N KILLINGSWORTH CT,260,1,36,36,9.0
N KILPATRICK ST,617,1,36,36,9.0
N KILPATRICK ST,616,1,36,36,9.0
N KIMBALL AVE,801,1,36,36,9.0
N KIMBALL AVE,542,1,36,36,9.0
N LEAVITT AVE,274,1,36,36,9.0
N LEAVITT AVE,260,1,36,36,9.0
N LEAVITT AVE,260,1,36,36,9.0
N LEAVITT AVE,260,1,36,36,9.0
N LEAVITT AVE,259,1,36,36,9.0
N LEONARD ST,361,1,36,36,9.0
N LEONARD ST,360,1,36,36,9.0
N LOMBARD WAY,445,1,36,36,9.0
N MARYLAND AVE,565,1,36,36,9.0
N MARYLAND AVE,260,1,36,36,9.0
N MARYLAND AVE,260,1,36,36,9.0
N MARYLAND AVE,260,1,36,36,9.0
N MARYLAND AVE,260,1,36,36,9.0
N MARYLAND AVE,260,1,36,36,9.0
N MARYLAND AVE,260,1,36,36,9.0
N MASON ST,137,1,36,36,9.0
N MASON ST,82,1,36,36,9.0
N MCCLELLAN ST,550,1,36,36,9.0
N MCCLELLAN ST,549,1,36,36,9.0
N MCKENNA AVE,524,1,36,36,9.0
N MICHIGAN AVE,664,1,36,36,9.0
N MICHIGAN AVE,460,1,36,36,9.0
N MICHIGAN AVE,459,1,36,36,9.0
N MICHIGAN AVE,459,1,36,36,9.0
N MICHIGAN AVE,434,1,36,36,9.0
N MICHIGAN AVE,356,1,36,36,9.0
N MICHIGAN AVE,314,1,36,36,9.0
N MICHIGAN AVE,295,1,36,36,9.0
N MICHIGAN AVE,261,1,36,36,9.0
N MICHIGAN AVE,260,1,36,36,9.0
N MISSISSIPPI AVE,520,1,36,36,9.0
N MISSISSIPPI AVE,519,1,36,36,9.0
N MISSISSIPPI AVE,508,1,36,36,9.0
N MISSISSIPPI AVE,321,1,36,36,9.0
N MISSISSIPPI AVE,296,1,36,36,9.0
N MISSISSIPPI AVE,262,1,36,36,9.0
N MISSOURI AVE,691,1,36,36,9.0
N MISSOURI AVE,604,1,36,36,9.0
N MISSOURI AVE,461,1,36,36,9.0
N MISSOURI AVE,459,1,36,36,9.0
N MISSOURI AVE,409,1,36,36,9.0
N MISSOURI AVE,331,1,36,36,9.0
N MISSOURI AVE,237,1,36,36,9.0
N MOHAWK AVE,519,1,36,36,9.0
N MOHAWK AVE,519,1,36,36,9.0
N MOHAWK AVE,512,1,36,36,9.0
N MOHAWK AVE,487,1,36,36,9.0
N MOHAWK AVE,470,1,36,36,9.0
N MOHAWK AVE,260,1,36,36,9.0
N MOHAWK AVE,259,1,36,36,9.0
N MOHAWK AVE,250,1,36,36,9.0
N MOHAWK AVE,215,1,36,36,9.0
N MONROE ST,336,1,36,36,9.0
N MONTANA AVE,562,1,36,36,9.0
N MONTANA AVE,462,1,36,36,9.0
N MONTANA AVE,459,1,36,36,9.0
N MONTANA AVE,260,1,36,36,9.0
N MONTANA AVE,260,1,36,36,9.0
N MONTANA AVE,260,1,36,36,9.0
N MONTANA AVE,260,1,36,36,9.0
N MONTANA AVE,260,1,36,36,9.0
N MONTANA AVE,260,1,36,36,9.0
N NEW YORK AVE,260,1,36,36,9.0
N OBERLIN ST,401,1,36,36,9.0
N OBERLIN ST,383,1,36,36,9.0
N OSWEGO AVE,370,1,36,36,9.0
N PAGE ST,260,1,36,36,9.0
N PIER PARK PL,365,1,36,36,9.0
N PIER PARK PL,240,1,36,36,9.0
N PIER PARK PL,240,1,36,36,9.0
N POLK AVE,281,1,36,36,9.0
N POLK AVE,272,1,36,36,9.0
N POLK AVE,261,1,36,36,9.0
N POLK AVE,261,1,36,36,9.0
N POLK AVE,260,1,36,36,9.0
N POLK AVE,260,1,36,36,9.0
N POLK AVE,254,1,36,36,9.0
N POLK AVE,206,1,36,36,9.0
N PRINCETON ST,517,1,36,36,9.0
N PRINCETON ST,502,1,36,36,9.0
N PRINCETON ST,500,1,36,36,9.0
N PRINCETON ST,460,1,36,36,9.0
N PRINCETON ST,427,1,36,36,9.0
N PRINCETON ST,395,1,36,36,9.0
N PRINCETON ST,393,1,36,36,9.0
N PRINCETON ST,383,1,36,36,9.0
N PRINCETON ST,383,1,36,36,9.0
N PRINCETON ST,280,1,36,36,9.0
N PRINCETON ST,279,1,36,36,9.0
N PRINCETON ST,266,1,36,36,9.0
N PRINCETON ST,260,1,36,36,9.0
N RENO AVE,260,1,36,36,9.0
N RENO AVE,260,1,36,36,9.0
N RENO AVE,260,1,36,36,9.0
N RENO AVE,229,1,36,36,9.0
N RICHMOND AVE,1032,2,36,36,9.0
N RICHMOND AVE,512,1,36,36,9.0
N RICHMOND AVE,475,1,36,36,9.0
N SARATOGA ST,396,1,36,36,9.0
N SARATOGA ST,281,1,36,36,9.0
N SCHOFIELD ST,870,1,36,36,9.0
N SCHOFIELD ST,655,1,36,36,9.0
N SCHOFIELD ST,550,1,36,36,9.0
N SCHOFIELD ST,550,1,36,36,9.0
N SENECA ST,631,2,36,30,9.0
N SENECA ST,500,1,36,36,9.0
N SENECA ST,498,1,36,36,9.0
N SENECA ST,483,1,36,36,9.0
N SENECA ST,260,1,36,36,9.0
N SHAVER ST,138,1,36,36,9.0
N SHAVER ST,138,1,36,36,9.0
N SIMPSON ST,285,1,36,36,9.0
N SIMPSON ST,260,1,36,36,9.0
N SIMPSON ST,260,1,36,36,9.0
N SMITH ST,631,1,36,36,9.0
N SMITH ST,610,1,36,36,9.0
N SMITH ST,584,1,36,36,9.0
N SMITH ST,425,1,36,36,9.0
N SMITH ST,368,1,36,36,9.0
N ST LOUIS AVE,260,1,36,36,9.0
N ST LOUIS AVE,260,1,36,36,9.0
N ST LOUIS AVE,260,1,36,36,9.0
N STAFFORD ST,241,1,36,36,9.0
N STANTON ST,384,1,36,36,9.0
N SUMNER ST,782,2,36,36,9.0
N SUMNER ST,666,1,36,36,9.0
N SUMNER ST,664,1,36,36,9.0
N SUMNER ST,659,1,36,36,9.0
N SUMNER ST,634,1,36,36,9.0
N SUMNER ST,269,1,36,36,9.0
N SUMNER ST,260,1,36,36,9.0
N SUMNER ST,250,1,36,36,9.0
N SUPERIOR ST,403,1,36,36,9.0
N SYRACUSE ST,901,2,36,36,9.0
N SYRACUSE ST,662,1,36,36,9.0
N SYRACUSE ST,627,1,36,36,9.0
N SYRACUSE ST,600,1,36,36,9.0
N SYRACUSE ST,526,1,36,36,9.0
N SYRACUSE ST,460,1,36,36,9.0
N SYRACUSE ST,433,1,36,36,9.0
N SYRACUSE ST,399,1,36,36,9.0
N SYRACUSE ST,394,1,36,36,9.0
N SYRACUSE ST,393,1,36,36,9.0
N SYRACUSE ST,383,1,36,36,9.0
N SYRACUSE ST,280,1,36,36,9.0
N SYRACUSE ST,261,1,36,36,9.0
N SYRACUSE ST,260,1,36,36,9.0
N SYRACUSE ST,260,1,36,36,9.0
N SYRACUSE ST,260,1,36,36,9.0
N SYRACUSE ST,260,1,36,36,9.0
N SYRACUSE ST,232,1,36,36,9.0
N TIOGA AVE,1023,2,36,36,9.0
N TIOGA AVE,519,1,36,36,9.0
N TIOGA AVE,470,1,36,36,9.0
N TRUMBULL AVE,260,1,36,36,9.0
N TYLER AVE,610,1,36,36,9.0
N TYLER AVE,272,1,36,36,9.0
N TYLER AVE,261,1,36,36,9.0
N TYLER AVE,261,1,36,36,9.0
N TYLER AVE,260,1,36,36,9.0
N TYLER AVE,254,1,36,36,9.0
N TYLER AVE,222,1,36,36,9.0
N WABASH AVE,744,2,36,36,9.0
N WABASH AVE,276,1,36,36,9.0
N WABASH AVE,250,1,36,36,9.0
N WABASH AVE,247,1,36,36,9.0
N WABASH AVE,232,1,36,36,9.0
N WARREN ST,373,1,36,36,9.0
N WASHBURNE AVE,273,1,36,36,9.0
N WATTS ST,615,1,36,36,9.0
N WATTS ST,614,1,36,36,9.0
N WEBSTER ST,664,1,36,36,9.0
N WEBSTER ST,647,1,36,36,9.0
N WEBSTER ST,639,1,36,36,9.0
N WEBSTER ST,271,1,36,36,9.0
N WEBSTER ST,260,1,36,36,9.0
N WEBSTER ST,260,1,36,36,9.0
N WEBSTER ST,249,1,36,36,9.0
N WILLAMETTE BLVD,502,1,36,36,9.0
N WILLIS BLVD,513,1,36,36,9.0
N WILLIS BLVD,250,1,36,36,9.0
N WILLIS BLVD,250,1,36,36,9.0
N WILLIS BLVD,250,1,36,36,9.0
N WILLIS BLVD,200,1,36,36,9.0
N WINCHELL ST,615,1,36,36,9.0
N WINCHELL ST,614,1,36,36,9.0
N WOOLSEY AVE,460,1,36,36,9.0
N WYGANT ST,269,1,36,36,9.0
N YALE ST,517,1,36,36,9.0
N YALE ST,397,1,36,36,9.0
N YALE ST,392,1,36,36,9.0
N YALE ST,383,1,36,36,9.0
N YALE ST,383,1,36,36,9.0
NE 10TH AVE,560,1,36,36,9.0
NE 10TH AVE,360,1,36,36,9.0
NE 10TH AVE,345,1,36,36,9.0
NE 10TH AVE,260,1,36,36,9.0
NE 10TH AVE,260,1,36,36,9.0
NE 11TH AVE,694,1,36,36,9.0
NE 11TH AVE,633,1,36,36,9.0
NE 11TH AVE,560,1,36,36,9.0
NE 11TH AVE,460,1,36,36,9.0
NE 11TH AVE,421,1,36,36,9.0
NE 11TH AVE,360,1,36,36,9.0
NE 11TH AVE,260,1,36,36,9.0
NE 11TH AVE,260,1,36,36,9.0
NE 11TH AVE,254,1,36,36,9.0
NE 11TH AVE,210,1,36,36,9.0
NE 11TH AVE,137,1,36,36,9.0
NE 12TH AVE,687,1,36,36,9.0
NE 12TH AVE,632,1,36,36,9.0
NE 12TH AVE,560,1,36,36,9.0
NE 12TH AVE,460,1,36,36,9.0
NE 12TH AVE,360,1,36,36,9.0
NE 12TH AVE,260,1,36,36,9.0
NE 12TH AVE,260,1,36,36,9.0
NE 12TH AVE,210,1,36,36,9.0
NE 13TH AVE,634,1,36,36,9.0
NE 13TH AVE,560,1,36,36,9.0
NE 13TH AVE,460,1,36,36,9.0
NE 13TH AVE,360,1,36,36,9.0
NE 13TH AVE,261,1,36,36,9.0
NE 13TH AVE,260,1,36,36,9.0
NE 13TH AVE,210,1,36,36,9.0
NE 14TH AVE,360,1,36,36,9.0
NE 14TH AVE,260,1,36,36,9.0
NE 14TH AVE,260,1,36,36,9.0
NE 154TH AVE,215,1,36,36,9.0
NE 15TH AVE,260,1,36,36,9.0
NE 15TH AVE,149,1,36,36,9.0
NE 16TH AVE,748,1,36,36,9.0
NE 16TH AVE,659,1,36,36,9.0
NE 16TH AVE,640,1,36,36,9.0
NE 16TH AVE,395,1,36,36,9.0
NE 17TH AVE,749,1,36,36,9.0
NE 17TH AVE,659,1,36,36,9.0
NE 17TH AVE,645,1,36,36,9.0
NE 17TH AVE,636,1,36,36,9.0
NE 17TH AVE,570,1,36,36,9.0
NE 17TH AVE,570,1,36,36,9.0
NE 17TH AVE,562,1,36,36,9.0
NE 17TH AVE,560,1,36,36,9.0
NE 17TH AVE,555,1,36,36,9.0
NE 17TH AVE,474,1,36,36,9.0
NE 17TH AVE,460,1,36,36,9.0
NE 17TH AVE,454,1,36,36,9.0
NE 17TH AVE,448,1,36,36,9.0
NE 17TH AVE,397,1,36,36,9.0
NE 17TH AVE,395,1,36,36,9.0
NE 17TH AVE,361,1,36,36,9.0
NE 17TH AVE,261,1,36,36,9.0
NE 17TH AVE,259,1,36,36,9.0
NE 18TH AVE,501,1,36,36,9.0
NE 18TH AVE,460,1,36,36,9.0
NE 18TH AVE,395,1,36,36,9.0
NE 18TH AVE,260,1,36,36,9.0
NE 18TH AVE,260,1,36,36,9.0
NE 18TH AVE,256,1,36,36,9.0
NE 19TH AVE,262,1,36,36,9.0
NE 19TH AVE,259,1,36,36,9.0
NE 19TH AVE,250,1,36,36,9.0
NE 19TH AVE,248,1,36,36,9.0
NE 1ST AVE,260,1,36,36,9.0
NE 21ST AVE,276,1,36,36,9.0
NE 21ST AVE,250,1,36,36,9.0
NE 21ST AVE,250,1,36,36,9.0
NE 21ST AVE,250,1,36,36,9.0
NE 22ND AVE,570,1,36,36,9.0
NE 22ND AVE,570,1,36,36,9.0
NE 22ND AVE,562,1,36,36,9.0
NE 22ND AVE,560,1,36,36,9.0
NE 22ND AVE,560,1,36,36,9.0
NE 22ND AVE,559,1,36,36,9.0
NE 22ND AVE,360,1,36,36,9.0
NE 22ND AVE,262,1,36,36,9.0
NE 22ND AVE,261,1,36,36,9.0
NE 22ND AVE,260,1,36,36,9.0
NE 22ND AVE,260,1,36,36,9.0
NE 22ND AVE,260,1,36,36,9.0
NE 22ND AVE,260,1,36,36,9.0
NE 22ND AVE,259,1,36,36,9.0
NE 22ND AVE,259,1,36,36,9.0
NE 24TH AVE,275,1,36,36,9.0
NE 24TH AVE,260,1,36,36,9.0
NE 24TH AVE,260,1,36,36,9.0
NE 24TH AVE,260,1,36,36,9.0
NE 24TH AVE,260,1,36,36,9.0
NE 24TH AVE,223,1,36,36,9.0
NE 25TH AVE,562,1,36,36,9.0
NE 25TH AVE,463,2,36,36,9.0
NE 25TH AVE,360,1,36,36,9.0
NE 25TH AVE,255,1,36,36,9.0
NE 25TH AVE,255,1,36,36,9.0
NE 29TH AVE,268,1,36,36,9.0
NE 2ND AVE,260,1,36,36,9.0
NE 30TH AVE,637,1,36,36,9.0
NE 30TH AVE,635,1,36,36,9.0
NE 30TH AVE,456,1,36,36,9.0
NE 30TH AVE,442,1,36,36,9.0
NE 30TH AVE,439,1,36,36,9.0
NE 31ST AVE,459,1,36,36,9.0
NE 31ST AVE,441,1,36,36,9.0
NE 31ST AVE,439,1,36,36,9.0
NE 31ST AVE,265,1,36,36,9.0
NE 32ND AVE,463,1,36,36,9.0
NE 32ND AVE,440,1,36,36,9.0
NE 32ND AVE,439,1,36,36,9.0
NE 32ND AVE,245,1,36,36,9.0
NE 32ND AVE,235,1,36,36,9.0
NE 32ND AVE,225,1,36,36,9.0
NE 32ND PL,466,1,36,36,9.0
NE 32ND PL,440,1,36,36,9.0
NE 32ND PL,439,1,36,36,9.0
NE 34TH AVE,403,1,36,36,9.0
NE 35TH AVE,488,2,36,20,9.0
NE 35TH AVE,404,1,36,36,9.0
NE 35TH AVE,143,1,36,36,9.0
NE 35TH AVE,137,1,36,36,9.0
NE 36TH AVE,460,1,36,36,9.0
NE 36TH AVE,130,1,36,36,9.0
NE 37TH AVE,685,1,36,36,9.0
NE 37TH AVE,497,1,36,36,9.0
NE 3RD AVE,260,1,36,36,9.0
NE 44TH AVE,336,1,36,36,9.0
NE 44TH AVE,335,1,36,36,9.0
NE 44TH AVE,303,1,36,36,9.0
NE 44TH AVE,277,1,36,36,9.0
NE 44TH AVE,211,1,36,36,9.0
NE 44TH AVE,208,1,36,36,9.0
NE 44TH AVE,181,1,36,36,9.0
NE 45TH AVE,612,1,36,36,9.0
NE 45TH AVE,337,1,36,36,9.0
NE 51ST AVE,411,1,36,12,9.0
NE 58TH AVE,281,1,36,36,9.0
NE 58TH AVE,250,1,36,36,9.0
NE 61ST AVE,603,1,36,36,9.0
NE 61ST AVE,484,1,36,36,9.0
NE 61ST AVE,244,1,36,36,9.0
NE 62ND AVE,455,1,36,36,9.0
NE 62ND AVE,440,1,36,36,9.0
NE 62ND AVE,439,1,36,1,9.0
NE 62ND AVE,400,1,36,36,9.0
NE 62ND AVE,292,1,36,36,9.0
NE 63RD AVE,456,1,36,36,9.0
NE 63RD AVE,445,1,36,36,9.0
NE 63RD AVE,440,1,36,36,9.0
NE 63RD AVE,430,1,36,36,9.0
NE 63RD AVE,405,1,36,36,9.0
NE 63RD AVE,264,1,36,36,9.0
NE 63RD AVE,261,1,36,36,9.0
NE 63RD AVE,170,1,36,36,9.0
NE 64TH AVE,455,1,36,36,9.0
NE 64TH AVE,440,1,36,36,9.0
NE 64TH AVE,433,1,36,36,9.0
NE 64TH AVE,432,1,36,36,9.0
NE 64TH AVE,405,1,36,36,9.0
NE 65TH AVE,455,1,36,36,9.0
NE 65TH AVE,440,1,36,36,9.0
NE 65TH AVE,433,1,36,36,9.0
NE 66TH PL,288,1,36,36,9.0
NE 6TH AVE,627,1,36,36,9.0
NE 6TH AVE,525,1,36,36,9.0
NE 6TH AVE,440,1,36,36,9.0
NE 6TH AVE,343,1,36,36,9.0
NE 6TH AVE,315,1,36,36,9.0
NE 6TH AVE,265,1,36,36,9.0
NE 6TH AVE,260,1,36,36,9.0
NE 6TH AVE,250,1,36,36,9.0
NE 6TH AVE,250,1,36,36,9.0
NE 6TH AVE,250,1,36,36,9.0
NE 70TH AVE,450,1,36,36,9.0
NE 70TH AVE,448,1,36,36,9.0
NE 70TH AVE,282,1,36,36,9.0
NE 71ST AVE,565,2,36,36,9.0
NE 72ND AVE,302,1,36,36,9.0
NE 73RD AVE,636,1,36,36,9.0
NE 73RD AVE,245,1,36,36,9.0
NE 75TH AVE,312,1,36,36,9.0
NE 78TH AVE,664,1,36,36,9.0
NE 78TH AVE,661,1,36,36,9.0
NE 78TH AVE,660,1,36,36,9.0
NE 78TH AVE,511,1,36,36,9.0
NE 78TH AVE,435,2,36,32,9.0
NE 7TH AVE,755,1,36,36,9.0
NE 7TH AVE,660,1,36,36,9.0
NE 7TH AVE,526,1,36,36,9.0
NE 7TH AVE,439,1,36,36,9.0
NE 80TH AVE,715,1,36,36,9.0
NE 80TH AVE,378,1,36,36,9.0
NE 80TH AVE,355,1,36,36,9.0
NE 81ST AVE,736,1,36,36,9.0
NE 8TH AVE,745,1,36,36,9.0
NE 8TH AVE,560,1,36,36,9.0
NE 8TH AVE,360,1,36,36,9.0
NE 8TH AVE,260,1,36,36,9.0
NE 8TH AVE,260,1,36,36,9.0
NE 90TH AVE,390,1,36,36,9.0
NE 90TH AVE,319,1,36,36,9.0
NE 9TH AVE,560,1,36,36,9.0
NE 9TH AVE,360,1,36,36,9.0
NE 9TH AVE,260,1,36,36,9.0
NE 9TH AVE,260,1,36,36,9.0
NE 9TH AVE,250,1,36,36,9.0
NE 9TH AVE,246,1,36,36,9.0
NE 9TH AVE,242,1,36,36,9.0
NE 9TH AVE,225,1,36,36,9.0
NE 9TH AVE,179,1,36,36,9.0
NE ALAMEDA ST,573,1,36,36,9.0
NE ALAMEDA ST,328,1,36,36,9.0
NE ALAMEDA ST,270,1,36,36,9.0
NE ALAMEDA ST,265,1,36,36,9.0
NE ALAMEDA ST,262,1,36,36,9.0
NE ALAMEDA ST,261,1,36,36,9.0
NE ALAMEDA ST,260,1,36,36,9.0
NE ALAMEDA ST,260,1,36,36,9.0
NE ALAMEDA ST,260,1,36,36,9.0
NE ALAMEDA ST,260,1,36,36,9.0
NE ALAMEDA ST,260,1,36,36,9.0
NE ALAMEDA ST,260,1,36,36,9.0
NE ALAMEDA ST,259,1,36,36,9.0
NE ALBERTA CT,263,1,36,36,9.0
NE ALBERTA CT,257,1,36,36,9.0
NE BEECH ST,273,1,36,36,9.0
NE BEECH ST,261,1,36,36,9.0
NE BEECH ST,261,1,36,36,9.0
NE BEECH ST,261,1,36,36,9.0
NE BEECH ST,260,1,36,36,9.0
NE BELLEVUE AVE,266,1,36,36,9.0
NE BELLEVUE AVE,262,1,36,36,9.0
NE BELLEVUE AVE,260,1,36,36,9.0
NE BELLEVUE AVE,255,1,36,36,9.0
NE BELLEVUE AVE,130,1,36,36,9.0
NE BRAZEE ST,770,1,36,36,9.0
NE BROADWAY,793,2,36,14,9.0
NE BROADWAY,264,1,36,36,9.0
NE BROADWAY,263,1,36,36,9.0
NE BUFFALO ST,593,2,36,30,9.0
NE BUFFALO ST,451,1,36,36,9.0
NE BUFFALO ST,436,1,36,36,9.0
NE BUXTON ST,345,1,36,36,9.0
NE BUXTON ST,265,1,36,36,9.0
NE CESAR E CHAVEZ BLVD,454,1,36,36,9.0
NE CHURCH ST,262,1,36,36,9.0
NE CHURCH ST,258,1,36,36,9.0
NE CHURCH ST,258,1,36,36,9.0
NE CHURCH ST,258,1,36,36,9.0
NE CHURCH ST,258,1,36,36,9.0
NE CLACKAMAS ST,121,1,36,36,9.0
NE CLAREMONT AVE,322,1,36,36,9.0
NE CLAREMONT AVE,252,1,36,36,9.0
NE CLEVELAND AVE,528,1,36,36,9.0
NE CLEVELAND AVE,464,1,36,36,9.0
NE CLEVELAND AVE,460,1,36,36,9.0
NE CLEVELAND AVE,460,1,36,36,9.0
NE CLEVELAND AVE,460,1,36,36,9.0
NE CLEVELAND AVE,460,1,36,36,9.0
NE CLEVELAND AVE,460,1,36,36,9.0
NE CLEVELAND AVE,346,1,36,36,9.0
NE CLEVELAND AVE,316,1,36,36,9.0
NE COUCH ST,555,1,36,36,9.0
NE COUCH ST,522,1,36,36,9.0
NE COUCH ST,520,1,36,36,9.0
NE COUCH ST,285,1,36,36,9.0
NE COUCH ST,260,1,36,36,9.0
NE COUCH ST,260,1,36,36,9.0
NE COUCH ST,260,1,36,36,9.0
NE DAVIS ST,373,1,36,36,9.0
NE DAVIS ST,368,1,36,36,9.0
NE DAVIS ST,328,1,36,36,9.0
NE DAVIS ST,261,1,36,36,9.0
NE DAVIS ST,260,1,36,36,9.0
NE DAVIS ST,245,1,36,36,9.0
NE DAVIS ST,244,1,36,36,9.0
NE DAVIS ST,187,1,36,36,9.0
NE DAVIS ST,75,1,36,36,9.0
NE DEAN ST,468,1,36,36,9.0
NE DEAN ST,381,1,36,36,9.0
NE EUGENE ST,560,1,36,36,9.0
NE EVERETT ST,279,1,36,36,9.0
NE FAILING ST,274,1,36,36,9.0
NE FAILING ST,263,1,36,36,9.0
NE FAILING ST,261,1,36,36,9.0
NE FAILING ST,261,1,36,36,9.0
NE FAILING ST,260,1,36,36,9.0
NE FAILING ST,255,1,36,36,9.0
NE FAILING ST,250,1,36,36,9.0
NE FAILING ST,250,1,36,36,9.0
NE FAILING ST,250,1,36,36,9.0
NE FAILING ST,250,1,36,36,9.0
NE FAILING ST,250,1,36,36,9.0
NE FAILING ST,250,1,36,36,9.0
NE FAILING ST,250,1,36,36,9.0
NE FAILING ST,250,1,36,36,9.0
NE FAILING ST,250,1,36,36,9.0
NE FARGO ST,778,1,36,36,9.0
NE GARFIELD AVE,663,1,36,36,9.0
NE GARFIELD AVE,532,1,36,36,9.0
NE GARFIELD AVE,464,1,36,36,9.0
NE GARFIELD AVE,460,1,36,36,9.0
NE GARFIELD AVE,460,1,36,36,9.0
NE GARFIELD AVE,460,1,36,36,9.0
NE GARFIELD AVE,460,1,36,36,9.0
NE GARFIELD AVE,460,1,36,36,9.0
NE GOING ST,271,1,36,36,9.0
NE GOING ST,271,1,36,36,9.0
NE GOING ST,265,1,36,36,9.0
NE GOING ST,261,1,36,36,9.0
NE GOING ST,261,1,36,36,9.0
NE GOING ST,261,1,36,36,9.0
NE GOING ST,259,1,36,36,9.0
NE GOING ST,251,1,36,36,9.0
NE GOING ST,251,1,36,36,9.0
NE GOING ST,251,1,36,36,9.0
NE GOING ST,251,1,36,36,9.0
NE GOING ST,251,1,36,36,9.0
NE GOING ST,250,1,36,36,9.0
NE GOING ST,250,1,36,36,9.0
NE GOING ST,250,1,36,36,9.0
NE GOING ST,250,1,36,36,9.0
NE GOING ST,250,1,36,36,9.0
NE GOING ST,250,1,36,36,9.0
NE GOING ST,250,1,36,36,9.0
NE GOING ST,250,1,36,36,9.0
NE GOING ST,250,1,36,36,9.0
NE GOING ST,250,1,36,36,9.0
NE GOING ST,250,1,36,36,9.0
NE GOING ST,250,1,36,36,9.0
NE GOING ST,241,1,36,36,9.0
NE GOING ST,240,1,36,36,9.0
NE GRAHAM ST,770,1,36,36,9.0
NE GRAND AVE,661,1,36,36,9.0
NE GRAND AVE,631,1,36,36,9.0
NE GRAND AVE,531,1,36,36,9.0
NE GRAND AVE,434,1,36,36,9.0
NE GRAND AVE,343,1,36,36,9.0
NE GRAND AVE,310,1,36,36,9.0
NE HALSEY ST,472,1,36,36,9.0
NE HALSEY ST,470,1,36,36,9.0
NE HALSEY ST,452,1,36,36,9.0
NE HALSEY ST,163,1,36,30,9.0
NE HANCOCK ST,264,1,36,36,9.0
NE HANCOCK ST,260,1,36,36,9.0
NE HANCOCK ST,260,1,36,36,9.0
NE HANCOCK ST,260,1,36,36,9.0
NE HANCOCK ST,260,1,36,36,9.0
NE HANCOCK ST,260,1,36,36,9.0
NE HANCOCK ST,260,1,36,36,9.0
NE HANCOCK ST,260,1,36,36,9.0
NE HANCOCK ST,260,1,36,36,9.0
NE HANCOCK ST,260,1,36,36,9.0
NE HANCOCK ST,260,1,36,36,9.0
NE HANCOCK ST,260,1,36,36,9.0
NE HANCOCK ST,131,1,36,36,9.0
NE HASSALO ST,392,1,36,36,9.0
NE HASSALO ST,322,1,36,36,9.0
NE HASSALO ST,296,1,36,36,9.0
NE HASSALO ST,260,1,36,36,9.0
NE HASSALO ST,246,1,36,36,9.0
NE HASSALO ST,240,1,36,36,9.0
NE HIGHLAND ST,367,1,36,36,9.0
NE HOLLAND ST,436,1,36,36,9.0
NE HOLMAN ST,263,1,36,36,9.0
NE HOYT ST,329,1,36,36,9.0
NE HOYT ST,260,1,36,36,9.0
NE HOYT ST,243,1,36,36,9.0
NE HUMBOLDT ST,661,2,36,28,9.0
NE IRVING ST,322,1,36,36,9.0
NE IVY ST,910,2,36,30,9.0
NE KLICKITAT ST,116,1,36,36,9.0
NE LENORE ST,466,1,36,36,9.0
NE LENORE ST,359,1,36,36,9.0
NE LIBERTY ST,510,1,36,36,9.0
NE LIBERTY ST,384,1,36,36,9.0
NE MADRONA ST,311,1,36,36,9.0
NE MADRONA ST,285,1,36,36,9.0
NE MALLORY AVE,663,1,36,36,9.0
NE MALLORY AVE,530,1,36,36,9.0
NE MALLORY AVE,460,1,36,36,9.0
NE MALLORY AVE,460,1,36,36,9.0
NE MALLORY AVE,460,1,36,36,9.0
NE MALLORY AVE,460,1,36,36,9.0
NE MALLORY AVE,460,1,36,36,9.0
NE MASON ST,279,1,36,36,9.0
NE MASON ST,267,1,36,36,9.0
NE MASON ST,263,1,36,36,9.0
NE MASON ST,262,1,36,36,9.0
NE MASON ST,261,1,36,36,9.0
NE MILTON CT,81,1,36,36,9.0
NE MONROE ST,779,1,36,36,9.0
NE MONROE ST,652,1,36,36,9.0
NE MONROE ST,640,1,36,36,9.0
NE MORRIS ST,783,1,36,36,9.0
NE MORRIS ST,652,1,36,36,9.0
NE MORRIS ST,644,1,36,36,9.0
NE MORTON ST,466,1,36,36,9.0
NE ONEONTA ST,575,2,36,30,9.0
NE ONEONTA ST,475,1,36,36,9.0
NE ONEONTA ST,459,1,36,36,9.0
NE PACIFIC ST,714,2,36,28,9.0
NE PACIFIC ST,558,1,36,36,9.0
NE PACIFIC ST,403,1,36,36,9.0
NE PACIFIC ST,261,1,36,36,9.0
NE PACIFIC ST,260,1,36,36,9.0
NE RANDALL AVE,262,1,36,36,9.0
NE RANDALL AVE,260,1,36,36,9.0
NE RODNEY AVE,919,2,36,36,9.0
NE RODNEY AVE,529,1,36,36,9.0
NE RODNEY AVE,464,1,36,36,9.0
NE RODNEY AVE,460,1,36,36,9.0
NE RODNEY AVE,460,1,36,36,9.0
NE RODNEY AVE,460,1,36,36,9.0
NE RODNEY AVE,460,1,36,36,9.0
NE RODNEY AVE,460,1,36,36,9.0
NE RODNEY AVE,346,1,36,36,9.0
NE RODNEY AVE,316,1,36,36,9.0
NE RODNEY AVE,279,1,36,36,9.0
NE RODNEY AVE,260,1,36,36,9.0
NE RODNEY AVE,260,1,36,36,9.0
NE ROSA PARKS WAY,312,1,36,36,9.0
NE ROSA PARKS WAY,260,1,36,36,9.0
NE ROSA PARKS WAY,260,1,36,36,9.0
NE ROSA PARKS WAY,259,1,36,36,9.0
NE RUSSELL ST,655,1,36,36,9.0
NE RUSSELL ST,411,1,36,36,9.0
NE SACRAMENTO ST,771,1,36,36,9.0
NE SAN RAFAEL ST,772,1,36,36,9.0
NE SCHUYLER ST,443,1,36,36,9.0
NE SCHUYLER ST,279,1,36,36,9.0
NE SCHUYLER ST,260,1,36,36,9.0
NE SCHUYLER ST,260,1,36,36,9.0
NE SCHUYLER ST,260,1,36,36,9.0
NE SCHUYLER ST,260,1,36,36,9.0
NE SCHUYLER ST,260,1,36,36,9.0
NE SCHUYLER ST,260,1,36,36,9.0
NE SCHUYLER ST,259,1,36,36,9.0
NE SCHUYLER ST,224,1,36,36,9.0
NE SIMPSON ST,332,1,36,36,9.0
NE SIMPSON ST,256,1,36,36,9.0
NE SKIDMORE ST,361,1,36,36,9.0
NE SKIDMORE ST,346,1,36,36,9.0
NE SKIDMORE ST,270,1,36,36,9.0
NE SKIDMORE ST,270,1,36,36,9.0
NE SKIDMORE ST,260,1,36,36,9.0
NE SKIDMORE ST,258,1,36,36,9.0
NE SKIDMORE ST,253,1,36,36,9.0
NE SKIDMORE ST,250,1,36,36,9.0
NE SKIDMORE ST,250,1,36,36,9.0
NE SKIDMORE ST,250,1,36,36,9.0
NE STANTON ST,779,1,36,36,9.0
NE STANTON ST,650,1,36,36,9.0
NE THOMPSON ST,771,1,36,36,9.0
NE THOMPSON ST,263,1,36,36,9.0
NE TILLAMOOK ST,1154,2,36,36,9.0
NE TILLAMOOK ST,779,1,36,36,9.0
NE TILLAMOOK ST,441,1,36,36,9.0
NE TILLAMOOK ST,398,1,36,36,9.0
NE TILLAMOOK ST,339,1,36,36,9.0
NE TILLAMOOK ST,306,1,36,36,9.0
NE TILLAMOOK ST,267,1,36,36,9.0
NE TILLAMOOK ST,255,1,36,36,9.0
NE TILLAMOOK ST,250,1,36,36,9.0
NE TILLAMOOK ST,154,1,36,36,9.0
NE US GRANT PL,661,1,36,36,9.0
NE WASCO ST,150,1,36,36,9.0
NE WINONA ST,472,1,36,36,9.0
NE WYGANT ST,1438,2,36,26,9.0
NW 17TH AVE,260,1,36,36,9.0
NW 17TH AVE,260,1,36,36,9.0
NW 17TH AVE,260,1,36,36,9.0
NW 17TH AVE,260,1,36,36,9.0
NW 17TH AVE,260,1,36,36,9.0
NW 17TH AVE,259,1,36,36,9.0
NW 17TH AVE,232,1,36,36,9.0
NW 20TH AVE,654,1,36,36,9.0
NW 20TH AVE,261,1,36,36,9.0
NW 20TH AVE,260,1,36,36,9.0
NW 20TH AVE,260,1,36,36,9.0
NW 20TH AVE,260,1,36,36,9.0
NW 20TH AVE,260,1,36,36,9.0
NW 20TH AVE,260,1,36,36,9.0
NW 20TH AVE,260,1,36,36,9.0
NW 20TH AVE,260,1,36,36,9.0
NW 20TH AVE,260,1,36,36,9.0
NW 20TH AVE,260,1,36,36,9.0
NW 20TH PL,629,1,36,36,9.0
NW 24TH AVE,260,1,36,36,9.0
NW 24TH AVE,260,1,36,36,9.0
NW 24TH AVE,260,1,36,36,9.0
NW 24TH AVE,260,1,36,36,9.0
NW 24TH AVE,260,1,36,36,9.0
NW 24TH AVE,260,1,36,36,9.0
NW 24TH AVE,260,1,36,36,9.0
NW 24TH AVE,260,1,36,36,9.0
NW 24TH AVE,260,1,36,36,9.0
NW 24TH AVE,260,1,36,36,9.0
NW 24TH AVE,260,1,36,36,9.0
NW 24TH AVE,260,1,36,36,9.0
NW 24TH AVE,260,1,36,36,9.0
NW 26TH AVE,263,1,36,36,9.0
NW 26TH AVE,260,1,36,36,9.0
NW 26TH AVE,260,1,36,36,9.0
NW 26TH AVE,260,1,36,36,9.0
NW 27TH AVE,265,1,36,36,9.0
NW 27TH AVE,260,1,36,36,9.0
NW 27TH AVE,260,1,36,36,9.0
NW 27TH AVE,260,1,36,36,9.0
NW 27TH AVE,255,1,36,36,9.0
NW 28TH AVE,260,1,36,36,9.0
NW 28TH AVE,257,1,36,36,9.0
NW 29TH AVE,619,2,36,34,9.0
NW 29TH AVE,261,1,36,36,9.0
NW DAVIS ST,260,1,36,36,9.0
NW DAVIS ST,258,1,36,36,9.0
NW DAVIS ST,253,1,36,36,9.0
NW DAVIS ST,247,1,36,36,9.0
NW FLANDERS ST,520,1,36,36,9.0
NW FLANDERS ST,520,1,36,36,9.0
NW FLANDERS ST,520,1,36,36,9.0
NW FLANDERS ST,520,1,36,36,9.0
NW FLANDERS ST,507,1,36,36,9.0
NW FLANDERS ST,260,1,36,36,9.0
NW FLANDERS ST,260,1,36,36,9.0
NW FRANKLIN CT,405,1,36,36,9.0
NW FRANKLIN CT,360,1,36,36,9.0
NW HOYT ST,520,1,36,36,9.0
NW HOYT ST,520,1,36,36,9.0
NW HOYT ST,520,1,36,36,9.0
NW HOYT ST,520,1,36,36,9.0
NW HOYT ST,520,1,36,36,9.0
NW HOYT ST,260,1,36,36,9.0
NW HOYT ST,258,1,36,36,9.0
NW IRVING ST,520,1,36,36,9.0
NW IRVING ST,520,1,36,36,9.0
NW IRVING ST,520,1,36,36,9.0
NW IRVING ST,520,1,36,36,9.0
NW IRVING ST,520,1,36,36,9.0
NW IRVING ST,261,1,36,36,9.0
NW IRVING ST,260,1,36,36,9.0
NW JOHNSON ST,520,1,36,36,9.0
NW JOHNSON ST,520,1,36,36,9.0
NW JOHNSON ST,520,1,36,36,9.0
NW JOHNSON ST,520,1,36,36,9.0
NW JOHNSON ST,520,1,36,36,9.0
NW JOHNSON ST,504,1,36,36,9.0
NW JOHNSON ST,260,1,36,36,9.0
NW KEARNEY ST,520,1,36,36,9.0
NW KEARNEY ST,520,1,36,36,9.0
NW KEARNEY ST,520,1,36,36,9.0
NW KEARNEY ST,520,1,36,36,9.0
NW KEARNEY ST,520,1,36,36,9.0
NW KEARNEY ST,520,1,36,36,9.0
NW MARSHALL ST,763,2,36,28,9.0
NW NORTHRUP ST,520,1,36,36,9.0
NW NORTHRUP ST,510,1,36,36,9.0
NW OVERTON ST,520,1,36,36,9.0
NW OVERTON ST,520,1,36,36,9.0
NW OVERTON ST,520,1,36,36,9.0
NW OVERTON ST,520,1,36,36,9.0
NW OVERTON ST,520,1,36,36,9.0
NW OVERTON ST,510,1,36,36,9.0
NW PETTYGROVE ST,520,1,36,36,9.0
NW PETTYGROVE ST,520,1,36,36,9.0
NW PETTYGROVE ST,510,1,36,36,9.0
NW PETTYGROVE ST,510,1,36,36,9.0
NW PINNACLE DR,643,1,36,36,9.0
NW PINNACLE DR,251,1,36,36,9.0
NW QUIMBY ST,520,1,36,36,9.0
NW QUIMBY ST,520,1,36,36,9.0
NW RALEIGH ST,513,1,36,36,9.0
NW RALEIGH ST,509,1,36,36,9.0
NW REED DR,1115,1,36,30,9.0
NW REED DR,334,1,36,36,9.0
NW REED DR,282,1,36,36,9.0
NW SAVIER ST,559,1,36,36,9.0
NW SAVIER ST,520,1,36,36,9.0
NW SAVIER ST,510,1,36,36,9.0
NW SAVIER ST,510,1,36,36,9.0
NW SAVIER ST,510,1,36,36,9.0
NW SAVIER ST,509,1,36,36,9.0
NW UPSHUR ST,510,1,36,36,9.0
NW UPSHUR ST,509,1,36,26,9.0
NW UPSHUR ST,281,1,36,36,9.0
NW VAUGHN ST,359,1,36,36,9.0
NW VAUGHN ST,330,1,36,36,9.0
NW VAUGHN ST,260,1,36,36,9.0
NW VAUGHN ST,233,1,36,36,9.0
SE 104TH DR,234,1,36,36,9.0
SE 10TH AVE,655,1,36,36,9.0
SE 10TH AVE,561,1,36,36,9.0
SE 10TH AVE,518,1,36,36,9.0
SE 10TH AVE,372,1,36,36,9.0
SE 10TH AVE,366,1,36,36,9.0
SE 10TH AVE,363,1,36,36,9.0
SE 10TH AVE,329,1,36,36,9.0
SE 10TH AVE,271,1,36,36,9.0
SE 11TH AVE,517,1,36,36,9.0
SE 11TH AVE,360,1,36,36,9.0
SE 11TH AVE,358,1,36,36,9.0
SE 11TH AVE,327,1,36,36,9.0
SE 11TH AVE,260,1,36,36,9.0
SE 11TH AVE,260,1,36,36,9.0
SE 11TH AVE,260,1,36,36,9.0
SE 11TH AVE,260,1,36,36,9.0
SE 11TH AVE,260,1,36,36,9.0
SE 11TH AVE,260,1,36,36,9.0
SE 11TH AVE,260,1,36,36,9.0
SE 11TH AVE,260,1,36,36,9.0
SE 11TH AVE,260,1,36,36,9.0
SE 11TH AVE,260,1,36,36,9.0
SE 11TH AVE,260,1,36,36,9.0
SE 11TH AVE,260,1,36,36,9.0
SE 11TH AVE,260,1,36,36,9.0
SE 11TH AVE,260,1,36,36,9.0
SE 12TH AVE,327,1,36,36,9.0
SE 12TH AVE,260,1,36,36,9.0
SE 12TH AVE,260,1,36,36,9.0
SE 12TH AVE,246,1,36,36,9.0
SE 13TH AVE,514,1,36,36,9.0
SE 13TH AVE,387,1,36,36,9.0
SE 13TH AVE,261,1,36,36,9.0
SE 13TH AVE,260,1,36,36,9.0
SE 13TH AVE,260,1,36,36,9.0
SE 13TH AVE,260,1,36,36,9.0
SE 13TH AVE,260,1,36,36,9.0
SE 13TH AVE,260,1,36,36,9.0
SE 13TH AVE,260,1,36,36,9.0
SE 13TH AVE,260,1,36,36,9.0
SE 13TH AVE,260,1,36,36,9.0
SE 13TH AVE,260,1,36,36,9.0
SE 13TH AVE,260,1,36,36,9.0
SE 13TH AVE,260,1,36,36,9.0
SE 13TH AVE,260,1,36,36,9.0
SE 13TH AVE,260,1,36,36,9.0
SE 13TH AVE,260,1,36,36,9.0
SE 13TH AVE,253,1,36,36,9.0
SE 13TH AVE,253,1,36,36,9.0
SE 13TH AVE,247,1,36,36,9.0
SE 13TH AVE,246,1,36,36,9.0
SE 13TH AVE,245,1,36,36,9.0
SE 141ST AVE,317,1,36,36,9.0
SE 141ST AVE,234,1,36,36,9.0
SE 141ST AVE,230,1,36,36,9.0
SE 141ST AVE,225,1,36,36,9.0
SE 14TH AVE,520,1,36,36,9.0
SE 14TH AVE,511,1,36,36,9.0
SE 14TH AVE,462,1,36,36,9.0
SE 14TH AVE,263,1,36,36,9.0
SE 14TH AVE,260,1,36,36,9.0
SE 14TH AVE,260,1,36,36,9.0
SE 14TH AVE,260,1,36,36,9.0
SE 14TH AVE,260,1,36,36,9.0
SE 14TH AVE,260,1,36,36,9.0
SE 14TH AVE,260,1,36,36,9.0
SE 14TH AVE,260,1,36,36,9.0
SE 14TH AVE,260,1,36,36,9.0
SE 14TH AVE,260,1,36,36,9.0
SE 14TH AVE,260,1,36,36,9.0
SE 14TH AVE,260,1,36,36,9.0
SE 14TH AVE,260,1,36,36,9.0
SE 14TH AVE,260,1,36,36,9.0
SE 14TH AVE,260,1,36,36,9.0
SE 14TH AVE,259,1,36,36,9.0
SE 14TH AVE,254,1,36,36,9.0
SE 14TH AVE,254,1,36,36,9.0
SE 14TH AVE,246,1,36,36,9.0
SE 14TH AVE,246,1,36,36,9.0
SE 14TH AVE,245,1,36,36,9.0
SE 14TH AVE,242,1,36,36,9.0
SE 157TH AVE,267,1,36,36,9.0
SE 15TH AVE,520,1,36,36,9.0
SE 15TH AVE,293,1,36,36,9.0
SE 15TH AVE,261,1,36,36,9.0
SE 15TH AVE,260,1,36,36,9.0
SE 15TH AVE,260,1,36,36,9.0
SE 15TH AVE,260,1,36,36,9.0
SE 15TH AVE,260,1,36,36,9.0
SE 15TH AVE,260,1,36,36,9.0
SE 15TH AVE,260,1,36,36,9.0
SE 15TH AVE,259,1,36,36,9.0
SE 15TH AVE,259,1,36,36,9.0
SE 15TH AVE,258,1,36,36,9.0
SE 15TH AVE,247,1,36,36,9.0
SE 15TH AVE,246,1,36,36,9.0
SE 16TH AVE,520,2,36,36,9.0
SE 16TH AVE,520,1,36,36,9.0
SE 16TH AVE,510,1,36,36,9.0
SE 16TH AVE,506,1,36,36,9.0
SE 16TH AVE,462,1,36,36,9.0
SE 16TH AVE,360,1,36,36,9.0
SE 16TH AVE,347,1,36,36,9.0
SE 16TH AVE,260,1,36,36,9.0
SE 16TH AVE,260,1,36,36,9.0
SE 16TH AVE,260,1,36,36,9.0
SE 16TH AVE,260,1,36,36,9.0
SE 16TH AVE,260,1,36,36,9.0
SE 16TH AVE,260,1,36,36,9.0
SE 16TH AVE,260,1,36,36,9.0
SE 16TH AVE,260,1,36,36,9.0
SE 16TH AVE,260,1,36,36,9.0
SE 16TH AVE,260,1,36,36,9.0
SE 16TH AVE,260,1,36,36,9.0
SE 16TH AVE,260,1,36,36,9.0
SE 16TH AVE,260,1,36,36,9.0
SE 16TH AVE,260,1,36,36,9.0
SE 16TH AVE,260,1,36,36,9.0
SE 16TH AVE,260,1,36,36,9.0
SE 16TH AVE,260,1,36,36,9.0
SE 16TH AVE,260,1,36,36,9.0
SE 16TH AVE,260,1,36,36,9.0
SE 16TH AVE,260,1,36,36,9.0
SE 16TH AVE,260,1,36,36,9.0
SE 16TH AVE,259,1,36,36,9.0
SE 16TH AVE,259,1,36,36,9.0
SE 16TH AVE,257,1,36,36,9.0
SE 16TH AVE,250,1,36,36,9.0
SE 16TH AVE,247,1,36,36,9.0
SE 16TH AVE,245,1,36,36,9.0
SE 17TH AVE,520,1,36,36,9.0
SE 17TH AVE,493,1,36,36,9.0
SE 17TH AVE,260,1,36,36,9.0
SE 17TH AVE,260,1,36,36,9.0
SE 17TH AVE,260,1,36,36,9.0
SE 17TH AVE,260,1,36,36,9.0
SE 17TH AVE,260,1,36,36,9.0
SE 17TH AVE,260,1,36,36,9.0
SE 17TH AVE,260,1,36,36,9.0
SE 17TH AVE,260,1,36,36,9.0
SE 17TH AVE,260,1,36,36,9.0
SE 17TH AVE,259,1,36,36,9.0
SE 17TH AVE,259,1,36,36,9.0
SE 18TH AVE,493,1,36,36,9.0
SE 18TH AVE,260,1,36,36,9.0
SE 18TH AVE,260,1,36,36,9.0
SE 18TH AVE,260,1,36,36,9.0
SE 18TH AVE,260,1,36,36,9.0
SE 18TH AVE,260,1,36,36,9.0
SE 18TH AVE,260,1,36,36,9.0
SE 18TH AVE,260,1,36,36,9.0
SE 18TH AVE,260,1,36,36,9.0
SE 18TH AVE,260,1,36,36,9.0
SE 18TH AVE,260,1,36,36,9.0
SE 18TH AVE,259,1,36,36,9.0
SE 18TH AVE,259,1,36,36,9.0
SE 18TH AVE,235,1,36,36,9.0
SE 18TH AVE,105,1,36,36,9.0
SE 19TH AVE,771,2,36,24,9.0
SE 19TH AVE,260,1,36,36,9.0
SE 19TH AVE,260,1,36,36,9.0
SE 19TH AVE,260,1,36,36,9.0
SE 20TH AVE,364,1,36,36,9.0
SE 20TH AVE,261,1,36,36,9.0
SE 20TH AVE,260,1,36,36,9.0
SE 20TH AVE,260,1,36,36,9.0
SE 20TH AVE,259,1,36,36,9.0
SE 20TH AVE,245,1,36,36,9.0
SE 20TH AVE,245,1,36,36,9.0
SE 22ND AVE,298,1,36,36,9.0
SE 22ND AVE,261,1,36,36,9.0
SE 22ND AVE,261,1,36,36,9.0
SE 22ND AVE,260,1,36,36,9.0
SE 22ND AVE,260,1,36,36,9.0
SE 22ND AVE,260,1,36,36,9.0
SE 22ND AVE,260,1,36,36,9.0
SE 22ND AVE,260,1,36,36,9.0
SE 22ND AVE,259,1,36,36,9.0
SE 22ND AVE,255,1,36,36,9.0
SE 22ND AVE,247,1,36,36,9.0
SE 23RD AVE,260,1,36,36,9.0
SE 23RD AVE,260,1,36,36,9.0
SE 23RD AVE,260,1,36,36,9.0
SE 23RD AVE,247,1,36,36,9.0
SE 24TH AVE,261,1,36,36,9.0
SE 24TH AVE,260,1,36,36,9.0
SE 24TH AVE,259,1,36,36,9.0
SE 25TH AVE,316,1,36,36,9.0
SE 25TH AVE,260,1,36,36,9.0
SE 25TH AVE,260,1,36,36,9.0
SE 25TH AVE,260,1,36,36,9.0
SE 25TH AVE,260,1,36,36,9.0
SE 25TH AVE,260,1,36,36,9.0
SE 25TH AVE,260,1,36,36,9.0
SE 28TH AVE,477,1,36,36,9.0
SE 28TH AVE,455,1,36,36,9.0
SE 28TH AVE,260,1,36,36,9.0
SE 28TH AVE,260,1,36,36,9.0
SE 28TH AVE,260,1,36,36,9.0
SE 28TH AVE,260,1,36,36,9.0
SE 28TH PL,1114,2,36,36,9.0
SE 28TH PL,520,1,36,36,9.0
SE 28TH PL,401,1,36,36,9.0
SE 29TH AVE,581,2,36,28,9.0
SE 29TH AVE,331,1,36,36,9.0
SE 29TH AVE,318,1,36,36,9.0
SE 29TH AVE,292,1,36,36,9.0
SE 29TH AVE,260,1,36,36,9.0
SE 29TH AVE,260,1,36,36,9.0
SE 29TH AVE,260,1,36,36,9.0
SE 29TH AVE,260,1,36,36,9.0
SE 29TH AVE,260,1,36,36,9.0
SE 29TH AVE,260,1,36,36,9.0
SE 29TH AVE,260,1,36,36,9.0
SE 29TH AVE,260,1,36,36,9.0
SE 31ST AVE,450,1,36,36,9.0
SE 31ST AVE,363,1,36,36,9.0
SE 31ST AVE,360,1,36,36,9.0
SE 31ST AVE,324,1,36,36,9.0
SE 31ST AVE,260,1,36,36,9.0
SE 31ST AVE,260,1,36,36,9.0
SE 31ST AVE,260,1,36,36,9.0
SE 31ST AVE,260,1,36,36,9.0
SE 32ND AVE,363,1,36,36,9.0
SE 32ND AVE,358,1,36,36,9.0
SE 33RD AVE,291,1,36,36,9.0
SE 33RD AVE,260,1,36,36,9.0
SE 33RD AVE,260,1,36,36,9.0
SE 33RD AVE,260,1,36,36,9.0
SE 33RD AVE,260,1,36,36,9.0
SE 33RD AVE,260,1,36,36,9.0
SE 33RD AVE,260,1,36,36,9.0
SE 33RD AVE,260,1,36,36,9.0
SE 33RD AVE,260,1,36,36,9.0
SE 34TH AVE,748,1,36,36,9.0
SE 35TH AVE,530,1,36,36,9.0
SE 35TH AVE,260,1,36,36,9.0
SE 35TH AVE,260,1,36,36,9.0
SE 35TH PL,1193,1,36,36,9.0
SE 35TH PL,796,1,36,36,9.0
SE 35TH PL,684,1,36,36,9.0
SE 35TH PL,260,1,36,36,9.0
SE 35TH PL,260,1,36,36,9.0
SE 35TH PL,251,1,36,36,9.0
SE 36TH AVE,280,1,36,36,9.0
SE 36TH AVE,267,1,36,36,9.0
SE 36TH AVE,260,1,36,36,9.0
SE 36TH AVE,260,1,36,36,9.0
SE 36TH AVE,260,1,36,36,9.0
SE 36TH AVE,260,1,36,36,9.0
SE 36TH AVE,198,1,36,36,9.0
SE 37TH AVE,262,1,36,36,9.0
SE 37TH AVE,260,1,36,36,9.0
SE 37TH AVE,260,1,36,36,9.0
SE 37TH AVE,260,1,36,36,9.0
SE 37TH AVE,256,1,36,36,9.0
SE 37TH AVE,255,1,36,36,9.0
SE 37TH AVE,253,1,36,36,9.0
SE 37TH AVE,250,1,36,36,9.0
SE 37TH AVE,250,1,36,36,9.0
SE 37TH AVE,230,1,36,36,9.0
SE 37TH AVE,224,1,36,36,9.0
SE 37TH AVE,220,1,36,36,9.0
SE 37TH AVE,178,1,36,36,9.0
SE 38TH AVE,371,1,36,36,9.0
SE 38TH AVE,302,1,36,36,9.0
SE 38TH AVE,261,1,36,36,9.0
SE 38TH AVE,260,1,36,36,9.0
SE 38TH AVE,260,1,36,36,9.0
SE 38TH AVE,259,1,36,36,9.0
SE 38TH AVE,254,1,36,36,9.0
SE 38TH AVE,250,1,36,36,9.0
SE 38TH AVE,181,1,36,36,9.0
SE 38TH AVE,181,1,36,36,9.0
SE 43RD AVE,504,1,36,36,9.0
SE 43RD AVE,500,1,36,36,9.0
SE 43RD AVE,260,1,36,36,9.0
SE 43RD AVE,260,1,36,36,9.0
SE 43RD AVE,260,1,36,36,9.0
SE 43RD AVE,254,1,36,36,9.0
SE 43RD AVE,246,1,36,36,9.0
SE 45TH AVE,921,1,36,36,9.0
SE 45TH AVE,279,1,36,36,9.0
SE 45TH AVE,271,1,36,36,9.0
SE 45TH AVE,254,1,36,36,9.0
SE 45TH AVE,250,1,36,36,9.0
SE 46TH AVE,921,1,36,36,9.0
SE 46TH AVE,278,1,36,36,9.0
SE 46TH AVE,271,1,36,36,9.0
SE 47TH AVE,1194,1,36,36,9.0
SE 47TH AVE,711,1,36,36,9.0
SE 47TH AVE,277,1,36,36,9.0
SE 47TH AVE,260,1,36,36,9.0
SE 47TH AVE,254,1,36,36,9.0
SE 47TH AVE,250,1,36,36,9.0
SE 47TH AVE,249,1,36,36,9.0
SE 47TH AVE,230,1,36,36,9.0
SE 47TH AVE,223,1,36,36,9.0
SE 47TH AVE,108,1,36,36,9.0
SE 48TH AVE,1193,1,36,28,9.0
SE 49TH AVE,902,2,36,12,9.0
SE 49TH AVE,355,1,36,36,9.0
SE 49TH AVE,345,1,36,36,9.0
SE 51ST AVE,1460,1,36,36,9.0
SE 51ST AVE,255,1,36,36,9.0
SE 52ND AVE,1474,1,36,36,9.0
SE 54TH AVE,1450,1,36,36,9.0
SE 55TH AVE,346,1,36,36,9.0
SE 55TH AVE,314,1,36,36,9.0
SE 67TH AVE,452,1,36,36,9.0
SE 69TH AVE,521,1,36,36,9.0
SE 73RD AVE,351,1,36,36,9.0
SE 76TH AVE,233,1,36,24,9.0
SE 78TH AVE,610,1,36,36,9.0
SE 78TH AVE,409,1,36,36,9.0
SE 78TH AVE,310,1,36,36,9.0
SE 7TH AVE,589,1,36,36,9.0
SE 7TH AVE,510,1,36,36,9.0
SE 7TH AVE,390,1,36,36,9.0
SE 80TH AVE,610,1,36,36,9.0
SE 80TH AVE,410,1,36,36,9.0
SE 80TH AVE,310,1,36,36,9.0
SE 80TH AVE,244,1,36,36,9.0
SE 81ST AVE,270,1,36,36,9.0
SE 84TH AVE,1162,3,36,32,9.0
SE 84TH AVE,471,1,36,36,9.0
SE 85TH AVE,324,1,36,36,9.0
SE 85TH AVE,323,1,36,36,9.0
SE 87TH AVE,342,1,36,36,9.0
SE 87TH AVE,324,1,36,36,9.0
SE 89TH AVE,399,1,36,36,9.0
SE 8TH AVE,863,1,36,36,9.0
SE 8TH AVE,674,1,36,36,9.0
SE 8TH AVE,519,1,36,36,9.0
SE 8TH AVE,344,1,36,36,9.0
SE 91ST AVE,704,1,36,36,9.0
SE 9TH AVE,850,1,36,36,9.0
SE 9TH AVE,676,1,36,36,9.0
SE ALDER ST,367,1,36,36,9.0
SE ALDER ST,361,1,36,36,9.0
SE ALDER ST,355,1,36,36,9.0
SE ALDER ST,353,1,36,36,9.0
SE ALDER ST,335,1,36,36,9.0
SE ALDER ST,325,1,36,36,9.0
SE ALDER ST,307,1,36,36,9.0
SE ALDER ST,303,1,36,36,9.0
SE ALDER ST,260,1,36,36,9.0
SE ALDER ST,260,1,36,36,9.0
SE ALDER ST,260,1,36,36,9.0
SE ALDER ST,260,1,36,36,9.0
SE ALDER ST,260,1,36,36,9.0
SE ALDER ST,260,1,36,36,9.0
SE ALDER ST,255,1,36,36,9.0
SE ALDER ST,246,1,36,36,9.0
SE ALDER ST,197,1,36,36,9.0
SE ANKENY ST,505,2,36,36,9.0
SE ASH ST,556,1,36,36,9.0
SE ASH ST,521,1,36,36,9.0
SE ASH ST,521,1,36,36,9.0
SE ASH ST,518,1,36,36,9.0
SE ASH ST,464,1,36,36,9.0
SE ASH ST,370,1,36,36,9.0
SE ASH ST,260,1,36,36,9.0
SE ASH ST,260,1,36,36,9.0
SE ASH ST,260,1,36,36,9.0
SE ASH ST,260,1,36,36,9.0
SE ASH ST,260,1,36,36,9.0
SE ASH ST,260,1,36,36,9.0
SE ASH ST,258,1,36,36,9.0
SE ASH ST,254,1,36,36,9.0
SE ASH ST,248,1,36,36,9.0
SE ASH ST,248,1,36,36,9.0
SE BIDWELL ST,520,1,36,36,9.0
SE BIDWELL ST,510,1,36,36,9.0
SE BIDWELL ST,510,1,36,36,9.0
SE BIDWELL ST,510,1,36,36,9.0
SE BOISE ST,528,1,36,36,9.0
SE BOISE ST,260,1,36,36,9.0
SE BOISE ST,260,1,36,36,9.0
SE BOISE ST,212,1,36,36,9.0
SE BOISE ST,181,1,36,36,9.0
SE BROOKLYN ST,1080,1,36,30,9.0
SE BROOKLYN ST,260,1,36,36,9.0
SE BROOKLYN ST,260,1,36,36,9.0
SE BROOKLYN ST,260,1,36,36,9.0
SE BROOKLYN ST,260,1,36,36,9.0
SE BROOKLYN ST,204,1,36,36,9.0
SE BUSH ST,390,1,36,36,9.0
SE BUSH ST,361,1,36,36,9.0
SE BUSH ST,357,1,36,36,9.0
SE BUSH ST,303,1,36,36,9.0
SE BUSH ST,288,1,36,36,9.0
SE BUSH ST,266,1,36,36,9.0
SE BUSH ST,241,1,36,36,9.0
SE BUSH ST,214,1,36,36,9.0
SE CARUTHERS ST,262,1,36,36,9.0
SE CENTER ST,560,1,36,36,9.0
SE CENTER ST,363,1,36,36,9.0
SE CENTER ST,280,1,36,36,9.0
SE CENTER ST,276,1,36,36,9.0
SE CENTER ST,274,1,36,36,9.0
SE CENTER ST,262,1,36,36,9.0
SE CENTER ST,261,1,36,36,9.0
SE CENTER ST,258,1,36,36,9.0
SE CENTER ST,238,1,36,25,9.0
SE CLATSOP ST,510,1,36,36,9.0
SE CLATSOP ST,509,1,36,36,9.0
SE CLINTON ST,291,1,36,36,9.0
SE CLINTON ST,271,1,36,36,9.0
SE CLINTON ST,261,1,36,36,9.0
SE CLINTON ST,260,1,36,36,9.0
SE CLINTON ST,260,1,36,36,9.0
SE CLINTON ST,260,1,36,36,9.0
SE CLINTON ST,260,1,36,36,9.0
SE CLINTON ST,260,1,36,36,9.0
SE CLINTON ST,260,1,36,36,9.0
SE CLINTON ST,259,1,36,36,9.0
SE CORA ST,330,1,36,36,9.0
SE CORA ST,260,1,36,36,9.0
SE CORA ST,258,1,36,36,9.0
SE CORA ST,255,1,36,36,9.0
SE CORA ST,255,1,36,36,9.0
SE CORA ST,250,1,36,36,9.0
SE ELLIS ST,668,1,36,36,9.0
SE FRANCIS ST,544,2,36,28,9.0
SE FRANCIS ST,505,1,36,36,9.0
SE FRANCIS ST,479,1,36,36,9.0
SE FRANCIS ST,414,1,36,36,9.0
SE FRANCIS ST,258,1,36,36,9.0
SE FRANCIS ST,258,1,36,36,9.0
SE FRANCIS ST,255,1,36,36,9.0
SE FRANCIS ST,253,1,36,36,9.0
SE FRANCIS ST,251,1,36,36,9.0
SE FRANCIS ST,250,1,36,36,9.0
SE FRANCIS ST,250,1,36,36,9.0
SE FRANCIS ST,242,1,36,36,9.0
SE FRANCIS ST,237,1,36,36,9.0
SE FRANCIS ST,236,1,36,36,9.0
SE FRANCIS ST,181,1,36,36,9.0
SE FRANCIS ST,181,1,36,36,9.0
SE FRANCIS ST,173,1,36,36,9.0
SE FRANKLIN ST,319,1,36,36,9.0
SE FRANKLIN ST,260,1,36,36,9.0
SE FRANKLIN ST,260,1,36,36,9.0
SE FRANKLIN ST,260,1,36,36,9.0
SE FRANKLIN ST,256,1,36,36,9.0
SE FRANKLIN ST,255,1,36,36,9.0
SE FRANKLIN ST,153,1,36,36,9.0
SE GLADSTONE ST,562,1,36,36,9.0
SE GLADSTONE ST,527,1,36,36,9.0
SE GLENWOOD ST,266,1,36,36,9.0
SE GLENWOOD ST,77,1,36,36,9.0
SE GRANT ST,507,1,36,36,9.0
SE GRANT ST,483,1,36,36,9.0
SE GRANT ST,457,1,36,36,9.0
SE GRANT ST,291,1,36,36,9.0
SE GRANT ST,261,1,36,36,9.0
SE GRANT ST,260,1,36,36,9.0
SE GRANT ST,260,1,36,36,9.0
SE GRANT ST,259,1,36,36,9.0
SE HAIG ST,443,1,36,36,9.0
SE HAIG ST,260,1,36,36,9.0
SE HAIG ST,260,1,36,36,9.0
SE HAIG ST,260,1,36,36,9.0
SE HAIG ST,260,1,36,36,9.0
SE HAIG ST,169,1,36,36,9.0
SE HARNEY ST,510,1,36,36,9.0
SE HARNEY ST,510,1,36,36,9.0
SE HARNEY ST,510,1,36,36,9.0
SE HARNEY ST,509,1,36,36,9.0
SE HARNEY ST,260,1,36,36,9.0
SE HARNEY ST,260,1,36,36,9.0
SE HARRISON ST,1011,1,36,36,9.0
SE HARRISON ST,459,1,36,36,9.0
SE HARRISON ST,386,1,36,36,9.0
SE HARRISON ST,309,1,36,36,9.0
SE HARRISON ST,279,1,36,36,9.0
SE HARRISON ST,267,1,36,36,9.0
SE HARRISON ST,266,1,36,36,9.0
SE HARRISON ST,255,1,36,36,9.0
SE HARRISON ST,249,1,36,36,9.0
SE HARRISON ST,244,1,36,36,9.0
SE HARRISON ST,239,1,36,36,9.0
SE IVON ST,555,1,36,36,9.0
SE IVON ST,261,1,36,36,9.0
SE IVON ST,260,1,36,36,9.0
SE IVON ST,260,1,36,36,9.0
SE IVON ST,195,1,36,36,9.0
SE KNAPP ST,1409,1,36,36,9.0
SE KNIGHT ST,666,1,36,36,9.0
SE KNIGHT ST,660,1,36,36,9.0
SE KNIGHT ST,660,1,36,36,9.0
SE LAFAYETTE ST,332,1,36,36,9.0
SE LAFAYETTE ST,260,1,36,36,9.0
SE LAFAYETTE ST,260,1,36,36,9.0
SE LAFAYETTE ST,260,1,36,36,9.0
SE LAFAYETTE ST,260,1,36,36,9.0
SE LINCOLN ST,615,1,36,36,9.0
SE LINCOLN ST,516,1,36,36,9.0
SE LINCOLN ST,506,1,36,36,9.0
SE LINCOLN ST,458,1,36,36,9.0
SE LINCOLN ST,333,1,36,36,9.0
SE LINCOLN ST,318,1,36,36,9.0
SE LINCOLN ST,314,1,36,36,9.0
SE LINCOLN ST,293,1,36,36,9.0
SE LINCOLN ST,270,1,36,36,9.0
SE LINCOLN ST,264,1,36,36,9.0
SE LINCOLN ST,261,1,36,36,9.0
SE LINCOLN ST,260,1,36,36,9.0
SE LINCOLN ST,260,1,36,36,9.0
SE LINN ST,721,2,36,36,9.0
SE LINN ST,256,1,36,32,9.0
SE LONG ST,329,1,36,36,9.0
SE MADISON ST,355,1,36,36,9.0
SE MADISON ST,353,1,36,36,9.0
SE MADISON ST,350,1,36,36,9.0
SE MADISON ST,350,1,36,36,9.0
SE MADISON ST,350,1,36,36,9.0
SE MADISON ST,343,1,36,36,9.0
SE MADISON ST,335,1,36,36,9.0
SE MADISON ST,283,1,36,36,9.0
SE MADISON ST,276,1,36,36,9.0
SE MADISON ST,265,1,36,36,9.0
SE MADISON ST,261,1,36,36,9.0
SE MADISON ST,260,1,36,36,9.0
SE MADISON ST,260,1,36,36,9.0
SE MADISON ST,260,1,36,36,9.0
SE MADISON ST,260,1,36,36,9.0
SE MADISON ST,260,1,36,36,9.0
SE MADISON ST,259,1,36,36,9.0
SE MADISON ST,259,1,36,36,9.0
SE MADISON ST,250,1,36,36,9.0
SE MADISON ST,240,1,36,36,9.0
SE MADISON ST,219,1,36,36,9.0
SE MADISON ST,160,1,36,36,9.0
SE MAIN ST,778,1,36,36,9.0
SE MAIN ST,399,1,36,36,9.0
SE MAIN ST,363,1,36,36,9.0
SE MAIN ST,338,1,36,36,9.0
SE MAIN ST,265,1,36,36,9.0
SE MAIN ST,261,1,36,36,9.0
SE MAIN ST,260,1,36,36,9.0
SE MAIN ST,260,1,36,36,9.0
SE MAIN ST,260,1,36,36,9.0
SE MAIN ST,260,1,36,36,9.0
SE MAIN ST,240,1,36,36,9.0
SE MAIN ST,227,1,36,36,9.0
SE MAIN ST,160,1,36,36,9.0
SE MALL ST,320,1,36,36,9.0
SE MALL ST,260,1,36,36,9.0
SE MARKET ST,260,1,36,36,9.0
SE MILL ST,261,1,36,36,9.0
SE MILLER ST,520,1,36,36,9.0
SE MILLER ST,510,1,36,36,9.0
SE MILLER ST,510,1,36,36,9.0
SE MORRISON ST,443,1,36,36,9.0
SE MORRISON ST,422,1,36,24,9.0
SE MORRISON ST,368,1,36,36,9.0
SE MORRISON ST,366,1,36,36,9.0
SE MORRISON ST,355,1,36,36,9.0
SE MORRISON ST,326,1,36,36,9.0
SE MORRISON ST,306,1,36,36,9.0
SE MORRISON ST,260,1,36,36,9.0
SE OAK ST,514,1,36,36,9.0
SE OAK ST,275,1,36,36,9.0
SE OAK ST,260,1,36,36,9.0
SE OAK ST,260,1,36,36,9.0
SE OAK ST,260,1,36,36,9.0
SE OAK ST,260,1,36,36,9.0
SE OAK ST,260,1,36,36,9.0
SE OAK ST,243,1,36,36,9.0
SE PINE ST,556,1,36,36,9.0
SE PINE ST,521,1,36,36,9.0
SE PINE ST,520,1,36,36,9.0
SE PINE ST,518,1,36,36,9.0
SE PINE ST,362,1,36,36,9.0
SE PINE ST,314,1,36,36,9.0
SE PINE ST,280,1,36,36,9.0
SE PINE ST,260,1,36,36,9.0
SE PINE ST,260,1,36,36,9.0
SE PINE ST,260,1,36,36,9.0
SE PINE ST,260,1,36,36,9.0
SE PINE ST,260,1,36,36,9.0
SE PINE ST,260,1,36,36,9.0
SE PINE ST,257,1,36,36,9.0
SE PINE ST,255,1,36,36,9.0
SE PINE ST,253,1,36,36,9.0
SE PINE ST,251,1,36,36,9.0
SE PINE ST,250,1,36,36,9.0
SE PINE ST,250,1,36,36,9.0
SE PINE ST,248,1,36,36,9.0
SE PINE ST,248,1,36,36,9.0
SE PINE ST,234,1,36,36,9.0
SE RAMONA ST,660,1,36,36,9.0
SE RAYMOND ST,536,1,36,36,9.0
SE RAYMOND ST,252,1,36,36,9.0
SE REEDWAY ST,330,1,36,36,9.0
SE REYNOLDS ST,249,1,36,36,9.0
SE RHINE ST,386,1,36,36,9.0
SE RHINE ST,260,1,36,36,9.0
SE RHINE ST,260,1,36,36,9.0
SE RHINE ST,260,1,36,36,9.0
SE RHINE ST,260,1,36,36,9.0
SE RHINE ST,238,1,36,36,9.0
SE RHONE ST,276,1,36,36,9.0
SE RHONE ST,260,1,36,36,9.0
SE RHONE ST,260,1,36,36,9.0
SE RHONE ST,260,1,36,36,9.0
SE RHONE ST,242,1,36,36,9.0
SE RHONE ST,217,1,36,36,9.0
SE RHONE ST,124,1,36,36,9.0
SE SALMON ST,603,1,36,36,9.0
SE SALMON ST,410,1,36,36,9.0
SE SALMON ST,356,1,36,36,9.0
SE SALMON ST,353,1,36,36,9.0
SE SALMON ST,350,1,36,36,9.0
SE SALMON ST,350,1,36,36,9.0
SE SALMON ST,350,1,36,36,9.0
SE SALMON ST,347,1,36,36,9.0
SE SALMON ST,340,1,36,36,9.0
SE SALMON ST,275,1,36,36,9.0
SE SALMON ST,265,2,36,18,9.0
SE SALMON ST,262,1,36,36,9.0
SE SALMON ST,260,1,36,36,9.0
SE SALMON ST,260,1,36,36,9.0
SE SALMON ST,260,1,36,36,9.0
SE SALMON ST,260,1,36,36,9.0
SE SALMON ST,260,1,36,36,9.0
SE SALMON ST,260,1,36,36,9.0
SE SALMON ST,260,1,36,36,9.0
SE SALMON ST,260,1,36,36,9.0
SE SALMON ST,260,1,36,36,9.0
SE SALMON ST,260,1,36,36,9.0
SE SALMON ST,260,1,36,36,9.0
SE SALMON ST,260,1,36,36,9.0
SE SALMON ST,260,1,36,36,9.0
SE SALMON ST,257,1,36,36,9.0
SE SALMON ST,250,1,36,36,9.0
SE SALMON ST,240,1,36,36,9.0
SE SALMON ST,194,1,36,36,9.0
SE SALMON ST,161,1,36,36,9.0
SE SHERMAN ST,261,1,36,36,9.0
SE SHERMAN ST,260,1,36,36,9.0
SE SHERRETT ST,510,1,36,36,9.0
SE SPOKANE ST,770,2,36,30,9.0
SE SPOKANE ST,510,1,36,36,9.0
SE SPOKANE ST,510,1,36,36,9.0
SE SPOKANE ST,509,1,36,36,9.0
SE SPOKANE ST,509,1,36,36,9.0
SE SPOKANE ST,500,1,36,36,9.0
SE SPOKANE ST,500,1,36,36,9.0
SE SPOKANE ST,412,1,36,36,9.0
SE SPOKANE ST,264,1,36,36,9.0
SE SPOKANE ST,260,1,36,36,9.0
SE SPOKANE ST,260,1,36,36,9.0
SE SPOKANE ST,260,1,36,36,9.0
SE STEELE ST,601,1,36,36,9.0
SE STEPHENS ST,261,1,36,36,9.0
SE TAGGART ST,263,1,36,36,9.0
SE TAGGART ST,260,1,36,36,9.0
SE TAGGART ST,260,1,36,36,9.0
SE TAGGART ST,260,1,36,36,9.0
SE TAGGART ST,260,1,36,36,9.0
SE TAYLOR ST,774,1,36,36,9.0
SE TAYLOR ST,604,1,36,36,9.0
SE TAYLOR ST,603,1,36,36,9.0
SE TAYLOR ST,599,1,36,36,9.0
SE TAYLOR ST,407,1,36,36,9.0
SE TAYLOR ST,366,1,36,36,9.0
SE TAYLOR ST,355,1,36,36,9.0
SE TAYLOR ST,355,1,36,36,9.0
SE TAYLOR ST,354,1,36,36,9.0
SE TAYLOR ST,350,1,36,36,9.0
SE TAYLOR ST,350,1,36,36,9.0
SE TAYLOR ST,350,1,36,36,9.0
SE TAYLOR ST,350,1,36,36,9.0
SE TAYLOR ST,338,1,36,36,9.0
SE TAYLOR ST,277,1,36,36,9.0
SE TAYLOR ST,265,1,36,36,9.0
SE TAYLOR ST,260,1,36,36,9.0
SE TAYLOR ST,260,1,36,36,9.0
SE TAYLOR ST,260,1,36,36,9.0
SE TAYLOR ST,260,1,36,36,9.0
SE TAYLOR ST,260,1,36,36,9.0
SE TAYLOR ST,260,1,36,36,9.0
SE TAYLOR ST,260,1,36,36,9.0
SE TAYLOR ST,260,1,36,36,9.0
SE TAYLOR ST,260,1,36,36,9.0
SE TAYLOR ST,260,1,36,36,9.0
SE TAYLOR ST,260,1,36,36,9.0
SE TAYLOR ST,250,1,36,36,9.0
SE TAYLOR ST,240,1,36,36,9.0
SE TAYLOR ST,191,1,36,36,9.0
SE TENINO CT,318,1,36,36,9.0
SE TENINO ST,260,1,36,36,9.0
SE TIBBETTS ST,313,1,36,36,9.0
SE TIBBETTS ST,296,1,36,36,9.0
SE TIBBETTS ST,261,1,36,36,9.0
SE TIBBETTS ST,206,1,36,36,9.0
SE UMATILLA ST,510,1,36,36,9.0
SE UMATILLA ST,510,1,36,36,9.0
SE UMATILLA ST,510,1,36,36,9.0
SE UMATILLA ST,509,1,36,36,9.0
SE UMATILLA ST,509,1,36,36,9.0
SE WASHINGTON ST,260,1,36,36,9.0
SE WASHINGTON ST,260,1,36,36,9.0
SE WASHINGTON ST,260,1,36,36,9.0
SE WASHINGTON ST,260,1,36,36,9.0
SE WASHINGTON ST,260,1,36,36,9.0
SE WASHINGTON ST,255,1,36,36,9.0
SE WASHINGTON ST,247,1,36,36,9.0
SE WOODWARD ST,556,1,36,36,9.0
SE WOODWARD ST,415,1,36,36,9.0
SE WOODWARD ST,263,1,36,36,9.0
SE WOODWARD ST,260,1,36,36,9.0
SE WOODWARD ST,260,1,36,36,9.0
SE WOODWARD ST,260,1,36,36,9.0
SE WOODWARD ST,259,1,36,36,9.0
SE WOODWARD ST,258,1,36,36,9.0
SE WOODWARD ST,250,1,36,36,9.0
SE WOODWARD ST,249,1,36,36,9.0
SE WOODWARD ST,202,1,36,36,9.0
SE YAMHILL ST,655,1,36,36,9.0
SE YAMHILL ST,603,1,36,36,9.0
SE YAMHILL ST,511,1,36,36,9.0
SE YAMHILL ST,467,1,36,36,9.0
SE YAMHILL ST,461,1,36,36,9.0
SE YAMHILL ST,394,1,36,36,9.0
SE YAMHILL ST,364,1,36,36,9.0
SE YAMHILL ST,355,1,36,36,9.0
SE YAMHILL ST,355,1,36,36,9.0
SE YAMHILL ST,350,1,36,36,9.0
SE YAMHILL ST,350,1,36,36,9.0
SE YAMHILL ST,350,1,36,36,9.0
SE YAMHILL ST,336,1,36,36,9.0
SE YAMHILL ST,278,1,36,36,9.0
SE YAMHILL ST,264,1,36,36,9.0
SE YAMHILL ST,261,1,36,36,9.0
SE YAMHILL ST,260,1,36,36,9.0
SE YAMHILL ST,260,1,36,36,9.0
SE YAMHILL ST,260,1,36,36,9.0
SE YAMHILL ST,260,1,36,36,9.0
SE YAMHILL ST,260,1,36,36,9.0
SE YAMHILL ST,250,1,36,36,9.0
SW 10TH AVE,215,1,36,36,9.0
SW 11TH AVE,492,1,36,36,9.0
SW 11TH AVE,250,1,36,36,9.0
SW 11TH AVE,250,1,36,36,9.0
SW 11TH AVE,250,1,36,36,9.0
SW 11TH AVE,222,1,36,36,9.0
SW 16TH AVE,190,1,36,36,9.0
SW 17TH AVE,260,1,36,36,9.0
SW 17TH AVE,253,1,36,36,9.0
SW 17TH AVE,250,1,36,36,9.0
SW 17TH AVE,245,1,36,36,9.0
SW 18TH AVE,264,1,36,36,9.0
SW 18TH AVE,255,1,36,36,9.0
SW 19TH AVE,281,1,36,36,9.0
SW 19TH AVE,269,1,36,36,9.0
SW 1ST AVE,260,1,36,36,9.0
SW 20TH AVE,284,1,36,36,9.0
SW 20TH AVE,269,1,36,36,9.0
SW 20TH AVE,269,1,36,36,9.0
SW 21ST AVE,364,1,36,36,9.0
SW 21ST AVE,313,1,36,36,9.0
SW 25TH AVE,353,1,36,36,9.0
SW 27TH AVE,541,1,36,36,9.0
SW 27TH AVE,333,1,36,36,9.0
SW 27TH AVE,313,1,36,36,9.0
SW 27TH AVE,297,1,36,36,9.0
SW 27TH AVE,192,1,36,36,9.0
SW 2ND AVE,733,3,36,36,9.0
SW 32ND AVE,836,1,36,36,9.0
SW 47TH DR,629,1,36,36,9.0
SW 47TH DR,450,1,36,36,9.0
SW 5TH AVE,306,1,36,1,9.0
SW CARSON ST,354,1,36,36,9.0
SW CLAY ST,783,1,36,36,9.0
SW CLAY ST,261,1,36,36,9.0
SW CLIFTON ST,270,1,36,36,9.0
SW CONDOR AVE,515,1,36,36,9.0
SW CONDOR WAY,721,2,36,24,9.0
SW CURRY ST,249,1,36,36,9.0
SW CUSTER DR,1284,1,36,36,9.0
SW GAINES ST,245,1,36,1,9.0
SW GIBBS ST,439,2,36,20,9.0
SW HOOKER ST,501,1,36,36,9.0
SW HOOKER ST,276,1,36,36,9.0
SW HOOKER ST,220,1,36,36,9.0
SW HUME ST,353,1,36,36,9.0
SW IDAHO DR,282,1,36,36,9.0
SW IDAHO DR,194,1,36,36,9.0
SW IDAHO DR,162,1,36,36,9.0
SW KING AVE,253,1,36,36,9.0
SW KING AVE,245,1,36,36,9.0
SW KING AVE,224,1,36,36,9.0
SW KING AVE,166,1,36,36,9.0
SW KINGS CT,486,2,36,16,9.0
SW MADISON ST,353,1,36,36,9.0
SW MADISON ST,279,1,36,36,9.0
SW MADISON ST,269,1,36,36,9.0
SW MADISON ST,239,1,36,36,9.0
SW MAIN ST,392,1,36,36,9.0
SW MAIN ST,362,1,36,36,9.0
SW MAIN ST,356,1,36,36,9.0
SW MAIN ST,269,1,36,36,9.0
SW MARKET ST,890,2,36,26,9.0
SW MARKET ST,267,1,36,36,9.0
SW MARKET ST,254,1,36,36,9.0
SW MEADE ST,276,1,36,36,9.0
SW MEADE ST,150,1,36,36,9.0
SW MOSS ST,318,1,36,36,9.0
SW PARK AVE,125,1,36,36,9.0
SW PENNOYER ST,504,2,36,20,9.0
SW PORTER ST,276,1,36,36,9.0
SW PORTER ST,171,1,36,36,9.0
SW TAYLOR ST,307,1,36,36,9.0
SW VIEW POINT TER,1010,3,36,36,9.0
SW VIEW POINT TER,393,1,36,36,9.0
SW VIEW POINT TER,194,1,36,36,9.0
SW WHITAKER ST,245,1,36,36,9.0
SW WHITAKER ST,212,1,36,36,9.0
SW WOODS ST,117,1,36,36,9.0
SW YAMHILL ST,361,1,36,36,9.0
N MISSOURI AVE,561,1,37,20,9.5
NE 100TH AVE,523,1,37,37,9.5
NE 57TH AVE,532,1,37,37,9.5
SE ANKENY ST,1002,1,37,24,9.5
SE NAEGELI DR,1389,1,37,37,9.5
SE NAEGELI DR,792,1,37,37,9.5
SE NAEGELI DR,187,1,37,37,9.5
N CHAUTAUQUA PL,554,1,38,38,10.0
N HAIGHT AVE,462,1,38,38,10.0
NE 101ST AVE,156,1,38,38,10.0
NE 104TH AVE,235,1,38,38,10.0
NE 106TH AVE,568,1,38,38,10.0
NE 106TH AVE,238,1,38,38,10.0
NE 108TH AVE,240,1,38,38,10.0
NE 111TH AVE,312,1,38,38,10.0
NE 112TH AVE,191,1,38,38,10.0
NE 45TH AVE,505,1,38,38,10.0
NE 72ND AVE,507,1,38,38,10.0
NE THOMPSON ST,962,2,38,28,10.0
NE THOMPSON ST,250,1,38,38,10.0
SE 100TH AVE,552,1,38,38,10.0
SE 119TH AVE,591,1,38,38,10.0
SE 153RD AVE,466,1,38,38,10.0
SE 160TH AVE,1016,1,38,28,10.0
SE 160TH AVE,663,1,38,38,10.0
SE 166TH AVE,350,1,38,38,10.0
SE 46TH AVE,663,3,38,28,10.0
SE 86TH AVE,347,1,38,38,10.0
SE 86TH AVE,314,1,38,38,10.0
SE 86TH AVE,183,1,38,38,10.0
SE 96TH AVE,930,2,38,32,10.0
SE ALDER ST,989,1,38,32,10.0
SE ALDER ST,664,1,38,38,10.0
SE ALDER ST,591,2,38,28,10.0
SW 1ST AVE,259,1,38,38,10.0
SW 2ND AVE,260,1,38,38,10.0
SW 2ND AVE,260,1,38,38,10.0
N FREMONT ST,85,1,39,39,10.5
N BRYANT ST,260,1,40,40,11.0
N BRYANT ST,260,1,40,40,11.0
N BRYANT ST,260,1,40,40,11.0
N CHAUTAUQUA PL,278,1,40,40,11.0
N CHAUTAUQUA PL,253,1,40,40,11.0
N COMMERCIAL AVE,936,1,40,30,11.0
N CONCORD AVE,97,1,40,40,11.0
N DEKUM ST,264,1,40,40,11.0
N GANTENBEIN AVE,533,1,40,40,11.0
N GANTENBEIN AVE,468,1,40,40,11.0
N GANTENBEIN AVE,460,1,40,40,11.0
N GANTENBEIN AVE,460,1,40,40,11.0
N GANTENBEIN AVE,460,1,40,40,11.0
N GANTENBEIN AVE,292,1,40,40,11.0
N GANTENBEIN AVE,255,1,40,40,11.0
N GILBERT AVE,517,1,40,40,11.0
N HUMBOLDT ST,663,1,40,40,11.0
N JOHN AVE,280,1,40,40,11.0
N JOHN AVE,247,1,40,40,11.0
N KERBY AVE,335,1,40,40,11.0
N MINNESOTA AVE,260,1,40,19,11.0
N OLIN AVE,205,1,40,40,11.0
N SHAVER ST,261,1,40,40,11.0
N SHAVER ST,261,1,40,40,11.0
N SHAVER ST,260,1,40,40,11.0
N SHAVER ST,260,1,40,40,11.0
N SHAVER ST,253,1,40,40,11.0
N SHAVER ST,145,1,40,40,11.0
N WILLAMETTE BLVD,788,1,40,32,11.0
N WILLAMETTE BLVD,665,1,40,40,11.0
N WILLAMETTE BLVD,662,1,40,40,11.0
N WILLAMETTE BLVD,660,1,40,40,11.0
N WILLAMETTE BLVD,660,1,40,40,11.0
N WILLAMETTE BLVD,648,1,40,40,11.0
N WILLAMETTE BLVD,643,1,40,40,11.0
N WILLAMETTE BLVD,629,1,40,40,11.0
N WILLAMETTE BLVD,573,1,40,40,11.0
NE 10TH AVE,336,1,40,40,11.0
NE 126TH AVE,414,1,40,40,11.0
NE 131ST PL,615,1,40,40,11.0
NE 131ST PL,272,1,40,40,11.0
NE 131ST PL,90,1,40,40,11.0
NE 157TH AVE,304,1,40,40,11.0
NE 157TH AVE,293,1,40,20,11.0
NE 157TH AVE,276,1,40,40,11.0
NE 157TH AVE,274,1,40,40,11.0
NE 17TH AVE,560,1,40,40,11.0
NE 70TH AVE,255,1,40,40,11.0
NE 81ST AVE,143,1,40,40,11.0
NE ALAMEDA ST,755,1,40,40,11.0
NE ALAMEDA ST,677,1,40,40,11.0
NE ALAMEDA ST,629,1,40,40,11.0
NE ALAMEDA ST,596,1,40,40,11.0
NE ALAMEDA ST,523,1,40,40,11.0
NE ALAMEDA ST,260,1,40,40,11.0
NE ALAMEDA ST,252,1,40,40,11.0
NE ALAMEDA ST,250,1,40,40,11.0
NE ALAMEDA ST,204,1,40,40,11.0
NE ALAMEDA ST,173,1,40,40,11.0
NE ALAMEDA ST,156,1,40,40,11.0
NE ALAMEDA ST,142,1,40,40,11.0
NE BROADWAY,432,1,40,40,11.0
NE BROADWAY,354,1,40,40,11.0
NE BROADWAY,256,1,40,40,11.0
NE BROADWAY,190,1,40,40,11.0
NE DEKUM ST,376,1,40,40,11.0
NE DEKUM ST,260,1,40,40,11.0
NE DEKUM ST,250,1,40,40,11.0
NE DEKUM ST,250,1,40,40,11.0
NE DURHAM AVE,359,1,40,40,11.0
NE FARGO ST,120,1,40,40,11.0
NE FREMONT ST,390,1,40,40,11.0
NE FREMONT ST,357,1,40,40,11.0
NE FREMONT ST,289,1,40,40,11.0
NE FREMONT ST,255,1,40,40,11.0
NE FREMONT ST,246,1,40,40,11.0
NE SKIDMORE ST,281,1,40,40,11.0
NE SKIDMORE ST,260,1,40,40,11.0
NE STANTON ST,405,1,40,40,11.0
NE WYGANT ST,260,1,40,40,11.0
NW IRVING ST,253,1,40,40,11.0
SE 100TH AVE,540,2,40,32,11.0
SE 100TH AVE,258,1,40,40,11.0
SE 110TH AVE,269,1,40,40,11.0
SE 146TH AVE,260,1,40,40,11.0
SE 166TH PL,172,1,40,40,11.0
SE 166TH PL,120,1,40,40,11.0
SE 168TH AVE,387,1,40,40,11.0
SE 168TH AVE,374,1,40,40,11.0
SE 169TH PL,496,1,40,40,11.0
SE 16TH AVE,261,1,40,40,11.0
SE 26TH AVE,189,1,40,40,11.0
SE 30TH AVE,634,1,40,40,11.0
SE 30TH AVE,605,1,40,40,11.0
SE 38TH AVE,260,1,40,40,11.0
SE 41ST AVE,790,3,40,40,11.0
SE 41ST AVE,593,1,40,40,11.0
SE 42ND AVE,850,2,40,28,11.0
SE 42ND AVE,790,3,40,40,11.0
SE 74TH AVE,238,1,40,40,11.0
SE 74TH AVE,204,1,40,40,11.0
SE 90TH AVE,255,1,40,40,11.0
SE CLINTON CT,661,3,40,40,11.0
SE CLINTON ST,404,1,40,40,11.0
SE COLT DR,809,1,40,40,11.0
SE GLENWOOD ST,303,1,40,40,11.0
SE GRAND AVE,193,1,40,40,11.0
SE HAIG DR,302,1,40,40,11.0
SE HAIG DR,297,1,40,40,11.0
SE HAIG DR,252,1,40,40,11.0
SE HAIG DR,193,1,40,40,11.0
SE HAIG DR,74,1,40,40,11.0
SE HARRISON ST,927,2,40,28,11.0
SE KNIGHT ST,260,1,40,40,11.0
SE KNIGHT ST,260,1,40,40,11.0
SE LEXINGTON ST,688,1,40,40,11.0
SE LONG ST,440,2,40,36,11.0
SE OGDEN ST,356,1,40,40,11.0
SE RAYMOND ST,281,1,40,40,11.0
SE RAYMOND ST,272,1,40,40,11.0
SE RAYMOND ST,263,1,40,40,11.0
SE RAYMOND ST,250,1,40,40,11.0
SE RAYMOND ST,160,1,40,40,11.0
SE RHINE ST,249,1,40,40,11.0
SE RURAL ST,338,1,40,40,11.0
SE WAVERLEIGH BLVD,840,1,40,40,11.0
SE WOODSTOCK BLVD,311,1,40,40,11.0
SE WOODSTOCK CT,279,1,40,40,11.0
SW 30TH AVE,303,1,40,40,11.0
SW 30TH AVE,275,1,40,40,11.0
SW 30TH AVE,254,1,40,40,11.0
SW MONTGOMERY ST,267,1,40,40,11.0
SW PEACEFUL LN,204,1,40,40,11.0
SW RIDGE DR,822,1,40,40,11.0
SW RIDGE DR,671,1,40,40,11.0
SW RIDGE DR,509,1,40,40,11.0
SW RIDGE DR,355,1,40,40,11.0
SW RIDGE DR,299,1,40,40,11.0
SW RIDGE DR,268,1,40,40,11.0
SW RIDGE DR,231,1,40,40,11.0
SW SOUTHVIEW ST,331,1,40,40,11.0
SW SOUTHVIEW ST,228,1,40,40,11.0
N BORTHWICK AVE,484,1,41,41,11.5
N BORTHWICK AVE,460,1,41,41,11.5
N BORTHWICK AVE,460,1,41,41,11.5
N BORTHWICK AVE,460,1,41,41,11.5
N BORTHWICK AVE,460,1,41,41,11.5
N BORTHWICK AVE,332,1,41,41,11.5
N COMMERCIAL AVE,817,1,41,41,11.5
N COMMERCIAL AVE,534,1,41,41,11.5
N COMMERCIAL AVE,463,1,41,41,11.5
N COMMERCIAL AVE,460,1,41,41,11.5
N COMMERCIAL AVE,460,1,41,41,11.5
N COMMERCIAL AVE,460,1,41,41,11.5
N COMMERCIAL AVE,292,1,41,41,11.5
N GANTENBEIN AVE,460,1,41,41,11.5
N GANTENBEIN AVE,309,1,41,41,11.5
N HAIGHT AVE,826,2,41,41,11.5
N HAIGHT AVE,460,1,41,41,11.5
N HAIGHT AVE,460,1,41,41,11.5
N HAIGHT AVE,460,1,41,41,11.5
N HAIGHT AVE,460,1,41,41,11.5
N KERBY AVE,472,1,41,41,11.5
N KERBY AVE,460,1,41,41,11.5
N KERBY AVE,460,1,41,41,11.5
N KERBY AVE,460,1,41,41,11.5
N KERBY AVE,460,1,41,41,11.5
SE 44TH AVE,527,1,41,41,11.5
SE 46TH AVE,268,1,41,41,11.5
SE 46TH AVE,258,1,41,41,11.5
SE HARRISON ST,463,2,41,28,11.5
N COMMERCIAL AVE,385,1,42,42,12.0
N WYGANT ST,660,1,42,42,12.0
NE 141ST AVE,763,1,42,42,12.0
NE 141ST AVE,153,1,42,42,12.0
NE 141ST AVE,111,1,42,42,12.0
NE 44TH AVE,379,1,42,42,12.0
NE 47TH AVE,665,1,42,28,12.0
NE 48TH AVE,367,1,42,42,12.0
NE CLACKAMAS ST,116,1,42,42,12.0
NE DAVIS ST,135,1,42,42,12.0
NE FREMONT ST,132,1,42,42,12.0
NE SHAVER CIR,71,1,42,42,12.0
NE TILLAMOOK ST,416,1,42,42,12.0
SE 100TH AVE,839,1,42,42,12.0
SE 43RD AVE,527,2,42,42,12.0
SE 6TH AVE,262,1,42,42,12.0
SW 10TH AVE,127,1,42,42,12.0
SW DICKINSON ST,480,1,42,30,12.0
N DELAWARE AVE,144,1,44,44,13.0
N GAY AVE,269,1,44,44,13.0
N GAY AVE,260,1,44,44,13.0
NE 135TH AVE,578,2,44,32,13.0
NE 136TH PL,204,1,44,44,13.0
NE 144TH AVE,123,1,44,44,13.0
NE 30TH AVE,254,1,44,44,13.0
NE 66TH AVE,579,1,44,36,13.0
NE 6TH AVE,176,1,44,44,13.0
NE MASON ST,238,1,44,44,13.0
NE PRESCOTT DR,242,1,44,44,13.0
NE ROSE PKWY,259,1,44,44,13.0
NE ROSE PKWY,206,1,44,44,13.0
NE ROSE PKWY,104,1,44,44,13.0
NE RUSSELL ST,277,1,44,44,13.0
NE SHAVER ST,126,1,44,44,13.0
NE SISKIYOU ST,273,1,44,44,13.0
SE 125TH PL,139,1,44,44,13.0
SE 26TH AVE,520,1,44,44,13.0
SE 26TH AVE,268,1,44,44,13.0
SE 80TH AVE,248,1,44,44,13.0
SE 88TH AVE,391,1,44,44,13.0
SE CLINTON ST,483,1,44,44,13.0
SE MITCHELL ST,491,1,44,44,13.0
SW 52ND AVE,571,1,44,32,13.0
SW 52ND AVE,510,1,44,44,13.0
NE 43RD AVE,666,1,45,28,13.5
NE 44TH AVE,666,1,45,45,13.5
NE 55TH AVE,440,1,45,45,13.5
NE 57TH AVE,457,1,45,45,13.5
NE 57TH AVE,282,1,45,45,13.5
NE HASSALO ST,610,1,45,45,13.5
N ALBINA AVE,312,1,46,46,14.0
N ALBINA AVE,250,1,46,46,14.0
N ALBINA AVE,250,1,46,46,14.0
N ALBINA AVE,250,1,46,46,14.0
N ALBINA AVE,250,1,46,46,14.0
N ALBINA AVE,250,1,46,46,14.0
N GAY AVE,271,1,46,46,14.0
N GAY AVE,270,1,46,46,14.0
N GAY AVE,260,1,46,46,14.0
N MACRUM AVE,546,1,46,46,14.0
N MACRUM AVE,520,1,46,46,14.0
N MACRUM AVE,338,1,46,46,14.0
SE 97TH AVE,245,1,46,46,14.0
SE NEHALEM ST,410,1,46,46,14.0
NE 127TH AVE,116,1,48,48,15.0
NE 128TH AVE,80,1,48,48,15.0
NE 129TH PL,110,1,48,48,15.0
NE GLISAN ST,268,1,48,48,15.0
NE HASSALO ST,690,1,48,48,15.0
NE PACIFIC ST,280,1,48,48,15.0
SW HOMESTEAD DR,763,2,48,24,15.0
N DENVER AVE,680,1,50,50,16.0
N DENVER AVE,670,1,50,50,16.0
N DENVER AVE,665,1,50,50,16.0
N DENVER AVE,621,1,50,50,16.0
N DETROIT AVE,680,1,50,50,16.0
N DETROIT AVE,670,1,50,50,16.0
N DETROIT AVE,661,1,50,50,16.0
N DETROIT AVE,619,1,50,50,16.0
N PORTSMOUTH AVE,296,1,50,50,16.0
NE 66TH AVE,579,2,50,50,16.0
NE HASSALO ST,682,1,50,50,16.0
SE 35TH AVE,116,1,50,50,16.0
SE BROOKLYN CT,67,1,50,50,16.0
SE ELLIS ST,328,1,50,32,16.0
SE NEHALEM ST,260,1,50,50,16.0
SE NEHALEM ST,248,1,50,50,16.0
SE RAMONA ST,309,1,50,30,16.0
SE REEDWAY ST,330,1,50,32,16.0
SW BANCROFT ST,401,1,50,50,16.0
SW BANCROFT ST,400,1,50,50,16.0
NE 156TH CT,82,1,52,52,17.0
NE 6TH AVE,238,1,54,54,18.0
NE ALAMEDA ST,229,1,54,54,18.0
NE GLISAN ST,262,1,54,54,18.0
NE GLISAN ST,258,1,54,54,18.0
NE GLISAN ST,747,2,55,38,18.5
SE 154TH AVE,143,1,56,56,19.0
NE 16TH AVE,298,1,59,59,20.5
SE TACOMA ST,161,1,60,60,21.0
SE WAVERLEIGH BLVD,268,1,60,60,21.0
NE 114TH PL,393,1,72,28,27.0
NW 105TH AVE,103,1,80,80,31.0
SE INSLEY ST,359,1,80,18,31.0
