full_name,n_segments,len_ft,len_mi,row_width_ft,row_width_mode_ft,row_width_min_ft,row_width_max_ft,n_with_row_width,n_row_confident,road_width_ft,road_width_min_ft,road_width_max_ft,n_with_road_width,functional_class,maint_resp
10TH ST,3,405.5,0.077,,,,,0,0,,,,0,,
11TH ST,1,238.2,0.045,,,,,0,0,,,,0,,
12TH ST,1,237.9,0.045,,,,,0,0,,,,0,,
13TH ST,1,121.7,0.023,,,,,0,0,,,,0,,
4TH ST,2,522.8,0.099,,,,,0,0,,,,0,,
5TH ST,1,345.1,0.065,,,,,0,0,,,,0,,
6TH ST,2,408.9,0.077,,,,,0,0,,,,0,,
7TH ST,1,226.3,0.043,,,,,0,0,,,,0,,
8TH ST,1,227.9,0.043,,,,,0,0,,,,0,,
9TH ST,1,266.6,0.05,,,,,0,0,,,,0,,
A LN,1,333.1,0.063,240.4,240.0,240.4,240.4,1,0,,,,0,,
A ST,4,2227.9,0.422,,,,,0,0,,,,0,,
B LN,1,232.6,0.044,,,,,0,0,,,,0,,
B ST,2,981.1,0.186,,,,,0,0,,,,0,,
BARBUR TC,2,545.5,0.103,27.3,27.0,27.3,27.3,1,0,,,,0,,
BROADWAY BRG,6,1881.4,0.356,79.5,70.0,70.0,129.6,2,0,,,,0,,
BURNETT RD,2,1577.4,0.299,,,,,0,0,,,,0,,
BURNSIDE BRG,9,1415.7,0.268,122.5,115.0,117.5,124.5,2,1,,,,0,,
C LN,1,274.5,0.052,,,,,0,0,,,,0,,
C ST,9,1781.9,0.337,,,,,0,0,,,,0,,
CAREY ST,9,2188.9,0.415,,,,,0,0,,,,0,,
CARL ST,9,1477.4,0.28,,,,,0,0,,,,0,,
CASE RD,3,1182.8,0.224,,,,,0,0,,,,0,,
CEDAR ST,3,378.5,0.072,,,,,0,0,,,,0,,
CHENOWITH ST,1,312.5,0.059,,,,,0,0,,,,0,,
CHIN ST,4,761.1,0.144,,,,,0,0,,,,0,,
D LN,2,547.6,0.104,,,,,0,0,,,,0,,
D ST,1,582.3,0.11,,,,,0,0,,,,0,,
DOGWOOD ST,1,203.4,0.039,,,,,0,0,,,,0,,
E BURNSIDE ST,169,60396.5,11.439,94.6,60.0,50.2,165.4,163,95,56.9,36.0,96.0,82,UC,PDXTRANS
E BURNSIDE ST FRONTAGE RD,2,665.0,0.126,150.0,150.0,150.0,150.0,2,2,28.0,28.0,28.0,2,UL,PDXTRANS
E LN,1,325.5,0.062,,,,,0,0,,,,0,,
E ST,1,527.7,0.1,,,,,0,0,,,,0,,
EAST ACCESS LN,2,1272.9,0.241,,,,,0,0,,,,0,,
EAST MAINTENANCE RD,1,214.5,0.041,,,,,0,0,,,,0,,
EXPO TC,4,4670.8,0.885,,,,,0,0,,,,0,,
F LN,1,220.7,0.042,,,,,0,0,,,,0,,
F ST,1,379.9,0.072,,,,,0,0,,,,0,,
FIR ST,4,429.5,0.081,,,,,0,0,,,,0,,
FISHER ST,3,848.9,0.161,,,,,0,0,,,,0,,
FLEMING ST,4,1916.9,0.363,,,,,0,0,,,,0,,
FREMONT BRG,10,4036.2,0.764,171.6,111.0,136.9,273.3,6,0,15.0,15.0,15.0,1,UL,PRIVATE
FT OF N HOLLADAY ST,1,130.0,0.025,76.7,81.0,76.7,76.7,1,0,,,,0,,
FT OF SE MADISON ST,1,97.5,0.018,,,,,0,0,,,,0,,
FT OF SE MARION ST,1,100.1,0.019,,,,,0,0,,,,0,,
G LN,1,725.3,0.137,,,,,0,0,,,,0,,
G ST,14,6780.6,1.284,,,,,0,0,,,,0,,
GATEWAY TC,5,1495.5,0.283,,,,,0,0,,,,0,,
H ST,2,791.5,0.15,,,,,0,0,,,,0,,
HAMPSHIRE BLVD,9,4361.4,0.826,204.9,205.0,204.9,204.9,1,0,,,,0,,
HAWTHORNE BRG,6,1760.8,0.333,67.5,60.0,59.6,80.1,5,4,,,,0,,
HAYES LOOP,3,1360.6,0.258,,,,,0,0,,,,0,,
HOLGATE LN,2,3975.0,0.753,60.2,60.0,60.2,60.5,2,1,,,,0,,
HWY 30,15,6660.0,1.261,267.6,250.0,116.1,321.5,15,2,,,,0,,
I205 FWY NB,72,52327.6,9.911,370.0,324.0,295.6,402.8,9,1,,,,0,,
I205 FWY SB,70,51647.9,9.782,397.4,400.0,274.2,477.0,8,1,,,,0,,
I405 FWY NB,55,14116.7,2.674,334.7,320.0,68.3,450.6,33,13,,,,0,,
I405 FWY SB,57,13662.6,2.588,332.7,359.0,51.3,423.2,38,12,,,,0,,
I405 FWY-I5 FWY RAMP,11,3670.0,0.695,351.6,293.0,292.7,462.2,4,0,,,,0,,
I405 FWY-MARQUAM BRG RAMP,16,2284.5,0.433,244.3,293.0,124.9,384.5,6,1,,,,0,,
I5 FWY NB,129,79933.9,15.139,285.5,320.0,7.1,480.6,79,12,,,,0,,
I5 FWY SB,125,77681.3,14.712,282.4,320.0,110.3,438.0,71,9,,,,0,,
I5 FWY-CORBETT AVE RAMP,1,588.7,0.111,235.8,228.0,235.8,235.8,1,0,,,,0,,
I5 FWY-I405 FWY RAMP,12,3155.1,0.598,359.9,348.0,292.1,463.5,5,0,,,,0,,
I84 FWY EB,54,49215.7,9.321,280.6,280.0,221.9,368.3,38,3,,,,0,,
I84 FWY WB,53,49428.4,9.361,284.2,280.0,228.0,463.1,38,2,,,,0,,
J ST,3,1188.1,0.225,,,,,0,0,,,,0,,
JERNSTEDT ST,1,848.8,0.161,,,,,0,0,,,,0,,
JOHNSON AVE,6,3416.6,0.647,,,,,0,0,,,,0,,
K ST,1,927.5,0.176,,,,,0,0,,,,0,,
KERR PKWY,1,14.0,0.003,,,,,0,0,,,,0,,
L ST,1,391.7,0.074,,,,,0,0,,,,0,,
MAHONEY AVE,6,1356.1,0.257,,,,,0,0,,,,0,,
MAIN ST,11,1321.0,0.25,,,,,0,0,,,,0,,
MARQUAM BRG,4,2506.8,0.475,,,,,0,0,,,,0,,
MARQUAM BRG-I405 FWY RAMP,13,1937.1,0.367,221.1,226.0,103.9,291.0,6,0,,,,0,,
MCCAMPBELL ST,2,382.6,0.072,,,,,0,0,,,,0,,
MEADOWLAND LN,1,2307.6,0.437,,,,,0,0,,,,0,,
MILLER ST,2,375.0,0.071,,,,,0,0,,,,0,,
MORRISON BRG,3,825.5,0.156,,,,,0,0,,,,0,,
MT TABOR,1,345.1,0.065,,,,,0,0,,,,0,,
N 22ND PL,2,741.1,0.14,,,,,0,0,,,,0,,
N ADRIATIC AVE,13,1813.3,0.343,58.2,58.0,57.6,58.7,13,13,30.4,28.0,32.0,3,UL,PDXTRANS
N AINSWORTH ST,40,8288.6,1.57,74.8,80.0,59.5,110.8,34,34,35.8,28.0,44.0,28,UC,PDXTRANS
N ALASKA PL,1,613.6,0.116,50.0,50.0,50.0,50.0,1,1,30.0,30.0,30.0,1,UL,PDXTRANS
N ALASKA ST,5,2221.3,0.421,57.4,60.0,47.3,60.0,5,4,33.8,30.0,36.0,3,UC,PDXTRANS
N ALBERTA ST,22,6565.9,1.244,61.8,60.0,54.0,293.0,17,14,36.2,30.0,44.0,13,UC,PDXTRANS
N ALBERTA ST-I5 FWY RAMP,7,3107.1,0.588,320.8,320.0,320.4,321.8,3,1,26.6,26.6,26.6,1,UL,PDXTRANS
N ALBINA AVE,53,16640.2,3.152,63.9,70.0,50.0,167.8,53,46,39.0,20.0,46.0,44,UC,PDXTRANS
N ALDER AVE,1,605.5,0.115,,,,,0,0,,,,0,,
N ALLEGHENY AVE,9,3777.2,0.715,56.5,60.0,44.0,60.0,9,7,32.9,24.0,36.0,9,UL,PDXTRANS
N ALMA AVE,10,2904.2,0.55,60.0,60.0,60.0,60.0,10,10,33.9,24.0,36.0,10,UL,PDXTRANS
N ALTA AVE,7,1561.3,0.296,60.0,60.0,60.0,60.0,7,7,36.0,36.0,36.0,5,UL,PDXTRANS
N AMHERST ST,25,8107.9,1.536,58.0,60.0,49.9,62.0,25,24,28.2,26.0,32.0,19,UL,PDXTRANS
N ANCHOR ST,7,1834.4,0.347,81.4,69.0,60.0,195.7,6,2,35.9,32.0,44.0,2,UC,PDXTRANS
N ANCHOR WAY,2,1379.3,0.261,50.5,51.0,50.0,50.8,2,1,34.0,34.0,34.0,2,UL,PDXTRANS
N ARBOR DR,9,1353.8,0.256,,,,,0,0,,,,0,,
N ARGYLE ST,12,4524.4,0.857,60.0,50.0,50.0,228.0,12,9,32.7,20.0,44.0,9,UL,PDXTRANS
N ARGYLE WAY,5,1673.9,0.317,115.1,60.0,60.0,219.3,5,0,44.0,44.0,44.0,1,UC,PDXTRANS
N ARLINGTON PL,6,3383.8,0.641,42.7,50.0,30.2,50.0,5,3,27.6,24.0,30.0,5,UL,PDXTRANS
N ARMOUR ST,3,1335.4,0.253,60.0,60.0,60.0,60.0,3,3,29.8,20.0,32.0,3,UL,PDXTRANS
N ASTOR ST,3,1645.6,0.312,60.0,60.0,60.0,60.0,3,2,30.3,24.0,36.0,3,UL,PDXTRANS
N ATLANTIC AVE,9,5246.5,0.994,60.0,60.0,60.0,60.0,9,9,31.0,24.0,36.0,8,UL,PDXTRANS
N ATTU ST,2,1571.2,0.298,50.0,50.0,50.0,50.0,2,0,31.1,30.0,32.0,2,UL,PDXTRANS
N AZALEA AVE,1,465.9,0.088,,,,,0,0,,,,0,,
N BALDWIN ST,17,7285.3,1.38,50.4,50.0,49.9,55.0,17,17,26.8,24.0,30.0,15,UL,PDXTRANS
N BALLAST ST,1,645.6,0.122,60.0,60.0,60.0,60.0,1,0,38.0,38.0,38.0,1,UC,PDXTRANS
N BALTIMORE AVE,8,1820.0,0.345,60.2,60.0,60.0,61.5,8,8,34.8,28.0,42.0,7,UC,PDXTRANS
N BALTIMORE PL,1,118.8,0.023,,,,,0,0,,,,0,,
N BANK ST,15,4092.1,0.775,51.1,60.0,30.0,60.3,15,12,28.5,17.2,32.0,13,UL,PDXTRANS
N BARR AVE,3,917.9,0.174,42.3,40.0,40.1,46.0,3,2,27.5,26.0,30.0,3,UL,PDXTRANS
N BASIN AVE,22,9454.2,1.791,85.8,80.0,79.1,131.0,22,7,45.4,34.0,56.0,4,UC,PDXTRANS
N BAYARD AVE,4,1854.3,0.351,50.0,50.0,50.0,50.0,4,4,24.4,24.0,28.0,4,UL,PDXTRANS
N BEECH ST,20,2970.7,0.563,59.5,60.0,58.6,60.0,20,18,36.0,36.0,36.0,11,UL,PDXTRANS
N BEGONIA AVE,3,635.2,0.12,,,,,0,0,,,,0,,
N BELKNAP AVE,1,384.9,0.073,50.0,50.0,50.0,50.0,1,1,19.3,19.3,19.3,1,UL,PDXTRANS
N BENTON AVE,3,740.4,0.14,60.4,60.0,60.0,60.8,2,2,,,,0,,
N BERKELEY AVE,6,2970.5,0.563,53.7,50.0,49.9,60.0,5,4,29.4,24.0,36.0,5,UL,PDXTRANS
N BIRCH AVE,1,638.5,0.121,,,,,0,0,,,,0,,
N BLANDENA ST,21,5511.2,1.044,56.3,60.0,35.0,60.0,21,21,32.1,22.0,36.0,19,UL,PDXTRANS
N BLISS ST,2,754.9,0.143,40.4,41.0,40.4,40.5,2,2,26.0,26.0,26.0,2,UL,PDXTRANS
N BLOSS AVE,2,931.2,0.176,40.0,40.0,40.0,40.0,1,0,40.0,40.0,40.0,1,UL,PDXTRANS
N BLUFF ST,1,1066.6,0.202,109.9,117.0,109.9,109.9,1,0,,,,0,,
N BORTHWICK AVE,33,10082.5,1.91,61.9,50.0,25.0,237.5,31,25,34.4,28.0,41.0,23,UL,PDXTRANS
N BOSTON AVE,8,4924.5,0.933,73.3,90.0,50.0,90.0,8,7,28.0,20.0,30.0,8,UL,PDXTRANS
N BOWDOIN ST,9,3097.5,0.587,60.0,60.0,60.0,60.0,9,9,27.8,24.0,36.0,7,UL,PDXTRANS
N BRADFORD ST,3,1788.6,0.339,123.1,60.0,100.0,164.3,2,0,36.0,36.0,36.0,1,UL,PDXTRANS
N BRANDON AVE,10,2989.0,0.566,60.1,60.0,60.0,60.4,10,10,31.1,28.0,36.0,9,UL,PDXTRANS
N BRENDLE AVE,1,152.7,0.029,30.0,30.0,30.0,30.0,1,1,,,,0,,
N BRIDGETON RD,5,1283.7,0.243,45.0,45.0,44.9,45.0,5,4,20.0,20.0,20.0,3,UL,PDXTRANS
N BRISTOL AVE,3,1816.2,0.344,60.0,60.0,60.0,60.0,3,3,36.0,36.0,36.0,3,UL,PDXTRANS
N BROADACRE ST,2,2386.8,0.452,,,,,0,0,,,,0,,
N BROADWAY,12,2149.1,0.407,121.6,116.0,116.1,168.5,7,3,70.0,43.4,96.0,4,UPAO,PDXTRANS
N BROADWAY-WEIDLER ST RAMP,1,232.7,0.044,91.9,92.0,91.9,91.9,1,0,,,,0,,
N BROUGHTON CT,1,268.6,0.051,,,,,0,0,,,,0,,
N BROUGHTON DR,2,586.0,0.111,,,,,0,0,,,,0,,
N BRUCE AVE,9,1498.8,0.284,32.5,30.0,30.0,40.0,9,8,28.0,28.0,28.0,5,UL,PDXTRANS
N BRYANT ST,47,8637.0,1.636,61.2,60.0,52.9,138.5,45,44,30.5,16.0,40.0,31,UL,PDXTRANS
N BUCHANAN AVE,15,5402.1,1.023,58.0,55.0,54.8,60.0,15,11,33.1,30.0,36.0,15,UL,PDXTRANS
N BUFFALO ST,31,7290.7,1.381,52.9,50.0,50.0,60.7,30,30,28.9,24.0,36.0,23,UL,PDXTRANS
N BURGARD WAY,2,1666.7,0.316,,,,,0,0,,,,0,,
N BURLINGTON AVE,12,2682.8,0.508,62.5,60.0,59.9,105.3,11,4,36.0,36.0,36.0,8,UC,PDXTRANS
N BURR AVE,16,5321.2,1.008,60.2,60.0,60.0,72.0,16,14,31.8,30.0,36.0,14,UL,PDXTRANS
N BURRAGE AVE,28,9647.2,1.827,58.8,60.0,19.8,60.0,27,26,28.1,20.0,36.0,25,UL,PDXTRANS
N BUTLER ST,3,1023.4,0.194,50.0,50.0,49.9,50.1,3,3,24.4,14.0,28.0,3,UL,PRIVATE
N BYBEE LAKE CT,1,1026.5,0.194,60.0,60.0,60.0,60.0,1,0,36.0,36.0,36.0,1,UC,PDXTRANS
N BYBEE LAKE RD,1,527.5,0.1,72.3,72.0,72.3,72.3,1,0,40.0,40.0,40.0,1,UL,PDXTRANS
N CALHOUN AVE,5,2520.7,0.477,60.0,60.0,60.0,60.0,5,5,33.7,24.0,36.0,5,UL,PDXTRANS
N CALVERT AVE,2,1070.7,0.203,60.0,60.0,60.0,60.0,2,2,30.0,30.0,30.0,2,UL,PDXTRANS
N CAMBRIDGE AVE,1,479.4,0.091,51.0,51.0,51.0,51.0,1,0,26.0,26.0,26.0,1,UL,PDXTRANS
N CAMELLIA AVE,2,532.0,0.101,,,,,0,0,,,,0,,
N CAMPBELL AVE,16,5265.7,0.997,59.8,60.0,58.5,60.0,16,16,30.8,24.0,36.0,14,UL,PDXTRANS
N CAREY BLVD,2,487.3,0.092,,,,,0,0,32.0,32.0,32.0,2,UL,PDXTRANS
N CASTLE AVE,3,1108.3,0.21,60.0,60.0,60.0,60.0,3,2,26.0,26.0,26.0,3,UL,PDXTRANS
N CATLIN AVE,10,2069.8,0.392,61.0,60.0,60.0,67.0,9,8,36.0,36.0,36.0,8,UL,PDXTRANS
N CECELIA ST,11,2802.6,0.531,59.7,60.0,58.7,60.0,11,10,32.0,32.0,32.0,8,UL,PDXTRANS
N CENTER AVE,8,1944.9,0.368,76.9,76.0,67.1,83.0,2,0,,,,0,,
N CENTER AVE-I5 FWY RAMP,3,1158.3,0.219,172.8,76.0,93.2,196.0,2,0,,,,0,,
N CENTER COURT ST,2,626.1,0.119,56.2,56.0,56.2,56.2,1,1,30.0,30.0,30.0,1,UL,PDXTRANS
N CENTRAL ST,32,8882.9,1.682,64.2,60.0,55.0,80.1,32,28,34.1,24.0,36.0,24,UL,PDXTRANS
N CHANNEL AVE,11,5749.2,1.089,88.3,80.0,74.6,228.0,11,2,43.1,38.0,72.0,3,UC,PDXTRANS
N CHANNEL AVE-LAGOON AVE RAMP,1,255.6,0.048,96.1,96.0,96.1,96.1,1,0,,,,0,,
N CHARLESTON AVE,19,5137.7,0.973,60.4,60.0,59.6,62.0,19,18,33.7,26.0,36.0,16,UL,PDXTRANS
N CHASE AVE,5,3087.6,0.585,53.5,50.0,50.0,60.0,5,4,27.5,24.0,30.0,5,UL,PDXTRANS
N CHATHAM AVE,1,619.2,0.117,60.0,60.0,60.0,60.0,1,1,30.3,30.3,30.3,1,UL,PDXTRANS
N CHAUTAUQUA BLVD,18,6091.0,1.154,100.3,100.0,98.8,102.4,18,13,40.5,40.0,48.0,14,UC,PDXTRANS
N CHAUTAUQUA PL,3,1085.1,0.206,59.5,60.0,58.3,60.0,3,0,39.0,38.0,40.0,3,UL,PDXTRANS
N CHICAGO AVE,12,3497.8,0.662,54.4,60.0,49.6,60.6,12,11,33.0,30.0,36.0,7,UL,PDXTRANS
N CHURCH ST,6,2103.9,0.398,60.0,60.0,60.0,60.0,6,6,24.4,24.0,28.0,6,UL,PDXTRANS
N CLARENDON AVE,7,3778.4,0.716,57.7,60.0,50.0,81.3,7,5,29.7,24.0,36.0,6,UL,PDXTRANS
N CLARK AVE,2,426.8,0.081,60.0,60.0,60.0,60.0,2,2,,,,0,,
N COLFAX ST,2,1052.0,0.199,50.0,50.0,50.0,50.0,2,2,30.0,30.0,30.0,2,UL,PDXTRANS
N COLONIAL AVE,7,2235.8,0.423,55.4,60.0,30.0,60.3,7,6,25.9,22.0,30.0,6,UL,PDXTRANS
N COLUMBIA BLVD,94,39841.7,7.546,125.2,127.0,75.0,270.8,81,24,62.8,44.0,72.0,28,UPAO,PDXTRANS
N COLUMBIA BLVD FRONTAGE RD,10,3722.2,0.705,198.0,191.0,179.2,325.5,9,1,22.4,22.0,24.0,5,UL,PDXTRANS
N COLUMBIA BLVD-I5 FWY RAMP,8,3590.2,0.68,200.8,84.0,119.3,284.0,3,0,,,,0,,
N COLUMBIA BLVD-PORTLAND RD RAMP,1,870.2,0.165,,,,,0,0,52.0,52.0,52.0,1,UL,PDXTRANS
N COLUMBIA CT,8,1918.0,0.363,133.3,60.0,60.0,164.5,6,2,25.9,21.0,32.0,5,UL,PDXTRANS
N COLUMBIA DR,6,1095.5,0.207,,,,,0,0,,,,0,,
N COLUMBIA WAY,11,3205.4,0.607,102.7,80.0,80.0,246.0,11,0,55.8,55.0,56.0,6,MiC,PDXTRANS
N COLUMBIA WAY-COLUMBIA BLVD RAMP,3,1007.5,0.191,117.0,142.0,88.0,142.1,3,0,22.0,22.0,22.0,1,UC,PDXTRANS
N COMMERCE ST,1,645.8,0.122,60.0,60.0,60.0,60.0,1,0,44.0,44.0,44.0,1,UC,PDXTRANS
N COMMERCIAL AVE,34,13254.9,2.51,63.5,50.0,49.9,242.2,31,28,34.1,28.0,42.0,28,UL,PDXTRANS
N CONCORD AVE,28,9300.9,1.762,59.7,60.0,50.0,60.0,28,28,29.3,22.0,40.0,27,UL,PDXTRANS
N CONGRESS AVE,10,3279.5,0.621,54.6,55.0,49.5,60.0,10,9,35.4,32.0,40.0,6,UL,PDXTRANS
N COOK ST,8,2091.1,0.396,74.1,60.0,60.0,216.8,8,5,40.4,30.0,66.0,6,UL,PDXTRANS
N COURT AVE,2,774.8,0.147,60.0,60.0,60.0,60.0,2,1,26.0,26.0,26.0,2,UL,PDXTRANS
N COURTENAY AVE,3,1493.0,0.283,58.6,60.0,55.8,60.0,3,2,29.4,28.0,32.0,3,UL,PDXTRANS
N CRAMER ST,1,200.7,0.038,50.0,50.0,50.0,50.0,1,1,30.0,30.0,30.0,1,UL,PDXTRANS
N CRAWFORD ST,13,3437.5,0.651,60.5,60.0,60.0,63.0,13,12,27.7,14.0,36.0,9,UL,PDXTRANS
N CROSBY AVE,1,57.7,0.011,,,,,0,0,,,,0,,
N CURTIS AVE,15,6650.2,1.26,57.3,60.0,50.0,63.0,15,15,28.7,20.0,36.0,14,UL,PDXTRANS
N CUTTER CIR,16,5752.8,1.09,81.3,80.0,59.7,172.4,16,9,52.0,52.0,52.0,2,UC,PDXTRANS
N CYPRUS AVE,13,3516.4,0.666,,,,,0,0,,,,0,,
N DANA AVE,7,2305.4,0.437,60.0,60.0,60.0,60.0,7,7,28.4,22.0,32.0,4,UL,PDXTRANS
N DAPHNE AVE,1,602.4,0.114,,,,,0,0,,,,0,,
N DECATUR ST,11,2710.0,0.513,56.8,60.0,40.0,60.0,10,8,26.8,14.0,36.0,5,UL,PDXTRANS
N DEKUM ST,30,7090.1,1.343,63.9,60.0,59.1,392.9,30,30,29.1,24.0,40.0,24,UL,PDXTRANS
N DELAWARE AVE,35,10035.1,1.901,59.9,69.0,26.3,132.3,33,32,32.0,26.0,88.0,28,UL,PDXTRANS
N DENVER AVE,48,16645.9,3.153,103.4,80.0,58.9,489.8,38,25,48.8,32.0,60.0,28,UC,PDXTRANS
N DENVER AVE-VICTORY BLVD RAMP,2,1193.8,0.226,224.4,217.0,215.6,240.4,2,0,,,,0,,
N DEPAUW ST,12,4381.1,0.83,57.8,60.0,50.0,60.0,12,11,26.1,10.0,36.0,10,UL,PDXTRANS
N DERBY ST,3,1442.0,0.273,63.3,66.0,53.3,67.0,3,1,,,,0,,
N DETROIT AVE,5,2778.7,0.526,86.9,89.0,50.0,89.0,5,4,48.8,28.0,50.0,5,UL,PDXTRANS
N DICKENS ST,1,328.9,0.062,60.0,60.0,60.0,60.0,1,1,24.0,24.0,24.0,1,UL,PDXTRANS
N DIXON ST,3,783.5,0.148,60.1,60.0,60.0,60.2,3,3,36.0,36.0,36.0,3,UL,PDXTRANS
N DOGWOOD AVE,1,638.4,0.121,,,,,0,0,,,,0,,
N DOLPHIN ST,1,648.8,0.123,60.0,60.0,60.0,60.0,1,0,42.0,42.0,42.0,1,UC,PDXTRANS
N DREW ST,3,854.6,0.162,51.3,60.0,30.5,60.0,3,0,28.5,20.0,32.0,3,UL,PDXTRANS
N DREXLER DR,2,448.8,0.085,,,,,0,0,,,,0,,
N DRUID AVE,3,1388.0,0.263,60.0,60.0,60.0,60.0,3,3,26.7,24.0,32.0,3,UL,PDXTRANS
N DRUMMOND AVE,6,2596.1,0.492,53.7,50.0,50.0,63.0,6,6,29.7,24.0,33.3,6,UL,PDXTRANS
N DWIGHT AVE,25,6097.1,1.155,58.7,58.0,49.6,60.0,25,21,25.5,24.0,32.0,11,UL,PDXTRANS
N EASY ST,1,322.5,0.061,40.0,40.0,40.0,40.0,1,0,28.0,28.0,28.0,1,UL,PRIVATE
N EDGEWATER ST,2,1267.8,0.24,46.1,30.0,32.1,50.0,2,1,18.0,18.0,18.0,1,UL,PDXTRANS
N EDISON ST,21,7120.1,1.349,60.0,60.0,60.0,60.0,21,19,33.6,28.0,36.0,16,UL,PDXTRANS
N ELM AVE,1,658.9,0.125,,,,,0,0,,,,0,,
N ELMORE AVE,1,361.2,0.068,60.0,60.0,60.0,60.0,1,1,28.0,28.0,28.0,1,UL,PDXTRANS
N EMERALD AVE,10,2508.2,0.475,63.3,60.0,59.9,69.4,10,10,28.9,28.0,36.0,9,UL,PDXTRANS
N EMERSON CT,2,425.8,0.081,30.0,30.0,30.0,30.1,2,1,24.0,24.0,24.0,1,UL,PDXTRANS
N EMERSON DR,1,575.5,0.109,25.1,25.0,25.1,25.1,1,0,24.0,24.0,24.0,1,UL,PDXTRANS
N EMERSON ST,24,8043.1,1.523,63.4,60.0,59.7,146.8,23,19,31.6,24.0,36.0,14,UL,PDXTRANS
N ENDICOTT AVE,4,2029.6,0.384,50.0,50.0,50.0,50.0,4,4,32.0,32.0,32.0,4,UL,PDXTRANS
N ENSIGN ST,2,1169.6,0.222,60.9,60.0,59.7,62.0,2,0,44.0,44.0,44.0,2,UC,PDXTRANS
N ESPERANZA ST,2,462.6,0.088,58.5,59.0,58.5,58.5,1,1,32.0,32.0,32.0,1,UL,PDXTRANS
N ESSEX AVE,1,252.0,0.048,40.0,40.0,40.0,40.0,1,1,24.0,24.0,24.0,1,UL,PDXTRANS
N EXETER AVE,7,4307.3,0.816,56.3,60.0,50.0,60.0,7,5,29.5,24.0,32.0,6,UL,PDXTRANS
N EXPO RD,4,5611.0,1.063,,,,,0,0,36.9,31.7,51.2,2,UL,PDXTRANS
N FAILING ST,29,4433.6,0.84,60.6,60.0,59.0,137.1,29,28,32.4,26.0,36.0,17,UL,PDXTRANS
N FAIRHAVEN AVE,8,1531.3,0.29,60.7,60.0,60.0,62.8,8,7,24.0,24.0,24.0,3,UL,PDXTRANS
N FAIRPORT PL,1,380.8,0.072,40.0,40.0,40.0,40.0,1,1,24.0,24.0,24.0,1,UL,PDXTRANS
N FARGO ST,3,961.2,0.182,60.0,60.0,60.0,60.0,3,2,36.0,36.0,36.0,2,UL,PDXTRANS
N FARRAGUT ST,24,8942.5,1.694,52.6,50.0,46.3,63.3,24,23,27.1,16.0,32.0,19,UL,PDXTRANS
N FATHOM ST,2,594.8,0.113,61.6,58.0,57.9,65.7,2,1,42.0,42.0,42.0,1,UC,PDXTRANS
N FENWICK AVE,16,5333.3,1.01,64.4,60.0,59.9,263.9,16,15,28.2,24.0,36.0,13,UL,PDXTRANS
N FESSENDEN ST,38,9362.8,1.773,66.2,60.0,58.8,78.4,35,30,44.7,32.0,52.0,25,UC,PDXTRANS
N FIR AVE,1,679.3,0.129,,,,,0,0,,,,0,,
N FISKE AVE,37,7701.7,1.459,54.1,50.0,50.0,120.0,37,35,31.0,30.0,36.0,18,UL,PDXTRANS
N FLINT AVE,10,2592.8,0.491,109.2,60.0,60.0,354.2,6,3,36.7,36.0,38.0,3,UC,PDXTRANS
N FLOWER DR,3,738.4,0.14,,,,,0,0,,,,0,,
N FORCE AVE,7,4651.7,0.881,59.8,60.0,58.6,60.0,4,3,38.8,38.8,38.8,1,UL,PDXTRANS
N FORTUNE AVE,7,1903.7,0.361,56.2,50.0,50.0,60.0,7,5,34.6,28.0,36.0,5,UL,PDXTRANS
N FORTUNE CT,1,397.7,0.075,50.0,50.0,50.0,50.0,1,1,36.0,36.0,36.0,1,UL,PDXTRANS
N FOSS AVE,8,3099.2,0.587,57.9,60.0,51.5,60.7,8,7,30.8,24.0,36.0,6,UL,PDXTRANS
N FOSS CT,1,198.8,0.038,40.0,40.0,40.0,40.0,1,0,26.0,26.0,26.0,1,UL,PDXTRANS
N FOWLER AVE,7,3569.1,0.676,75.1,100.0,60.0,100.0,7,7,27.0,24.0,28.0,6,UL,PDXTRANS
N FOWLER CT,1,195.0,0.037,50.7,50.0,50.7,50.7,1,0,28.0,28.0,28.0,1,UL,PDXTRANS
N FOX ST,3,1134.4,0.215,40.0,40.0,40.0,40.0,3,3,25.0,24.0,28.0,3,UL,PDXTRANS
N FREMONT ST,23,3454.6,0.654,59.4,61.0,37.5,132.1,20,16,33.8,30.0,39.0,11,UC,PDXTRANS
N GAMMANS PL,1,260.0,0.049,50.1,50.0,50.1,50.1,1,1,24.0,24.0,24.0,1,UL,PDXTRANS
N GANTENBEIN AVE,19,6527.9,1.236,63.0,65.0,50.0,65.4,14,12,37.9,26.0,41.0,12,UL,PDXTRANS
N GARDEN AVE,1,361.9,0.069,,,,,0,0,,,,0,,
N GAY AVE,13,4640.5,0.879,50.4,39.0,39.0,69.8,11,11,28.3,18.0,46.0,12,UL,PDXTRANS
N GENEVA AVE,3,1709.0,0.324,56.3,60.0,50.0,60.0,3,3,31.4,30.0,32.0,3,UL,PDXTRANS
N GERTZ RD,6,1224.4,0.232,106.1,80.0,80.0,249.1,5,2,20.0,20.0,20.0,1,UPAO,ODOT
N GILBERT AVE,9,2713.0,0.514,52.1,50.0,32.4,58.8,9,6,30.6,14.0,40.0,7,UL,PDXTRANS
N GILBERT PL,2,547.4,0.104,50.0,50.0,50.0,50.1,2,1,30.0,30.0,30.0,1,UL,PDXTRANS
N GILMORE ST,1,1686.7,0.319,,,,,0,0,,,,0,,
N GIRARD ST,4,1291.7,0.245,60.0,60.0,60.0,60.0,4,3,25.0,24.0,30.0,3,UL,PDXTRANS
N GLOUCESTER AVE,2,1647.8,0.312,50.0,50.0,50.0,50.0,2,1,25.0,24.0,26.1,2,UL,PDXTRANS
N GOING CT,2,1172.4,0.222,148.5,25.0,25.1,193.9,2,1,30.6,16.0,36.0,2,UL,PDXTRANS
N GOING ST,22,6150.9,1.165,151.4,60.0,24.0,310.7,21,6,68.1,18.0,104.0,8,UC,PDXTRANS
N GOING ST-GREELEY AVE RAMP,1,811.5,0.154,151.2,168.0,151.2,151.2,1,0,22.0,22.0,22.0,1,UMiA,PDXTRANS
N GOING ST-I5 FWY RAMP,11,3284.2,0.622,251.1,333.0,156.3,340.9,4,0,,,,0,,
N GRAHAM ST,17,2730.6,0.517,97.7,60.0,59.8,407.5,5,2,36.0,36.0,36.0,3,UL,PDXTRANS
N GRAVENSTEIN AVE,1,265.8,0.05,60.0,60.0,60.0,60.0,1,0,28.0,28.0,28.0,1,UL,PDXTRANS
N GREELEY AVE,24,13710.5,2.597,86.0,60.0,60.0,465.1,21,8,42.7,40.0,76.0,12,UC,PDXTRANS
N GREELEY AVE-GOING ST RAMP,1,429.8,0.081,86.1,60.0,86.1,86.1,1,0,40.0,40.0,40.0,1,UMiA,PDXTRANS
N GREELEY AVE-I5 FWY RAMP,6,1920.9,0.364,203.4,212.0,203.4,203.4,1,0,,,,0,,
N GREENWICH AVE,4,2637.6,0.5,60.2,60.0,60.0,60.8,4,4,26.0,24.0,28.0,4,UL,PDXTRANS
N HAIGHT AVE,22,9072.3,1.718,60.5,60.0,45.8,101.7,22,21,33.4,24.0,41.0,20,UL,PDXTRANS
N HALLECK ST,8,3984.1,0.755,53.1,50.0,50.0,60.0,8,8,30.5,28.0,36.0,8,UL,PDXTRANS
N HAMLIN AVE,5,2140.7,0.405,50.0,50.0,50.0,50.0,5,5,29.9,28.0,32.0,4,UL,PDXTRANS
N HANCOCK ST,4,745.6,0.141,59.6,60.0,54.3,60.8,4,3,32.1,26.0,36.0,3,UL,PDXTRANS
N HARBORGATE ST,5,1751.1,0.332,62.0,60.0,60.0,86.2,5,1,38.2,36.0,40.0,2,UL,PDXTRANS
N HARBOUR DR,2,993.0,0.188,49.7,50.0,49.6,49.8,2,2,,,,0,,
N HARDING AVE,2,424.3,0.08,60.0,60.0,60.0,60.0,2,2,,,,0,,
N HARTMAN ST,3,1613.4,0.306,40.0,40.0,40.0,40.0,3,3,24.0,24.0,24.0,3,UL,PDXTRANS
N HARVARD ST,12,3497.7,0.662,64.8,60.0,59.9,220.1,12,11,29.7,24.0,36.0,9,UL,PDXTRANS
N HAVEN AVE,43,7270.8,1.377,55.2,50.0,49.1,61.0,43,43,26.1,24.0,32.0,17,UL,PDXTRANS
N HAYDEN BAY DR,13,2072.8,0.393,,,,,0,0,,,,0,,
N HAYDEN ISLAND DR,31,9143.8,1.732,66.5,80.0,43.3,86.3,24,13,43.0,36.0,44.0,3,UC,PDXTRANS
N HAYDEN ISLAND DR-I5 FWY RAMP,4,2128.8,0.403,,,,,0,0,,,,0,,
N HAYDEN MEADOWS DR,10,3199.6,0.606,60.4,60.0,59.8,62.0,10,8,40.0,40.0,40.0,1,UC,PDXTRANS
N HENDRICKS ST,5,1134.6,0.215,44.7,40.0,40.1,50.0,5,5,28.8,26.0,32.0,5,UL,PDXTRANS
N HEPPNER AVE,2,494.3,0.094,60.0,60.0,60.0,60.0,2,2,24.0,24.0,24.0,1,UL,PDXTRANS
N HEREFORD AVE,2,1162.8,0.22,50.0,50.0,50.0,50.0,2,0,31.3,31.0,32.0,2,UL,PDXTRANS
N HIGHLAND ST,9,2164.6,0.41,60.0,60.0,60.0,60.0,9,9,28.0,28.0,28.0,6,UL,PDXTRANS
N HODGE AVE,29,6835.9,1.295,52.2,50.0,50.0,60.0,29,27,29.6,24.0,32.0,17,UL,PDXTRANS
N HOLLADAY ST,1,183.8,0.035,266.1,228.0,266.1,266.1,1,0,,,,0,,
N HOLLAND ST,15,4168.5,0.789,50.0,50.0,50.0,50.0,15,15,27.8,20.0,30.0,11,UL,PDXTRANS
N HOLMAN ST,29,6954.4,1.317,60.0,60.0,60.0,60.1,28,28,28.7,24.0,36.0,23,UL,PDXTRANS
N HOLMES AVE,1,384.8,0.073,50.0,50.0,50.0,50.0,1,1,19.3,19.3,19.3,1,UL,PDXTRANS
N HORSESHOE AVE,5,1042.4,0.197,67.8,67.0,66.9,69.0,5,3,,,,0,,
N HOUGHTON ST,41,7723.4,1.463,58.5,50.0,50.0,132.3,41,32,33.2,28.0,36.0,24,UL,PDXTRANS
N HUDSON ST,27,7755.3,1.469,57.4,60.0,30.0,60.1,27,26,31.0,20.0,36.0,23,UL,PDXTRANS
N HUMBOLDT ST,14,5147.1,0.975,59.0,60.0,25.0,64.0,14,14,29.3,20.0,40.0,12,UL,PDXTRANS
N HUNT ST,28,5543.1,1.05,55.2,60.0,50.0,60.3,27,24,29.0,24.0,32.0,21,UL,PDXTRANS
N HURON AVE,1,658.5,0.125,50.0,50.0,50.0,50.0,1,1,24.0,24.0,24.0,1,UL,PDXTRANS
N HURST AVE,9,3515.6,0.666,54.5,60.0,40.0,60.0,7,7,25.6,24.0,32.0,5,UL,PDXTRANS
N I405 FWY-I5 FWY RAMP,24,4452.7,0.843,279.8,164.0,92.8,470.8,10,1,,,,0,,
N I405 FWY-KERBY AVE RAMP,14,2931.4,0.555,291.0,162.0,111.8,347.1,5,2,,,,0,,
N I5 FWY-ALBERTA ST RAMP,4,3100.2,0.587,315.1,293.0,292.6,321.4,3,1,24.7,20.0,25.9,2,UL,PDXTRANS
N I5 FWY-CENTER AVE RAMP,3,1180.6,0.224,,,,,0,0,,,,0,,
N I5 FWY-COLUMBIA BLVD RAMP,4,2875.5,0.545,243.8,113.0,125.4,373.8,4,0,,,,0,,
N I5 FWY-DENVER AVE RAMP,1,1240.3,0.235,,,,,0,0,,,,0,,
N I5 FWY-GOING ST RAMP,10,2951.6,0.559,227.4,170.0,169.8,310.4,3,0,,,,0,,
N I5 FWY-GREELEY AVE RAMP,15,2989.5,0.566,229.9,184.0,142.8,336.5,7,1,,,,0,,
N I5 FWY-HAYDEN ISLAND DR RAMP,7,2306.5,0.437,173.7,80.0,92.4,196.2,2,0,,,,0,,
N I5 FWY-I405 FWY RAMP,27,5469.5,1.036,277.7,97.0,76.0,411.9,11,0,,,,0,,
N I5 FWY-KILLINGSWORTH ST RAMP,1,904.7,0.171,,,,,0,0,20.0,20.0,20.0,1,UL,PDXTRANS
N I5 FWY-LOMBARD ST RAMP,3,2061.1,0.39,326.2,368.0,326.2,326.2,1,0,,,,0,,
N I5 FWY-MARINE DR RAMP,14,7510.8,1.423,221.8,212.0,161.2,250.1,3,0,,,,0,,
N I5 FWY-ROSA PARKS WAY RAMP,2,1866.9,0.354,315.1,284.0,305.0,323.7,2,1,,,,0,,
N I5 FWY-UNION CT RAMP,1,1421.0,0.269,,,,,0,0,26.7,26.7,26.7,1,UFEO,ODOT
N I5 FWY-VICTORY BLVD RAMP,5,2450.1,0.464,440.5,440.0,440.5,440.5,1,1,,,,0,,
N IDA AVE,15,3903.4,0.739,62.3,66.0,49.0,66.0,14,13,34.9,28.0,36.0,15,MiC,PDXTRANS
N IMAGE CANOE AVE,1,624.1,0.118,,,,,0,0,,,,0,,
N INTERSTATE AVE,140,44564.9,8.44,129.2,100.0,79.9,336.3,124,55,83.7,70.0,106.0,47,UMiA,PDXTRANS
N INTERSTATE AVE-LARRABEE AVE RAMP,3,1587.6,0.301,241.5,230.0,201.0,325.5,3,0,,,,0,,
N INTERSTATE PL,5,700.4,0.133,99.6,100.0,99.5,99.6,4,3,31.7,24.0,48.0,2,UC,PDXTRANS
N IRIS WAY,5,1329.1,0.252,60.4,60.0,60.0,61.9,5,5,31.2,24.0,36.0,5,UL,PDXTRANS
N ISLAND AVE,1,1419.3,0.269,,,,,0,0,,,,0,,
N ISLAND COVE LN,1,342.6,0.065,,,,,0,0,,,,0,,
N IVANHOE ST,21,7977.6,1.511,59.6,60.0,30.0,64.0,21,19,34.0,11.0,40.0,20,UL,PDXTRANS
N IVY ST,5,1377.8,0.261,38.8,70.0,16.1,70.3,4,1,23.8,14.0,36.0,3,UL,PDXTRANS
N JAMES ST,3,1827.9,0.346,60.0,60.0,60.0,60.1,3,3,36.0,36.0,36.0,3,UL,PDXTRANS
N JANTZEN AVE,8,2734.0,0.518,,,,,0,0,,,,0,,
N JANTZEN BEACH AVE,3,588.2,0.111,152.8,153.0,152.8,152.8,1,0,,,,0,,
N JANTZEN DR,3,1778.8,0.337,,,,,0,0,,,,0,,
N JARRETT ST,14,3510.0,0.665,60.0,60.0,60.0,60.0,14,14,25.5,24.0,36.0,11,UL,PDXTRANS
N JERSEY ST,10,4543.9,0.861,60.0,60.0,60.0,60.0,10,10,36.0,36.0,36.0,10,UL,PDXTRANS
N JESSUP ST,30,7081.4,1.341,60.0,60.0,59.6,60.6,29,28,31.9,24.0,36.0,23,UL,PDXTRANS
N JOHN AVE,12,3074.8,0.582,57.0,60.0,50.0,60.0,12,10,33.9,28.0,40.0,9,UL,PDXTRANS
N JOHNSWOOD DR,12,3015.8,0.571,142.9,190.0,40.0,190.6,12,6,26.0,26.0,26.0,2,UL,PDXTRANS
N JORDAN AVE,2,1323.1,0.251,50.0,50.0,50.0,50.0,2,2,24.0,24.0,24.0,2,UL,PDXTRANS
N JUNCTION ST,3,1280.7,0.243,148.7,130.0,130.1,201.6,3,0,27.2,24.4,30.0,3,UL,PDXTRANS
N JUNEAU ST,5,1581.9,0.3,47.7,50.0,40.1,50.4,5,2,30.0,28.0,32.0,4,UL,PDXTRANS
N KAISER CENTER DR,2,871.8,0.165,,,,,0,0,,,,0,,
N KALMAR ST,1,515.3,0.098,39.9,40.0,39.9,39.9,1,1,20.0,20.0,20.0,1,UL,PDXTRANS
N KELLEY POINT PARK RD,3,3539.0,0.67,,,,,0,0,,,,0,,
N KELLOGG ST,13,4960.9,0.94,57.0,60.0,50.0,60.0,13,13,32.8,26.0,36.0,10,UL,PDXTRANS
N KERBY AVE,54,18525.8,3.509,78.0,60.0,50.0,314.2,53,48,39.0,26.0,66.0,40,UL,PDXTRANS
N KERBY AVE-I405 FWY RAMP,12,3139.7,0.595,293.4,112.0,119.4,318.7,4,0,,,,0,,
N KILLINGSWORTH CT,4,1040.0,0.197,60.0,60.0,60.0,60.0,4,4,36.0,36.0,36.0,4,UL,PDXTRANS
N KILLINGSWORTH ST,41,7848.9,1.487,65.4,60.0,59.7,270.9,32,26,38.2,34.0,46.0,24,UC,PDXTRANS
N KILLINGSWORTH ST-I5 FWY RAMP,1,1003.8,0.19,293.3,293.0,293.3,293.3,1,1,16.0,16.0,16.0,1,UL,PDXTRANS
N KILPATRICK ST,28,8231.6,1.559,56.3,60.0,40.0,60.1,27,26,32.2,15.0,36.0,18,UL,PDXTRANS
N KIMBALL AVE,2,1342.1,0.254,60.0,60.0,60.0,60.0,2,2,36.0,36.0,36.0,2,UL,PDXTRANS
N KISKA CT,1,163.3,0.031,50.1,50.0,50.1,50.1,1,0,30.0,30.0,30.0,1,UL,PDXTRANS
N KISKA ST,2,681.6,0.129,50.0,50.0,50.0,50.0,2,0,30.0,30.0,30.0,2,UL,PDXTRANS
N KNOTT ST,12,2222.1,0.421,96.3,60.0,29.0,471.3,9,7,37.1,36.0,45.0,4,UL,PDXTRANS
N KNOWLES AVE,7,2619.6,0.496,60.5,61.0,60.1,61.0,7,7,28.0,28.0,28.0,6,UL,PDXTRANS
N LAGOON AVE,5,4517.0,0.855,86.8,80.0,80.0,155.5,5,0,40.9,38.0,60.0,4,UC,PDXTRANS
N LANCASTER AVE,2,1312.6,0.249,50.0,50.0,50.0,50.0,2,2,29.0,28.0,30.0,2,UL,PDXTRANS
N LANDFILL RD,7,17077.5,3.234,281.6,282.0,281.6,281.6,1,0,,,,0,,
N LARRABEE AVE,12,2721.9,0.516,192.6,57.0,57.0,275.1,7,2,61.9,36.0,86.0,6,UL,PDXTRANS
N LARRABEE AVE-BROADWAY BRG RAMP,2,440.8,0.083,337.1,319.0,337.1,337.1,1,0,,,,0,,
N LEADBETTER RD,3,5009.8,0.949,70.2,70.0,70.0,70.3,3,0,,,,0,,
N LEAVITT AVE,7,1749.7,0.331,60.0,60.0,60.0,60.0,7,7,36.0,36.0,36.0,6,UL,PDXTRANS
N LEONARD ST,14,6778.9,1.284,55.8,60.0,50.0,60.2,14,12,26.0,20.0,36.0,14,UL,PDXTRANS
N LEVERMAN ST,5,2321.8,0.44,118.0,80.0,80.0,179.5,5,2,52.0,52.0,52.0,3,UC,PDXTRANS
N LEWIS AVE,3,661.2,0.125,64.0,60.0,60.0,71.8,3,2,40.0,40.0,40.0,1,UL,PDXTRANS
N LIBERTY ST,6,1282.8,0.243,65.0,50.0,50.0,307.3,6,5,25.2,24.0,32.0,3,UL,PDXTRANS
N LOMBARD ST,149,33631.7,6.37,76.6,80.0,58.3,248.9,139,98,46.6,36.0,60.0,72,UMiA,ODOT
N LOMBARD ST-82ND AVE RAMP,1,956.7,0.181,,,,,0,0,27.0,27.0,27.0,1,UPAO,ODOT
N LOMBARD ST-I5 FWY RAMP,3,2114.5,0.4,324.8,362.0,324.8,324.8,1,0,,,,0,,
N LOMBARD WAY,1,445.4,0.084,60.0,60.0,60.0,60.0,1,0,36.0,36.0,36.0,1,UL,PDXTRANS
N LONGVIEW AVE,4,1842.7,0.349,60.4,60.0,60.1,60.6,4,4,26.0,26.0,26.0,4,UL,PDXTRANS
N LORING ST,8,1826.0,0.346,60.0,60.0,60.0,60.0,8,6,34.5,30.9,36.0,5,UL,PDXTRANS
N LOTUS BEACH DR,3,1542.1,0.292,,,,,0,0,,,,0,,
N LOTUS ISLE DR,6,1427.9,0.27,,,,,0,0,,,,0,,
N LOVELY ST,3,1199.1,0.227,60.0,60.0,60.0,60.0,3,3,24.0,24.0,24.0,3,UL,PDXTRANS
N MACRUM AVE,28,5416.5,1.026,83.1,80.0,68.7,227.2,27,19,48.3,36.0,64.0,13,UL,PDXTRANS
N MARINE DR,32,28886.9,5.471,110.6,127.0,45.0,252.0,25,5,64.8,34.0,95.0,9,UMiA,PDXTRANS
N MARINE DR-I5 FWY RAMP,10,5113.6,0.968,344.7,93.0,160.6,407.9,3,0,,,,0,,
N MARINE WAY,4,614.8,0.116,138.6,211.0,138.6,138.6,1,0,61.1,59.0,64.0,2,UC,ODOT
N MARTIN LUTHER KING JR BLVD,14,12630.7,2.392,196.4,179.0,123.2,446.8,10,1,70.1,70.0,70.1,2,UPAO,ODOT
N MARTIN LUTHER KING JR BLVD-MARINE WAY RAMP,3,1368.4,0.259,385.9,420.0,385.9,385.9,1,0,26.0,26.0,26.0,1,UPAO,ODOT
N MARTIN LUTHER KING JR BLVD-UNION CT RAMP,1,161.4,0.031,412.5,412.0,412.5,412.5,1,0,,,,0,,
N MARTIN LUTHER KING JR BLVD-VANCOUVER WAY RAMP,1,731.9,0.139,65.8,60.0,65.8,65.8,1,0,20.0,20.0,20.0,1,UPAO,ODOT
N MARYLAND AVE,23,7209.0,1.365,63.6,60.0,50.0,102.1,23,20,34.1,24.0,80.0,22,UL,PDXTRANS
N MASON ST,31,5076.2,0.961,59.9,60.0,59.5,60.0,31,30,31.0,26.0,36.0,20,UL,PDXTRANS
N MASSACHUSETTS AVE,4,1724.3,0.327,60.8,60.0,59.5,61.8,4,3,28.0,28.0,28.0,4,UL,PDXTRANS
N MATHER PL,1,259.8,0.049,50.0,50.0,50.0,50.0,1,1,24.0,24.0,24.0,1,UL,PDXTRANS
N MCCLELLAN ST,5,1978.7,0.375,69.0,60.0,55.9,134.2,5,3,30.7,24.0,36.0,5,UL,PDXTRANS
N MCCOSH ST,1,433.9,0.082,60.0,60.0,60.0,60.0,1,1,16.0,16.0,16.0,1,UL,PDXTRANS
N MCCOY CT,9,1541.4,0.292,62.9,59.0,58.8,176.0,9,8,28.0,28.0,28.0,4,UL,PDXTRANS
N MCKENNA AVE,30,5157.5,0.977,58.3,59.0,20.0,72.2,30,28,33.9,16.0,36.0,16,UL,PDXTRANS
N MEARS ST,3,1711.7,0.324,60.0,60.0,60.0,60.0,3,2,26.6,24.0,32.0,3,UL,PDXTRANS
N MELROSE DR,2,1117.3,0.212,30.6,31.0,30.0,31.0,2,0,24.3,24.3,24.3,1,UL,PDXTRANS
N MENLO AVE,1,275.7,0.052,60.0,60.0,60.0,60.0,1,0,28.0,28.0,28.0,1,UL,PDXTRANS
N MENZIES CT,1,330.4,0.063,,,,,0,0,,,,0,,
N MENZIES DR,2,565.5,0.107,,,,,0,0,,,,0,,
N MICHIGAN AVE,27,9895.1,1.874,56.7,60.0,50.0,60.4,27,27,32.4,28.0,36.0,23,UL,PDXTRANS
N MIDDLE SHORE,1,498.3,0.094,,,,,0,0,,,,0,,
N MIDWAY AVE,20,2951.6,0.559,75.0,60.0,60.0,204.2,20,14,33.3,12.0,36.0,8,UL,PDXTRANS
N MINERVA AVE,3,1130.6,0.214,56.5,60.0,50.0,60.0,3,1,30.9,30.9,30.9,1,UL,PDXTRANS
N MINNESOTA AVE,17,5085.3,0.963,260.1,260.0,260.1,260.1,1,1,25.0,20.0,30.5,17,UL,PDXTRANS
N MISSISSIPPI AVE,44,15345.7,2.906,58.6,60.0,49.9,62.0,35,32,33.5,28.0,40.0,33,UL,PDXTRANS
N MISSOURI AVE,29,10010.0,1.896,70.6,60.0,55.0,260.0,9,9,29.1,20.0,36.0,25,UL,PDXTRANS
N MOBILE AVE,2,1311.0,0.248,50.0,50.0,50.0,50.0,2,2,30.0,30.0,30.0,2,UL,PDXTRANS
N MOHAWK AVE,22,6154.0,1.166,61.6,60.0,56.8,231.1,20,18,34.6,28.0,36.0,16,UL,PDXTRANS
N MONROE ST,5,1392.4,0.264,60.0,60.0,60.0,60.0,1,1,36.0,36.0,36.0,1,UL,PDXTRANS
N MONTANA AVE,34,10933.2,2.071,60.0,60.0,59.9,60.5,33,33,30.8,24.0,36.0,30,UL,PDXTRANS
N MONTEITH AVE,22,3239.1,0.613,60.0,60.0,60.0,60.0,22,22,35.5,30.0,36.0,11,UL,PDXTRANS
N MOORE AVE,11,4266.5,0.808,56.8,60.0,45.0,60.0,11,11,27.9,24.0,30.0,11,UL,PDXTRANS
N MORGAN ST,22,4340.1,0.822,50.0,50.0,50.0,50.0,21,21,24.8,12.0,32.0,12,UL,PDXTRANS
N MORRIS ST,1,359.2,0.068,48.8,49.0,48.8,48.8,1,1,34.0,34.0,34.0,1,UL,PDXTRANS
N MULTNOMAH ST,5,1306.2,0.247,129.3,91.0,83.9,160.1,4,0,60.0,60.0,60.0,1,UC,PDXTRANS
N NASHTON ST,2,746.8,0.141,50.0,50.0,50.0,50.0,2,0,28.8,28.0,30.0,2,UL,PRIVATE
N NESMITH AVE,1,262.2,0.05,60.0,60.0,60.0,60.0,1,1,28.0,28.0,28.0,1,UL,PRIVATE
N NEW YORK AVE,10,2133.7,0.404,57.7,60.0,50.0,60.0,10,9,32.6,28.0,36.0,6,UL,PDXTRANS
N NEWARK ST,16,3437.5,0.651,56.7,59.0,50.0,60.0,16,16,30.2,24.0,34.0,13,UL,PDXTRANS
N NEWCASTLE AVE,4,1313.7,0.249,52.1,60.0,44.1,60.0,4,4,20.8,15.0,24.0,4,UL,PDXTRANS
N NEWELL AVE,4,1913.4,0.362,60.0,60.0,60.0,60.0,4,4,26.2,24.0,30.0,4,UL,PDXTRANS
N NEWMAN AVE,22,5396.9,1.022,61.3,58.0,50.0,102.0,22,14,29.1,24.0,32.0,11,UL,PDXTRANS
N OATMAN AVE,5,2190.1,0.415,60.8,61.0,60.2,61.4,5,4,24.0,24.0,24.0,5,UL,PDXTRANS
N OBERLIN ST,26,6003.2,1.137,55.4,60.0,40.0,60.0,26,22,28.1,24.0,36.0,17,UL,PDXTRANS
N OLIN AVE,16,3157.3,0.598,70.5,50.0,50.0,148.3,16,12,30.1,24.0,40.0,10,UL,PDXTRANS
N OLYMPIA ST,13,3610.3,0.684,53.0,40.0,40.0,117.0,13,10,26.1,20.0,32.0,11,UL,PDXTRANS
N OMAHA AVE,18,8367.0,1.585,77.3,90.0,50.0,90.0,18,18,35.2,24.0,66.0,12,UL,PDXTRANS
N OREGON ST,1,301.6,0.057,231.0,203.0,231.0,231.0,1,0,,,,0,,
N OREGONIAN AVE,18,2404.5,0.455,73.9,69.0,40.0,225.1,18,16,26.9,13.0,36.0,10,UL,PDXTRANS
N OSWEGO AVE,18,5035.6,0.954,60.6,60.0,58.6,64.2,18,17,30.6,24.0,36.0,12,UL,PDXTRANS
N OVERLOOK BLVD,18,3398.5,0.644,63.0,60.0,58.6,157.6,16,9,29.5,28.0,30.0,7,UL,PDXTRANS
N OVERLOOK TER,6,2008.3,0.38,48.4,30.0,20.0,60.6,6,4,21.3,18.0,23.9,4,UL,PDXTRANS
N PACIFIC GATEWAY BLVD,3,2364.1,0.448,,,,,0,0,,,,0,,
N PAGE ST,6,1360.9,0.258,60.0,60.0,60.0,60.0,6,5,35.0,30.0,36.0,5,UL,PDXTRANS
N PARKER AVE,5,1507.1,0.285,62.7,63.0,62.7,62.7,1,0,,,,0,,
N PAVILION AVE,5,1501.5,0.284,75.8,76.0,75.8,75.8,1,0,,,,0,,
N PENINSULAR AVE,21,4723.9,0.895,67.4,70.0,31.2,71.9,19,17,36.3,20.0,52.0,11,UC,PDXTRANS
N PHILADELPHIA AVE,8,1909.0,0.362,111.6,100.0,100.0,156.1,6,1,44.5,20.0,65.0,2,UL,PDXTRANS
N PIER 99 ST,10,1731.5,0.328,107.2,76.0,51.7,277.2,3,0,,,,0,,
N PIER PARK LOOP,3,737.4,0.14,,,,,0,0,,,,0,,
N PIER PARK PL,7,1404.1,0.266,57.4,58.0,56.5,58.2,7,7,36.0,36.0,36.0,3,UL,PDXTRANS
N PIERCE AVE,1,318.9,0.06,30.0,30.0,30.0,30.0,1,0,20.0,20.0,20.0,1,UL,PDXTRANS
N PITTSBURG AVE,4,1201.4,0.228,60.0,60.0,60.0,60.0,4,4,31.1,28.0,36.0,3,UL,PDXTRANS
N POLK AVE,19,6399.3,1.212,58.3,60.0,50.0,60.0,19,19,29.2,24.0,36.0,18,UL,PDXTRANS
N PORT CENTER WAY,8,5510.7,1.044,74.1,80.0,59.8,85.4,4,0,62.0,62.0,62.0,1,UL,PDXTRANS
N PORTLAND RD,11,9076.7,1.719,232.4,280.0,80.0,280.0,10,5,49.7,44.9,56.0,3,UMiA,PDXTRANS
N PORTLAND RD-COLUMBIA BLVD RAMP,1,1109.6,0.21,184.6,177.0,184.6,184.6,1,0,,,,0,,
N PORTSMOUTH AVE,23,8780.9,1.663,79.9,80.0,79.5,80.1,23,22,49.9,48.0,50.0,19,UC,PDXTRANS
N POWERS ST,3,901.6,0.171,60.0,60.0,60.0,60.0,3,1,29.7,21.0,32.0,2,UL,PDXTRANS
N PRESCOTT ST,20,4054.3,0.768,44.5,30.0,17.3,100.0,20,13,26.7,18.0,36.0,7,UL,PDXTRANS
N PRINCETON ST,28,9446.1,1.789,64.6,60.0,59.0,80.2,28,27,34.7,24.0,36.0,23,UL,PDXTRANS
N RAMSAY WAY,4,1004.5,0.19,68.1,71.0,60.0,71.1,4,2,42.2,35.0,46.0,3,UC,PDXTRANS
N RAMSEY BLVD,8,3440.4,0.652,96.3,100.0,60.0,110.0,8,4,28.0,28.0,28.0,1,UL,PRIVATE
N RANDOLPH AVE,4,798.8,0.151,75.6,60.0,60.0,140.7,4,3,36.0,36.0,36.0,1,UL,PDXTRANS
N RENO AVE,15,2775.3,0.526,60.0,60.0,60.0,60.0,14,14,30.0,20.0,36.0,10,UL,PDXTRANS
N REVERE ST,1,138.3,0.026,50.0,50.0,50.0,50.0,1,1,28.0,28.0,28.0,1,UL,PRIVATE
N RICHARDS ST,1,570.8,0.108,60.0,60.0,60.0,60.0,1,1,32.0,32.0,32.0,1,UL,PDXTRANS
N RICHMOND AVE,16,4905.5,0.929,66.8,60.0,60.0,140.0,15,12,41.0,36.0,48.0,11,UC,PDXTRANS
N RIVER DR,5,922.3,0.175,,,,,0,0,,,,0,,
N RIVER FRONT LOOP,5,5573.0,1.055,145.5,145.0,145.5,145.5,1,0,,,,0,,
N RIVER ST,11,4573.0,0.866,64.9,60.0,48.1,80.0,8,4,30.8,21.9,50.0,3,UL,PDXTRANS
N RIVERGATE BLVD,10,5555.8,1.052,101.5,97.0,84.0,170.5,10,4,60.8,31.3,72.0,4,UL,PDXTRANS
N RIVERGATE BLVD FRONTAGE RD,3,685.8,0.13,108.3,84.0,84.0,220.5,3,1,,,,0,,
N ROBERTS AVE,2,1126.5,0.213,52.3,50.0,50.7,57.6,2,0,,,,0,,
N ROCHESTER ST,1,569.2,0.108,50.0,50.0,50.0,50.0,1,1,26.0,26.0,26.0,1,UL,PDXTRANS
N ROSA PARKS WAY,57,8831.8,1.673,105.9,100.0,98.1,287.9,48,39,60.3,60.0,68.0,27,UC,PDXTRANS
N ROSA PARKS WAY-I5 FWY RAMP,2,2081.3,0.394,303.3,283.0,282.9,321.6,2,1,,,,0,,
N ROSE QUARTER DR,1,73.6,0.014,,,,,0,0,,,,0,,
N ROSELAWN ST,1,402.2,0.076,50.0,50.0,50.0,50.0,1,1,26.0,26.0,26.0,1,UL,PDXTRANS
N ROSS AVE,3,849.9,0.161,60.0,60.0,60.0,60.0,3,3,36.0,36.0,36.0,2,UL,PDXTRANS
N RUSSELL ST,18,3195.5,0.605,79.7,63.0,56.5,149.7,14,10,47.2,34.0,66.0,5,UC,PDXTRANS
N RUSSET ST,20,8867.6,1.679,51.0,50.0,40.0,60.0,20,19,28.0,20.0,34.0,19,UL,PDXTRANS
N SAFETY WAY,2,2365.4,0.448,,,,,0,0,,,,0,,
N SALEM AVE,3,777.2,0.147,60.3,60.0,60.0,61.0,3,2,30.0,28.0,32.0,2,UL,PRIVATE
N SARATOGA ST,17,3734.1,0.707,56.7,60.0,50.0,60.0,17,17,29.8,24.0,36.0,12,UL,PDXTRANS
N SCHMEER RD,13,5462.9,1.035,90.6,50.0,50.0,185.5,11,3,22.0,22.0,22.0,1,UC,PDXTRANS
N SCHOFIELD ST,4,2625.1,0.497,60.0,60.0,60.0,60.0,4,4,36.0,36.0,36.0,4,UL,PDXTRANS
N SCOULER AVE,1,640.9,0.121,,,,,0,0,,,,0,,
N SEDRO ST,3,1276.0,0.242,50.0,50.0,50.0,50.0,3,1,30.0,30.0,30.0,3,UL,PDXTRANS
N SENECA ST,16,3941.3,0.746,62.2,60.0,60.0,131.4,16,15,33.5,24.0,36.0,12,UL,PDXTRANS
N SEVER CT,3,1126.9,0.213,,,,,0,0,,,,0,,
N SEVER RD,12,5523.6,1.046,124.2,100.0,89.2,168.0,2,0,40.0,40.0,40.0,1,UL,PDXTRANS
N SEWARD AVE,7,3803.3,0.72,53.2,50.0,49.9,60.0,7,6,27.8,24.0,32.0,6,UL,PDXTRANS
N SEWARD CT,1,183.8,0.035,49.9,50.0,49.9,49.9,1,0,30.0,30.0,30.0,1,UL,PDXTRANS
N SHAVER ST,31,4842.0,0.917,59.9,60.0,59.5,60.0,30,29,37.8,36.0,40.0,19,UL,PDXTRANS
N SIMMONS RD,2,883.9,0.167,60.0,60.0,60.0,60.0,2,1,,,,0,,
N SIMPSON ST,11,3430.8,0.65,60.0,60.0,60.0,60.0,11,11,28.0,24.0,36.0,11,UL,PDXTRANS
N SKIDMORE CT,3,918.1,0.174,54.2,60.0,30.3,60.0,3,2,27.6,26.0,28.0,3,UL,PDXTRANS
N SKIDMORE ST,34,5479.3,1.038,60.6,60.0,59.5,68.0,28,26,33.7,28.0,44.0,17,UC,PDXTRANS
N SKIDMORE TER,1,611.1,0.116,54.0,54.0,54.0,54.0,1,1,16.0,16.0,16.0,1,UL,PDXTRANS
N SKY ST,1,637.1,0.121,50.0,50.0,50.0,50.0,1,1,30.0,30.0,30.0,1,UL,PDXTRANS
N SLAB WAY,1,584.5,0.111,,,,,0,0,,,,0,,
N SMITH AND BYBEE WETLANDS RD,2,5530.3,1.047,101.2,63.0,101.2,101.2,1,0,,,,0,,
N SMITH CT,1,126.4,0.024,51.4,50.0,51.4,51.4,1,0,30.0,30.0,30.0,1,UL,PDXTRANS
N SMITH ST,31,8521.4,1.614,71.6,79.0,60.0,258.4,31,27,42.3,24.0,54.0,21,MiC,PDXTRANS
N SOUTH SHORE,4,1142.7,0.216,,,,,0,0,,,,0,,
N ST JOHNS AVE,21,2915.2,0.552,63.6,60.0,59.9,124.4,21,14,30.0,30.0,30.0,11,UL,PDXTRANS
N ST LOUIS AVE,15,4049.9,0.767,66.0,70.0,60.0,73.1,15,11,42.5,18.7,52.0,13,UC,PDXTRANS
N STAFFORD ST,14,4217.7,0.799,54.2,50.0,50.0,93.4,14,8,27.2,12.0,36.0,11,UL,PDXTRANS
N STANFORD AVE,18,2645.7,0.501,50.1,50.0,50.0,51.0,18,18,30.0,30.0,30.0,9,UL,PDXTRANS
N STANTON ST,12,1944.4,0.368,60.0,60.0,60.0,60.0,3,3,36.0,36.0,36.0,1,UL,PDXTRANS
N STARLIGHT AVE,6,1435.8,0.272,,,,,0,0,,,,0,,
N STOCKTON AVE,1,658.5,0.125,50.0,50.0,50.0,50.0,1,1,24.0,24.0,24.0,1,UL,PDXTRANS
N STRONG ST,2,827.2,0.157,63.0,63.0,63.0,63.0,2,2,46.0,46.0,46.0,1,UC,PDXTRANS
N SUMNER ST,13,5781.3,1.095,60.0,60.0,60.0,61.1,13,10,34.7,24.0,36.0,11,UL,PDXTRANS
N SUPERIOR ST,2,758.0,0.144,60.0,60.0,60.0,60.0,2,1,32.3,28.0,36.0,2,UL,PRIVATE
N SUTTLE RD,1,3137.9,0.594,41.4,41.0,41.4,41.4,1,0,21.3,21.3,21.3,1,UL,PDXTRANS
N SWENSON ST,7,1858.5,0.352,44.0,40.0,40.0,147.2,7,5,24.0,24.0,24.0,6,UL,PDXTRANS
N SWIFT CT,2,450.7,0.085,60.0,60.0,60.0,60.0,2,1,,,,0,,
N SWIFT ST,3,1329.7,0.252,60.0,60.0,60.0,60.0,3,3,32.0,32.0,32.0,2,UL,PDXTRANS
N SWIFT WAY,1,921.6,0.175,,,,,0,0,,,,0,,
N SYRACUSE ST,34,11089.3,2.1,56.2,60.0,30.0,72.9,33,30,33.9,24.0,36.0,26,UL,PDXTRANS
N TAFT AVE,5,702.7,0.133,39.5,40.0,37.8,40.1,4,1,29.2,28.0,30.0,2,UL,PRIVATE
N TERMINAL RD,5,3123.7,0.592,136.2,136.0,136.2,136.2,1,0,,,,0,,
N TERRY ST,16,7497.3,1.42,57.0,60.0,50.0,60.2,16,15,28.0,16.0,30.0,14,UL,PDXTRANS
N THOMPSON ST,2,1066.0,0.202,50.0,50.0,50.0,50.0,2,2,36.0,36.0,36.0,2,UL,PDXTRANS
N THUNDERBIRD WAY,1,928.6,0.176,157.8,155.0,157.8,157.8,1,0,,,,0,,
N TILLAMOOK ST,10,2366.5,0.448,69.0,60.0,60.0,114.5,7,6,37.8,36.0,40.0,3,UL,PDXTRANS
N TIME OIL RD,9,5278.7,1.0,104.6,105.0,104.6,104.6,1,0,,,,0,,
N TIOGA AVE,7,3477.1,0.659,60.0,60.0,60.0,60.0,7,6,30.5,10.0,36.0,7,UL,PDXTRANS
N TODD ST,1,405.7,0.077,40.0,40.0,40.0,40.0,1,1,24.0,24.0,24.0,1,UL,PDXTRANS
N TOMAHAWK ISLAND DR,22,6479.2,1.227,66.2,60.0,59.8,80.2,16,14,50.4,30.0,58.0,4,UC,PDXTRANS
N TRENTON ST,18,3937.6,0.746,55.8,50.0,48.9,64.3,18,17,32.2,28.0,36.0,12,UL,PDXTRANS
N TRUCK HAUL WAY,1,1605.7,0.304,,,,,0,0,,,,0,,
N TRUMBULL AVE,7,2209.0,0.418,60.0,60.0,60.0,60.2,7,7,30.8,30.0,36.0,6,UL,PDXTRANS
N TYLER AVE,20,6029.3,1.142,57.9,60.0,40.0,60.0,20,20,32.5,20.0,36.0,16,UL,PDXTRANS
N TYNDALL AVE,4,882.3,0.167,50.0,50.0,50.0,50.0,2,0,33.0,30.5,48.0,2,UL,PDXTRANS
N UNION CT,4,3312.3,0.627,82.6,81.0,63.9,115.8,3,0,41.0,25.0,55.0,3,UC,ODOT
N UNIVERSITY AVE,1,569.3,0.108,51.0,51.0,51.0,51.0,1,0,26.0,26.0,26.0,1,UL,PDXTRANS
N UNNAMED RD,801,408588.4,77.384,111.5,47.0,19.0,369.1,65,9,,,,0,,
N UPLAND DR,2,2358.9,0.447,60.0,60.0,60.0,60.0,1,1,44.0,44.0,44.0,1,UL,PDXTRANS
N VAN HOUTEN AVE,32,8214.8,1.556,58.2,60.0,50.0,60.0,31,30,25.7,24.0,32.0,19,UL,PDXTRANS
N VAN HOUTEN PL,5,1684.3,0.319,76.1,45.0,44.8,116.7,5,1,24.2,24.2,24.2,1,UL,PDXTRANS
N VANCOUVER AVE,61,20752.6,3.93,75.7,60.0,45.0,400.3,60,47,42.2,28.0,60.9,48,UC,PDXTRANS
N VANCOUVER WAY,12,5008.5,0.949,61.3,60.0,59.3,75.7,11,5,39.4,38.0,40.0,2,UC,PDXTRANS
N VANCOUVER WAY-MARTIN LUTHER KING JR BLVD RAMP,1,541.5,0.103,171.3,71.0,171.3,171.3,1,0,18.0,18.0,18.0,1,UL,PDXTRANS
N VANDERBILT ST,4,1636.0,0.31,60.0,60.0,60.0,60.0,4,3,24.0,24.0,24.0,4,UL,PDXTRANS
N VICTORY BLVD,12,3817.7,0.723,134.9,126.0,134.9,134.9,1,0,56.0,56.0,56.0,1,UC,ODOT
N VICTORY BLVD-DENVER AVE RAMP,2,628.3,0.119,,,,,0,0,,,,0,,
N VICTORY BLVD-I5 FWY RAMP,4,4101.6,0.777,439.3,439.0,439.3,439.3,1,0,,,,0,,
N VILLARD AVE,11,4185.5,0.793,56.6,60.0,51.1,60.0,11,11,27.9,26.0,28.0,9,UL,PDXTRANS
N VINCENT AVE,4,1759.6,0.333,60.0,60.0,60.0,60.0,4,2,28.0,28.0,28.0,4,UL,PDXTRANS
N WABASH AVE,17,3947.9,0.748,63.6,60.0,59.3,163.2,16,14,36.0,36.0,36.0,12,UL,PDXTRANS
N WALL AVE,21,5401.6,1.023,75.2,80.0,50.0,145.3,21,18,41.3,36.0,50.0,15,UC,PDXTRANS
N WARREN ST,4,1200.6,0.227,62.1,63.0,60.0,63.0,4,4,39.9,36.0,42.0,3,UL,PDXTRANS
N WASHBURNE AVE,17,4358.1,0.825,58.5,60.0,50.0,60.2,17,15,27.8,24.0,36.0,8,UL,PDXTRANS
N WATTS ST,12,6773.1,1.283,57.0,60.0,50.0,62.9,12,11,29.7,26.0,36.0,12,UL,PDXTRANS
N WAYLAND AVE,8,3201.1,0.606,59.6,60.0,58.4,60.0,8,7,28.8,28.0,32.0,6,UL,PDXTRANS
N WEBSTER ST,12,6028.1,1.142,62.6,60.0,50.0,80.0,12,11,33.3,20.0,36.0,12,UL,PDXTRANS
N WEIDLER ST,5,692.3,0.131,113.6,85.0,71.3,174.9,5,2,46.0,40.0,58.0,2,UPAO,PDXTRANS
N WELLESLEY AVE,2,781.0,0.148,52.6,54.0,52.0,53.7,2,1,26.0,26.0,26.0,2,UL,PDXTRANS
N WEST SHORE,3,1233.6,0.234,,,,,0,0,,,,0,,
N WESTANNA AVE,16,3280.5,0.621,55.3,59.0,39.0,60.1,16,15,30.3,28.0,36.0,8,UL,PDXTRANS
N WESTANNA CT,1,294.0,0.056,50.3,50.0,50.3,50.3,1,0,30.0,30.0,30.0,1,UL,PDXTRANS
N WEYERHAEUSER AVE,10,1489.3,0.282,60.0,60.0,59.5,60.0,10,10,36.0,36.0,36.0,5,UL,PDXTRANS
N WHEELER AVE,6,1577.3,0.299,64.4,54.0,53.9,76.6,5,1,37.0,26.0,46.0,3,UL,PDXTRANS
N WHEELER AVE-I5 FWY RAMP,1,679.7,0.129,263.6,264.0,263.6,263.6,1,0,,,,0,,
N WHEELER PL,1,294.6,0.056,56.4,56.0,56.4,56.4,1,1,36.0,36.0,36.0,1,UL,PDXTRANS
N WHITAKER RD,5,2008.1,0.38,69.3,70.0,60.9,70.3,5,2,50.0,50.0,50.0,1,UC,PDXTRANS
N WILBUR AVE,11,5351.3,1.014,58.6,60.0,50.0,60.0,11,10,26.6,24.0,28.0,9,UL,PDXTRANS
N WILLAMETTE BLVD,79,29007.1,5.494,92.1,100.0,60.0,156.5,77,54,36.3,24.0,46.0,60,UC,PDXTRANS
N WILLAMETTE LN,2,1379.4,0.261,24.1,15.0,15.0,30.0,2,0,21.7,19.9,22.8,2,UL,PRIVATE
N WILLIAMS AVE,60,19135.4,3.624,71.0,60.0,45.0,258.3,55,48,36.1,22.0,54.0,51,UL,PDXTRANS
N WILLIAMS AVE-I5 FWY RAMP,3,1406.6,0.266,287.6,330.0,265.0,310.6,2,0,,,,0,,
N WILLIAMS PL,1,164.0,0.031,,,,,0,0,,,,0,,
N WILLIS BLVD,38,10192.0,1.93,77.1,100.0,50.0,101.4,38,34,36.5,28.0,40.0,31,UC,PDXTRANS
N WINCHELL ST,37,10444.4,1.978,57.2,50.0,47.4,121.4,36,34,30.2,22.0,36.0,24,UL,PDXTRANS
N WINDLE ST,1,483.0,0.091,40.0,40.0,40.0,40.0,1,1,24.0,24.0,24.0,1,UL,PDXTRANS
N WOODRUSH WAY,3,683.7,0.129,60.0,60.0,60.0,60.0,3,1,,,,0,,
N WOOLSEY AVE,34,6779.1,1.284,60.8,59.0,58.7,223.0,34,29,34.7,24.0,36.0,11,UC,PDXTRANS
N WYGANT ST,12,4089.2,0.774,59.8,60.0,50.0,64.0,12,11,34.8,20.0,44.0,8,UL,PDXTRANS
N YALE ST,17,5310.5,1.006,58.3,60.0,40.2,61.4,17,17,32.3,24.0,36.0,12,UL,PDXTRANS
N ZIEGLER AVE,2,385.1,0.073,40.0,40.0,40.0,40.0,2,2,,,,0,,
NE 100TH AVE,6,2878.0,0.545,54.7,50.0,49.9,60.1,5,3,34.2,32.0,38.0,3,UL,PDXTRANS
NE 101ST AVE,6,2313.1,0.438,47.6,50.0,14.8,60.0,6,5,26.5,22.0,38.0,3,UL,PRIVATE
NE 102ND AVE,45,12948.5,2.452,85.8,80.0,60.0,130.8,33,21,64.8,36.0,76.0,21,UMiA,PDXTRANS
NE 102ND AVE FRONTAGE RD,2,715.1,0.135,134.0,224.0,108.7,152.5,2,0,19.2,18.0,20.0,2,UL,PRIVATE
NE 102ND AVE-HALSEY ST RAMP,1,339.8,0.064,235.0,235.0,235.0,235.0,1,0,24.0,24.0,24.0,1,UL,PDXTRANS
NE 102ND AVE-I84 FWY RAMP,1,807.9,0.153,,,,,0,0,,,,0,,
NE 103RD AVE,5,1906.2,0.361,51.3,50.0,45.0,60.0,5,4,30.7,20.0,38.0,4,UL,PDXTRANS
NE 103RD PL,3,1005.8,0.19,60.3,50.0,50.0,70.6,3,2,29.7,22.0,38.0,3,UL,PDXTRANS
NE 104TH AVE,12,4646.7,0.88,51.8,50.0,47.2,60.0,11,7,31.2,28.0,38.0,10,UL,PDXTRANS
NE 105TH AVE,18,9298.7,1.761,57.2,60.0,40.0,60.5,14,12,29.8,22.0,38.0,14,UC,PDXTRANS
NE 106TH AVE,12,4286.9,0.812,52.3,50.0,50.0,60.0,11,6,32.6,28.0,38.0,7,UL,PDXTRANS
NE 106TH PL,2,708.1,0.134,50.0,50.0,50.0,50.0,2,1,28.0,28.0,28.0,2,UL,PDXTRANS
NE 107TH AVE,4,1307.2,0.248,46.2,60.0,24.1,60.0,2,2,24.9,20.0,28.0,2,UL,PRIVATE
NE 107TH PL,4,1919.9,0.364,50.0,50.0,50.0,50.0,3,3,28.0,28.0,28.0,2,UL,PDXTRANS
NE 108TH AVE,26,8984.5,1.702,50.6,50.0,50.0,60.0,25,22,27.5,20.0,38.0,25,UL,PDXTRANS
NE 108TH PL,2,604.4,0.114,50.0,50.0,50.0,50.0,1,1,28.0,28.0,28.0,1,UL,PDXTRANS
NE 109TH AVE,14,8062.5,1.527,57.3,60.0,49.6,66.0,14,12,24.8,20.4,32.0,12,UL,PDXTRANS
NE 109TH CT,1,390.5,0.074,50.0,50.0,50.0,50.0,1,0,28.0,28.0,28.0,1,UL,PDXTRANS
NE 10TH AVE,39,14127.4,2.676,56.1,60.0,17.2,157.8,39,37,30.4,14.0,40.0,37,UL,PDXTRANS
NE 110TH AVE,7,3834.2,0.726,50.3,50.0,40.0,60.0,7,6,28.7,28.0,32.0,7,UL,PDXTRANS
NE 110TH PL,1,230.9,0.044,30.0,30.0,30.0,30.0,1,0,24.5,24.5,24.5,1,UL,PRIVATE
NE 110TH WAY,1,534.6,0.101,35.0,35.0,35.0,35.0,1,0,,,,0,,
NE 111TH AVE,19,6376.8,1.208,51.3,50.0,49.3,60.0,19,16,28.0,25.0,38.0,17,MiC,PDXTRANS
NE 111TH DR,5,2271.8,0.43,59.9,60.0,59.7,60.1,5,4,27.6,25.0,32.0,5,UC,PDXTRANS
NE 112TH AVE,21,11053.1,2.093,60.6,60.0,25.3,198.0,19,12,29.5,12.0,48.0,17,UL,PDXTRANS
NE 113TH AVE,18,6187.9,1.172,50.0,50.0,49.9,50.2,17,13,26.8,18.0,32.0,16,UL,PDXTRANS
NE 113TH PL,2,447.7,0.085,44.2,42.0,41.9,50.0,2,0,23.4,20.0,32.0,2,UL,PDXTRANS
NE 114TH AVE,14,7141.4,1.353,50.0,50.0,49.9,50.1,14,11,26.7,24.0,28.0,14,UL,PDXTRANS
NE 114TH PL,2,598.4,0.113,50.0,50.0,50.0,50.0,1,0,37.3,37.3,37.3,1,UL,PDXTRANS
NE 115TH AVE,7,4101.7,0.777,49.8,50.0,48.7,50.4,7,7,27.8,24.0,38.0,7,UL,PDXTRANS
NE 116TH AVE,6,3212.0,0.608,53.6,50.0,50.0,60.0,6,5,29.5,28.0,31.0,4,UL,PDXTRANS
NE 116TH CT,1,674.3,0.128,30.0,30.0,30.0,30.0,1,1,28.0,28.0,28.0,1,UL,PDXTRANS
NE 116TH PL,3,1324.0,0.251,50.0,50.0,49.9,50.0,3,2,27.5,26.0,28.0,3,UL,PDXTRANS
NE 117TH AVE,22,6812.4,1.29,49.9,50.0,48.6,94.3,20,18,27.3,22.0,29.6,17,UL,PDXTRANS
NE 118TH AVE,5,5155.8,0.976,49.9,50.0,49.6,50.0,5,5,26.7,23.0,32.0,5,UL,PDXTRANS
NE 119TH AVE,5,3166.0,0.6,46.4,50.0,30.0,50.0,5,4,27.0,22.0,32.0,4,UL,PDXTRANS
NE 11TH AVE,45,17505.4,3.315,58.9,60.0,50.0,214.6,42,39,31.9,20.0,50.0,38,UL,PDXTRANS
NE 120TH AVE,8,2705.5,0.512,50.7,50.0,50.0,53.0,8,5,28.4,26.0,32.0,8,UL,PDXTRANS
NE 121ST AVE,11,3101.6,0.587,51.3,50.0,50.0,60.0,11,8,30.6,28.0,44.0,11,UL,PDXTRANS
NE 121ST PL,4,1337.5,0.253,133.8,60.0,60.0,283.5,4,4,37.3,36.0,39.0,2,UC,PDXTRANS
NE 121ST PL-122ND AVE RAMP,1,466.6,0.088,118.0,111.0,118.0,118.0,1,0,24.0,24.0,24.0,1,UC,PDXTRANS
NE 122ND AVE,38,16875.6,3.196,107.6,90.0,79.6,300.3,34,10,74.6,65.0,88.0,26,UMiA,PDXTRANS
NE 122ND AVE FRONTAGE RD,3,706.6,0.134,171.0,170.0,166.4,178.5,2,0,26.0,26.0,26.0,2,UL,PDXTRANS
NE 122ND AVE-121ST PL RAMP,1,493.0,0.093,313.7,397.0,313.7,313.7,1,0,24.0,24.0,24.0,1,UC,PDXTRANS
NE 122ND AVE-I84 FWY RAMP,1,1229.2,0.233,255.0,255.0,255.0,255.0,1,0,,,,0,,
NE 122ND AVE-SANDY BLVD RAMP,1,223.6,0.042,,,,,0,0,,,,0,,
NE 123RD AVE,3,831.0,0.157,50.0,50.0,50.0,50.0,3,3,28.0,28.0,28.0,3,UL,PDXTRANS
NE 124TH AVE,3,706.2,0.134,50.0,50.0,50.0,50.0,3,2,32.0,32.0,32.0,3,UL,PDXTRANS
NE 124TH PL,2,285.3,0.054,50.0,50.0,50.0,50.1,2,1,30.1,28.0,32.0,2,UL,PDXTRANS
NE 125TH AVE,8,3350.7,0.635,49.9,50.0,49.4,50.1,8,6,29.8,28.0,32.0,8,UL,PDXTRANS
NE 125TH PL,3,2128.7,0.403,59.3,60.0,50.0,60.0,3,2,43.1,32.0,44.0,3,UC,PDXTRANS
NE 126TH AVE,13,4531.3,0.858,51.0,50.0,49.9,60.0,13,12,30.4,15.0,40.0,13,UL,PDXTRANS
NE 126TH CT,1,418.1,0.079,50.0,50.0,50.0,50.0,1,0,32.0,32.0,32.0,1,UL,PDXTRANS
NE 126TH PL,2,691.5,0.131,50.0,50.0,50.0,50.0,2,2,28.0,28.0,28.0,2,UL,PDXTRANS
NE 127TH AVE,20,5481.5,1.038,51.0,50.0,49.7,113.6,20,12,29.3,22.0,48.0,17,UL,PDXTRANS
NE 127TH PL,2,469.1,0.089,50.3,50.0,50.3,50.3,2,1,32.0,32.0,32.0,2,UL,PDXTRANS
NE 128TH AVE,18,6308.2,1.195,54.1,60.0,45.2,63.3,18,14,28.2,21.6,48.0,17,UL,PDXTRANS
NE 129TH AVE,2,953.4,0.181,50.0,50.0,50.0,50.0,2,1,32.0,32.0,32.0,2,UL,PDXTRANS
NE 129TH PL,9,2788.1,0.528,50.0,50.0,50.0,50.6,9,7,30.7,28.0,48.0,8,UL,PDXTRANS
NE 12TH AVE,40,14141.6,2.678,59.5,60.0,50.0,188.8,34,34,34.1,24.0,58.0,31,UL,PDXTRANS
NE 130TH AVE,4,2138.8,0.405,50.0,50.0,50.0,50.0,4,3,31.6,28.0,32.0,4,UL,PDXTRANS
NE 130TH PL,8,2827.6,0.536,50.3,50.0,49.9,51.8,8,2,29.5,28.0,32.0,8,UL,PDXTRANS
NE 131ST AVE,6,2413.0,0.457,50.5,50.0,49.9,85.8,6,3,32.0,32.0,32.0,4,UL,PDXTRANS
NE 131ST PL,15,6506.2,1.232,57.9,60.0,50.0,60.8,14,12,36.3,28.0,44.0,12,UL,PDXTRANS
NE 132ND AVE,17,5984.2,1.133,57.1,60.0,29.7,65.3,17,14,33.4,28.0,42.0,15,MiC,PDXTRANS
NE 132ND CT,1,524.2,0.099,40.4,40.0,40.4,40.4,1,0,28.0,28.0,28.0,1,UL,PDXTRANS
NE 132ND PL,1,751.2,0.142,50.0,50.0,50.0,50.0,1,1,32.0,32.0,32.0,1,UL,PDXTRANS
NE 133RD AVE,9,4416.1,0.836,47.8,50.0,40.0,50.1,9,6,29.6,24.0,32.0,8,UL,PDXTRANS
NE 133RD PL,1,224.0,0.042,50.0,50.0,50.0,50.0,1,1,28.0,28.0,28.0,1,UL,PDXTRANS
NE 134TH AVE,7,2906.3,0.55,50.2,50.0,49.9,54.6,7,4,32.0,32.0,32.0,6,UL,PDXTRANS
NE 134TH PL,14,4117.7,0.78,53.3,50.0,40.0,165.7,14,11,28.0,26.0,30.0,8,UL,PDXTRANS
NE 135TH AVE,11,4578.2,0.867,52.6,50.0,50.0,99.1,11,7,33.6,32.0,40.0,10,UL,PDXTRANS
NE 136TH AVE,12,5808.8,1.1,50.6,50.0,45.0,60.0,12,9,30.3,26.0,33.6,9,UL,PDXTRANS
NE 136TH PL,2,1050.0,0.199,52.1,50.0,50.0,60.6,2,2,34.3,32.0,44.0,2,UL,PDXTRANS
NE 137TH AVE,12,5205.8,0.986,48.6,50.0,31.7,50.9,12,9,28.7,20.0,32.0,11,UL,PDXTRANS
NE 137TH PL,2,585.8,0.111,54.0,121.0,50.0,104.0,2,0,32.0,32.0,32.0,1,UL,PDXTRANS
NE 138TH AVE,10,5176.5,0.98,59.9,50.0,50.0,92.9,8,2,40.7,32.0,44.0,9,UC,PDXTRANS
NE 138TH PL,8,3634.8,0.688,56.9,60.0,50.0,60.0,8,7,37.0,28.0,42.0,8,UC,PDXTRANS
NE 139TH AVE,7,2417.1,0.458,47.2,50.0,45.0,50.1,6,4,32.0,32.0,32.0,3,UL,PDXTRANS
NE 13TH AVE,67,21438.5,4.06,58.2,60.0,31.9,270.1,65,49,29.2,12.0,50.0,44,UL,PDXTRANS
NE 140TH AVE,8,3904.3,0.739,50.0,50.0,49.9,50.4,8,5,34.0,28.0,54.3,8,UL,PDXTRANS
NE 141ST AVE,11,5092.9,0.965,52.4,60.0,45.0,60.2,11,9,33.6,24.0,42.0,9,UL,PDXTRANS
NE 141ST DR,4,1620.5,0.307,63.2,64.0,59.9,64.0,4,4,44.0,44.0,44.0,4,UC,PDXTRANS
NE 141ST PL,2,314.8,0.06,48.0,48.0,48.0,48.0,2,1,26.0,26.0,26.0,1,UL,PDXTRANS
NE 142ND AVE,8,4544.7,0.861,45.1,50.0,32.5,50.5,8,6,28.4,20.0,32.0,8,UL,PDXTRANS
NE 143RD AVE,13,5724.6,1.084,47.9,50.0,45.0,80.0,13,9,28.2,20.0,32.0,10,UL,PDXTRANS
NE 143RD PL,1,188.7,0.036,50.0,50.0,50.0,50.0,1,1,32.0,32.0,32.0,1,UL,PDXTRANS
NE 144TH AVE,8,3206.2,0.607,50.5,50.0,50.0,60.0,8,4,30.7,28.0,44.0,8,UL,PDXTRANS
NE 145TH AVE,9,2657.2,0.503,46.7,50.0,30.0,50.4,9,7,29.9,22.0,32.0,7,UL,PDXTRANS
NE 146TH AVE,5,1945.1,0.368,49.3,40.0,40.0,56.8,5,2,32.0,32.0,32.0,1,UL,PDXTRANS
NE 146TH DR,4,975.7,0.185,52.8,50.0,50.0,60.5,4,3,32.0,32.0,32.0,3,UL,PDXTRANS
NE 147TH AVE,14,3484.8,0.66,41.1,50.0,22.0,121.1,13,8,22.2,12.0,24.0,4,UL,PDXTRANS
NE 148TH AVE,41,15893.8,3.01,84.9,80.0,50.0,189.9,35,18,48.3,24.0,66.0,20,UMiA,PDXTRANS
NE 148TH PL,8,2511.6,0.476,70.7,50.0,49.9,154.2,8,4,28.6,24.0,32.0,8,UL,PDXTRANS
NE 149TH AVE,16,4098.7,0.776,47.3,50.0,36.7,88.4,15,8,29.0,28.0,32.0,7,UL,PDXTRANS
NE 149TH PL,2,418.3,0.079,45.4,50.0,35.1,50.0,2,1,28.2,28.2,28.2,1,UL,PDXTRANS
NE 14TH AVE,36,12275.3,2.325,57.3,60.0,50.0,349.8,33,32,30.0,28.0,42.0,27,UL,PDXTRANS
NE 14TH PL,8,4031.5,0.764,51.3,50.0,49.8,55.0,8,7,33.7,30.0,38.0,6,UL,PDXTRANS
NE 150TH AVE,13,4611.0,0.873,48.3,50.0,31.6,54.0,13,7,30.6,20.0,32.0,12,UL,PDXTRANS
NE 150TH CT,1,474.6,0.09,59.8,60.0,59.8,59.8,1,0,44.0,44.0,44.0,1,UL,PDXTRANS
NE 150TH PL,2,1301.1,0.246,50.1,50.0,50.0,50.2,2,0,26.7,26.0,28.0,2,UL,PDXTRANS
NE 151ST AVE,12,5271.8,0.998,47.7,50.0,40.0,50.2,10,6,26.5,22.0,28.0,8,UL,PDXTRANS
NE 152ND AVE,10,4180.0,0.792,52.2,50.0,40.0,59.9,9,6,28.0,17.4,32.0,8,UL,PDXTRANS
NE 152ND CT,1,209.1,0.04,50.5,50.0,50.5,50.5,1,0,32.0,32.0,32.0,1,UL,PDXTRANS
NE 152ND PL,3,1388.5,0.263,50.2,50.0,50.0,50.4,3,1,33.1,28.0,38.0,3,UL,PDXTRANS
NE 153RD AVE,3,2274.3,0.431,49.8,50.0,49.5,50.0,3,1,27.5,22.0,32.0,3,UL,PDXTRANS
NE 153RD PL,5,1507.0,0.285,50.2,50.0,49.8,50.5,5,3,29.6,28.0,32.0,5,UL,PDXTRANS
NE 154TH AVE,6,1733.8,0.328,49.9,50.0,49.8,50.0,6,4,31.2,28.0,36.0,6,UL,PDXTRANS
NE 154TH CT,1,197.5,0.037,51.0,51.0,51.0,51.0,1,0,32.0,32.0,32.0,1,UL,PDXTRANS
NE 154TH PL,1,169.5,0.032,50.0,50.0,50.0,50.0,1,0,32.0,32.0,32.0,1,UL,PDXTRANS
NE 155TH AVE,21,6958.2,1.318,48.9,50.0,45.0,50.2,19,17,26.2,20.0,32.0,11,UL,PDXTRANS
NE 155TH CT,1,256.4,0.049,51.1,51.0,51.1,51.1,1,0,32.0,32.0,32.0,1,UL,PDXTRANS
NE 155TH PL,1,185.1,0.035,50.0,50.0,50.0,50.0,1,0,32.0,32.0,32.0,1,UL,PDXTRANS
NE 156TH AVE,14,5064.8,0.959,48.9,50.0,45.0,50.2,14,10,29.1,20.0,32.0,10,UL,PDXTRANS
NE 156TH CT,1,81.6,0.015,85.7,89.0,85.7,85.7,1,0,52.0,52.0,52.0,1,UL,PDXTRANS
NE 156TH PL,1,133.1,0.025,55.8,50.0,55.8,55.8,1,0,32.0,32.0,32.0,1,UL,PDXTRANS
NE 157TH AVE,17,5606.6,1.062,51.8,50.0,38.9,60.0,16,14,32.6,24.0,40.0,10,UL,PDXTRANS
NE 157TH PL,1,340.6,0.065,50.0,50.0,50.0,50.0,1,0,28.0,28.0,28.0,1,UL,PDXTRANS
NE 158TH AVE,17,6579.7,1.246,56.0,50.0,49.8,148.4,16,9,38.9,32.0,46.0,13,UL,PDXTRANS
NE 158TH CT,1,114.5,0.022,53.8,50.0,53.8,53.8,1,0,32.0,32.0,32.0,1,UL,PDXTRANS
NE 158TH PL,2,779.9,0.148,47.8,50.0,43.3,49.9,2,0,32.0,32.0,32.0,1,UL,PDXTRANS
NE 159TH AVE,7,1860.2,0.352,50.0,50.0,50.0,50.0,7,5,29.3,28.0,32.0,7,UL,PDXTRANS
NE 159TH CT,1,296.3,0.056,35.9,36.0,35.9,35.9,1,1,20.0,20.0,20.0,1,UL,PDXTRANS
NE 15TH AVE,50,17065.5,3.232,59.3,50.0,50.0,376.8,50,42,35.5,26.0,72.0,40,UC,PDXTRANS
NE 160TH AVE,12,4282.8,0.811,50.1,50.0,49.7,53.9,12,11,29.3,24.0,32.0,4,UL,PDXTRANS
NE 160TH DR,3,727.2,0.138,50.0,50.0,50.0,50.1,3,2,32.0,32.0,32.0,3,UL,PDXTRANS
NE 160TH PL,1,172.4,0.033,80.5,196.0,80.5,80.5,1,0,28.0,28.0,28.0,1,UL,PDXTRANS
NE 161ST AVE,3,1088.6,0.206,42.9,24.0,24.0,50.0,2,1,24.2,14.0,28.0,2,UL,PRIVATE
NE 162ND AVE,7,2449.0,0.464,98.2,119.0,70.0,123.7,7,3,27.3,26.0,30.0,3,UMiA,PDXTRANS
NE 163RD PL,2,387.4,0.073,40.0,40.0,40.0,40.1,2,1,26.0,26.0,26.0,2,UL,PDXTRANS
NE 164TH LOOP,1,409.3,0.078,,,,,0,0,,,,0,,
NE 165TH AVE,3,622.6,0.118,40.0,40.0,40.0,40.0,3,2,26.0,26.0,26.0,3,UL,PDXTRANS
NE 165TH LN,2,390.2,0.074,,,,,0,0,,,,0,,
NE 166TH AVE,1,799.9,0.151,62.7,60.0,62.7,62.7,1,0,38.0,38.0,38.0,1,UL,PDXTRANS
NE 16TH AVE,36,15349.3,2.907,60.9,60.0,50.0,84.1,35,33,34.1,28.0,60.0,33,UL,PDXTRANS
NE 16TH AVE-I84 FWY RAMP,1,1179.5,0.223,132.0,129.0,132.0,132.0,1,0,,,,0,,
NE 16TH CT,1,125.0,0.024,39.8,40.0,39.8,39.8,1,0,26.0,26.0,26.0,1,UL,PDXTRANS
NE 16TH DR,4,1484.9,0.281,63.1,51.0,63.1,63.1,1,0,38.2,38.2,38.2,1,UMiA,PDXTRANS
NE 16TH DR-13TH AVE RAMP,1,88.5,0.017,,,,,0,0,,,,0,,
NE 17TH AVE,48,18450.6,3.494,63.9,50.0,39.9,80.0,47,42,33.8,24.0,40.0,45,UL,PDXTRANS
NE 185TH DR,8,3505.8,0.664,67.0,66.0,65.1,71.6,7,3,,,,0,,
NE 18TH AVE,41,15598.2,2.954,56.2,60.0,22.8,161.7,40,37,29.8,18.0,36.0,37,UL,PDXTRANS
NE 19TH AVE,44,15722.0,2.978,55.2,60.0,10.0,169.6,42,40,28.8,9.0,36.0,39,UL,PDXTRANS
NE 1ST AVE,8,2740.6,0.519,92.7,60.0,45.0,162.2,6,6,33.5,22.8,36.0,7,UL,PDXTRANS
NE 1ST PL,1,272.5,0.052,45.0,45.0,45.0,45.0,1,1,28.0,28.0,28.0,1,UL,PRIVATE
NE 20TH AVE,31,11745.7,2.225,57.0,60.0,40.0,149.3,31,27,29.9,24.0,40.0,30,UL,PDXTRANS
NE 21ST AVE,52,16496.4,3.124,69.5,80.0,16.7,268.6,47,35,34.2,12.0,48.0,41,UL,PDXTRANS
NE 22ND AVE,54,18240.8,3.455,58.2,60.0,50.0,169.5,52,48,30.9,24.0,36.0,49,UL,PDXTRANS
NE 23RD AVE,33,14055.4,2.662,57.2,60.0,50.0,60.1,32,32,27.9,24.0,30.0,30,UL,PDXTRANS
NE 24TH AVE,50,17265.2,3.27,64.9,60.0,48.9,258.5,49,41,31.6,24.0,36.0,43,UL,PDXTRANS
NE 25TH AVE,35,13766.8,2.607,58.0,60.0,50.0,61.0,34,32,29.5,24.0,36.0,32,UL,PDXTRANS
NE 26TH AVE,43,15564.0,2.948,56.1,50.0,50.0,198.7,40,37,28.6,24.0,32.0,35,UL,PDXTRANS
NE 27TH AVE,43,15153.0,2.87,56.0,60.0,49.7,110.2,42,38,28.4,24.0,36.0,38,UL,PDXTRANS
NE 28TH AVE,57,15540.7,2.943,58.1,60.0,49.1,180.9,52,43,30.3,28.0,36.0,38,UL,PDXTRANS
NE 29TH AVE,40,13959.0,2.644,57.4,60.0,37.4,227.4,38,32,29.3,21.0,44.0,36,UL,PDXTRANS
NE 2ND AVE,16,3943.0,0.747,58.9,60.0,45.0,106.5,16,12,32.1,20.0,52.0,8,UL,PDXTRANS
NE 30TH AVE,40,14534.2,2.753,58.0,60.0,44.1,169.6,38,34,30.0,24.0,44.0,35,UL,PDXTRANS
NE 31ST AVE,39,13836.0,2.62,58.0,60.0,49.8,60.0,38,31,29.2,26.0,36.0,33,UL,PDXTRANS
NE 32ND AVE,41,15012.5,2.843,60.9,60.0,59.1,92.7,40,32,29.3,28.0,36.0,35,UL,PDXTRANS
NE 32ND CT,2,1116.6,0.211,40.0,40.0,40.0,40.0,2,2,24.0,24.0,24.0,2,UL,PDXTRANS
NE 32ND PL,26,11356.6,2.151,57.7,60.0,40.0,60.0,25,23,28.6,24.0,36.0,23,UL,PDXTRANS
NE 32ND WAY,1,193.3,0.037,,,,,0,0,,,,0,,
NE 33RD AVE,59,16256.7,3.079,63.0,60.0,59.0,154.3,50,42,36.2,28.0,52.0,33,UMiA,PDXTRANS
NE 33RD AVE-COLUMBIA BLVD RAMP,7,1372.2,0.26,172.4,111.0,104.9,300.4,6,0,,,,0,,
NE 33RD AVE-I84 FWY RAMP,2,894.2,0.169,314.5,315.0,314.5,314.5,1,0,,,,0,,
NE 33RD AVE-LOMBARD ST RAMP,1,353.9,0.067,157.8,98.0,157.8,157.8,1,0,22.0,22.0,22.0,1,UL,ODOT
NE 33RD DR,17,10153.0,1.923,105.4,80.0,60.1,304.8,15,7,57.9,22.0,78.0,9,UMiA,PDXTRANS
NE 33RD DR-COLUMBIA BLVD RAMP,3,1150.4,0.218,98.2,123.0,98.2,98.2,1,0,,,,0,,
NE 33RD PL,1,403.0,0.076,50.0,50.0,50.0,50.0,1,1,30.0,30.0,30.0,1,UL,PDXTRANS
NE 34TH AVE,21,8920.7,1.69,59.3,60.0,34.0,365.1,21,20,27.9,24.0,36.0,18,UL,PDXTRANS
NE 35TH AVE,27,10549.5,1.998,59.3,60.0,50.0,63.4,26,23,28.1,24.0,36.0,25,UL,PDXTRANS
NE 35TH PL,22,9025.6,1.709,59.0,60.0,50.0,60.2,21,20,27.7,24.0,30.0,18,UL,PDXTRANS
NE 36TH AVE,33,11764.4,2.228,57.1,60.0,40.0,60.3,32,28,27.9,24.0,36.0,25,UL,PDXTRANS
NE 37TH AVE,34,13745.5,2.603,54.4,60.0,27.5,63.5,34,24,28.9,10.0,42.0,30,UL,PDXTRANS
NE 38TH AVE,22,10702.8,2.027,56.4,60.0,30.0,124.3,22,15,26.5,24.0,30.0,21,UL,PDXTRANS
NE 38TH PL,1,267.7,0.051,50.0,50.0,50.0,50.0,1,0,36.0,36.0,36.0,1,UL,PDXTRANS
NE 3RD AVE,13,3094.5,0.586,61.7,60.0,50.4,84.7,13,11,36.8,29.7,40.0,10,UL,PDXTRANS
NE 40TH AVE,19,8185.1,1.55,56.4,60.0,18.0,60.0,18,14,27.8,18.0,45.0,17,UL,PDXTRANS
NE 41ST AVE,34,12854.4,2.435,59.8,60.0,49.0,201.3,34,23,29.5,24.0,44.0,30,UL,PDXTRANS
NE 41ST PL,1,291.6,0.055,25.1,25.0,25.1,25.1,1,0,16.0,16.0,16.0,1,UL,PDXTRANS
NE 42ND AVE,53,16629.4,3.15,68.1,60.0,45.1,305.2,51,27,36.1,26.0,44.8,36,UC,PDXTRANS
NE 43RD AVE,20,8387.5,1.589,60.2,60.0,50.0,75.7,20,10,29.1,22.0,44.0,17,UL,PDXTRANS
NE 44TH AVE,21,7848.3,1.486,58.6,60.0,55.0,63.5,21,14,33.4,24.0,45.0,20,UL,PDXTRANS
NE 45TH AVE,20,8567.8,1.623,60.1,60.0,50.0,169.4,19,13,28.6,20.0,40.0,16,UL,PDXTRANS
NE 45TH PL,1,223.9,0.042,30.0,30.0,30.0,30.0,1,0,24.0,24.0,24.0,1,UL,PDXTRANS
NE 46TH AVE,16,7782.2,1.474,55.7,60.0,48.0,60.0,15,13,25.4,24.0,28.0,13,UL,PDXTRANS
NE 46TH PL,2,804.9,0.152,31.1,25.0,25.0,40.0,2,2,26.4,24.0,30.0,2,UL,PDXTRANS
NE 47TH AVE,56,17970.8,3.404,62.7,60.0,45.8,391.5,49,36,31.1,24.0,46.0,33,UL,PDXTRANS
NE 47TH PL,2,460.3,0.087,36.2,31.0,31.4,38.6,2,0,20.0,20.0,20.0,1,UL,PDXTRANS
NE 48TH AVE,20,7545.9,1.429,58.5,60.0,30.0,221.8,20,13,26.0,18.0,42.0,16,UL,PDXTRANS
NE 48TH PL,1,279.8,0.053,,,,,0,0,,,,0,,
NE 49TH AVE,31,9785.4,1.853,58.6,60.0,16.0,159.3,30,24,26.6,20.0,40.0,28,UL,PDXTRANS
NE 4TH AVE,5,1772.9,0.336,49.9,50.0,49.9,49.9,5,5,25.2,25.2,25.2,1,UL,PRIVATE
NE 50TH AVE,17,6773.6,1.283,56.8,60.0,39.9,60.8,17,14,25.1,20.0,34.0,16,UL,PDXTRANS
NE 50TH PL,2,561.4,0.106,25.0,25.0,25.0,25.0,1,1,20.0,20.0,20.0,1,UL,PRIVATE
NE 51ST AVE,16,6302.6,1.194,58.6,60.0,50.0,60.0,16,13,24.5,22.0,28.0,14,UL,PDXTRANS
NE 52ND AVE,39,12710.2,2.407,53.2,50.0,30.0,60.2,39,31,25.9,20.0,32.0,31,UL,PDXTRANS
NE 53RD AVE,29,9278.3,1.757,56.1,60.0,40.8,60.0,24,20,26.4,24.0,36.0,23,UC,PDXTRANS
NE 53RD CT,1,220.9,0.042,,,,,0,0,,,,0,,
NE 53RD PL,1,191.0,0.036,,,,,0,0,,,,0,,
NE 54TH AVE,16,6915.5,1.31,59.0,60.0,50.0,178.3,16,13,25.0,21.0,32.0,14,UL,PDXTRANS
NE 55TH AVE,41,12660.1,2.398,52.8,50.0,14.6,71.5,39,30,27.3,12.0,45.0,26,UL,PDXTRANS
NE 56TH AVE,18,6745.2,1.277,56.1,60.0,43.5,60.0,16,12,25.0,24.0,28.0,16,UL,PDXTRANS
NE 57TH AVE,39,12630.8,2.392,59.7,60.0,43.5,76.1,35,26,37.5,21.0,66.0,28,UC,PDXTRANS
NE 58TH AVE,20,7839.3,1.485,57.5,60.0,40.0,121.4,19,15,26.1,24.0,36.0,19,UL,PDXTRANS
NE 58TH CT,1,258.5,0.049,12.0,12.0,12.0,12.0,1,1,10.0,10.0,10.0,1,UL,PRIVATE
NE 59TH AVE,17,7976.5,1.511,56.5,60.0,40.0,60.5,17,13,25.0,24.0,34.0,17,UL,PDXTRANS
NE 59TH PL,4,1199.2,0.227,59.8,60.0,59.7,59.9,4,3,,,,0,,
NE 5TH AVE,5,525.5,0.1,49.9,50.0,49.9,49.9,4,4,,,,0,,
NE 60TH AVE,44,14115.4,2.673,61.1,60.0,50.2,431.7,41,32,30.6,24.0,46.0,34,UC,PDXTRANS
NE 61ST AVE,26,9423.6,1.785,57.9,60.0,40.0,164.4,26,22,24.9,12.0,36.0,25,UL,PDXTRANS
NE 61ST PL,1,398.7,0.076,50.0,50.0,50.0,50.0,1,1,26.0,26.0,26.0,1,UL,PDXTRANS
NE 62ND AVE,32,10180.2,1.928,60.3,60.0,49.9,105.6,32,29,26.0,13.0,36.0,24,UL,PDXTRANS
NE 63RD AVE,31,12291.7,2.328,57.9,60.0,50.0,60.2,31,27,27.1,19.0,36.0,27,UL,PDXTRANS
NE 64TH AVE,17,7716.6,1.461,62.3,60.0,60.0,214.4,17,15,27.6,24.0,36.0,17,UL,PDXTRANS
NE 65TH AVE,26,9868.7,1.869,60.4,60.0,58.2,122.3,23,19,27.0,24.0,36.0,21,UL,PDXTRANS
NE 66TH AVE,19,9285.2,1.759,55.1,60.0,34.0,60.0,19,17,28.8,24.0,50.0,19,UL,PDXTRANS
NE 66TH PL,1,287.7,0.054,50.1,50.0,50.1,50.1,1,1,36.0,36.0,36.0,1,UL,PDXTRANS
NE 67TH AVE,20,7931.6,1.502,59.9,60.0,50.0,63.7,20,16,27.3,24.0,36.0,18,UL,PDXTRANS
NE 68TH AVE,26,10202.9,1.932,59.6,60.0,49.1,182.7,24,17,25.6,24.0,32.0,19,UL,PDXTRANS
NE 69TH AVE,16,7171.9,1.358,58.4,60.0,50.2,60.5,16,14,26.3,24.0,28.0,15,UL,PDXTRANS
NE 6TH AVE,44,12906.0,2.444,56.6,60.0,50.0,70.2,42,41,34.2,28.0,54.0,38,UL,PDXTRANS
NE 6TH DR,4,2762.7,0.523,50.8,50.0,50.0,52.1,4,2,23.7,23.0,24.0,4,UC,PDXTRANS
NE 6TH PL,1,483.8,0.092,,,,,0,0,,,,0,,
NE 70TH AVE,30,9604.9,1.819,57.6,60.0,50.0,60.6,30,24,27.9,24.0,40.0,23,UL,PDXTRANS
NE 71ST AVE,22,7560.9,1.432,56.5,56.0,50.0,60.0,22,21,27.0,18.0,36.0,20,UL,PDXTRANS
NE 72ND AVE,41,15921.5,3.015,88.8,60.0,40.0,167.4,41,37,27.7,20.0,48.0,23,UL,PDXTRANS
NE 72ND DR,2,2140.1,0.405,50.0,50.0,50.0,50.0,2,1,,,,0,,
NE 73RD AVE,23,10760.3,2.038,55.4,60.0,49.5,60.0,23,18,27.0,22.0,36.0,23,UL,PDXTRANS
NE 74TH AVE,28,11269.9,2.134,54.2,60.0,19.9,60.0,23,21,27.7,24.0,36.0,21,UL,PDXTRANS
NE 75TH AVE,24,11078.8,2.098,55.9,60.0,49.9,60.0,23,22,26.8,14.0,36.0,21,UL,PDXTRANS
NE 76TH AVE,28,11696.1,2.215,56.8,60.0,29.8,182.4,25,21,24.9,16.0,30.0,25,UL,PDXTRANS
NE 77TH AVE,23,9098.0,1.723,57.0,60.0,47.4,63.3,23,19,26.2,14.0,34.0,21,UL,PDXTRANS
NE 77TH PL,2,821.9,0.156,49.9,50.0,49.8,49.9,2,1,25.1,24.0,30.0,2,UL,PDXTRANS
NE 78TH AVE,25,10962.7,2.076,59.4,60.0,49.9,191.7,25,20,28.9,24.0,36.0,23,UL,PDXTRANS
NE 78TH CT,2,1327.9,0.251,60.0,60.0,60.0,60.1,2,0,45.0,45.0,45.0,2,UL,PRIVATE
NE 78TH PL,1,1380.6,0.261,50.0,50.0,50.0,50.0,1,0,26.0,26.0,26.0,1,UL,PDXTRANS
NE 79TH AVE,20,9975.7,1.889,55.5,60.0,42.6,154.5,20,18,27.1,20.0,30.0,19,UL,PDXTRANS
NE 79TH CT,1,852.0,0.161,60.0,60.0,60.0,60.0,1,0,45.0,45.0,45.0,1,UL,PRIVATE
NE 7TH AVE,56,16390.5,3.104,64.0,78.0,50.0,89.3,53,50,35.0,30.0,48.0,45,UC,PDXTRANS
NE 7TH PL,1,441.0,0.084,46.6,47.0,46.6,46.6,1,1,28.0,28.0,28.0,1,UL,PDXTRANS
NE 80TH AVE,25,11664.7,2.209,57.5,60.0,49.8,60.0,25,22,27.9,24.0,36.0,20,UL,PDXTRANS
NE 81ST AVE,21,8953.7,1.696,56.8,60.0,49.2,62.5,21,14,27.9,24.0,40.0,18,UL,PDXTRANS
NE 82ND AVE,67,26566.5,5.032,132.1,80.0,66.7,275.0,55,26,59.4,56.0,75.5,34,UPAO,PDXTRANS
NE 82ND AVE FRONTAGE RD,4,2414.9,0.457,199.6,203.0,179.0,207.0,4,1,29.9,22.0,32.0,3,UL,PDXTRANS
NE 82ND AVE-82ND AVE RAMP,3,1525.5,0.289,330.8,343.0,316.6,342.5,3,0,55.8,27.0,66.0,2,UPAO,ODOT
NE 82ND AVE-COLUMBIA BLVD RAMP,2,2161.6,0.409,186.5,266.0,186.5,186.5,1,0,26.4,26.0,26.8,2,UPAO,ODOT
NE 82ND WAY,4,917.7,0.174,,,,,0,0,,,,0,,
NE 82ND WAY-AIRPORT WAY RAMP,2,766.1,0.145,,,,,0,0,,,,0,,
NE 83RD AVE,8,4044.7,0.766,64.2,50.0,50.0,262.5,8,7,27.7,20.0,32.0,8,UL,PDXTRANS
NE 84TH AVE,20,6410.7,1.214,59.3,50.0,46.9,168.8,18,12,28.0,20.0,32.0,15,UL,PDXTRANS
NE 85TH AVE,8,3452.0,0.654,52.4,50.0,50.0,60.6,8,5,28.5,24.0,32.0,8,UL,PDXTRANS
NE 86TH AVE,20,6504.2,1.232,52.0,50.0,44.3,60.0,19,13,26.5,16.0,32.0,18,UL,PDXTRANS
NE 87TH AVE,28,7646.6,1.448,53.7,50.0,48.1,132.3,28,22,32.4,28.0,44.0,20,UL,PDXTRANS
NE 87TH PL,4,1276.3,0.242,49.9,50.0,49.9,50.0,4,4,28.0,28.0,28.0,4,UL,PDXTRANS
NE 88TH AVE,18,5363.6,1.016,55.5,50.0,50.0,88.1,18,16,25.4,14.0,32.0,14,UL,PDXTRANS
NE 88TH PL,1,345.1,0.065,50.0,50.0,50.0,50.0,1,0,28.0,28.0,28.0,1,UL,PDXTRANS
NE 89TH AVE,17,5354.9,1.014,50.0,50.0,49.6,51.2,17,14,24.0,10.0,30.0,14,UL,PDXTRANS
NE 8TH AVE,44,14738.5,2.791,56.0,60.0,40.0,111.2,43,40,32.1,24.0,50.0,37,UL,PDXTRANS
NE 90TH AVE,34,7545.6,1.429,55.0,60.0,39.9,75.6,32,26,26.0,16.0,36.0,16,UL,PDXTRANS
NE 91ST AVE,23,6844.1,1.296,49.4,50.0,30.0,121.6,22,14,24.5,16.0,40.0,16,UL,PDXTRANS
NE 92ND AVE,28,8796.7,1.666,62.1,60.0,25.1,416.9,28,17,31.2,25.0,50.0,16,UC,PDXTRANS
NE 92ND DR,8,3027.7,0.573,90.4,55.0,55.0,364.7,7,1,32.8,32.0,34.0,4,UC,PDXTRANS
NE 92ND PL,4,1327.3,0.251,50.0,50.0,50.0,50.0,4,4,27.5,26.0,28.0,2,UL,PDXTRANS
NE 93RD AVE,4,1657.3,0.314,42.8,40.0,39.5,46.0,4,1,27.8,20.0,30.0,4,UL,PDXTRANS
NE 94TH AVE,4,2640.7,0.5,46.0,40.0,40.0,50.0,4,1,24.0,22.0,28.0,4,UL,PDXTRANS
NE 95TH AVE,2,878.4,0.166,59.5,59.0,59.4,59.7,2,1,32.7,32.0,35.0,2,UL,PDXTRANS
NE 95TH PL,1,556.8,0.105,50.0,50.0,50.0,50.0,1,0,28.0,28.0,28.0,1,UL,PDXTRANS
NE 96TH AVE,1,429.0,0.081,60.0,60.0,60.0,60.0,1,1,21.0,21.0,21.0,1,UL,PRIVATE
NE 97TH AVE,10,2542.5,0.482,58.7,60.0,53.0,64.0,6,3,30.7,22.0,32.0,4,UL,PDXTRANS
NE 98TH AVE,1,660.5,0.125,60.0,60.0,60.0,60.0,1,1,16.0,16.0,16.0,1,UL,PRIVATE
NE 99TH AVE,14,5215.7,0.988,62.2,60.0,50.0,92.9,13,6,39.4,28.0,44.0,5,UC,PDXTRANS
NE 9TH AVE,51,16720.3,3.167,59.6,60.0,47.4,194.3,50,43,34.0,28.0,60.0,41,UL,PDXTRANS
NE AINSWORTH CIR,2,2703.9,0.512,61.7,60.0,60.1,64.0,2,0,44.0,44.0,44.0,2,UL,PDXTRANS
NE AINSWORTH CT,2,709.9,0.134,50.0,50.0,50.0,50.0,2,1,28.0,28.0,28.0,2,UL,PDXTRANS
NE AINSWORTH ST,94,25754.8,4.878,92.5,100.0,49.5,100.4,93,87,46.6,20.0,60.0,45,UC,PDXTRANS
NE AIR CARGO CT,1,347.0,0.066,,,,,0,0,,,,0,,
NE AIR CARGO RD,4,3416.3,0.647,,,,,0,0,,,,0,,
NE AIRPORT PERIMETER RD,13,64574.5,12.23,,,,,0,0,,,,0,,
NE AIRPORT WAY,60,50344.4,9.535,115.2,77.0,77.1,287.6,27,3,75.5,72.0,98.0,11,UMiA,PDXTRANS
NE AIRPORT WAY FRONTAGE RD,6,6086.9,1.153,,,,,0,0,,,,0,,
NE AIRPORT WAY FRONTAGE RD-AIRPORT WAY RAMP,1,918.4,0.174,,,,,0,0,,,,0,,
NE AIRPORT WAY-82ND WAY RAMP,3,1495.7,0.283,,,,,0,0,,,,0,,
NE AIRPORT WAY-AIRPORT WAY FRONTAGE RD RAMP,3,1398.5,0.265,,,,,0,0,,,,0,,
NE AIRPORT WAY-I205 FWY RAMP,9,7140.2,1.352,253.8,268.0,170.3,280.5,2,0,,,,0,,
NE AIRPORT WAY-MT HOOD AVE RAMP,7,3671.0,0.695,119.5,67.0,119.5,119.5,1,0,,,,0,,
NE AIRTRANS WAY,6,3168.7,0.6,,,,,0,0,,,,0,,
NE AIRWAY CIR,1,717.6,0.136,,,,,0,0,,,,0,,
NE ALAMEDA DR,1,536.7,0.102,60.1,60.0,60.1,60.1,1,0,28.0,28.0,28.0,1,UL,PDXTRANS
NE ALAMEDA ST,65,18490.3,3.502,80.2,80.0,59.9,200.9,65,35,36.5,28.0,54.0,51,UL,PDXTRANS
NE ALAMEDA TER,3,1139.0,0.216,52.1,50.0,50.1,60.1,3,0,25.3,24.0,28.0,2,UL,PDXTRANS
NE ALBERTA CT,12,5399.3,1.023,51.6,60.0,45.3,60.0,12,10,27.5,18.0,36.0,12,UL,PDXTRANS
NE ALBERTA ST,77,21032.4,3.983,56.4,60.0,40.0,66.0,75,65,28.3,20.0,40.0,56,UC,PDXTRANS
NE ALDERWOOD RD,19,12197.1,2.31,81.4,90.0,60.0,467.1,15,4,43.4,25.6,66.0,6,UC,PDXTRANS
NE ALTON CT,4,1168.6,0.221,50.0,50.0,49.9,50.0,4,4,32.0,32.0,32.0,4,UL,PDXTRANS
NE ALTON ST,8,3007.1,0.57,55.7,50.0,50.0,78.2,8,7,29.5,26.5,32.0,7,UL,PDXTRANS
NE AMBASSADOR PL,1,408.9,0.077,60.0,60.0,60.0,60.0,1,0,42.0,42.0,42.0,1,UL,PDXTRANS
NE ANDRA PL,1,144.8,0.027,40.4,40.0,40.4,40.4,1,0,28.0,28.0,28.0,1,UL,PDXTRANS
NE ARGYLE DR,2,1101.3,0.209,60.1,61.0,59.5,60.7,2,2,41.0,40.0,42.0,2,UC,PRIVATE
NE ARGYLE ST,2,4475.4,0.848,60.0,60.0,60.0,60.2,2,0,40.0,40.0,40.0,1,UC,PDXTRANS
NE ASHANTE DR,1,182.3,0.035,,,,,0,0,,,,0,,
NE ASHLEY ST,4,689.0,0.13,45.3,51.0,40.0,50.6,3,3,30.0,30.0,30.0,2,UL,PDXTRANS
NE BALDWIN ST,3,1095.6,0.208,46.9,50.0,40.0,50.1,3,3,25.7,24.0,28.0,2,UL,PRIVATE
NE BEAKEY ST,2,506.0,0.096,50.0,50.0,50.0,50.0,2,2,30.0,30.0,30.0,1,UL,PDXTRANS
NE BEAUMONT ST,2,598.0,0.113,74.0,153.0,60.0,114.5,2,0,,,,0,,
NE BEECH CT,4,1138.6,0.216,50.3,50.0,49.9,51.1,4,3,31.0,28.0,32.0,4,UL,PDXTRANS
NE BEECH ST,82,23139.9,4.383,55.8,60.0,49.6,104.6,80,77,27.1,12.0,36.0,67,UL,PDXTRANS
NE BELL DR,2,1615.3,0.306,50.0,50.0,50.0,50.0,2,1,26.0,26.0,26.0,2,UL,PRIVATE
NE BELLEVUE AVE,7,1397.7,0.265,66.3,60.0,59.3,147.8,7,5,36.0,36.0,36.0,6,UL,PDXTRANS
NE BENJAMIN AVE,1,478.2,0.091,60.0,60.0,60.0,60.0,1,0,36.0,36.0,36.0,1,UC,PDXTRANS
NE BEYRL TER,3,930.2,0.176,74.3,60.0,60.0,104.0,3,1,29.3,28.0,32.0,3,UL,PDXTRANS
NE BILLINGHER DR,3,874.5,0.166,60.8,60.0,60.0,62.0,3,1,28.0,28.0,28.0,2,UL,PDXTRANS
NE BLUE HERON CT,1,178.3,0.034,40.0,40.0,40.0,40.0,1,0,26.0,26.0,26.0,1,UL,PDXTRANS
NE BLUE HERON DR,4,1607.1,0.304,39.9,40.0,39.7,40.0,4,4,26.0,26.0,26.0,4,UL,PDXTRANS
NE BOEHMER ST,1,930.0,0.176,50.0,50.0,50.0,50.0,1,0,26.0,26.0,26.0,1,UL,PDXTRANS
NE BRAZEE CT,5,2081.8,0.394,47.9,50.0,40.0,50.1,5,4,28.3,24.0,32.0,5,UL,PDXTRANS
NE BRAZEE ST,63,21771.8,4.123,53.3,60.0,24.0,60.5,63,57,27.7,20.0,36.0,61,UL,PDXTRANS
NE BRIDGETON RD,7,3032.5,0.574,45.0,45.0,44.8,45.0,7,5,20.5,20.0,21.0,4,UL,PDXTRANS
NE BROADWAY,86,27611.4,5.229,67.2,80.0,40.0,161.8,80,66,41.4,24.0,60.0,78,UL,PDXTRANS
NE BROADWAY CT,2,494.4,0.094,50.0,50.0,50.0,50.0,1,1,36.0,36.0,36.0,1,UL,PDXTRANS
NE BRYANT CT,1,225.2,0.043,40.0,40.0,40.0,40.0,1,0,28.0,28.0,28.0,1,UL,PDXTRANS
NE BRYANT ST,23,8082.7,1.531,51.7,50.0,18.4,64.8,20,17,27.2,16.0,30.0,17,UL,PDXTRANS
NE BRYCE ST,17,5143.1,0.974,62.3,60.0,50.0,175.0,17,4,26.7,24.0,28.0,11,UL,PDXTRANS
NE BUFFALO ST,15,7396.5,1.401,46.4,60.0,20.0,60.0,15,12,30.3,23.5,36.0,13,UL,PDXTRANS
NE BUXTON ST,3,695.5,0.132,74.9,60.0,60.0,181.3,3,1,36.0,36.0,36.0,2,UL,PDXTRANS
NE CADET AVE,1,1324.9,0.251,50.0,50.0,50.0,50.0,1,0,21.6,21.6,21.6,1,UL,PRIVATE
NE CAMERON BLVD,2,3066.7,0.581,56.1,56.0,56.0,56.1,2,0,40.4,40.4,40.4,1,UL,PDXTRANS
NE CAMPAIGN ST,5,3204.9,0.607,50.0,50.0,50.0,50.0,5,5,28.0,28.0,28.0,5,UL,PDXTRANS
NE CASCADES PKWY,37,11007.7,2.085,68.2,50.0,40.5,126.5,37,12,62.8,58.0,70.0,6,UC,PDXTRANS
NE CENTER COMMONS WAY,2,657.0,0.124,,,,,0,0,,,,0,,
NE CESAR E CHAVEZ BLVD,54,16100.2,3.049,63.2,50.0,50.0,217.0,44,31,33.3,24.0,68.0,37,UL,PDXTRANS
NE CESAR E CHAVEZ BLVD-I84 FWY RAMP,2,1041.8,0.197,281.9,280.0,280.5,282.6,2,1,,,,0,,
NE CHURCH ST,12,4248.7,0.805,50.3,60.0,40.0,82.7,12,9,29.5,24.0,36.0,10,UL,PDXTRANS
NE CLACKAMAS CT,3,403.0,0.076,,,,,0,0,,,,0,,
NE CLACKAMAS ST,50,14668.9,2.778,53.9,50.0,49.0,122.7,50,44,27.2,12.0,42.0,47,UL,PDXTRANS
NE CLAREMONT AVE,5,1064.7,0.202,59.4,60.0,57.9,59.8,5,4,32.4,24.0,36.0,3,UL,PDXTRANS
NE CLEVELAND AVE,22,9542.5,1.807,59.5,60.0,50.0,61.6,22,21,29.9,24.0,36.0,22,UL,PDXTRANS
NE CLIFF ST,1,118.3,0.022,,,,,0,0,,,,0,,
NE COLFAX ST,1,1418.5,0.269,60.0,60.0,60.0,60.0,1,0,44.0,44.0,44.0,1,UL,PDXTRANS
NE COLUMBIA BLVD,60,27381.3,5.186,111.8,70.0,66.8,388.0,51,16,53.7,44.0,70.0,26,UPAO,PDXTRANS
NE COLUMBIA BLVD-33RD AVE RAMP,2,506.4,0.096,130.6,129.0,130.6,130.6,1,0,,,,0,,
NE COLUMBIA BLVD-33RD DR RAMP,2,849.7,0.161,140.3,128.0,130.4,189.0,2,0,16.0,16.0,16.0,1,UMiA,PDXTRANS
NE COLUMBIA BLVD-82ND AVE RAMP,2,2339.2,0.443,185.3,279.0,185.3,185.3,1,0,35.6,24.0,50.6,2,UPAO,ODOT
NE COLUMBIA CT,4,2427.1,0.46,64.8,66.0,60.0,66.5,4,0,19.0,19.0,19.0,1,UC,PDXTRANS
NE COLWOOD WAY,1,1175.9,0.223,50.0,50.0,50.0,50.0,1,0,,,,0,,
NE COOK ST,3,2074.8,0.393,56.3,60.0,50.0,60.0,3,2,29.4,28.0,30.0,3,UL,PDXTRANS
NE CORNFOOT RD,9,7944.5,1.505,64.8,50.0,50.0,96.2,9,6,45.8,28.0,49.7,2,UC,PDXTRANS
NE COUCH CT,5,1568.5,0.297,50.0,50.0,50.0,50.0,4,2,32.0,32.0,32.0,4,UL,PDXTRANS
NE COUCH ST,59,19830.0,3.756,57.3,60.0,21.7,243.5,59,44,30.0,12.0,40.0,46,UL,PDXTRANS
NE COURIER CT,1,1315.7,0.249,,,,,0,0,,,,0,,
NE CRAMER ST,1,381.7,0.072,39.9,40.0,39.9,39.9,1,1,24.0,24.0,24.0,1,UL,PDXTRANS
NE CRANE ST,3,687.2,0.13,29.9,30.0,29.6,30.0,3,3,22.0,22.0,22.0,2,UL,PDXTRANS
NE CRYSTAL LN,2,1431.6,0.271,29.2,40.0,20.0,40.0,2,0,17.6,16.4,19.0,2,UL,PRIVATE
NE CULLY BLVD,21,6855.1,1.298,75.0,80.0,59.9,124.8,21,3,50.9,30.0,66.0,11,UC,PDXTRANS
NE DAVID CIR,1,594.5,0.113,60.0,60.0,60.0,60.0,1,0,40.0,40.0,40.0,1,UL,PDXTRANS
NE DAVIS CT,4,1042.4,0.197,49.8,50.0,45.1,53.0,3,1,27.3,23.3,32.0,3,UL,PDXTRANS
NE DAVIS ST,80,22372.1,4.237,61.8,60.0,32.3,214.7,79,64,29.8,14.0,42.0,61,UL,PDXTRANS
NE DEAN ST,2,849.6,0.161,59.4,60.0,58.5,60.1,2,0,36.0,36.0,36.0,2,UL,PDXTRANS
NE DEKUM ST,36,9270.4,1.756,74.4,60.0,59.6,194.9,36,29,37.7,36.0,40.0,22,UC,PDXTRANS
NE DUDDLESON ST,1,730.2,0.138,50.0,50.0,50.0,50.0,1,0,26.0,26.0,26.0,1,UL,PDXTRANS
NE DUNCKLEY ST,6,2931.5,0.555,60.0,60.0,59.9,60.0,6,3,28.0,28.0,28.0,6,UL,PDXTRANS
NE DURHAM AVE,10,1914.2,0.363,82.3,80.0,78.5,117.7,10,4,41.4,36.0,52.0,6,UL,PDXTRANS
NE DYER ST,2,809.4,0.153,50.0,50.0,50.0,50.0,2,1,26.6,26.0,28.0,2,UL,PDXTRANS
NE EDGEHILL PL,3,869.8,0.165,40.6,40.0,40.1,45.7,3,0,24.0,24.0,24.0,2,UL,PDXTRANS
NE EDGEWATER DR,2,682.7,0.129,40.2,40.0,40.2,40.2,2,2,26.0,26.0,26.0,2,UL,PDXTRANS
NE ELROD DR,2,4180.3,0.792,122.8,60.0,120.2,127.6,2,0,18.7,17.0,19.6,2,UL,PDXTRANS
NE ELROD RD,1,4277.7,0.81,,,,,0,0,,,,0,,
NE EMERSON CT,1,354.0,0.067,40.0,40.0,40.0,40.0,1,0,28.0,28.0,28.0,1,UL,PDXTRANS
NE EMERSON ST,67,17656.4,3.344,49.4,50.0,37.3,62.0,67,64,28.5,24.0,40.0,50,UL,PDXTRANS
NE ERIN WAY,1,773.8,0.147,40.1,40.0,40.1,40.1,1,0,,,,0,,
NE EUCLID AVE,1,867.2,0.164,60.2,60.0,60.2,60.2,1,0,28.0,28.0,28.0,1,UL,PDXTRANS
NE EUGENE CT,3,1234.9,0.234,43.3,50.0,40.0,50.3,3,1,25.6,23.4,32.0,3,UL,PDXTRANS
NE EUGENE ST,18,7880.1,1.492,50.0,50.0,49.8,51.1,18,14,27.1,20.0,36.0,17,UL,PDXTRANS
NE EVERETT CT,5,1439.3,0.273,43.2,50.0,30.0,55.1,5,5,22.5,18.0,32.0,3,UL,PDXTRANS
NE EVERETT ST,53,16006.8,3.032,55.1,60.0,10.5,60.4,51,45,29.2,24.0,36.0,48,UL,PDXTRANS
NE FAILING CT,1,568.4,0.108,50.1,50.0,50.1,50.1,1,0,32.0,32.0,32.0,1,UL,PDXTRANS
NE FAILING ST,59,17378.8,3.291,58.5,60.0,49.9,123.3,58,55,27.3,10.0,36.0,54,UL,PDXTRANS
NE FAIRWAY DR,1,227.8,0.043,40.0,40.0,40.0,40.0,1,1,26.0,26.0,26.0,1,UL,PDXTRANS
NE FALOMA RD,2,2153.8,0.408,61.5,62.0,60.1,61.7,2,0,,,,0,,
NE FARGO CIR,1,738.2,0.14,50.2,50.0,50.2,50.2,1,0,20.0,20.0,20.0,1,UL,PDXTRANS
NE FARGO CT,3,2429.5,0.46,50.0,50.0,50.0,50.1,3,2,26.9,20.0,30.0,3,UL,PDXTRANS
NE FARGO PL,1,162.6,0.031,40.0,40.0,40.0,40.0,1,0,28.0,28.0,28.0,1,UL,PDXTRANS
NE FARGO ST,19,8379.4,1.587,57.4,50.0,50.0,97.2,18,12,30.7,20.0,86.0,9,UL,PDXTRANS
NE FARRAGUT ST,1,456.6,0.086,50.0,50.0,50.0,50.0,1,1,28.0,28.0,28.0,1,UL,PDXTRANS
NE FAZIO WAY,1,1917.0,0.363,60.0,60.0,60.0,60.0,1,0,40.0,40.0,40.0,1,UC,PDXTRANS
NE FIR AVE,1,264.4,0.05,60.0,60.0,60.0,60.0,1,0,28.0,28.0,28.0,1,UL,PDXTRANS
NE FLANDERS CT,1,235.6,0.045,,,,,0,0,,,,0,,
NE FLANDERS ST,57,18240.5,3.455,57.3,60.0,40.0,109.2,56,47,28.2,12.0,48.0,47,UL,PDXTRANS
NE FLORAL PL,9,3471.7,0.658,60.0,60.0,57.0,60.7,9,1,28.0,28.0,28.0,8,UL,PDXTRANS
NE FREMONT CT,14,4584.3,0.868,52.2,50.0,39.8,99.6,14,9,31.5,26.0,33.0,12,UL,PDXTRANS
NE FREMONT DR,11,3257.8,0.617,80.2,80.0,79.9,84.1,11,3,40.0,40.0,40.0,8,UC,PDXTRANS
NE FREMONT ST,163,40676.7,7.704,59.6,60.0,34.9,85.9,159,134,36.9,20.0,48.0,125,UC,PDXTRANS
NE GARFIELD AVE,20,9544.0,1.808,58.7,60.0,50.0,61.4,20,20,30.6,24.0,36.0,20,UL,PDXTRANS
NE GERTZ CIR,3,1186.6,0.225,,,,,0,0,,,,0,,
NE GERTZ CT,3,539.7,0.102,,,,,0,0,,,,0,,
NE GERTZ RD,16,6093.2,1.154,59.7,60.0,49.3,98.8,15,8,25.9,20.0,40.0,7,UC,PDXTRANS
NE GILE TER,1,571.8,0.108,20.0,20.0,20.0,20.0,1,0,20.0,20.0,20.0,1,UL,PDXTRANS
NE GILHAM AVE,1,407.7,0.077,50.0,50.0,50.0,50.0,1,0,30.0,30.0,30.0,1,UL,PDXTRANS
NE GLASS PLANT RD,5,4015.3,0.76,88.0,96.0,88.0,88.0,1,0,,,,0,,
NE GLENDOVEER CT,1,300.6,0.057,,,,,0,0,,,,0,,
NE GLENN WIDING DR,1,3704.4,0.702,60.0,60.0,60.0,60.0,1,0,48.1,48.1,48.1,1,UC,PDXTRANS
NE GLENWOOD DR,8,1401.9,0.266,,,,,0,0,,,,0,,
NE GLISAN ST,148,40889.7,7.744,80.4,80.0,54.8,103.8,139,113,57.6,36.0,77.0,112,UPAO,PDXTRANS
NE GLISAN ST-I205 FWY RAMP,6,3938.1,0.746,,,,,0,0,,,,0,,
NE GLISAN ST-I84 FWY RAMP,5,2322.8,0.44,214.5,90.0,90.6,460.6,3,0,,,,0,,
NE GLISAN ST-STARK ST RAMP,1,1242.7,0.235,,,,,0,0,,,,0,,
NE GOING PL,5,1329.1,0.252,50.0,50.0,50.0,50.1,5,5,20.9,20.0,22.0,5,UL,PDXTRANS
NE GOING ST,95,22549.2,4.271,56.1,60.0,24.0,60.2,95,92,31.8,10.0,36.0,65,UL,PDXTRANS
NE GOLF CT,1,772.4,0.146,30.0,30.0,30.0,30.0,1,1,,,,0,,
NE GRAHAM PL,1,363.6,0.069,30.0,30.0,30.0,30.0,1,1,24.0,24.0,24.0,1,UL,PDXTRANS
NE GRAHAM ST,6,3015.5,0.571,50.6,51.0,40.2,60.8,6,5,30.7,26.0,36.0,4,UL,PDXTRANS
NE GRAND AVE,42,13200.2,2.5,63.5,50.0,50.0,136.5,38,35,37.6,16.0,58.0,35,UL,PDXTRANS
NE GRAND AVE-I84 FWY RAMP,3,814.5,0.154,304.7,310.0,304.7,304.7,1,0,,,,0,,
NE GREEN TEE CT,1,139.4,0.026,,,,,0,0,,,,0,,
NE HALLECK ST,3,1116.4,0.211,50.0,50.0,50.0,50.0,3,3,27.3,20.0,36.0,3,UL,PDXTRANS
NE HALSEY ST,178,42163.7,7.986,83.6,60.0,25.3,229.9,150,107,52.8,20.0,76.0,100,UMiA,PDXTRANS
NE HALSEY ST FRONTAGE RD,2,749.0,0.142,204.8,170.0,204.8,204.8,1,0,,,,0,,
NE HALSEY ST-HALSEY ST RAMP,1,121.6,0.023,,,,,0,0,,,,0,,
NE HALSEY ST-I84 FWY RAMP,3,757.9,0.144,306.7,294.0,298.4,394.5,2,0,,,,0,,
NE HAMBLET ST,3,1426.4,0.27,60.0,60.0,60.0,60.0,3,2,28.0,28.0,28.0,3,UL,PDXTRANS
NE HANCOCK CT,3,763.2,0.145,42.3,50.0,34.0,50.1,3,2,39.9,28.0,50.0,3,UL,PDXTRANS
NE HANCOCK DR,1,1044.7,0.198,49.9,50.0,49.9,49.9,1,0,20.0,20.0,20.0,1,UL,PDXTRANS
NE HANCOCK ST,79,26364.3,4.993,57.0,60.0,49.5,134.1,79,73,29.1,15.0,44.0,74,UL,PDXTRANS
NE HASSALO ST,51,16222.8,3.073,59.7,50.0,45.9,97.6,47,36,31.4,11.0,65.0,39,UL,PDXTRANS
NE HAZELFERN PL,6,4079.0,0.773,60.0,60.0,60.0,60.1,6,2,28.0,28.0,28.0,6,UL,PDXTRANS
NE HIGHLAND CT,1,218.9,0.041,,,,,0,0,,,,0,,
NE HIGHLAND ST,28,6198.1,1.174,52.9,50.0,49.8,60.1,28,27,29.9,28.0,36.0,18,UL,PDXTRANS
NE HILL WAY,2,495.2,0.094,50.0,50.0,50.0,50.0,2,1,28.0,28.0,28.0,2,UL,PDXTRANS
NE HOLLADAY CT,1,290.1,0.055,50.9,51.0,50.9,50.9,1,1,28.0,28.0,28.0,1,UL,PDXTRANS
NE HOLLADAY PL,4,1147.7,0.217,50.2,50.0,50.0,50.9,4,4,25.2,23.0,28.0,4,UL,PDXTRANS
NE HOLLADAY ST,51,15648.8,2.964,66.1,50.0,38.9,274.6,45,37,26.6,12.0,36.0,41,UL,PDXTRANS
NE HOLLAND CT,2,818.4,0.155,29.9,30.0,29.6,30.0,2,2,,,,0,,
NE HOLLAND ST,14,4419.0,0.837,51.8,50.0,25.2,206.4,14,10,30.5,28.0,36.0,9,UL,PDXTRANS
NE HOLLYROOD CT,1,412.0,0.078,49.9,50.0,49.9,49.9,1,1,28.0,28.0,28.0,1,UL,PDXTRANS
NE HOLMAN PL,1,115.2,0.022,,,,,0,0,,,,0,,
NE HOLMAN ST,78,19107.8,3.619,56.5,60.0,30.2,133.4,77,65,28.3,14.0,45.0,52,UL,PDXTRANS
NE HOYT ST,45,12574.6,2.382,75.3,50.0,20.4,275.3,38,26,27.2,14.0,36.0,36,UL,PDXTRANS
NE HUMBOLDT ST,8,3475.1,0.658,42.9,25.0,25.0,50.0,8,6,26.3,18.0,36.0,8,UL,PDXTRANS
NE I205 FWY-AIRPORT WAY RAMP,17,7023.4,1.33,252.4,317.0,212.5,272.6,2,0,,,,0,,
NE I205 FWY-GLISAN ST RAMP,9,3920.6,0.743,,,,,0,0,,,,0,,
NE I205 FWY-I84 FWY RAMP,32,13739.3,2.602,315.5,330.0,294.2,329.8,2,0,,,,0,,
NE I205 FWY-LOMBARD ST RAMP,13,4895.6,0.927,349.4,349.0,349.4,349.4,1,0,,,,0,,
NE I205 FWY-SANDY BLVD RAMP,2,1018.7,0.193,145.2,144.0,145.2,145.2,1,0,,,,0,,
NE I5 FWY-BROADWAY RAMP,4,1471.6,0.279,291.1,303.0,263.5,310.6,2,0,,,,0,,
NE I5 FWY-I84 FWY RAMP,19,4040.0,0.765,294.6,263.0,89.4,455.9,6,0,,,,0,,
NE I5 FWY-MORRISON BR RAMP,1,836.7,0.158,,,,,0,0,,,,0,,
NE I5 FWY-WEIDLER ST RAMP,1,1023.6,0.194,256.7,257.0,256.7,256.7,1,0,,,,0,,
NE I84 FWY-122ND AVE RAMP,1,979.4,0.185,253.0,254.0,253.0,253.0,1,1,,,,0,,
NE I84 FWY-13TH AVE RAMP,1,248.1,0.047,227.0,188.0,227.0,227.0,1,0,,,,0,,
NE I84 FWY-33RD AVE RAMP,1,781.0,0.148,318.2,316.0,318.2,318.2,1,0,,,,0,,
NE I84 FWY-43RD AVE RAMP,5,1645.7,0.312,272.7,288.0,253.8,312.8,4,1,,,,0,,
NE I84 FWY-68TH AVE RAMP,1,177.5,0.034,186.5,223.0,186.5,186.5,1,0,,,,0,,
NE I84 FWY-99TH AVE RAMP,1,361.4,0.068,145.5,146.0,145.5,145.5,1,0,,,,0,,
NE I84 FWY-CESAR E CHAVEZ BLVD RAMP,2,1010.6,0.191,272.2,223.0,222.8,285.5,2,0,,,,0,,
NE I84 FWY-FARGO ST RAMP,2,1080.0,0.205,268.0,330.0,268.0,268.0,1,0,,,,0,,
NE I84 FWY-GLISAN ST RAMP,2,1643.9,0.311,110.7,90.0,110.7,110.7,1,0,,,,0,,
NE I84 FWY-HALSEY ST RAMP,12,2345.1,0.444,203.5,230.0,80.8,248.3,3,0,,,,0,,
NE I84 FWY-HOLLADAY ST RAMP,2,1166.2,0.221,146.7,160.0,146.7,146.7,1,0,,,,0,,
NE I84 FWY-I205 FWY RAMP,26,11663.7,2.209,318.3,281.0,318.3,318.3,1,0,,,,0,,
NE I84 FWY-I5 FWY RAMP,13,3857.2,0.731,302.0,160.0,160.2,416.7,6,0,,,,0,,
NE I84 FWY-LLOYD BLVD RAMP,4,1791.3,0.339,301.3,91.0,90.9,351.3,2,0,42.0,42.0,42.0,1,UFEO,PDXTRANS
NE I84 FWY-MULTNOMAH ST RAMP,2,876.2,0.166,283.9,288.0,283.9,283.9,1,0,,,,0,,
NE IMPERIAL AVE,8,2114.3,0.4,60.0,60.0,60.0,60.0,8,4,28.0,28.0,28.0,8,UL,PDXTRANS
NE INVERNESS DR,1,1005.7,0.19,135.8,133.0,135.8,135.8,1,0,32.0,32.0,32.0,1,UL,PDXTRANS
NE IRVING ST,36,11248.3,2.13,53.3,50.0,37.0,69.4,33,22,30.6,15.0,44.0,30,UL,PDXTRANS
NE IVY ST,3,2075.8,0.393,54.0,53.0,50.0,60.0,3,2,32.6,30.0,36.0,3,UL,PDXTRANS
NE JARRETT ST,56,11948.5,2.263,57.1,60.0,49.3,60.0,54,50,29.4,24.0,38.0,33,UL,PDXTRANS
NE JEANETTE CT,1,232.3,0.044,,,,,0,0,,,,0,,
NE JESSUP CT,1,158.2,0.03,,,,,0,0,,,,0,,
NE JESSUP ST,24,6150.4,1.165,50.1,50.0,40.0,60.0,24,21,27.3,24.0,32.0,17,UL,PDXTRANS
NE JEWELL ST,2,426.6,0.081,49.8,50.0,49.8,49.9,2,2,32.0,32.0,32.0,2,UL,PDXTRANS
NE JONESMORE ST,5,1948.4,0.369,88.4,178.0,70.0,177.6,2,1,28.0,28.0,28.0,3,UL,PDXTRANS
NE JUNIOR ST,4,2106.6,0.399,50.0,50.0,50.0,50.0,4,4,29.6,28.0,30.0,4,UL,PDXTRANS
NE KILLINGSWORTH CT,4,1355.8,0.257,54.8,50.0,50.0,64.0,4,4,30.5,30.0,32.0,3,UL,PDXTRANS
NE KILLINGSWORTH ST,104,20048.9,3.797,71.0,60.0,54.4,130.1,103,90,45.7,36.0,68.0,54,UMiA,PDXTRANS
NE KILPATRICK ST,2,710.9,0.135,50.0,50.0,50.0,50.0,2,2,28.0,28.0,28.0,2,UL,PRIVATE
NE KLICKITAT CT,2,1341.3,0.254,49.9,50.0,49.9,50.0,2,2,32.0,32.0,32.0,2,UL,PDXTRANS
NE KLICKITAT ST,83,23910.0,4.528,58.5,60.0,19.9,193.5,78,72,26.3,18.0,36.0,74,UL,PDXTRANS
NE KNOTT CT,2,662.2,0.125,50.0,50.0,50.0,50.0,2,1,32.0,32.0,32.0,2,UL,PDXTRANS
NE KNOTT ST,59,22608.9,4.282,61.1,80.0,44.0,80.5,59,57,30.6,24.0,36.0,54,UC,PDXTRANS
NE LADDINGTON CT,8,2821.1,0.534,60.0,60.0,60.0,60.2,8,3,28.0,28.0,28.0,6,UL,PDXTRANS
NE LAS BRISAS CT,1,113.3,0.021,40.2,40.0,40.2,40.2,1,1,26.0,26.0,26.0,1,UL,PDXTRANS
NE LAURELHURST PL,10,4418.8,0.837,60.1,60.0,59.6,60.8,10,6,28.0,28.0,28.0,10,UL,PDXTRANS
NE LAWRENCE AVE,3,758.0,0.144,60.0,60.0,60.0,60.0,3,2,27.4,24.0,34.0,3,UL,PDXTRANS
NE LEBECK LN,1,424.2,0.08,,,,,0,0,,,,0,,
NE LENORE ST,2,824.9,0.156,60.1,60.0,60.0,60.1,2,1,36.0,36.0,36.0,2,UL,PDXTRANS
NE LEVEE RD,3,1258.9,0.238,50.0,50.0,49.4,50.2,3,3,17.1,14.0,20.0,2,UL,PDXTRANS
NE LIBERTY CT,1,175.5,0.033,50.1,50.0,50.1,50.1,1,0,,,,0,,
NE LIBERTY ST,19,5689.2,1.078,51.6,50.0,50.0,60.0,19,18,30.5,28.0,36.0,14,UL,PDXTRANS
NE LIBERTY TER,2,652.6,0.124,50.1,50.0,50.0,50.3,2,0,28.0,28.0,28.0,2,UL,PDXTRANS
NE LIJA LOOP,3,1284.5,0.243,35.0,35.0,35.0,35.1,3,0,20.0,20.0,20.0,1,UL,PDXTRANS
NE LLOYD BLVD,15,4195.6,0.795,94.4,252.0,54.9,180.4,4,0,58.2,28.0,84.0,4,UMiA,PDXTRANS
NE LOMBARD CT,5,2945.9,0.558,85.2,80.0,50.0,210.2,5,3,28.0,28.0,28.0,1,UL,PDXTRANS
NE LOMBARD ST,62,29965.4,5.675,172.7,100.0,79.8,386.5,47,13,65.7,50.0,72.0,13,UPAO,ODOT
NE LOMBARD ST-33RD AVE RAMP,2,368.9,0.07,,,,,0,0,22.0,22.0,22.0,1,UL,ODOT
NE LOMBARD ST-42ND AVE RAMP,4,1597.4,0.303,187.6,204.0,138.6,243.0,2,0,24.5,16.0,29.0,3,UC,ODOT
NE LOMBARD ST-I205 FWY RAMP,1,1208.1,0.229,,,,,0,0,,,,0,,
NE MADRONA ST,5,1177.1,0.223,65.1,75.0,59.4,75.4,5,1,36.0,36.0,36.0,3,UL,PDXTRANS
NE MAGDA LN,1,282.0,0.053,,,,,0,0,,,,0,,
NE MALLORY AVE,29,11571.2,2.192,57.3,50.0,50.0,67.9,29,25,29.5,20.6,36.0,26,UL,PDXTRANS
NE MALTBY ST,2,260.0,0.049,50.0,50.0,50.0,50.0,2,2,30.0,30.0,30.0,1,UL,PDXTRANS
NE MARINE DR,22,53761.3,10.182,82.3,60.0,59.8,260.2,17,7,36.8,34.0,41.2,8,UC,PDXTRANS
NE MARINERS LOOP,4,2384.6,0.452,,,,,0,0,,,,0,,
NE MARTIN LUTHER KING JR BLVD,109,28799.7,5.454,99.1,80.0,78.2,328.4,98,66,57.8,48.0,68.0,58,UPAO,PDXTRANS
NE MARTIN LUTHER KING JR BLVD-VANCOUVER WAY RAMP,1,386.5,0.073,382.6,305.0,382.6,382.6,1,0,,,,0,,
NE MARX DR,3,2002.5,0.379,60.0,60.0,60.0,60.0,3,3,44.0,44.0,44.0,2,UL,PRIVATE
NE MARX PL,1,410.0,0.078,41.0,41.0,41.0,41.0,1,0,20.0,20.0,20.0,1,UL,PRIVATE
NE MARX ST,8,6970.3,1.32,74.9,80.0,60.0,80.1,8,4,41.1,20.5,64.0,7,UC,PDXTRANS
NE MARY OLSON WAY,2,1974.8,0.374,,,,,0,0,,,,0,,
NE MASON CT,2,821.8,0.156,53.2,50.0,50.0,65.7,2,1,28.0,26.0,36.0,2,UL,PDXTRANS
NE MASON ST,71,25908.4,4.907,58.1,60.0,40.1,104.3,71,57,30.7,12.0,48.0,65,UL,PDXTRANS
NE MATHISON PL,1,409.5,0.078,49.9,50.0,49.9,49.9,1,1,28.0,28.0,28.0,1,UL,PDXTRANS
NE MCCONNELL RD,1,822.0,0.156,208.6,209.0,208.6,208.6,1,0,,,,0,,
NE MEADOW DR,2,2114.3,0.4,50.0,50.0,49.9,50.2,2,0,24.0,24.0,24.0,2,UL,PDXTRANS
NE MEIKLE PL,1,558.5,0.106,60.0,60.0,60.0,60.0,1,0,28.0,28.0,28.0,1,UL,PDXTRANS
NE MERGES DR,3,962.7,0.182,44.3,40.0,40.0,56.0,3,1,28.0,28.0,28.0,2,UL,PDXTRANS
NE MICHAEL CT,1,128.6,0.024,,,,,0,0,,,,0,,
NE MIDDLEFIELD RD,1,1605.5,0.304,60.0,60.0,60.0,60.0,1,1,44.7,44.7,44.7,1,UC,PDXTRANS
NE MILTON CT,3,420.6,0.08,50.9,50.0,50.0,54.9,3,1,32.8,32.0,36.0,3,UL,PDXTRANS
NE MILTON PL,3,567.0,0.107,50.6,51.0,50.5,50.8,2,2,32.0,32.0,32.0,2,UL,PDXTRANS
NE MILTON ST,16,5995.2,1.135,52.2,50.0,48.0,98.2,16,10,30.3,24.0,32.0,13,UL,PDXTRANS
NE MIRIMAR PL,3,915.7,0.173,60.0,60.0,60.0,60.0,3,1,28.0,28.0,28.0,3,UL,PDXTRANS
NE MONROE ST,3,2071.0,0.392,60.4,60.0,60.0,61.1,3,3,36.0,36.0,36.0,3,UL,PDXTRANS
NE MORGAN ST,20,5732.8,1.086,54.4,50.0,50.0,60.0,20,19,28.8,28.0,30.0,13,UL,PDXTRANS
NE MORRIS CT,9,2327.4,0.441,54.3,50.0,50.0,122.2,8,2,31.7,30.0,32.0,6,UL,PDXTRANS
NE MORRIS PL,1,169.8,0.032,40.0,40.0,40.0,40.0,1,0,28.0,28.0,28.0,1,UL,PDXTRANS
NE MORRIS ST,23,12903.0,2.444,53.1,50.0,49.8,61.0,22,18,28.4,16.0,36.0,20,UL,PDXTRANS
NE MORTON ST,2,592.9,0.112,60.3,60.0,60.3,60.4,2,1,36.0,36.0,36.0,2,UL,PDXTRANS
NE MT HOOD AVE,17,2257.3,0.428,135.1,171.0,132.6,142.3,2,0,,,,0,,
NE MT HOOD AVE-AIRPORT WAY RAMP,3,1415.1,0.268,172.9,179.0,172.9,172.9,1,0,,,,0,,
NE MT ST HELENS AVE,5,2145.5,0.406,59.5,39.0,39.0,71.0,5,0,,,,0,,
NE MULTNOMAH ST,62,20958.1,3.969,60.4,50.0,48.8,119.2,59,48,32.8,12.0,60.0,55,UL,PDXTRANS
NE NEWPORT ST,2,823.4,0.156,50.1,50.0,50.1,50.1,2,1,32.0,32.0,32.0,2,UL,PDXTRANS
NE NICOLE PL,1,196.1,0.037,,,,,0,0,,,,0,,
NE ONEONTA ST,3,1078.8,0.204,60.0,60.0,59.5,61.9,3,2,36.0,36.0,36.0,3,UL,PDXTRANS
NE OREGON ST,68,18116.7,3.431,54.0,50.0,39.0,115.1,63,52,27.0,13.0,46.0,54,UL,PDXTRANS
NE PACIFIC CT,1,536.4,0.102,48.2,48.0,48.2,48.2,1,0,28.0,28.0,28.0,1,UL,PDXTRANS
NE PACIFIC ST,40,14717.0,2.787,54.1,50.0,25.0,61.7,37,28,29.1,10.0,48.0,37,UL,PDXTRANS
NE PARK LN,2,903.6,0.171,20.0,20.0,20.0,20.0,2,2,16.5,15.0,18.0,2,UL,PDXTRANS
NE PEERLESS PL,8,2074.1,0.393,79.0,60.0,60.0,158.4,8,3,31.9,28.0,48.0,7,UL,PDXTRANS
NE PORTAL WAY,1,783.0,0.148,60.0,60.0,60.0,60.0,1,0,38.0,38.0,38.0,1,UL,PDXTRANS
NE PORTLAND BOULEVARD CT,1,324.6,0.061,50.0,50.0,50.0,50.0,1,1,30.0,30.0,30.0,1,UL,PDXTRANS
NE PRESCOTT CT,2,725.8,0.137,230.6,231.0,230.3,230.9,2,1,31.9,30.0,34.3,2,UL,PDXTRANS
NE PRESCOTT DR,8,2328.6,0.441,60.0,60.0,59.8,60.1,8,8,44.0,44.0,44.0,8,UC,PDXTRANS
NE PRESCOTT ST,121,31251.9,5.919,57.5,60.0,31.2,99.2,113,101,35.5,18.0,44.0,88,UC,PDXTRANS
NE RANDALL AVE,3,647.3,0.123,71.2,60.0,60.0,118.2,3,2,33.1,21.0,36.0,3,UL,PDXTRANS
NE REGENTS DR,14,3641.6,0.69,67.1,60.0,58.3,216.8,14,3,36.0,36.0,36.0,11,UC,PDXTRANS
NE RIDGEWOOD DR,10,2840.1,0.538,62.5,60.0,34.7,100.2,10,2,27.1,24.0,28.0,8,UL,PDXTRANS
NE RIVER POINTE CIR,1,111.2,0.021,40.0,40.0,40.0,40.0,1,1,20.0,20.0,20.0,1,UL,PDXTRANS
NE RIVERSIDE PKWY,2,2509.6,0.475,64.6,66.0,61.7,65.6,2,0,,,,0,,
NE RIVERSIDE WAY,1,2722.3,0.516,60.0,60.0,60.0,60.0,1,1,40.0,40.0,40.0,1,UC,PDXTRANS
NE RIVERVIEW LN,1,133.6,0.025,,,,,0,0,,,,0,,
NE ROCKY BUTTE LN,1,199.3,0.038,40.3,40.0,40.3,40.3,1,0,28.0,28.0,28.0,1,UL,PDXTRANS
NE ROCKY BUTTE RD,13,12974.7,2.457,50.3,50.0,50.0,62.3,13,6,22.8,21.0,30.0,6,UC,PDXTRANS
NE RODNEY AVE,43,15598.1,2.954,56.0,50.0,25.0,61.2,43,42,30.3,24.0,36.0,42,UL,PDXTRANS
NE RODNEY CT,1,416.4,0.079,50.0,50.0,50.0,50.0,1,1,30.0,30.0,30.0,1,UL,PDXTRANS
NE ROSA PARKS WAY,42,8809.9,1.669,64.0,60.0,50.0,102.9,40,38,33.6,28.0,60.0,25,UL,PDXTRANS
NE ROSE PARKWAY CT,1,186.6,0.035,50.0,50.0,50.0,50.0,1,0,32.0,32.0,32.0,1,UL,PDXTRANS
NE ROSE PKWY,29,9934.6,1.882,54.8,50.0,50.0,100.3,29,21,35.0,32.0,44.0,18,UL,PDXTRANS
NE ROSELAWN ST,19,7731.3,1.464,47.4,50.0,40.0,50.0,18,13,27.7,24.0,32.0,17,UL,PDXTRANS
NE ROTH ST,3,664.2,0.126,49.9,50.0,49.9,49.9,3,3,32.0,32.0,32.0,2,UL,PDXTRANS
NE ROYAL CT,10,3718.1,0.704,60.0,60.0,59.9,60.1,10,7,28.0,28.0,28.0,8,UL,PDXTRANS
NE RUSSELL CT,3,991.4,0.188,50.0,50.0,50.0,50.0,3,1,31.5,28.0,32.0,3,UL,PDXTRANS
NE RUSSELL PL,3,770.7,0.146,50.0,50.0,50.0,50.2,3,2,22.1,18.0,32.0,2,UL,PDXTRANS
NE RUSSELL ST,23,11204.5,2.122,56.7,50.0,49.7,85.0,23,18,31.9,26.0,44.0,20,UL,PDXTRANS
NE RUSSET ST,6,2696.3,0.511,47.1,50.0,40.0,50.0,6,6,22.5,18.0,24.8,6,UL,PDXTRANS
NE SACRAMENTO DR,3,1084.2,0.205,49.7,50.0,48.1,50.0,3,2,,,,0,,
NE SACRAMENTO ST,52,23752.1,4.499,55.2,60.0,44.0,77.9,52,38,31.3,22.0,42.0,47,MiC,PDXTRANS
NE SAN RAFAEL ST,46,17654.0,3.344,55.6,60.0,44.9,90.0,45,33,30.9,22.0,78.0,39,MiC,PDXTRANS
NE SANDY BLVD,166,45372.7,8.593,114.4,80.0,59.0,435.3,154,38,55.2,28.0,76.0,91,UPAO,PDXTRANS
NE SANDY BLVD FRONTAGE RD,2,235.6,0.045,146.6,167.0,112.6,169.1,2,0,,,,0,,
NE SANDY BLVD-122ND AVE RAMP,2,580.4,0.11,165.0,255.0,115.4,254.6,2,0,32.0,32.0,32.0,1,UPAO,ODOT
NE SANDY BLVD-I205 FWY RAMP,2,1610.3,0.305,366.8,374.0,366.8,366.8,1,0,,,,0,,
NE SANDY BLVD-I84 FWY RAMP,4,1771.5,0.336,252.7,224.0,225.5,383.7,3,0,,,,0,,
NE SANDYCREST TER,2,948.9,0.18,33.9,34.0,33.6,34.0,2,1,24.0,24.0,24.0,1,UL,PDXTRANS
NE SARATOGA ST,8,4061.0,0.769,51.2,50.0,50.0,60.0,8,8,30.2,28.0,32.0,8,UL,PDXTRANS
NE SCHUYLER CT,1,278.9,0.053,49.7,50.0,49.7,49.7,1,0,32.0,32.0,32.0,1,UL,PDXTRANS
NE SCHUYLER ST,54,19143.5,3.626,53.3,60.0,12.5,117.5,54,44,29.9,20.0,36.0,46,UL,PDXTRANS
NE SENATE ST,5,2735.6,0.518,60.0,60.0,60.0,60.0,2,0,28.0,28.0,28.0,2,UL,PDXTRANS
NE SHAVER CIR,1,70.7,0.013,54.3,43.0,54.3,54.3,1,0,42.0,42.0,42.0,1,UL,PDXTRANS
NE SHAVER CT,1,182.1,0.034,,,,,0,0,,,,0,,
NE SHAVER ST,68,21740.6,4.118,58.4,60.0,48.0,87.0,68,63,32.8,22.0,45.0,58,UL,PDXTRANS
NE SIMPSON CT,1,879.1,0.166,40.0,40.0,40.0,40.0,1,0,18.0,18.0,18.0,1,UL,PDXTRANS
NE SIMPSON ST,29,12812.1,2.427,53.0,50.0,36.0,60.9,27,22,23.5,15.0,36.0,20,UL,PDXTRANS
NE SISKIYOU CT,6,3119.9,0.591,51.0,50.0,49.9,92.7,5,3,31.1,28.0,32.0,4,UL,PDXTRANS
NE SISKIYOU ST,93,27409.5,5.191,58.8,60.0,49.9,133.6,92,82,28.1,20.0,44.0,84,UL,PDXTRANS
NE SKIDMORE CT,1,250.0,0.047,50.0,50.0,50.0,50.0,1,1,32.0,32.0,32.0,1,UL,PDXTRANS
NE SKIDMORE ST,85,26821.7,5.08,57.7,60.0,50.0,68.5,84,79,28.2,12.0,44.0,74,UL,PDXTRANS
NE SKYPORT WAY,2,1175.2,0.223,60.0,60.0,60.0,60.0,2,0,45.6,44.0,50.0,2,UL,PDXTRANS
NE SOUTH SHORE RD,3,3373.1,0.639,50.0,50.0,50.0,50.0,3,2,22.0,22.0,22.0,1,UL,PDXTRANS
NE SPRINGBROOK ST,1,306.9,0.058,50.0,50.0,50.0,50.0,1,1,32.0,32.0,32.0,1,UL,PDXTRANS
NE ST GEORGE ST,1,324.1,0.061,31.9,32.0,31.9,31.9,1,1,20.0,20.0,20.0,1,UL,PDXTRANS
NE STAFFORD ST,9,4285.5,0.812,58.7,50.0,40.0,120.2,9,6,28.5,20.7,30.0,9,UL,PDXTRANS
NE STANTON CT,1,1368.1,0.259,,,,,0,0,,,,0,,
NE STANTON PL,1,184.5,0.035,40.4,40.0,40.4,40.4,1,0,32.0,32.0,32.0,1,UL,PDXTRANS
NE STANTON ST,80,25384.5,4.808,58.8,60.0,50.0,123.7,80,68,27.9,20.0,40.0,77,UL,PDXTRANS
NE STUART DR,1,551.9,0.105,31.1,31.0,31.1,31.1,1,0,18.0,18.0,18.0,1,UL,PDXTRANS
NE SULLIVAN ST,6,1058.1,0.2,288.6,436.0,261.5,446.4,3,0,23.2,20.0,26.0,2,UL,PDXTRANS
NE SUMMERPLACE DR,5,1523.5,0.289,49.7,50.0,49.2,50.0,5,3,32.0,32.0,32.0,5,UL,PDXTRANS
NE SUMNER ST,69,20895.2,3.957,52.4,50.0,40.0,60.7,67,62,30.4,22.0,44.0,48,UL,PDXTRANS
NE SUNDERLAND AVE,5,3213.2,0.609,51.8,50.0,49.9,56.3,5,2,28.7,28.0,36.0,3,UC,PDXTRANS
NE SUTTLE ST,1,430.2,0.081,49.9,50.0,49.9,49.9,1,1,32.0,32.0,32.0,1,UL,PDXTRANS
NE TAMERA LN,1,612.8,0.116,40.0,40.0,40.0,40.0,1,1,20.0,20.0,20.0,1,UL,PDXTRANS
NE THOMPSON CT,3,809.7,0.153,50.2,50.0,50.0,50.8,3,1,28.0,28.0,28.0,3,UL,PDXTRANS
NE THOMPSON ST,89,28194.2,5.34,55.9,60.0,49.9,110.5,89,77,27.9,24.0,38.0,81,UL,PDXTRANS
NE TILLAMOOK CT,2,234.3,0.044,50.5,50.0,50.0,51.0,2,0,30.1,28.0,32.0,2,UL,PDXTRANS
NE TILLAMOOK ST,92,28396.8,5.378,58.4,60.0,46.7,120.1,92,78,32.3,16.0,44.0,82,UL,PDXTRANS
NE TOMAHAWK ISLAND DR,10,3192.0,0.605,61.6,60.0,60.0,81.6,7,5,,,,0,,
NE TRACEY LN,1,133.4,0.025,,,,,0,0,,,,0,,
NE UNNAMED RD,498,168999.3,32.007,145.1,35.0,20.0,337.1,29,7,,,,0,,
NE US GRANT PL,8,2999.5,0.568,57.2,60.0,48.8,60.7,8,8,33.2,24.0,36.0,6,UC,PDXTRANS
NE VANCOUVER WAY,14,3753.0,0.711,86.6,60.0,59.9,274.6,11,1,37.0,30.0,42.0,6,UC,PDXTRANS
NE VANCOUVER WAY-MARTIN LUTHER KING JR BLVD RAMP,1,393.7,0.075,180.4,250.0,180.4,180.4,1,0,18.0,18.0,18.0,1,UPAO,ODOT
NE VERA ST,1,509.1,0.096,59.1,59.0,59.1,59.1,1,0,28.0,28.0,28.0,1,UL,PDXTRANS
NE VICTORIA AVE,2,782.4,0.148,60.0,60.0,60.0,60.0,2,2,36.0,36.0,36.0,2,UL,PDXTRANS
NE WALKER ST,3,1301.7,0.247,68.5,80.0,53.8,85.0,3,1,24.0,24.0,24.0,1,UL,PDXTRANS
NE WARD ST,1,611.1,0.116,50.0,50.0,50.0,50.0,1,0,32.0,32.0,32.0,1,UL,PDXTRANS
NE WASCO ST,41,14222.4,2.694,55.5,60.0,41.3,67.0,40,31,28.4,12.0,38.0,37,UL,PDXTRANS
NE WEBSTER CT,1,168.0,0.032,50.8,51.0,50.8,50.8,1,0,32.0,32.0,32.0,1,UL,PDXTRANS
NE WEBSTER ST,23,7060.0,1.337,49.2,50.0,40.0,50.8,22,22,29.4,20.0,32.0,15,UL,PDXTRANS
NE WEIDLER ST,50,16442.2,3.114,64.2,50.0,30.0,229.9,46,25,38.6,24.0,54.0,41,UL,PDXTRANS
NE WHITAKER WAY,6,5405.5,1.024,58.2,60.0,50.0,60.1,6,3,38.5,24.0,44.0,4,UC,PDXTRANS
NE WIBERG LN,1,696.9,0.132,29.9,30.0,29.9,29.9,1,0,22.0,22.0,22.0,1,UL,PDXTRANS
NE WILLOW ST,4,1851.1,0.351,259.1,259.0,258.8,259.3,4,1,30.2,28.0,32.0,4,UL,PDXTRANS
NE WILLOW ST-I84 FWY RAMP,1,506.4,0.096,261.2,261.0,261.2,261.2,1,0,,,,0,,
NE WIN SIVERS DR,1,890.0,0.169,62.9,63.0,62.9,62.9,1,0,44.0,44.0,44.0,1,UL,PDXTRANS
NE WINCHELL ST,2,999.4,0.189,84.5,50.0,49.9,121.2,2,1,30.1,28.0,32.0,2,UL,PDXTRANS
NE WINONA ST,3,947.4,0.179,73.2,60.0,60.1,140.8,2,1,36.0,36.0,36.0,1,UL,PDXTRANS
NE WISTARIA DR,18,5357.2,1.015,60.0,50.0,32.8,172.6,18,2,25.9,21.7,28.0,9,UL,PDXTRANS
NE WYGANT ST,84,23587.2,4.467,54.3,50.0,29.7,60.5,84,83,26.5,16.0,40.0,69,UL,PDXTRANS
NE YACHT HARBOR DR,3,635.0,0.12,74.2,45.0,45.0,120.1,3,2,24.0,24.0,24.0,1,UL,PDXTRANS
NORTH ACCESS LN,3,1270.0,0.241,,,,,0,0,,,,0,,
NW 105TH AVE,1,102.5,0.019,274.3,290.0,274.3,274.3,1,0,80.0,80.0,80.0,1,UL,PDXTRANS
NW 107TH AVE,3,557.6,0.106,49.4,60.0,31.0,60.0,3,2,28.4,22.0,36.0,3,UL,PDXTRANS
NW 108TH AVE,1,143.7,0.027,60.0,60.0,60.0,60.0,1,1,36.0,36.0,36.0,1,UL,PDXTRANS
NW 109TH AVE,2,298.7,0.057,60.0,60.0,60.0,60.0,2,2,27.1,26.0,28.0,2,UL,PRIVATE
NW 10TH AVE,13,3375.2,0.639,60.0,60.0,60.0,60.0,13,12,37.6,28.0,42.0,11,UC,PDXTRANS
NW 110TH AVE,4,404.6,0.077,68.7,60.0,48.0,131.6,4,2,31.6,28.0,36.0,2,UL,PRIVATE
NW 112TH AVE,2,372.2,0.07,60.0,60.0,60.0,60.0,2,1,19.1,18.0,20.0,2,UL,PDXTRANS
NW 11TH AVE,16,3896.5,0.738,60.0,60.0,60.0,60.0,16,15,36.0,36.0,36.0,11,UC,PDXTRANS
NW 12TH AVE,16,3898.3,0.738,60.0,60.0,60.0,60.0,16,16,36.3,34.0,42.0,14,UC,PDXTRANS
NW 13TH AVE,17,4416.7,0.836,60.0,60.0,60.0,60.1,17,17,37.4,36.0,48.0,16,UC,PDXTRANS
NW 14TH AVE,21,4809.9,0.911,67.7,60.0,60.0,160.0,20,17,36.7,32.0,50.0,18,UC,PDXTRANS
NW 15TH AVE,24,4754.4,0.9,60.7,60.0,60.0,102.2,12,7,41.1,36.0,48.0,14,UL,PDXTRANS
NW 16TH AVE,23,4833.8,0.915,103.4,60.0,60.0,214.9,15,13,34.8,18.0,48.0,18,UC,PDXTRANS
NW 17TH AVE,28,5619.4,1.064,61.3,60.0,60.0,110.9,26,23,36.0,36.0,36.0,20,UL,PDXTRANS
NW 18TH AVE,24,5286.9,1.001,60.0,60.0,60.0,60.0,22,21,36.0,36.0,36.0,21,UC,PDXTRANS
NW 19TH AVE,24,5707.8,1.081,58.1,60.0,19.7,60.0,24,22,35.3,20.0,38.0,21,UC,PDXTRANS
NW 1ST AVE,3,767.4,0.145,70.0,70.0,70.0,70.0,1,1,29.4,14.0,44.0,2,UC,PDXTRANS
NW 1ST ST,7,1594.7,0.302,134.2,29.0,20.2,212.9,7,1,13.5,12.0,16.0,2,UL,PDXTRANS
NW 20TH AVE,21,5589.8,1.059,61.3,60.0,60.0,73.5,18,17,36.0,36.0,36.0,16,UL,PDXTRANS
NW 20TH PL,2,811.4,0.154,60.0,60.0,60.0,60.0,1,1,40.0,40.0,40.0,1,UL,PDXTRANS
NW 21ST AVE,26,6314.7,1.196,61.0,60.0,60.0,66.0,24,24,36.6,36.0,50.0,22,UC,PDXTRANS
NW 21ST PL,2,538.3,0.102,60.0,60.0,60.0,60.0,2,1,29.3,26.0,36.0,2,UL,PDXTRANS
NW 22ND AVE,23,6107.3,1.157,60.0,60.0,60.0,60.0,23,22,36.0,36.0,36.0,21,UC,PDXTRANS
NW 22ND PL,5,1545.1,0.293,54.1,60.0,50.0,60.0,3,3,32.3,21.0,42.0,5,UL,PDXTRANS
NW 23RD AVE,24,6387.5,1.21,85.1,60.0,60.0,266.9,23,17,38.2,36.0,54.0,22,UC,PDXTRANS
NW 23RD PL,4,1497.3,0.284,55.7,60.0,39.9,60.0,4,4,27.3,22.0,36.0,4,UL,PDXTRANS
NW 24TH AVE,20,5428.0,1.028,61.1,60.0,55.8,113.9,20,17,36.0,36.0,36.0,19,UL,PDXTRANS
NW 24TH PL,2,1027.8,0.195,49.0,60.0,40.9,60.0,2,1,23.4,20.0,28.0,2,UL,PDXTRANS
NW 25TH AVE,14,3795.0,0.719,59.9,60.0,58.9,60.0,13,12,34.6,24.0,36.0,13,MiC,PDXTRANS
NW 25TH PL,2,830.8,0.157,60.0,60.0,60.0,60.0,2,1,29.0,29.0,29.0,1,UL,PDXTRANS
NW 26TH AVE,12,4081.8,0.773,61.0,60.0,58.9,97.4,12,10,36.0,36.0,36.0,10,UC,PDXTRANS
NW 26TH DR,2,1831.5,0.347,115.0,137.0,96.7,136.9,2,0,,,,0,,
NW 27TH AVE,10,2446.0,0.463,60.2,60.0,60.0,61.5,9,8,36.5,36.0,40.0,7,UL,PDXTRANS
NW 28TH AVE,5,1863.5,0.353,58.5,57.0,57.1,60.0,5,4,35.6,28.0,40.0,5,UL,PDXTRANS
NW 28TH PL,1,304.0,0.058,50.0,50.0,50.0,50.0,1,1,,,,0,,
NW 29TH AVE,13,4660.0,0.883,68.0,60.0,58.2,80.1,13,11,37.8,28.0,40.0,9,UL,PDXTRANS
NW 2ND AVE,5,1301.1,0.246,61.6,70.0,33.0,70.0,5,4,44.0,38.0,46.0,4,UC,PDXTRANS
NW 2ND CT,1,312.7,0.059,30.0,30.0,30.0,30.0,1,0,12.0,12.0,12.0,1,UL,PRIVATE
NW 2ND ST,6,1601.7,0.303,67.4,30.0,16.0,198.2,6,4,13.1,10.0,18.0,6,UL,PDXTRANS
NW 30TH AVE,4,1634.5,0.31,58.5,60.0,50.0,60.0,4,3,36.7,23.1,40.0,3,UL,PDXTRANS
NW 31ST AVE,9,3697.0,0.7,60.7,60.0,59.8,89.8,8,5,38.0,24.0,40.0,6,UL,PDXTRANS
NW 32ND AVE,3,1001.5,0.19,60.0,60.0,60.0,60.0,3,3,26.9,24.0,28.0,3,UL,PDXTRANS
NW 33RD AVE,4,1125.6,0.213,49.4,60.0,40.0,60.0,4,4,24.0,24.0,24.0,2,UL,PDXTRANS
NW 34TH AVE,1,269.7,0.051,60.0,60.0,60.0,60.0,1,1,24.0,24.0,24.0,1,UL,PDXTRANS
NW 35TH AVE,5,2995.0,0.567,86.6,80.0,80.0,287.5,5,1,40.0,40.0,40.0,3,UC,PDXTRANS
NW 3RD AVE,7,1529.5,0.29,70.1,70.0,70.0,70.8,6,4,40.3,18.0,46.0,6,UC,PDXTRANS
NW 3RD CT,1,193.1,0.037,29.6,30.0,29.6,29.6,1,0,10.0,10.0,10.0,1,UL,PDXTRANS
NW 3RD ST,5,1319.7,0.25,50.9,60.0,30.0,60.3,5,3,12.0,12.0,12.0,4,UL,PDXTRANS
NW 44TH AVE,1,269.6,0.051,60.0,60.0,60.0,60.0,1,0,,,,0,,
NW 48TH AVE,1,311.9,0.059,40.0,40.0,40.0,40.0,1,0,22.0,22.0,22.0,1,UL,PDXTRANS
NW 4TH AVE,6,1559.0,0.295,60.0,60.0,60.0,60.0,6,6,37.3,36.0,44.0,6,UC,PDXTRANS
NW 4TH PL,2,575.3,0.109,35.3,30.0,31.0,42.8,2,0,,,,0,,
NW 4TH ST,1,566.5,0.107,30.0,30.0,30.0,30.0,1,0,10.0,10.0,10.0,1,UL,PDXTRANS
NW 53RD DR,3,5739.7,1.087,60.0,60.0,60.0,60.0,3,2,20.0,20.0,20.0,2,UL,PDXTRANS
NW 55TH AVE,4,1718.7,0.326,,,,,0,0,,,,0,,
NW 55TH AVE-SWEETWATER LN ALY,1,314.2,0.06,,,,,0,0,,,,0,,
NW 56TH AVE,1,251.4,0.048,50.0,50.0,50.0,50.0,1,0,18.0,18.0,18.0,1,UL,PDXTRANS
NW 57TH AVE,1,257.5,0.049,38.6,39.0,38.6,38.6,1,0,30.0,30.0,30.0,1,UL,PDXTRANS
NW 5TH AVE,7,1819.9,0.345,60.0,60.0,60.0,60.0,7,7,25.3,22.0,36.0,7,UC,PDXTRANS
NW 5TH ST,1,300.6,0.057,30.0,30.0,30.0,30.0,1,1,,,,0,,
NW 60TH AVE,1,432.7,0.082,50.0,50.0,50.0,50.0,1,0,28.0,28.0,28.0,1,UL,PRIVATE
NW 61ST AVE,2,908.2,0.172,50.0,50.0,50.0,50.0,2,0,,,,0,,
NW 6TH AVE,7,1821.2,0.345,60.0,60.0,60.0,60.0,7,7,25.6,23.0,36.0,7,UC,PDXTRANS
NW 81ST PL,1,1285.4,0.243,50.0,50.0,50.0,50.0,1,1,28.0,28.0,28.0,1,UL,PDXTRANS
NW 83RD PL,1,566.8,0.107,50.1,50.0,50.1,50.1,1,0,32.0,32.0,32.0,1,UL,PDXTRANS
NW 8TH AVE,5,1301.1,0.246,60.0,60.0,60.0,60.0,5,5,33.2,32.0,36.0,5,UL,PDXTRANS
NW 98TH PL,1,22.9,0.004,,,,,0,0,,,,0,,
NW 9TH AVE,15,3646.8,0.691,62.0,60.0,60.0,71.0,15,11,37.1,36.0,46.0,13,UC,PDXTRANS
NW ABBEY RD,3,526.0,0.1,174.8,180.0,174.8,174.8,1,0,,,,0,,
NW ABERNETHY RD,1,358.4,0.068,40.0,40.0,40.0,40.0,1,1,26.0,26.0,26.0,1,UL,PDXTRANS
NW ADAMS ST,2,672.6,0.127,35.3,35.0,35.0,38.7,2,1,,,,0,,
NW ALBEMARLE TER,5,1945.4,0.368,39.7,35.0,34.6,58.4,5,4,25.7,24.0,28.0,3,UL,PDXTRANS
NW ALDER GROVE LN,2,374.4,0.071,,,,,0,0,,,,0,,
NW ALEXANDRA AVE,3,350.8,0.066,59.5,40.0,40.0,174.6,3,2,,,,0,,
NW ALPINE TER,2,635.0,0.12,37.8,30.0,30.1,106.1,2,0,,,,0,,
NW ARIEL TER,4,1799.8,0.341,33.4,30.0,30.0,40.1,4,1,17.6,12.0,24.0,3,UL,PDXTRANS
NW ASH CT,1,358.8,0.068,50.7,51.0,50.7,50.7,1,0,28.0,28.0,28.0,1,UL,PDXTRANS
NW ASHBY CT,1,149.1,0.028,40.3,40.0,40.3,40.3,1,0,28.0,28.0,28.0,1,UL,PDXTRANS
NW ASPEN AVE,6,2767.1,0.524,43.3,50.0,40.0,67.6,6,4,21.9,16.0,30.0,4,UL,PDXTRANS
NW AVOCET LN,1,423.9,0.08,40.0,40.0,40.0,40.0,1,0,26.0,26.0,26.0,1,UL,PDXTRANS
NW AVONDALE CT,1,302.7,0.057,,,,,0,0,,,,0,,
NW BAILEY ST,3,861.2,0.163,42.6,40.0,40.0,50.0,3,2,18.5,14.0,28.0,2,UL,PDXTRANS
NW BALBOA AVE,1,351.7,0.067,60.0,60.0,60.0,60.0,1,0,,,,0,,
NW BARCLAY TER,2,656.2,0.124,,,,,0,0,,,,0,,
NW BARNES RD,5,3105.3,0.588,53.4,60.0,40.1,60.2,5,2,17.8,16.0,20.0,2,UL,PDXTRANS
NW BARNSLEY CT,1,155.1,0.029,40.0,40.0,40.0,40.0,1,0,28.0,28.0,28.0,1,UL,PDXTRANS
NW BARTHOLOMEW DR,9,3778.0,0.716,50.0,50.0,49.9,50.1,9,6,32.0,32.0,32.0,8,UL,PDXTRANS
NW BELGRAVE AVE,3,1024.0,0.194,41.3,40.0,39.9,64.4,3,1,18.0,18.0,18.0,1,UL,PDXTRANS
NW BENFIELD DR,3,1181.4,0.224,50.1,50.0,50.1,50.2,2,2,,,,0,,
NW BENSON CT,1,326.5,0.062,40.1,40.0,40.1,40.1,1,0,28.0,28.0,28.0,1,UL,PDXTRANS
NW BENSON LN,1,664.5,0.126,40.0,40.0,40.0,40.0,1,0,24.0,24.0,24.0,1,UL,PDXTRANS
NW BENSON ST,5,1558.3,0.295,41.8,40.0,40.0,50.1,5,3,28.7,28.0,32.0,5,UL,PDXTRANS
NW BEUHLA VISTA TER,6,1599.8,0.303,28.0,31.0,22.2,69.3,6,1,24.0,24.0,24.0,3,UL,PDXTRANS
NW BIRKENDENE ST,9,5033.5,0.953,41.7,40.0,39.9,50.0,9,8,27.8,26.0,32.0,6,UL,PDXTRANS
NW BLUE POINTE LN,3,1598.9,0.303,,,,,0,0,,,,0,,
NW BLUE SKY LN,3,515.6,0.098,,,,,0,0,,,,0,,
NW BPA RD,10,7010.9,1.328,,,,,0,0,,,,0,,
NW BREWER LN,1,181.8,0.034,,,,,0,0,,,,0,,
NW BREWER ST,2,487.4,0.092,32.6,39.0,26.2,39.1,2,2,20.0,20.0,20.0,2,UL,PDXTRANS
NW BRIDGE AVE,9,5320.3,1.008,204.6,108.0,58.8,330.8,7,0,36.0,36.0,36.0,1,UMiA,ODOT
NW BRIGHTON LN,1,232.1,0.044,,,,,0,0,,,,0,,
NW BRITTNEY CT,1,234.7,0.044,40.1,40.0,40.1,40.1,1,0,28.0,28.0,28.0,1,UL,PDXTRANS
NW BROADWAY,10,2497.0,0.473,74.4,80.0,60.0,80.0,10,9,46.5,30.0,50.0,7,UPAO,PDXTRANS
NW BULLFINCH PL,1,138.8,0.026,40.0,40.0,40.0,40.0,1,1,24.0,24.0,24.0,1,UL,PDXTRANS
NW BURKHARDT CT,1,196.9,0.037,40.5,40.0,40.5,40.5,1,0,28.0,28.0,28.0,1,UL,PDXTRANS
NW BURKHART DR,2,257.7,0.049,,,,,0,0,,,,0,,
NW BURNETT ST,1,301.2,0.057,,,,,0,0,,,,0,,
NW BURNSIDE ST-COUCH ST RAMP,1,302.4,0.057,,,,,0,0,32.0,32.0,32.0,1,UC,PDXTRANS
NW BUSH ST,1,171.1,0.032,20.0,20.0,20.0,20.0,1,1,28.0,28.0,28.0,1,UL,PRIVATE
NW CALUMET TER,1,802.2,0.152,30.1,30.0,30.1,30.1,1,0,18.0,18.0,18.0,1,UL,PDXTRANS
NW CAXTON CT,1,240.0,0.045,40.0,40.0,40.0,40.0,1,0,28.0,28.0,28.0,1,UL,PDXTRANS
NW CAXTON LN,3,680.6,0.129,,,,,0,0,,,,0,,
NW CEDAR LN,2,420.1,0.08,,,,,0,0,,,,0,,
NW CEDAR RIDGE DR,5,1721.8,0.326,,,,,0,0,,,,0,,
NW CEDAR VIEW LN,2,752.1,0.142,,,,,0,0,,,,0,,
NW CHAPIN DR,10,4549.9,0.862,40.0,40.0,39.9,40.1,10,9,25.1,24.0,26.0,4,UL,PDXTRANS
NW COLLEGE DR,1,600.3,0.114,40.0,40.0,40.0,40.0,1,0,28.0,28.0,28.0,1,UL,PRIVATE
NW COLUMBINE LN,1,670.6,0.127,,,,,0,0,,,,0,,
NW CORNELL RD,31,12401.6,2.349,62.4,60.0,59.2,182.6,30,14,31.4,22.0,50.0,8,UC,PDXTRANS
NW COUCH ST,22,5006.9,0.948,60.0,60.0,60.0,60.0,18,18,36.0,28.0,44.0,19,UC,PDXTRANS
NW COUCH ST-I405 FWY RAMP,3,1086.1,0.206,324.5,321.0,320.6,327.9,3,3,,,,0,,
NW COUNTRY WOODS LN,1,736.9,0.14,35.0,35.0,35.0,35.0,1,1,20.0,20.0,20.0,1,UL,PDXTRANS
NW CRESAP LN,1,273.3,0.052,,,,,0,0,,,,0,,
NW CRESTON RD,3,801.4,0.152,31.9,30.0,30.0,62.0,3,2,22.4,21.8,28.0,2,UL,PRIVATE
NW CRESTVIEW WAY,1,703.1,0.133,40.0,40.0,40.0,40.0,1,1,26.0,26.0,26.0,1,UL,PDXTRANS
NW CULEBRA AVE,1,704.2,0.133,49.7,50.0,49.7,49.7,1,0,24.0,24.0,24.0,1,UL,PDXTRANS
NW CULPEPPER TER,1,887.6,0.168,40.0,40.0,40.0,40.0,1,0,24.0,24.0,24.0,1,UL,PDXTRANS
NW CUMBERLAND RD,10,3302.1,0.625,54.8,60.0,40.0,61.2,10,4,32.3,24.0,36.0,9,UC,PDXTRANS
NW DAVIS ST,22,5292.2,1.002,60.0,60.0,60.0,60.0,22,22,35.4,28.0,36.0,21,UL,PDXTRANS
NW DEVOTO LN,10,4717.6,0.893,41.5,40.0,31.0,216.7,10,6,25.8,24.0,26.0,4,UL,PDXTRANS
NW DOANE AVE,1,1294.1,0.245,60.0,60.0,60.0,60.0,1,0,,,,0,,
NW DOVER ST,4,730.3,0.138,56.6,50.0,49.7,165.0,4,1,20.0,20.0,20.0,2,UL,PDXTRANS
NW DRURY LN,1,28.1,0.005,205.2,148.0,205.2,205.2,1,0,,,,0,,
NW DUNBAR LN,4,731.3,0.139,,,,,0,0,,,,0,,
NW DUNBAR-FIRELANE 15 CONNECTOR RD,1,514.3,0.097,,,,,0,0,,,,0,,
NW DURRETT ST,5,914.1,0.173,45.8,40.0,40.1,50.2,4,4,26.0,26.0,26.0,1,UL,PDXTRANS
NW EDGEWOOD DR,3,399.4,0.076,,,,,0,0,,,,0,,
NW EDGEWOOD PL,2,482.4,0.091,,,,,0,0,,,,0,,
NW ELOISE LN,1,1309.5,0.248,,,,,0,0,,,,0,,
NW ELVA AVE,2,961.0,0.182,25.0,25.0,25.0,25.1,2,1,28.0,28.0,28.0,1,UL,PRIVATE
NW ENGLEMAN ST,10,3558.0,0.674,48.9,50.0,40.0,50.1,10,10,31.8,30.0,32.0,8,UL,PDXTRANS
NW ESSON CT,1,173.5,0.033,,,,,0,0,,,,0,,
NW EVERETT ST,33,7551.3,1.43,60.1,60.0,60.0,62.0,26,24,37.0,36.0,44.0,26,UMiA,PDXTRANS
NW EVERETT ST-I405 FWY RAMP,5,1399.2,0.265,288.0,329.0,261.3,299.4,3,0,,,,0,,
NW EVERETT ST-STEEL BRG RAMP,3,461.0,0.087,244.0,209.0,244.0,244.0,1,0,,,,0,,
NW EXPRESS AVE,1,834.8,0.158,73.1,73.0,73.1,73.1,1,0,30.0,30.0,30.0,1,UC,PDXTRANS
NW FAIRFAX TER,2,1778.1,0.337,35.9,40.0,31.8,40.1,2,0,,,,0,,
NW FERN RIDGE DR,1,786.5,0.149,,,,,0,0,,,,0,,
NW FERNHAVEN DR,1,173.5,0.033,,,,,0,0,,,,0,,
NW FINZER CT,1,410.8,0.078,40.0,40.0,40.0,40.0,1,0,28.0,28.0,28.0,1,UL,PDXTRANS
NW FIRELANE 1 RD,2,12162.8,2.304,289.5,290.0,289.5,289.5,1,0,,,,0,,
NW FIRELANE 10 RD,3,7365.6,1.395,,,,,0,0,,,,0,,
NW FIRELANE 12 RD,5,7929.2,1.502,30.4,31.0,30.1,30.9,2,1,,,,0,,
NW FIRELANE 13 RD,4,3304.1,0.626,30.1,30.0,30.1,30.1,1,1,,,,0,,
NW FIRELANE 13A RD,2,999.9,0.189,,,,,0,0,,,,0,,
NW FIRELANE 15 RD,3,7155.1,1.355,,,,,0,0,,,,0,,
NW FIRELANE 2 RD,1,4068.0,0.77,,,,,0,0,,,,0,,
NW FIRELANE 3 RD,1,4647.0,0.88,,,,,0,0,,,,0,,
NW FIRELANE 5 RD,5,4882.2,0.925,,,,,0,0,,,,0,,
NW FIRELANE 7 RD,2,3408.1,0.645,,,,,0,0,,,,0,,
NW FIRELANE 7A RD,2,1722.9,0.326,31.1,31.0,31.1,31.1,1,0,,,,0,,
NW FIRELANE 8 RD,1,900.2,0.17,,,,,0,0,,,,0,,
NW FIRELANE 9 RD,1,1953.3,0.37,129.2,129.0,129.2,129.2,1,0,,,,0,,
NW FLANDERS ST,23,6965.2,1.319,59.8,60.0,54.4,60.0,21,19,36.0,36.0,36.0,20,UL,PDXTRANS
NW FLEISCHNER ST,7,1696.7,0.321,54.4,40.0,40.0,276.0,7,2,28.4,26.0,30.3,2,UL,PDXTRANS
NW FOLEY CT,3,339.6,0.064,42.8,40.0,40.0,53.1,3,1,28.0,28.0,28.0,1,UL,PDXTRANS
NW FOREST CREEK RD,5,1871.6,0.354,,,,,0,0,,,,0,,
NW FRANKLIN CT,3,914.7,0.173,60.0,60.0,60.0,60.0,3,3,36.0,36.0,36.0,2,UL,PDXTRANS
NW FRAZIER CT,3,994.1,0.188,40.0,40.0,40.0,40.0,3,2,26.0,26.0,26.0,3,UL,PDXTRANS
NW FREMONT BRG-HWY 30 RAMP,7,1329.0,0.252,187.2,360.0,65.3,360.2,5,0,,,,0,,
NW FRONT AVE,39,24120.4,4.568,104.6,100.0,30.0,247.7,37,23,38.0,8.0,60.0,8,UL,PDXTRANS
NW GALES RIDGE LN,2,540.4,0.102,,,,,0,0,,,,0,,
NW GERMANTOWN RD,20,11588.9,2.195,62.8,60.0,60.0,94.7,19,10,23.2,21.0,24.0,2,UC,PDXTRANS
NW GILLIAM LN,4,598.0,0.113,161.1,187.0,161.1,161.1,1,0,,,,0,,
NW GLENDOVEER DR,2,1506.8,0.285,,,,,0,0,,,,0,,
NW GLISAN ST,27,7674.4,1.453,62.7,60.0,60.0,94.9,24,20,36.9,36.0,44.0,22,UMiA,PDXTRANS
NW GLISAN ST-I405 FWY RAMP,1,786.2,0.149,320.5,321.0,320.5,320.5,1,1,,,,0,,
NW GLOAMING LN,1,134.5,0.025,,,,,0,0,,,,0,,
NW GORDON ST,2,1175.1,0.223,40.6,43.0,40.1,43.0,2,1,24.0,24.0,24.0,2,UL,PDXTRANS
NW GREENBRIAR TER,1,918.5,0.174,40.0,40.0,40.0,40.0,1,0,24.0,24.0,24.0,1,UL,PDXTRANS
NW GREENLEAF RD,1,720.7,0.136,40.0,40.0,40.0,40.0,1,1,,,,0,,
NW GROCE ST,1,240.2,0.045,40.0,40.0,40.0,40.0,1,1,20.0,20.0,20.0,1,UL,PDXTRANS
NW GUAM ST,1,1570.1,0.297,60.0,60.0,60.0,60.0,1,0,40.0,40.0,40.0,1,UC,PDXTRANS
NW HAMPTON LN,1,286.3,0.054,,,,,0,0,,,,0,,
NW HARBOR BLVD,6,1810.6,0.343,88.3,25.0,24.9,200.3,6,1,13.3,10.0,18.0,5,UL,PDXTRANS
NW HARBORTON DR,1,52.5,0.01,,,,,0,0,,,,0,,
NW HARDY AVE,1,255.9,0.048,171.2,171.0,171.2,171.2,1,0,28.0,28.0,28.0,1,UL,PRIVATE
NW HARRIS AVE,1,65.6,0.012,30.0,30.0,30.0,30.0,1,1,,,,0,,
NW HAWKINS BLVD,6,2200.1,0.417,40.0,40.0,39.7,40.2,6,5,28.0,28.0,28.0,2,UL,PDXTRANS
NW HAZELTINE ST,13,2552.1,0.483,45.2,40.0,39.4,50.2,13,12,30.4,26.0,32.0,3,UL,PDXTRANS
NW HENRY CT,1,511.8,0.097,40.0,40.0,40.0,40.0,1,0,28.0,28.0,28.0,1,UL,PDXTRANS
NW HERMOSA BLVD,7,2793.8,0.529,50.5,50.0,44.9,89.9,7,2,28.0,28.0,28.0,5,UC,PDXTRANS
NW HERRIN CT,1,549.8,0.104,,,,,0,0,,,,0,,
NW HILLCOURT LN,1,140.3,0.027,,,,,0,0,,,,0,,
NW HILLTOP CT,2,375.8,0.071,94.7,99.0,94.7,94.7,1,0,,,,0,,
NW HILLTOP DR,7,2572.9,0.487,41.9,40.0,40.0,47.0,7,3,14.5,12.6,15.0,2,UL,PRIVATE
NW HOGE AVE,4,1522.0,0.288,76.5,50.0,50.0,152.3,4,1,15.8,12.0,18.0,2,UL,PDXTRANS
NW HOLBROOK CT,1,193.0,0.037,,,,,0,0,,,,0,,
NW HOLLOWAY DR,1,739.5,0.14,40.0,40.0,40.0,40.0,1,1,26.0,26.0,26.0,1,UL,PDXTRANS
NW HOPEDALE CT,1,494.8,0.094,40.1,40.0,40.1,40.1,1,0,28.0,28.0,28.0,1,UL,PDXTRANS
NW HOYT ST,20,6363.9,1.205,60.1,60.0,60.0,62.3,20,18,36.8,28.0,48.0,17,UL,PDXTRANS
NW HWY 30-FREMONT BRG RAMP,8,1322.8,0.251,192.4,63.0,63.4,363.4,5,1,,,,0,,
NW HWY 30-I405 FWY RAMP,10,2021.0,0.383,109.5,101.0,61.0,188.4,9,5,,,,0,,
NW HWY 30-VAUGHN ST RAMP,1,945.6,0.179,282.6,244.0,282.6,282.6,1,0,,,,0,,
NW I405 FWY-14TH AVE RAMP,1,392.1,0.074,191.5,188.0,191.5,191.5,1,0,,,,0,,
NW I405 FWY-COUCH ST RAMP,3,1054.6,0.2,324.4,320.0,320.4,327.4,3,2,,,,0,,
NW I405 FWY-DAVIS ST RAMP,1,262.2,0.05,,,,,0,0,,,,0,,
NW I405 FWY-GLISAN ST RAMP,1,785.6,0.149,321.4,321.0,321.4,321.4,1,0,,,,0,,
NW I405 FWY-HWY 30 RAMP,9,1853.3,0.351,148.4,199.0,72.8,203.9,5,0,,,,0,,
NW IMPERIAL TER,4,1567.9,0.297,30.6,30.0,30.1,32.2,4,2,24.0,24.0,24.0,2,UL,PDXTRANS
NW INDUSTRIAL ST,7,3274.4,0.62,60.3,60.0,60.0,62.0,6,5,40.0,40.0,40.0,3,UC,PDXTRANS
NW IRONSIDE TER,1,1260.6,0.239,,,,,0,0,,,,0,,
NW IRVING ST,17,5460.7,1.034,60.0,60.0,60.0,60.0,14,14,35.9,30.0,40.0,14,UL,PDXTRANS
NW JACK LN,2,274.3,0.052,,,,,0,0,,,,0,,
NW JACKSON LN,1,575.7,0.109,,,,,0,0,,,,0,,
NW JASMINE LN,1,531.0,0.101,,,,,0,0,,,,0,,
NW JEAN LN,3,377.2,0.071,,,,,0,0,,,,0,,
NW JOHNSON ST,22,6255.8,1.185,60.8,60.0,60.0,222.8,16,14,36.2,28.0,46.0,17,UL,PDXTRANS
NW JUSTUS LN,9,1146.8,0.217,208.5,209.0,208.5,208.5,1,0,,,,0,,
NW KAIZER TRL,1,1322.6,0.25,,,,,0,0,,,,0,,
NW KAYLEE ST,1,320.9,0.061,40.0,40.0,40.0,40.0,1,1,26.0,26.0,26.0,1,UL,PDXTRANS
NW KEARNEY ST,15,4941.2,0.936,60.1,60.0,60.0,61.5,14,14,36.1,36.0,40.0,13,UL,PDXTRANS
NW KELLY CIR,1,219.1,0.041,,,,,0,0,,,,0,,
NW KENNEDY CT,6,1178.9,0.223,,,,,0,0,,,,0,,
NW KENT CT,1,105.5,0.02,,,,,0,0,,,,0,,
NW KIELHORN MEADOW ACCESS RD,3,2828.3,0.536,73.7,75.0,73.7,73.7,1,0,,,,0,,
NW KING AVE,1,317.4,0.06,36.0,36.0,36.0,36.0,1,1,24.0,24.0,24.0,1,UL,PDXTRANS
NW KITTRIDGE AVE,3,1210.7,0.229,103.1,80.0,79.7,166.5,3,0,,,,0,,
NW KNAPPTON-GENERAL RD,2,406.5,0.077,282.0,244.0,164.9,301.7,2,0,,,,0,,
NW KRONAN CT,1,421.8,0.08,,,,,0,0,,,,0,,
NW LAKE ST,2,452.8,0.086,50.1,50.0,50.0,50.2,2,1,28.0,28.0,28.0,1,UL,PRIVATE
NW LAMBERT ST,1,354.3,0.067,40.0,40.0,40.0,40.0,1,1,28.0,28.0,28.0,1,UL,PRIVATE
NW LANGLEY CT,1,137.0,0.026,40.1,40.0,40.1,40.1,1,0,28.0,28.0,28.0,1,UL,PDXTRANS
NW LANGWORTHY TER,3,1384.0,0.262,,,,,0,0,,,,0,,
NW LENNOX LN,1,144.2,0.027,,,,,0,0,,,,0,,
NW LEWIS LN,1,1335.3,0.253,,,,,0,0,,,,0,,
NW LIGHTNING RIDGE DR,1,669.7,0.127,,,,,0,0,,,,0,,
NW LOGAN CT,1,111.3,0.021,41.3,40.0,41.3,41.3,1,0,22.0,22.0,22.0,1,UL,PDXTRANS
NW LOMITA TER,1,553.7,0.105,30.0,30.0,30.0,30.0,1,0,24.0,24.0,24.0,1,UL,PDXTRANS
NW LOVEJOY CT,1,330.9,0.063,36.7,36.0,36.7,36.7,1,0,20.0,20.0,20.0,1,UL,PDXTRANS
NW LOVEJOY ST,23,7288.8,1.38,64.1,60.0,40.0,107.5,22,17,38.8,28.0,52.0,20,UC,PDXTRANS
NW LURAY CIRCUS,1,418.0,0.079,25.0,25.0,25.0,25.0,1,0,18.0,18.0,18.0,1,UL,PDXTRANS
NW LURAY TER,8,3075.7,0.583,38.2,40.0,30.0,56.0,8,5,23.5,20.0,25.4,4,UL,PDXTRANS
NW LUZON ST,1,1339.8,0.254,60.0,60.0,60.0,60.0,1,1,40.0,40.0,40.0,1,UL,PDXTRANS
NW MACKAY AVE,4,1161.6,0.22,52.9,50.0,50.0,66.2,4,2,21.2,14.0,28.0,3,UL,PRIVATE
NW MACLEAY BLVD,13,4912.1,0.93,49.3,51.0,38.7,69.6,13,4,26.3,22.0,29.0,9,UC,PDXTRANS
NW MACTAVISH LN,1,288.5,0.055,,,,,0,0,,,,0,,
NW MANOR DR,1,349.0,0.066,50.2,50.0,50.2,50.2,1,0,20.0,20.0,20.0,1,UL,PDXTRANS
NW MAPLEVIEW TER,3,394.4,0.075,75.0,75.0,75.0,75.0,1,0,,,,0,,
NW MARCIA ST,1,320.6,0.061,29.9,30.0,29.9,29.9,1,1,18.0,18.0,18.0,1,UL,PDXTRANS
NW MARINA WAY,3,2533.5,0.48,159.9,162.0,151.1,174.4,3,0,20.0,20.0,20.0,1,UL,PRIVATE
NW MARLBOROUGH AVE,2,924.5,0.175,31.7,35.0,30.0,35.0,2,1,21.4,20.0,24.0,2,UL,PDXTRANS
NW MARSDEN PL,1,340.8,0.065,40.0,40.0,40.0,40.0,1,1,26.0,26.0,26.0,1,UL,PDXTRANS
NW MARSHALL ST,19,6076.9,1.151,60.0,60.0,60.0,61.0,18,17,33.9,28.0,36.0,17,UL,PDXTRANS
NW MARVIN LN,2,529.1,0.1,53.1,42.0,41.8,56.7,2,0,,,,0,,
NW MAYER CT,1,182.4,0.035,43.1,43.0,43.1,43.1,1,0,28.0,28.0,28.0,1,UL,PDXTRANS
NW MAYFIELD RD,4,2111.3,0.4,42.5,50.0,39.0,50.1,4,1,29.9,28.0,32.0,2,UL,PDXTRANS
NW MAYWOOD DR,5,2799.6,0.53,30.0,30.0,30.0,30.1,5,1,24.0,24.0,24.0,4,UL,PDXTRANS
NW MCCHESNEY CT,1,167.1,0.032,,,,,0,0,,,,0,,
NW MCGRATH CT,1,275.8,0.052,,,,,0,0,,,,0,,
NW MCKENNA DR,1,1086.2,0.206,40.0,40.0,40.0,40.0,1,1,26.0,26.0,26.0,1,UL,PDXTRANS
NW MCNAMEE RD,3,974.1,0.184,44.6,50.0,40.0,50.2,3,1,887.0,887.0,887.0,1,UL,PDXTRANS
NW MEARES DR,1,168.8,0.032,50.1,50.0,50.1,50.1,1,1,36.0,36.0,36.0,1,UL,PDXTRANS
NW MELINDA AVE,2,579.0,0.11,34.7,35.0,34.6,34.7,2,1,28.0,28.0,28.0,2,UL,PDXTRANS
NW MENDENHALL ST,1,614.5,0.116,49.9,50.0,49.9,49.9,1,1,32.0,32.0,32.0,1,UL,PDXTRANS
NW MERIDIAN RIDGE CT,1,133.2,0.025,,,,,0,0,,,,0,,
NW MERIDIAN RIDGE DR,4,770.5,0.146,50.7,51.0,50.7,50.7,1,0,,,,0,,
NW MIDWAY AVE,6,1136.8,0.215,36.0,30.0,30.0,76.6,6,2,14.0,14.0,14.0,3,UL,PDXTRANS
NW MILDRED ST,1,682.5,0.129,30.0,30.0,30.0,30.0,1,0,24.0,24.0,24.0,1,UL,PDXTRANS
NW MILL POND RD,8,4287.6,0.812,50.0,50.0,50.0,50.4,8,8,32.0,32.0,32.0,7,UL,PDXTRANS
NW MILL RIDGE RD,3,586.5,0.111,50.1,50.0,49.9,50.8,3,3,32.0,32.0,32.0,1,UL,PDXTRANS
NW MILLER HILL CT,1,122.1,0.023,,,,,0,0,,,,0,,
NW MILLER HILL DR,3,961.4,0.182,204.1,204.0,204.1,204.1,1,0,,,,0,,
NW MILLER HILL PL,1,200.8,0.038,,,,,0,0,,,,0,,
NW MILLER RD,34,13843.4,2.622,58.6,60.0,40.0,65.6,34,26,33.6,26.0,36.0,10,UC,PDXTRANS
NW MILLS ST,7,1119.7,0.212,32.5,30.0,30.0,50.0,7,5,17.3,12.0,28.0,4,UL,PDXTRANS
NW MONTARA CT,1,90.7,0.017,,,,,0,0,,,,0,,
NW MONTARA LOOP,3,689.7,0.131,,,,,0,0,,,,0,,
NW MONTE VISTA TER,5,2442.4,0.463,24.1,16.0,16.0,45.5,5,1,21.2,16.0,24.0,3,UL,PDXTRANS
NW MORGAN LN,1,579.7,0.11,50.0,50.0,50.0,50.0,1,0,32.0,32.0,32.0,1,UL,PDXTRANS
NW MOUNTAIN VIEW RD,3,519.1,0.098,50.0,50.0,50.0,50.0,3,2,,,,0,,
NW MURDOCK ST,3,2534.0,0.48,,,,,0,0,,,,0,,
NW NAITO PKWY,22,8887.1,1.683,85.3,87.0,66.9,108.8,14,5,60.3,52.0,66.0,6,UMiA,PDXTRANS
NW NAITO PKWY-STEEL BRG RAMP,3,987.2,0.187,,,,,0,0,,,,0,,
NW NELA ST,2,761.3,0.144,30.0,30.0,30.0,30.0,2,1,,,,0,,
NW NEW HOPE CT,1,162.6,0.031,40.4,40.0,40.4,40.4,1,0,28.0,28.0,28.0,1,UL,PDXTRANS
NW NEWBERRY RD,1,2172.4,0.411,60.0,60.0,60.0,60.0,1,1,20.0,20.0,20.0,1,MiC,PDXTRANS
NW NEWTON RD,5,9102.2,1.724,32.4,30.0,30.1,60.4,3,1,,,,0,,
NW NICOLAI ST,18,5032.1,0.953,71.0,60.0,59.6,153.0,15,7,41.4,36.0,56.0,10,UC,PDXTRANS
NW NICOLAI ST-HWY 30 RAMP,1,390.9,0.074,321.9,322.0,321.9,321.9,1,0,,,,0,,
NW NORFOLK CT,1,466.2,0.088,40.1,40.0,40.1,40.1,1,0,28.0,28.0,28.0,1,UL,PDXTRANS
NW NORTHRUP ST,22,6776.8,1.283,60.0,60.0,60.0,60.0,21,19,35.3,28.0,36.0,18,UC,PDXTRANS
NW OGDEN ST,2,135.6,0.026,50.0,50.0,50.0,50.0,2,2,,,,0,,
NW OIL LINE RD,1,1781.6,0.337,,,,,0,0,,,,0,,
NW OLD SKYLINE BLVD,4,1602.6,0.304,39.9,40.0,39.7,40.0,4,2,28.0,28.0,28.0,2,UL,PRIVATE
NW OVERTON ST,22,6695.9,1.268,61.1,60.0,60.0,94.0,21,20,34.8,28.0,36.0,18,UL,PDXTRANS
NW PARK AVE,6,1559.5,0.295,60.0,60.0,60.0,60.0,6,6,34.3,34.0,36.0,6,UC,PDXTRANS
NW PARKRIDGE LN,1,465.9,0.088,,,,,0,0,,,,0,,
NW PAXTON CT,3,298.5,0.057,,,,,0,0,,,,0,,
NW PENTLAND ST,1,736.1,0.139,,,,,0,0,,,,0,,
NW PETTYGROVE ST,20,6541.3,1.239,60.0,60.0,60.0,60.0,19,18,35.8,32.0,36.0,16,UL,PDXTRANS
NW PINNACLE CT,1,125.5,0.024,50.4,50.0,50.4,50.4,1,0,32.0,32.0,32.0,1,UL,PDXTRANS
NW PINNACLE DR,10,4221.4,0.8,50.0,50.0,49.4,50.2,10,9,33.6,32.0,36.0,6,UL,PDXTRANS
NW PITTOCK AVE,3,1062.1,0.201,40.4,40.0,40.0,41.1,3,1,30.0,30.0,30.0,2,UL,PDXTRANS
NW PITTOCK DR,2,2086.4,0.395,,,,,0,0,,,,0,,
NW POTTERS CT,1,230.7,0.044,40.1,40.0,40.1,40.1,1,0,28.0,28.0,28.0,1,UL,PDXTRANS
NW POWHATAN TER,3,740.1,0.14,40.3,40.0,40.0,45.0,3,1,24.0,24.0,24.0,1,UC,PDXTRANS
NW PRESTON CT,2,211.0,0.04,,,,,0,0,,,,0,,
NW PROMINENCE CT,1,291.3,0.055,,,,,0,0,,,,0,,
NW QUEENS DR,1,162.7,0.031,50.2,50.0,50.2,50.2,1,0,12.0,12.0,12.0,1,UL,PRIVATE
NW QUIMBY ST,20,5827.1,1.104,60.0,60.0,60.0,60.0,17,17,33.7,20.0,40.0,13,UL,PDXTRANS
NW RAINIER TER,1,235.0,0.045,25.9,26.0,25.9,25.9,1,0,16.0,16.0,16.0,1,UL,PDXTRANS
NW RAINMONT RD,1,205.8,0.039,42.0,42.0,42.0,42.0,1,0,32.0,32.0,32.0,1,UL,PDXTRANS
NW RALEIGH ST,23,7755.7,1.469,64.2,60.0,50.0,262.7,22,18,35.1,28.0,36.0,16,UL,PDXTRANS
NW RAMSEY DR,3,470.7,0.089,44.1,40.0,40.0,51.3,3,1,,,,0,,
NW RANDALL LN,2,995.3,0.189,,,,,0,0,,,,0,,
NW RAPIDAN TER,1,228.8,0.043,34.2,34.0,34.2,34.2,1,0,18.0,18.0,18.0,1,UL,PDXTRANS
NW RED CEDAR CT,2,2852.2,0.54,40.1,40.0,40.0,40.2,2,0,,,,0,,
NW REED DR,3,1731.0,0.328,53.6,60.0,50.1,60.0,3,2,34.2,33.2,36.0,3,UL,PDXTRANS
NW REED ST,5,1323.0,0.251,60.0,60.0,60.0,60.0,5,5,39.1,28.0,58.0,5,UC,PDXTRANS
NW RHODES LN,1,247.0,0.047,39.9,40.0,39.9,39.9,1,1,26.0,26.0,26.0,1,UL,PDXTRANS
NW RIDGETOP CT,1,308.2,0.058,,,,,0,0,,,,0,,
NW RIGGS DR,1,966.7,0.183,40.1,40.0,40.1,40.1,1,1,,,,0,,
NW RIO VISTA TER,2,954.4,0.181,28.7,28.0,28.3,29.0,2,1,24.0,24.0,24.0,2,UL,PDXTRANS
NW RIVERSCAPE ST,4,1041.2,0.197,60.0,60.0,60.0,60.0,4,4,36.0,36.0,36.0,2,UL,PDXTRANS
NW ROANOKE ST,1,244.4,0.046,29.8,30.0,29.8,29.8,1,1,24.0,24.0,24.0,1,UL,PDXTRANS
NW ROCKWELL LN,1,231.1,0.044,,,,,0,0,,,,0,,
NW ROOSEVELT ST,4,1305.5,0.247,60.0,60.0,60.0,60.0,4,4,34.5,30.0,36.0,3,UL,PDXTRANS
NW ROSARIA AVE,3,1133.9,0.215,25.0,25.0,25.0,25.0,3,3,11.4,10.0,13.0,2,UL,PRIVATE
NW ROSEFINCH LN,1,787.6,0.149,,,,,0,0,,,,0,,
NW ROSEWAY AVE,5,1540.2,0.292,25.0,25.0,25.0,25.0,5,3,18.4,12.0,28.0,3,UL,PRIVATE
NW ROYAL BLVD,4,2437.9,0.462,60.1,60.0,60.0,60.2,4,3,28.0,28.0,28.0,4,UL,PDXTRANS
NW RUBICON LN,1,561.6,0.106,,,,,0,0,,,,0,,
NW RUNNYMEADE CT,1,190.6,0.036,40.0,40.0,40.0,40.0,1,0,28.0,28.0,28.0,1,UL,PDXTRANS
NW RYAN ST,1,191.2,0.036,42.0,42.0,42.0,42.0,1,1,,,,0,,
NW SALTZMAN RD,3,2012.7,0.381,43.8,49.0,30.1,50.1,3,2,18.0,18.0,18.0,2,UL,PDXTRANS
NW SANTANITA TER,3,1323.0,0.251,30.0,30.0,30.0,30.0,3,2,24.0,24.0,24.0,2,UL,PDXTRANS
NW SARGENT LN,3,434.0,0.082,,,,,0,0,,,,0,,
NW SAVIER ST,27,7849.9,1.487,59.5,60.0,25.0,114.3,24,18,33.7,19.0,36.0,14,UL,PDXTRANS
NW SAWYER CT,1,132.9,0.025,40.3,40.0,40.3,40.3,1,0,28.0,28.0,28.0,1,UL,PDXTRANS
NW SEBLAR CT,1,173.5,0.033,33.5,34.0,33.5,33.5,1,0,28.0,28.0,28.0,1,UL,PDXTRANS
NW SEBLAR DR,4,1601.3,0.303,35.0,34.0,32.7,55.6,4,0,30.0,30.0,30.0,3,UL,PDXTRANS
NW SEBLAR TER,1,1143.9,0.217,34.0,34.0,34.0,34.0,1,0,30.0,30.0,30.0,1,UL,PDXTRANS
NW SHENANDOAH TER,1,568.0,0.108,40.0,40.0,40.0,40.0,1,0,24.0,24.0,24.0,1,UL,PDXTRANS
NW SHEPARD ST,3,557.8,0.106,50.0,50.0,50.0,50.0,3,2,14.0,14.0,14.0,1,UL,PDXTRANS
NW SHERLOCK AVE,4,1496.1,0.283,114.0,100.0,100.1,140.5,4,3,29.8,29.6,30.0,2,UL,PRIVATE
NW SICHEL CT,1,125.0,0.024,42.2,42.0,42.2,42.2,1,0,28.0,28.0,28.0,1,UL,PDXTRANS
NW SILVER RIDGE LOOP,4,1786.6,0.338,,,,,0,0,,,,0,,
NW SKYLINE BLVD,82,42190.8,7.991,64.3,60.0,58.9,286.3,82,53,23.5,22.0,24.0,10,UC,PDXTRANS
NW SKYLINE HEIGHTS DR,6,2590.7,0.491,40.1,40.0,40.0,40.2,6,5,26.5,26.0,28.0,2,UL,PDXTRANS
NW SKYLINE LN,2,346.0,0.066,,,,,0,0,,,,0,,
NW SKYVIEW CT,1,281.4,0.053,40.2,40.0,40.2,40.2,1,1,28.0,28.0,28.0,1,UL,PDXTRANS
NW SKYVIEW DR,4,2676.1,0.507,36.7,35.0,35.0,40.0,4,3,22.2,20.0,23.9,3,UL,PDXTRANS
NW SLOCUM WAY,3,1071.4,0.203,46.9,50.0,44.3,50.1,3,2,32.0,32.0,32.0,2,UL,PDXTRANS
NW SONOMA LN,1,427.9,0.081,,,,,0,0,,,,0,,
NW SPENCER ST,6,2221.4,0.421,40.0,40.0,39.8,40.1,6,5,26.0,26.0,26.0,3,UL,PDXTRANS
NW SPRINGVILLE CT,2,372.1,0.07,50.0,50.0,50.0,50.0,2,2,14.0,14.0,14.0,1,UL,PDXTRANS
NW SPRINGVILLE RD,7,2113.1,0.4,48.8,40.0,38.7,79.9,6,2,17.4,14.0,24.8,5,UL,PDXTRANS
NW ST HELENS RD,58,36248.4,6.865,152.9,80.0,66.5,379.4,57,18,64.8,50.0,90.0,28,UPAO,ODOT
NW STATION WAY,8,1537.5,0.291,69.4,58.0,58.0,156.3,8,7,36.0,36.0,36.0,2,UC,PDXTRANS
NW STEEL BRG-GLISAN ST RAMP,4,792.8,0.15,116.2,214.0,116.2,116.2,1,0,,,,0,,
NW STIMPSON LN,1,505.8,0.096,,,,,0,0,,,,0,,
NW SUFFOLK ST,2,353.0,0.067,60.0,60.0,60.0,60.0,2,2,42.9,40.0,44.0,2,UL,PDXTRANS
NW SUMMIT AVE,6,2010.6,0.381,30.1,30.0,30.0,36.1,6,5,24.0,24.0,24.0,4,UL,PDXTRANS
NW SUMMIT CT,1,325.2,0.062,30.1,30.0,30.1,30.1,1,0,24.0,24.0,24.0,1,UL,PDXTRANS
NW SUMMITVIEW DR,1,1386.1,0.263,,,,,0,0,,,,0,,
NW SUNDOWN LN,1,206.3,0.039,,,,,0,0,,,,0,,
NW SUNRISE LN,1,283.0,0.054,,,,,0,0,,,,0,,
NW SUNSET CIR,2,727.3,0.138,,,,,0,0,,,,0,,
NW SUSSEX AVE,2,1143.9,0.217,40.0,40.0,40.0,40.0,2,2,26.8,26.8,26.8,1,UL,PRIVATE
NW SWEETWATER LN,1,587.6,0.111,,,,,0,0,,,,0,,
NW TERRACEVIEW CT,1,491.2,0.093,39.8,40.0,39.8,39.8,1,0,22.6,22.6,22.6,1,UL,PDXTRANS
NW THOMPSON RD,11,7847.7,1.486,54.9,50.0,49.9,181.3,11,6,28.6,28.0,28.9,2,UC,PDXTRANS
NW THUNDER CREST DR,3,461.0,0.087,,,,,0,0,,,,0,,
NW THURMAN ST,28,10813.3,2.048,64.7,60.0,50.0,229.5,28,19,33.8,21.5,36.0,16,UC,PDXTRANS
NW TIMBER RIDGE CT,1,317.0,0.06,50.0,50.0,50.0,50.0,1,0,32.0,32.0,32.0,1,UL,PDXTRANS
NW TIVOLI LN,1,274.9,0.052,,,,,0,0,,,,0,,
NW TRINITY PL,1,678.2,0.128,60.0,60.0,60.0,60.0,1,1,26.0,26.0,26.0,1,UC,PDXTRANS
NW TUALATIN AVE,1,563.7,0.107,40.0,40.0,40.0,40.0,1,0,28.0,28.0,28.0,1,UL,PRIVATE
NW TULLAMORE CT,2,246.4,0.047,56.7,46.0,45.9,103.3,2,1,,,,0,,
NW TWILIGHT TER,2,608.3,0.115,40.2,40.0,40.1,40.2,2,1,28.0,28.0,28.0,2,UL,PDXTRANS
NW UNNAMED RD,267,126025.9,23.869,162.6,15.0,15.0,278.9,33,8,15.0,15.0,15.0,2,UL,PDXTRANS
NW UPSHUR ST,10,3678.4,0.697,57.0,60.0,41.0,60.0,9,9,31.6,16.0,36.0,8,UL,PDXTRANS
NW UPTON CT,1,418.9,0.079,,,,,0,0,,,,0,,
NW UPTOWN TER,1,892.1,0.169,,,,,0,0,,,,0,,
NW VALLE VISTA TER,2,1091.3,0.207,32.0,33.0,30.1,32.4,2,1,24.0,24.0,24.0,1,UL,PDXTRANS
NW VALLEY VIEW LN,1,281.9,0.053,35.0,35.0,35.0,35.0,1,0,20.0,20.0,20.0,1,UL,PDXTRANS
NW VAUGHN ST,22,6690.7,1.267,83.3,60.0,59.9,268.5,19,12,38.4,36.0,50.0,14,UL,PDXTRANS
NW VAUGHN ST-23RD AVE RAMP,1,252.4,0.048,185.5,211.0,185.5,185.5,1,0,,,,0,,
NW VAUGHN ST-HWY 30 RAMP,1,540.7,0.102,312.7,318.0,312.7,312.7,1,0,,,,0,,
NW VERDE VISTA TER,5,1734.2,0.328,30.3,30.0,30.0,30.5,5,2,21.4,18.0,24.0,3,UL,PDXTRANS
NW VERNON CT,1,291.7,0.055,40.0,40.0,40.0,40.0,1,1,20.0,20.0,20.0,1,UL,PDXTRANS
NW VILLAGE CIR,7,1212.6,0.23,198.4,102.0,198.4,198.4,1,0,,,,0,,
NW VILLAGE HEIGHTS DR,2,465.2,0.088,,,,,0,0,,,,0,,
NW WARDWAY ST,5,1315.3,0.249,105.4,79.0,79.1,255.7,5,1,,,,0,,
NW WARRENTON TER,1,195.1,0.037,50.0,50.0,50.0,50.0,1,0,24.0,24.0,24.0,1,UC,PDXTRANS
NW WESTOVER CIR,1,188.4,0.036,,,,,0,0,,,,0,,
NW WESTOVER RD,15,5502.9,1.042,57.0,60.0,42.1,64.7,15,3,32.3,26.0,36.0,8,UL,PDXTRANS
NW WESTOVER SQ,1,705.9,0.134,,,,,0,0,,,,0,,
NW WESTOVER TER,5,633.2,0.12,,,,,0,0,,,,0,,
NW WHITNEY ST,2,332.0,0.063,50.0,50.0,50.0,50.2,2,1,,,,0,,
NW WILARK AVE,3,1301.7,0.247,50.0,50.0,50.0,50.0,3,0,16.7,12.0,28.0,3,UL,PDXTRANS
NW WILEY LN,1,756.8,0.143,,,,,0,0,,,,0,,
NW WILLBRIDGE AVE,2,751.6,0.142,40.0,40.0,40.0,40.0,2,1,21.0,18.0,24.4,2,UL,PDXTRANS
NW WILSHIRE LN,2,802.3,0.152,,,,,0,0,,,,0,,
NW WILSON ST,14,4368.2,0.827,60.4,60.0,60.0,66.0,11,10,34.5,24.0,44.0,7,UL,PDXTRANS
NW WINCHESTER TER,1,269.7,0.051,40.0,40.0,40.0,40.0,1,1,18.0,18.0,18.0,1,UL,PDXTRANS
NW WIND RIDGE DR,2,731.4,0.139,,,,,0,0,,,,0,,
NW WINSTON DR,1,404.7,0.077,50.2,50.0,50.2,50.2,1,0,20.0,20.0,20.0,1,UL,PDXTRANS
NW WINTER LN,1,340.5,0.064,20.0,20.0,20.0,20.0,1,0,,,,0,,
NW WOOD ROSE LOOP,4,1451.0,0.275,40.1,40.0,40.1,40.1,3,3,28.0,28.0,28.0,2,UL,PDXTRANS
NW WOOD ST,4,887.3,0.168,50.0,50.0,50.0,50.0,4,4,14.0,14.0,14.0,3,UL,PDXTRANS
NW WOODSIDE TER,1,1209.4,0.229,91.1,50.0,91.1,91.1,1,0,17.0,17.0,17.0,1,UL,PRIVATE
NW YEON AVE,22,10341.8,1.959,126.4,120.0,100.0,284.3,22,14,86.5,69.0,96.0,6,UPAO,ODOT
NW YEON AVE FRONTAGE RD,2,2766.5,0.524,140.1,140.0,140.0,140.1,2,0,48.0,48.0,48.0,2,UC,PDXTRANS
NW YEON AVE-NICOLAI ST RAMP,1,291.7,0.055,123.8,160.0,123.8,123.8,1,0,,,,0,,
NW YORK ST,10,2068.0,0.392,60.0,60.0,60.0,60.0,7,7,40.4,36.0,48.0,4,UL,PDXTRANS
NW YORKSHIRE LN,1,362.4,0.069,,,,,0,0,,,,0,,
OCONNER WAY,11,2896.3,0.549,,,,,0,0,,,,0,,
PARK CENTER DR,2,386.9,0.073,,,,,0,0,,,,0,,
PARKROSE TC,4,1490.9,0.282,,,,,0,0,,,,0,,
PIPELINE LN,5,5043.1,0.955,,,,,0,0,,,,0,,
PORTLAND ROWING CLUB,2,756.2,0.143,,,,,0,0,,,,0,,
RESERVOIR LN,1,2508.7,0.475,,,,,0,0,,,,0,,
ROSE QUARTER TC,3,823.0,0.156,147.8,164.0,136.2,163.9,2,0,,,,0,,
ROSS ISLAND BRG,18,3767.0,0.713,68.2,83.0,62.0,123.6,3,0,,,,0,,
S ABERNETHY ST,7,1776.1,0.336,57.9,60.0,48.0,60.0,6,6,,,,0,,
S ARTHUR ST,2,444.5,0.084,60.0,60.0,60.0,60.0,2,2,,,,0,,
S BANCROFT ST,8,1693.9,0.321,68.1,80.0,42.0,80.0,7,5,,,,0,,
S BARBUR BLVD,6,1713.3,0.324,175.0,340.0,100.1,344.8,6,0,,,,0,,
S BARBUR BLVD-NAITO PKWY RAMP,1,498.9,0.094,217.3,169.0,217.3,217.3,1,0,,,,0,,
S BEAVER AVE,1,214.1,0.041,63.6,63.0,63.6,63.6,1,0,,,,0,,
S BOND AVE,11,3241.9,0.614,69.8,68.0,67.3,73.2,11,8,,,,0,UC,PDXTRANS
S BOUNDARY CT,1,250.1,0.047,50.0,50.0,50.0,50.0,1,1,,,,0,,
S BOUNDARY ST,3,960.4,0.182,100.1,58.0,58.1,203.0,3,2,,,,0,,
S BRIDGE WAY,3,965.2,0.183,283.2,335.0,115.5,335.2,2,0,,,,0,,
S BRUGGER ST,3,824.0,0.156,50.0,50.0,50.0,50.0,3,3,,,,0,,
S CALIFORNIA ST,4,1339.6,0.254,60.0,60.0,60.0,60.0,4,4,,,,0,,
S CANBY ST,1,541.5,0.103,36.0,36.0,36.0,36.0,1,1,,,,0,,
S CAROLINA ST,6,1376.1,0.261,60.1,60.0,59.7,62.4,6,5,,,,0,,
S CARUTHERS ST,1,333.0,0.063,277.7,276.0,277.7,277.7,1,0,,,,0,,
S CASTLERIDGE LN,1,280.5,0.053,,,,,0,0,,,,0,,
S CLARA MAE WAY,1,290.9,0.055,,,,,0,0,,,,0,,
S COMUS ST,3,678.5,0.129,59.1,50.0,50.0,85.1,3,2,,,,0,,
S CORBETT AVE,49,13865.1,2.626,70.5,60.0,57.9,334.3,46,35,,,,0,,
S CORBETT AVE-HOOD AVE RAMP,2,197.2,0.037,299.3,299.0,299.3,299.3,1,0,,,,0,,
S CORBETT LN,2,547.0,0.104,50.0,50.0,50.0,50.0,2,2,,,,0,,
S CORBETT PL,1,486.0,0.092,35.8,36.0,35.8,35.8,1,1,,,,0,,
S CURRY ST,8,2226.9,0.422,60.0,60.0,60.0,60.0,7,6,,,,0,,
S CUSTER ST,2,522.5,0.099,60.0,60.0,60.0,60.0,2,2,,,,0,,
S DAKOTA ST,2,1171.6,0.222,60.0,60.0,60.0,60.0,2,2,,,,0,,
S ELYSIUM PL,2,227.2,0.043,,,,,0,0,,,,0,,
S ESQUILINE AVE,2,513.3,0.097,50.0,50.0,50.0,50.0,2,2,,,,0,,
S FLORIDA ST,3,1243.6,0.236,60.0,60.0,60.0,60.0,3,3,,,,0,,
S FLOWER ST,3,766.8,0.145,60.2,60.0,60.0,60.6,3,2,,,,0,,
S FULTON PARK BLVD,5,1913.3,0.362,40.1,40.0,40.0,40.2,5,3,,,,0,,
S FULTON PARK PL,2,677.5,0.128,30.3,31.0,30.1,30.6,2,1,,,,0,,
S GAINES ST,6,1660.1,0.314,59.8,60.0,59.0,60.0,6,6,,,,0,,
S GIBBS ST,4,943.8,0.179,74.7,60.0,60.0,127.0,4,3,,,,0,,
S GRANT ST,1,136.8,0.026,60.1,60.0,60.1,60.1,1,1,,,,0,,
S GROVER ST,5,757.2,0.143,60.0,60.0,60.0,60.0,1,1,,,,0,,
S HALL ST,2,468.3,0.089,,,,,0,0,,,,0,,
S HAMILTON CT,3,463.7,0.088,266.7,267.0,266.7,266.7,1,0,,,,0,,
S HAMILTON ST,3,623.5,0.118,80.0,80.0,80.0,80.0,3,3,,,,0,,
S HARBOR DR,6,3419.0,0.648,248.7,240.0,239.3,322.5,6,0,,,,0,,
S HARBOR DR-I5 FWY RAMP,7,2180.7,0.413,260.3,195.0,209.7,328.3,2,0,,,,0,,
S HARBOR PL,5,1118.0,0.212,,,,,0,0,,,,0,,
S HARBOR VIA,10,2617.5,0.496,218.6,413.0,197.9,406.2,4,0,,,,0,,
S HARBOR WAY,5,1255.5,0.238,225.2,240.0,145.7,240.1,4,2,,,,0,,
S HARRISON ST,2,903.6,0.171,242.8,262.0,242.8,242.8,1,0,,,,0,,
S HOOD AVE,16,5837.1,1.106,55.0,60.0,45.0,60.0,7,7,,,,0,,
S HOOD AVE-I5 FWY RAMP,1,1206.4,0.228,388.0,401.0,388.0,388.0,1,0,,,,0,,
S HOOD AVE-MACADAM AVE RAMP,7,872.1,0.165,79.5,81.0,79.5,79.5,1,1,,,,0,,
S HOOKER ST,3,304.2,0.058,79.7,60.0,60.0,180.3,3,2,,,,0,,
S I5 FWY-HARBOR DR RAMP,6,2048.4,0.388,306.4,194.0,208.8,388.7,3,0,,,,0,,
S I5 FWY-HOOD AVE RAMP,4,1421.4,0.269,,,,,0,0,,,,0,,
S I5 FWY-MACADAM AVE RAMP,3,2060.0,0.39,,,,,0,0,,,,0,,
S IDAHO ST,2,1284.7,0.243,60.0,60.0,60.0,60.0,2,2,,,,0,,
S IOWA ST,5,1259.8,0.239,60.0,60.0,60.0,60.1,5,5,,,,0,,
S KELLY AVE,23,8458.4,1.602,84.2,60.0,50.0,277.4,23,13,,,,0,,
S KELLY AVE-NAITO PKWY RAMP,4,1092.8,0.207,176.0,87.0,91.3,214.2,2,0,,,,0,,
S KELLY AVE-ROSS ISLAND BRG RAMP,1,502.9,0.095,113.1,156.0,113.1,113.1,1,0,,,,0,,
S KELLY WAY,1,554.2,0.105,141.9,327.0,141.9,141.9,1,0,,,,0,,
S LANDING DR,2,1829.5,0.346,,,,,0,0,,,,0,,
S LANDING SQUARE DR,1,266.3,0.05,,,,,0,0,,,,0,,
S LANE ST,6,1648.8,0.312,60.0,60.0,60.0,60.0,3,3,,,,0,,
S LAVIEW DR,3,2047.0,0.388,31.9,30.0,30.0,44.4,3,3,,,,0,,
S LOGAN ST,1,259.9,0.049,60.0,60.0,60.0,60.0,1,1,,,,0,,
S LOWELL ST,5,1150.9,0.218,50.0,59.0,20.2,62.1,5,4,,,,0,,
S MACADAM AVE,44,17639.7,3.341,99.4,80.0,77.4,275.1,34,19,,,,0,,
S MACADAM AVE-HOOD AVE RAMP,3,485.4,0.092,,,,,0,0,,,,0,,
S MACADAM AVE-I5 FWY RAMP,4,1652.9,0.313,,,,,0,0,,,,0,,
S MACADAM AVE-KELLY AVE RAMP,7,1482.1,0.281,156.1,118.0,156.1,156.1,1,0,,,,0,,
S MACADAM AVE-SELLWOOD BRG RAMP,2,2258.6,0.428,129.4,125.0,126.9,131.8,2,0,,,,0,,
S MACADAM AVE-TAYLORS FERRY RD RAMP,2,635.4,0.12,135.2,99.0,135.2,135.2,1,0,,,,0,,
S MARKET ST-SHERIDAN ST RAMP,4,759.6,0.144,209.9,195.0,209.9,209.9,1,0,,,,0,,
S MEADE ST,4,1113.4,0.211,73.6,60.0,60.0,111.9,4,3,,,,0,,
S MILES PL,2,615.5,0.117,30.1,30.0,29.7,30.2,2,1,,,,0,,
S MILES ST,4,768.1,0.145,48.4,60.0,29.7,60.0,4,4,,,,0,,
S MILL STREET CIR,3,344.9,0.065,,,,,0,0,,,,0,,
S MITCHELL ST,2,609.0,0.115,60.0,60.0,60.0,60.0,2,2,,,,0,,
S MONTGOMERY ST,6,1001.2,0.19,101.0,80.0,65.7,172.0,4,1,,,,0,,
S MOODY AVE,25,6026.0,1.141,77.0,64.0,28.0,141.5,19,11,34.0,34.0,34.0,1,UC,PDXTRANS
S NAITO PKWY-BARBUR BLVD RAMP,2,1210.3,0.229,159.9,164.0,158.5,168.7,2,0,,,,0,,
S NEBRASKA ST,3,1497.1,0.284,59.8,60.0,58.8,60.0,3,3,,,,0,,
S NEVADA ST,4,996.1,0.189,54.0,60.0,31.9,60.0,4,3,,,,0,,
S NORTHGATE AVE,5,940.3,0.178,55.0,50.0,40.0,107.1,3,2,,,,0,,
S ORCHID CT,1,274.8,0.052,50.0,50.0,50.0,50.0,1,1,,,,0,,
S PALATER RD,3,587.3,0.111,64.4,51.0,55.7,71.3,3,0,,,,0,,
S PALATINE HILL RD,20,6637.9,1.257,51.4,50.0,49.7,159.2,20,13,,,,0,,
S PENDLETON ST,8,1386.9,0.263,60.0,60.0,59.9,60.0,5,4,28.0,28.0,28.0,1,UL,PRIVATE
S PENNOYER ST,2,499.6,0.095,60.0,60.0,60.0,60.0,1,1,,,,0,,
S PORTER ST,4,1230.6,0.233,79.1,60.0,60.0,100.4,3,2,,,,0,,
S POWERS CT,1,597.3,0.113,40.0,40.0,40.0,40.0,1,1,,,,0,,
S RICHARDSON CT,1,310.7,0.059,60.0,60.0,60.0,60.0,1,1,,,,0,,
S RICHARDSON ST,2,410.2,0.078,60.4,60.0,60.0,61.0,2,2,,,,0,,
S RIDGE DR,1,782.7,0.148,50.0,50.0,50.0,50.0,1,1,,,,0,,
S RIVER DR,4,721.5,0.137,63.0,60.0,60.0,68.0,4,4,,,,0,,
S RIVER PKWY,16,3195.8,0.605,77.6,62.0,61.3,294.9,13,8,,,,0,,
S RIVER SQ,4,560.5,0.106,,,,,0,0,,,,0,,
S RIVER WALK,1,335.4,0.064,,,,,0,0,,,,0,,
S RIVERIDGE LN,2,716.7,0.136,,,,,0,0,,,,0,,
S RIVERPOINT LN,2,1179.7,0.223,,,,,0,0,,,,0,,
S RIVERSIDE DR,1,447.4,0.085,80.0,80.0,80.0,80.0,1,1,,,,0,,
S RIVERSIDE LN,1,433.8,0.082,,,,,0,0,,,,0,,
S RIVERSIDE ST,2,758.4,0.144,50.0,50.0,50.0,50.0,2,1,,,,0,,
S ROSE LN,2,357.6,0.068,,,,,0,0,,,,0,,
S ROSS ISLAND BRG-CORBETT AVE RAMP,2,523.3,0.099,,,,,0,0,,,,0,,
S ROSS ISLAND BRG-HOOD AVE RAMP,3,596.9,0.113,,,,,0,0,,,,0,,
S ROSS ISLAND WAY,2,603.8,0.114,344.2,332.0,331.8,353.6,2,0,,,,0,,
S SELLWOOD BRG-MACADAM AVE RAMP,2,2324.1,0.44,122.2,89.0,117.5,127.3,2,0,,,,0,,
S SEYMOUR CT,1,336.5,0.064,60.0,60.0,60.0,60.0,1,0,,,,0,,
S SEYMOUR ST,4,475.6,0.09,30.1,30.0,29.9,30.1,3,2,,,,0,,
S SHERIDAN ST,7,507.0,0.096,,,,,0,0,,,,0,,
S SHERMAN ST,1,277.6,0.053,,,,,0,0,,,,0,,
S SLAVIN RD,1,326.5,0.062,61.2,61.0,61.2,61.2,1,0,,,,0,,
S SOUTH WAY,2,652.2,0.124,345.9,347.0,345.9,345.9,1,0,,,,0,,
S SOUTHRIDGE DR,1,2245.2,0.425,50.0,50.0,50.0,50.0,1,0,,,,0,,
S SWEENEY ST,3,598.6,0.113,63.0,40.0,39.2,230.7,3,2,,,,0,,
S TAYLORS FERRY RD,8,3849.1,0.729,104.7,60.0,60.0,272.8,5,2,,,,0,,
S TERWILLIGER BLVD,14,6891.6,1.305,82.6,80.0,80.0,153.5,14,7,,,,0,,
S TERWILLIGER PL,2,1514.7,0.287,50.1,50.0,50.0,50.1,2,1,,,,0,,
S TEXAS ST,3,1174.6,0.222,60.0,60.0,60.0,60.0,3,3,,,,0,,
S THOMAS ST,2,551.2,0.104,41.9,60.0,21.1,60.0,2,1,,,,0,,
S UNNAMED RD,120,47244.5,8.948,92.7,118.0,35.0,234.1,8,0,,,,0,,
S VERMONT ST,3,1403.0,0.266,60.0,60.0,60.0,60.0,3,3,,,,0,,
S VIRGINIA AVE,13,4160.7,0.788,60.0,60.0,59.5,60.1,13,12,,,,0,,
S VIRGINIA PL,2,215.3,0.041,28.9,33.0,20.5,33.2,2,2,,,,0,,
S WATER AVE,19,3965.9,0.751,80.7,60.0,40.0,210.6,12,8,,,,0,,
S WHITAKER ST,7,1944.3,0.368,60.0,60.0,60.0,60.0,6,6,,,,0,,
S WOODS ST,1,258.1,0.049,,,,,0,0,,,,0,,
SE 100TH AVE,32,9509.5,1.801,51.9,50.0,39.9,207.5,23,18,33.5,26.0,44.0,18,UL,PDXTRANS
SE 101ST AVE,34,9743.9,1.845,51.9,50.0,39.9,61.0,32,28,31.2,28.0,40.0,22,UL,PDXTRANS
SE 101ST PL,1,154.3,0.029,50.1,50.0,50.1,50.1,1,0,32.0,32.0,32.0,1,UL,PDXTRANS
SE 102ND AVE,22,8166.3,1.547,65.5,60.0,49.8,148.6,21,16,33.7,24.3,66.0,18,UL,PDXTRANS
SE 103RD AVE,19,7689.1,1.456,52.9,50.0,49.8,61.5,19,17,28.7,20.0,32.0,16,UL,PDXTRANS
SE 103RD DR,10,4438.2,0.841,63.9,50.0,50.0,153.7,10,4,34.9,28.0,44.0,7,UMiA,PDXTRANS
SE 103RD DR-102ND AVE RAMP,1,127.0,0.024,195.6,245.0,195.6,195.6,1,0,,,,0,,
SE 104TH AVE,28,8341.9,1.58,52.5,60.0,41.4,64.0,28,18,28.0,20.0,44.0,25,UL,PDXTRANS
SE 104TH CT,1,750.5,0.142,50.0,50.0,50.0,50.0,1,0,28.0,28.0,28.0,1,UL,PDXTRANS
SE 104TH DR,6,1354.0,0.256,51.5,50.0,50.0,70.0,6,3,29.4,28.0,36.0,6,UL,PDXTRANS
SE 105TH AVE,23,7176.8,1.359,57.4,60.0,49.9,114.8,23,18,28.0,20.0,44.0,15,UL,PDXTRANS
SE 106TH AVE,11,5421.7,1.027,52.0,50.0,40.1,60.8,11,8,40.3,28.0,44.0,6,UC,PDXTRANS
SE 107TH AVE,12,3570.9,0.676,50.0,50.0,49.7,50.2,11,8,27.3,26.0,32.0,8,UL,PDXTRANS
SE 107TH PL,1,150.8,0.029,,,,,0,0,,,,0,,
SE 108TH AVE,13,4705.9,0.891,54.7,50.0,50.0,198.3,12,8,29.5,21.0,32.0,7,UL,PDXTRANS
SE 108TH CT,1,164.0,0.031,40.2,40.0,40.2,40.2,1,1,20.0,20.0,20.0,1,UL,PDXTRANS
SE 108TH PL,3,980.2,0.186,43.2,50.0,30.0,50.0,3,2,29.0,28.0,30.6,3,UL,PDXTRANS
SE 109TH AVE,17,6528.8,1.237,47.8,50.0,30.0,50.1,15,12,26.6,20.0,32.0,10,UL,PDXTRANS
SE 10TH AVE,35,10463.4,1.982,59.9,60.0,58.7,63.0,35,32,36.8,36.0,44.0,34,UL,PDXTRANS
SE 110TH AVE,11,3348.2,0.634,58.9,50.0,49.9,406.4,10,8,32.6,28.0,40.0,5,UL,PDXTRANS
SE 111TH AVE,33,11234.6,2.128,53.1,50.0,40.0,100.5,33,27,28.9,22.0,36.0,17,UL,PDXTRANS
SE 111TH AVE-112TH AVE ALY,1,116.1,0.022,,,,,0,0,,,,0,,
SE 111TH DR,4,889.6,0.168,67.8,70.0,60.0,197.4,4,3,,,,0,,
SE 112TH AVE,39,13645.7,2.584,58.9,60.0,19.0,75.0,39,36,33.3,18.0,44.0,19,UC,PDXTRANS
SE 112TH CT,1,150.8,0.029,27.4,27.0,27.4,27.4,1,0,,,,0,,
SE 113TH AVE,26,11013.6,2.086,50.2,50.0,50.0,52.7,23,15,29.1,28.0,32.0,13,UL,PDXTRANS
SE 114TH AVE,11,5078.9,0.962,50.1,50.0,49.6,54.1,10,4,27.6,15.0,32.0,8,UL,PDXTRANS
SE 114TH CT,1,329.5,0.062,50.1,50.0,50.1,50.1,1,0,28.0,28.0,28.0,1,UL,PDXTRANS
SE 114TH PL,11,3270.8,0.619,50.0,50.0,49.9,50.2,11,7,28.3,27.0,32.0,10,UL,PDXTRANS
SE 115TH AVE,35,10511.8,1.991,50.4,50.0,49.7,60.1,33,26,27.2,22.0,32.0,16,UL,PDXTRANS
SE 115TH PL,3,930.8,0.176,50.1,50.0,50.0,50.1,2,1,28.0,28.0,28.0,2,UL,PDXTRANS
SE 116TH AVE,14,5108.3,0.967,50.1,50.0,40.0,105.4,14,8,27.3,20.0,32.0,11,UL,PDXTRANS
SE 117TH AVE,26,7275.6,1.378,56.4,60.0,49.8,82.7,25,22,27.8,24.0,36.0,20,UC,PDXTRANS
SE 117TH DR,2,443.3,0.084,50.0,50.0,50.0,50.1,2,2,32.0,32.0,32.0,1,UL,PDXTRANS
SE 117TH PL,3,1059.4,0.201,50.7,50.0,50.1,51.1,2,0,29.3,28.0,30.0,2,UL,PDXTRANS
SE 118TH AVE,14,5324.5,1.008,46.0,50.0,40.0,75.0,14,10,29.2,28.0,32.0,3,UL,PDXTRANS
SE 118TH DR,2,1864.0,0.353,50.1,50.0,50.0,50.1,2,0,28.0,28.0,28.0,2,UL,PDXTRANS
SE 118TH PL,3,721.8,0.137,50.0,50.0,50.0,50.0,2,0,26.1,24.0,28.0,2,UL,PDXTRANS
SE 119TH AVE,13,6018.7,1.14,44.8,50.0,25.0,50.1,13,9,26.4,20.0,38.0,11,UL,PDXTRANS
SE 119TH CT,1,444.9,0.084,50.0,50.0,50.0,50.0,1,0,32.0,32.0,32.0,1,UL,PDXTRANS
SE 119TH DR,3,881.7,0.167,50.0,50.0,50.0,50.1,3,1,32.0,32.0,32.0,3,UL,PDXTRANS
SE 11TH AVE,55,14855.5,2.814,60.3,60.0,50.0,167.8,55,51,34.5,24.0,36.0,50,UL,PDXTRANS
SE 120TH AVE,15,5463.5,1.035,47.4,50.0,25.0,50.6,13,9,25.5,18.0,32.0,12,UL,PDXTRANS
SE 120TH PL,3,1318.9,0.25,40.0,40.0,39.8,40.1,3,3,26.0,26.0,26.0,2,UL,PDXTRANS
SE 121ST AVE,5,1889.4,0.358,48.6,50.0,42.8,50.0,4,4,30.4,28.0,32.0,2,UL,PDXTRANS
SE 121ST PL,1,87.3,0.017,,,,,0,0,,,,0,,
SE 122ND AVE,80,20138.4,3.814,86.4,90.0,38.7,186.4,77,58,69.5,24.0,78.0,31,UMiA,PDXTRANS
SE 122ND AVE FRONTAGE RD,1,292.4,0.055,194.2,149.0,194.2,194.2,1,0,20.0,20.0,20.0,1,UL,PDXTRANS
SE 122ND AVE TC ,5,1589.6,0.301,169.2,169.0,169.2,169.2,1,0,,,,0,,
SE 122ND DR,3,2016.4,0.382,40.2,40.0,40.0,40.5,2,2,18.0,18.0,18.0,1,UL,PDXTRANS
SE 123RD AVE,4,1124.9,0.213,51.2,50.0,50.0,60.7,3,2,29.8,28.0,44.0,3,UL,PDXTRANS
SE 124TH AVE,12,3520.5,0.667,48.3,50.0,30.0,61.9,12,9,28.1,25.0,32.0,8,UL,PRIVATE
SE 125TH AVE,10,2271.2,0.43,46.0,50.0,40.0,59.2,10,7,29.1,23.8,32.0,7,UL,PDXTRANS
SE 125TH CT,1,273.0,0.052,,,,,0,0,,,,0,,
SE 125TH PL,5,879.3,0.167,60.0,60.0,60.0,60.0,1,0,44.0,44.0,44.0,1,UL,PDXTRANS
SE 126TH AVE,4,1563.8,0.296,41.5,40.0,40.0,45.3,4,4,22.6,18.0,28.0,2,UL,PRIVATE
SE 126TH PL,3,806.2,0.153,43.2,50.0,23.0,50.0,2,1,32.0,32.0,32.0,1,UL,PDXTRANS
SE 127TH AVE,15,4318.0,0.818,49.4,50.0,32.0,59.8,15,11,27.1,18.0,32.0,11,UL,PRIVATE
SE 127TH PL,3,1080.6,0.205,49.4,40.0,42.4,66.0,2,0,27.8,26.0,32.0,2,UL,PDXTRANS
SE 128TH AVE,26,7552.0,1.43,50.7,50.0,41.4,56.5,25,19,29.7,28.0,32.0,11,UL,PDXTRANS
SE 129TH AVE,10,5493.7,1.04,48.1,50.0,40.0,53.0,10,6,29.5,26.0,32.0,7,UL,PDXTRANS
SE 129TH PL,1,347.5,0.066,30.1,30.0,30.1,30.1,1,0,20.0,20.0,20.0,1,UL,PDXTRANS
SE 12TH AVE,42,9315.0,1.764,61.1,60.0,54.0,120.2,40,31,35.6,28.0,36.0,35,UMiA,PDXTRANS
SE 130TH AVE,30,10796.0,2.045,55.3,60.0,38.2,62.0,29,24,31.1,20.0,40.0,18,UL,PDXTRANS
SE 130TH PL,3,710.3,0.135,45.0,41.0,41.5,50.1,3,1,28.0,28.0,28.0,1,UL,PDXTRANS
SE 131ST AVE,16,4572.6,0.866,47.2,50.0,39.3,50.6,14,11,28.8,20.0,32.0,8,UL,PDXTRANS
SE 131ST CT,1,132.7,0.025,,,,,0,0,,,,0,,
SE 131ST PL,8,1636.9,0.31,49.1,50.0,46.2,50.3,7,5,30.9,28.0,32.0,4,UL,PDXTRANS
SE 132ND AVE,15,3311.1,0.627,48.5,50.0,25.1,60.0,15,12,24.5,18.0,32.0,7,UL,PDXTRANS
SE 133RD AVE,15,4437.0,0.84,48.7,50.0,40.3,60.7,14,10,29.8,26.0,32.0,8,UL,PDXTRANS
SE 133RD DR,4,1176.5,0.223,,,,,0,0,,,,0,,
SE 133RD PL,6,1175.9,0.223,42.4,40.0,40.0,49.5,5,4,27.4,26.0,28.0,3,UL,PDXTRANS
SE 134TH AVE,14,4841.4,0.917,54.7,50.0,50.0,73.8,13,10,30.9,24.0,32.0,10,UL,PDXTRANS
SE 134TH DR,7,3339.0,0.632,40.0,40.0,39.9,40.2,3,2,26.0,26.0,26.0,3,UL,PDXTRANS
SE 134TH PL,5,1635.9,0.31,52.6,49.0,49.4,99.9,5,1,25.5,22.2,31.4,3,UL,PDXTRANS
SE 135TH AVE,26,7295.9,1.382,51.6,50.0,40.0,174.4,26,10,28.0,28.0,28.0,8,UL,PDXTRANS
SE 136TH AVE,46,12746.7,2.414,55.3,55.0,45.0,65.0,46,28,31.2,26.0,38.0,20,UC,PDXTRANS
SE 136TH CT,1,196.8,0.037,,,,,0,0,,,,0,,
SE 136TH PL,2,265.0,0.05,59.3,62.0,58.0,62.4,2,1,29.1,28.0,32.0,2,UL,PDXTRANS
SE 137TH AVE,14,4357.8,0.825,47.9,50.0,39.9,62.0,14,9,28.3,20.0,40.0,11,UL,PDXTRANS
SE 138TH AVE,12,3019.9,0.572,48.5,50.0,25.0,50.0,12,9,30.3,24.1,40.0,6,UL,PRIVATE
SE 138TH DR,5,1871.4,0.354,39.4,40.0,37.1,40.1,5,4,26.0,26.0,26.0,4,UL,PDXTRANS
SE 138TH PL,6,1580.7,0.299,44.8,46.0,40.0,46.5,5,4,23.2,20.0,26.0,3,UL,PDXTRANS
SE 139TH AVE,29,9525.6,1.804,54.4,60.0,36.2,61.5,25,20,33.2,18.0,40.0,11,UL,PDXTRANS
SE 139TH CT,1,134.5,0.025,40.0,40.0,40.0,40.0,1,1,26.0,26.0,26.0,1,UL,PDXTRANS
SE 13TH AVE,51,12702.9,2.406,60.8,60.0,59.2,126.6,51,44,35.4,28.0,36.0,42,UL,PDXTRANS
SE 13TH PL,1,433.6,0.082,60.0,60.0,60.0,60.0,1,1,36.0,36.0,36.0,1,UL,PDXTRANS
SE 140TH AVE,32,7831.9,1.483,43.0,50.0,27.5,56.5,32,20,27.3,13.0,32.0,17,UL,PDXTRANS
SE 140TH CT,1,176.1,0.033,39.4,39.0,39.4,39.4,1,0,26.0,26.0,26.0,1,UL,PDXTRANS
SE 140TH DR,1,1470.5,0.279,39.9,40.0,39.9,39.9,1,1,28.0,28.0,28.0,1,UL,PDXTRANS
SE 140TH PL,7,1517.9,0.287,38.3,40.0,32.0,41.6,5,4,24.5,20.0,26.0,4,UL,PDXTRANS
SE 141ST AVE,36,14241.9,2.697,47.5,50.0,30.0,53.0,34,25,28.9,20.0,36.0,20,UL,PDXTRANS
SE 141ST PL,2,457.9,0.087,40.0,40.0,40.0,40.0,2,2,26.0,26.0,26.0,2,UL,PDXTRANS
SE 142ND AVE,17,5322.0,1.008,48.9,50.0,24.0,53.7,17,12,26.2,1.0,38.0,6,UL,PDXTRANS
SE 142ND PL,8,1854.1,0.351,49.3,50.0,47.1,52.9,8,7,28.1,26.0,32.0,5,UL,PDXTRANS
SE 143RD AVE,29,8184.9,1.55,49.6,50.0,45.0,58.0,29,24,28.3,28.0,32.0,13,UL,PDXTRANS
SE 143RD CT,2,452.4,0.086,40.2,40.0,40.1,40.2,2,1,28.0,28.0,28.0,2,UL,PDXTRANS
SE 143RD PL,1,331.9,0.063,50.0,50.0,50.0,50.0,1,0,32.0,32.0,32.0,1,UL,PDXTRANS
SE 144TH AVE,10,3290.2,0.623,50.1,50.0,50.0,52.0,10,7,27.7,24.0,32.0,5,UL,PDXTRANS
SE 144TH DR,7,1647.3,0.312,47.7,50.0,40.0,50.5,7,7,30.4,26.0,32.0,6,UL,PDXTRANS
SE 144TH LN,1,394.7,0.075,,,,,0,0,,,,0,,
SE 144TH PL,1,168.3,0.032,,,,,0,0,,,,0,,
SE 145TH AVE,17,6661.6,1.262,54.0,50.0,50.0,65.1,16,12,26.1,20.0,32.0,8,UL,PDXTRANS
SE 145TH CT,2,768.2,0.145,46.6,47.0,45.5,47.2,2,0,27.2,26.0,28.0,2,UL,PDXTRANS
SE 145TH PL,1,229.5,0.043,40.0,40.0,40.0,40.0,1,0,28.0,28.0,28.0,1,UL,PDXTRANS
SE 146TH AVE,12,4183.2,0.792,50.0,50.0,48.0,60.1,12,10,30.9,28.0,40.0,8,UL,PDXTRANS
SE 146TH PL,5,1148.5,0.218,47.4,50.0,35.0,50.0,5,4,29.9,20.0,32.0,5,UL,PDXTRANS
SE 147TH AVE,8,3868.8,0.733,49.0,50.0,45.0,50.1,8,4,28.0,22.1,32.0,6,UL,PDXTRANS
SE 147TH CT,1,116.5,0.022,,,,,0,0,,,,0,,
SE 148TH AVE,36,11723.8,2.22,79.9,80.0,49.9,120.3,35,25,52.5,26.0,72.0,15,UMiA,PDXTRANS
SE 148TH PL,3,602.9,0.114,,,,,0,0,,,,0,,
SE 149TH AVE,5,2023.9,0.383,50.0,50.0,50.0,50.0,5,4,30.5,28.0,32.0,5,UL,PDXTRANS
SE 149TH PL,2,618.7,0.117,50.1,50.0,50.0,50.3,2,1,32.0,32.0,32.0,1,UL,PDXTRANS
SE 14TH AVE,41,11135.9,2.109,55.3,60.0,30.0,60.4,41,38,31.6,18.0,36.0,41,UL,PDXTRANS
SE 150TH AVE,6,3666.3,0.694,51.7,50.0,50.0,60.0,6,2,28.7,24.5,32.0,5,UL,PDXTRANS
SE 151ST AVE,20,8834.8,1.673,47.2,50.0,39.9,99.2,19,13,28.9,22.0,32.0,10,UL,PDXTRANS
SE 152ND AVE,17,4712.3,0.892,45.9,50.0,37.0,52.2,17,16,27.7,20.0,32.0,15,UL,PDXTRANS
SE 152ND PL,1,186.9,0.035,50.0,50.0,50.0,50.0,1,0,32.0,32.0,32.0,1,UL,PDXTRANS
SE 153RD AVE,10,6358.2,1.204,52.3,50.0,49.9,61.3,10,7,30.7,27.8,38.0,10,UL,PDXTRANS
SE 154TH AVE,20,6863.7,1.3,48.1,50.0,29.0,79.1,20,17,30.1,20.0,56.0,15,UL,PDXTRANS
SE 154TH PL,1,246.5,0.047,39.9,40.0,39.9,39.9,1,1,26.0,26.0,26.0,1,UL,PDXTRANS
SE 155TH AVE,9,2706.9,0.513,43.7,46.0,34.9,50.0,9,5,25.5,22.0,32.0,5,UL,PDXTRANS
SE 155TH PL,2,1305.3,0.247,50.0,50.0,50.0,50.3,2,0,28.6,28.0,32.0,2,UL,PDXTRANS
SE 156TH AVE,21,7253.9,1.374,47.0,50.0,34.0,52.0,20,18,30.2,26.0,32.0,16,UL,PDXTRANS
SE 156TH PL,2,515.0,0.098,50.1,50.0,50.0,50.1,2,1,32.0,32.0,32.0,2,UL,PDXTRANS
SE 157TH AVE,22,7766.8,1.471,53.2,60.0,35.0,60.2,21,19,28.5,24.0,36.0,16,UL,PDXTRANS
SE 157TH DR,3,1188.9,0.225,50.9,50.0,50.0,51.6,3,3,32.0,32.0,32.0,3,UL,PDXTRANS
SE 158TH AVE,18,6395.3,1.211,48.5,50.0,32.2,50.1,18,16,27.4,18.0,32.0,13,UL,PDXTRANS
SE 159TH AVE,11,3711.5,0.703,50.1,50.0,49.5,56.5,11,9,31.4,26.0,32.0,9,UL,PDXTRANS
SE 159TH DR,3,916.3,0.174,30.0,30.0,30.0,30.0,3,2,15.6,15.6,15.6,1,UL,PRIVATE
SE 159TH PL,1,311.2,0.059,28.8,29.0,28.8,28.8,1,1,20.0,20.0,20.0,1,UL,PDXTRANS
SE 15TH AVE,51,13942.7,2.641,59.7,60.0,50.3,60.0,51,51,31.6,24.0,36.0,48,UL,PDXTRANS
SE 15TH PL,1,275.6,0.052,50.0,50.0,50.0,50.0,1,1,26.2,26.2,26.2,1,UL,PRIVATE
SE 160TH AVE,20,7380.7,1.398,52.1,50.0,45.8,60.0,19,16,30.2,23.6,38.0,11,UL,PDXTRANS
SE 160TH PL,1,325.9,0.062,49.8,50.0,49.8,49.8,1,1,32.0,32.0,32.0,1,UL,PDXTRANS
SE 161ST AVE,3,1055.5,0.2,50.0,50.0,50.0,50.1,3,1,30.6,28.0,32.0,3,UL,PDXTRANS
SE 161ST CT,1,145.0,0.027,49.9,50.0,49.9,49.9,1,0,32.0,32.0,32.0,1,UL,PDXTRANS
SE 161ST PL,1,145.9,0.028,,,,,0,0,,,,0,,
SE 162ND AVE,43,14800.6,2.803,75.8,90.0,39.2,96.7,40,31,61.8,22.0,76.0,21,UMiA,PDXTRANS
SE 163RD AVE,1,210.4,0.04,50.1,50.0,50.1,50.1,1,0,32.0,32.0,32.0,1,UL,PDXTRANS
SE 163RD PL,1,234.4,0.044,50.3,50.0,50.3,50.3,1,1,32.0,32.0,32.0,1,UL,PDXTRANS
SE 164TH AVE,19,5331.8,1.01,49.9,50.0,49.4,50.2,19,18,26.5,24.0,32.0,19,UL,PDXTRANS
SE 164TH PL,1,207.2,0.039,46.0,46.0,46.0,46.0,1,0,,,,0,,
SE 165TH AVE,7,3863.9,0.732,49.4,50.0,40.0,50.2,7,4,27.7,23.0,28.0,7,UL,PDXTRANS
SE 165TH PL,3,1193.7,0.226,50.2,50.0,50.0,51.0,3,2,28.7,28.0,32.0,3,UL,PDXTRANS
SE 166TH AVE,5,3258.4,0.617,51.1,50.0,49.7,60.5,5,2,29.1,28.0,38.0,5,UL,PDXTRANS
SE 166TH CT,1,166.2,0.031,52.9,50.0,52.9,52.9,1,0,28.0,28.0,28.0,1,UL,PDXTRANS
SE 166TH PL,8,3132.4,0.593,48.9,50.0,40.0,60.1,8,4,29.3,24.0,40.0,8,UL,PDXTRANS
SE 167TH AVE,16,4043.4,0.766,50.1,50.0,48.6,51.6,16,14,29.9,28.0,32.0,14,UL,PDXTRANS
SE 168TH AVE,15,4750.8,0.9,51.8,50.0,50.0,90.6,15,12,32.7,28.0,40.0,13,UL,PDXTRANS
SE 168TH PL,1,238.7,0.045,50.8,51.0,50.8,50.8,1,0,28.0,28.0,28.0,1,UL,PDXTRANS
SE 169TH AVE,7,1768.3,0.335,49.0,50.0,40.2,50.0,7,5,29.6,20.0,32.0,6,UL,PDXTRANS
SE 169TH DR,1,885.8,0.168,50.1,50.0,50.1,50.1,1,0,32.0,32.0,32.0,1,UL,PDXTRANS
SE 169TH PL,4,1465.9,0.278,54.5,60.0,50.0,60.0,4,4,35.3,32.0,40.0,4,UL,PDXTRANS
SE 16TH AVE,74,17937.6,3.397,60.0,60.0,58.9,61.0,74,72,32.8,24.0,40.0,62,UL,PDXTRANS
SE 16TH PL,1,235.2,0.045,50.0,50.0,50.0,50.0,1,1,28.0,28.0,28.0,1,UL,PDXTRANS
SE 170TH AVE,16,4722.7,0.894,49.3,50.0,44.9,50.3,16,16,29.4,20.0,32.0,9,UL,PDXTRANS
SE 170TH DR,1,814.0,0.154,50.0,50.0,50.0,50.0,1,0,32.0,32.0,32.0,1,UL,PDXTRANS
SE 171ST AVE,4,1474.6,0.279,53.2,54.0,50.0,54.0,4,2,32.0,32.0,32.0,4,UL,PDXTRANS
SE 171ST DR,3,734.7,0.139,52.1,50.0,50.0,86.7,3,2,32.0,32.0,32.0,1,UL,PDXTRANS
SE 172ND AVE,6,1446.5,0.274,50.0,50.0,50.0,50.1,6,5,32.0,32.0,32.0,6,UL,PDXTRANS
SE 174TH AVE,49,10476.4,1.984,56.7,60.0,40.0,80.8,48,29,33.4,22.0,54.0,13,UC,PDXTRANS
SE 174TH PL,1,656.9,0.124,49.9,50.0,49.9,49.9,1,0,32.0,32.0,32.0,1,UL,PDXTRANS
SE 175TH PL,2,1169.7,0.222,50.0,50.0,50.0,50.1,2,0,32.0,32.0,32.0,2,UL,PDXTRANS
SE 17TH AVE,74,24502.1,4.641,85.8,60.0,58.0,176.0,71,51,39.3,28.0,73.0,51,UC,PDXTRANS
SE 17TH AVE-MCLOUGHLIN BLVD RAMP,1,300.4,0.057,160.6,135.0,160.6,160.6,1,0,,,,0,,
SE 17TH AVE-POWELL BLVD RAMP,4,1595.0,0.302,182.7,177.0,173.8,295.3,4,0,,,,0,,
SE 18TH AVE,38,13476.6,2.552,55.0,60.0,30.0,60.0,38,35,30.8,22.0,36.0,36,UL,PDXTRANS
SE 19TH AVE,39,12504.4,2.368,58.7,60.0,10.0,60.2,39,39,28.3,9.0,36.0,38,UL,PDXTRANS
SE 20TH AVE,55,15864.3,3.005,55.7,60.0,49.7,254.2,55,46,31.2,16.0,36.0,43,UC,PDXTRANS
SE 21ST AVE,36,13599.6,2.576,54.1,60.0,31.0,65.1,36,34,28.9,14.0,36.0,36,UL,PDXTRANS
SE 22ND AVE,35,13823.2,2.618,54.4,50.0,49.4,60.6,35,33,29.6,24.0,36.0,33,UL,PDXTRANS
SE 23RD AVE,32,10834.1,2.052,52.2,60.0,2.9,259.9,30,23,31.4,21.0,50.0,25,UL,PDXTRANS
SE 24TH AVE,28,8754.9,1.658,54.7,60.0,49.1,60.2,28,23,29.6,24.0,36.0,26,UL,PDXTRANS
SE 25TH AVE,26,7204.7,1.365,55.2,60.0,30.0,60.4,25,23,30.4,18.0,36.0,24,UL,PDXTRANS
SE 26TH AVE,43,14198.5,2.689,59.0,60.0,50.0,63.7,43,38,34.0,24.0,44.0,35,UC,PDXTRANS
SE 26TH PL,2,789.7,0.15,179.0,179.0,179.0,179.0,1,1,25.0,25.0,25.0,1,UL,PDXTRANS
SE 27TH AVE,30,11531.4,2.184,61.6,60.0,40.0,80.1,30,28,29.3,24.0,36.0,28,UL,PDXTRANS
SE 28TH AVE,50,18795.8,3.56,63.9,60.0,50.0,261.0,50,40,32.2,26.0,44.0,42,UL,PDXTRANS
SE 28TH PL,17,5768.4,1.093,58.3,60.0,50.0,60.3,17,15,31.6,28.0,36.0,13,UL,PDXTRANS
SE 29TH AVE,39,14193.1,2.688,58.5,60.0,50.0,155.4,38,31,30.4,28.0,36.0,36,UL,PDXTRANS
SE 29TH PL,1,206.2,0.039,25.0,25.0,25.0,25.0,1,1,,,,0,,
SE 2ND AVE,20,4415.9,0.836,60.0,60.0,60.0,60.0,16,15,52.6,46.0,60.0,16,UL,PDXTRANS
SE 2ND PL,3,814.0,0.154,68.6,64.0,64.0,76.0,3,0,45.0,45.0,45.0,1,UL,PDXTRANS
SE 30TH AVE,46,15482.4,2.932,56.9,60.0,16.0,60.2,45,36,30.2,10.0,42.0,38,UL,PDXTRANS
SE 30TH PL,3,1297.2,0.246,50.3,50.0,50.1,50.4,3,3,30.0,30.0,30.0,3,UL,PDXTRANS
SE 31ST AVE,33,13696.0,2.594,56.7,60.0,50.0,60.0,32,23,30.0,26.0,36.0,31,UL,PDXTRANS
SE 32ND AVE,42,16419.2,3.11,55.4,50.0,39.8,102.7,40,24,29.2,18.0,36.0,35,UL,PDXTRANS
SE 32ND PL,9,2952.3,0.559,57.2,60.0,50.0,60.0,9,9,26.9,24.0,28.0,9,UL,PDXTRANS
SE 33RD AVE,32,10839.7,2.053,55.1,60.0,16.0,142.1,32,25,29.5,14.0,36.0,30,UL,PDXTRANS
SE 33RD PL,15,5114.9,0.969,52.1,50.0,49.0,60.0,11,9,29.9,28.0,32.0,9,UL,PDXTRANS
SE 34TH AVE,46,15646.9,2.963,52.7,50.0,40.0,60.3,46,37,28.9,24.0,36.0,38,UL,PDXTRANS
SE 35TH AVE,33,12914.9,2.446,54.7,60.0,40.0,70.1,33,25,28.8,15.0,50.0,32,UL,PDXTRANS
SE 35TH PL,10,5383.1,1.02,61.8,70.0,25.0,70.0,10,10,33.4,28.0,36.0,9,UL,PDXTRANS
SE 36TH AVE,46,15166.7,2.872,51.8,60.0,10.0,60.3,43,33,27.8,10.0,36.0,43,UL,PDXTRANS
SE 36TH PL,9,3140.5,0.595,57.2,60.0,50.0,60.0,9,8,28.2,24.0,30.0,9,UL,PDXTRANS
SE 37TH AVE,46,13221.7,2.504,55.4,60.0,40.0,60.6,46,44,29.6,16.0,36.0,43,UL,PDXTRANS
SE 38TH AVE,38,10784.7,2.043,51.8,60.0,30.0,69.6,37,36,30.2,24.0,40.0,33,UL,PDXTRANS
SE 3RD AVE,24,5203.0,0.985,60.0,60.0,60.0,60.0,20,18,38.4,35.0,46.0,19,UL,PDXTRANS
SE 40TH AVE,30,9202.5,1.743,55.4,60.0,40.0,60.0,30,30,28.2,14.0,32.0,23,UL,PDXTRANS
SE 41ST AVE,51,13956.9,2.643,63.8,60.0,50.0,80.6,49,44,35.9,24.0,50.0,43,UL,PDXTRANS
SE 42ND AVE,52,12909.0,2.445,57.8,60.0,16.0,127.0,50,44,30.2,15.0,40.0,41,UL,PDXTRANS
SE 43RD AVE,46,13775.0,2.609,54.5,60.0,24.9,60.5,46,43,29.5,20.0,42.0,41,UL,PDXTRANS
SE 43RD LN,1,181.8,0.034,,,,,0,0,,,,0,,
SE 44TH AVE,44,14307.7,2.71,54.2,60.0,40.0,60.1,44,43,27.7,20.0,41.0,40,UL,PDXTRANS
SE 45TH AVE,64,19998.6,3.788,56.0,60.0,40.0,70.8,64,57,31.9,20.0,46.0,59,UL,PDXTRANS
SE 45TH PL,1,278.9,0.053,74.9,60.0,74.9,74.9,1,0,48.0,48.0,48.0,1,UMiA,PDXTRANS
SE 46TH AVE,36,12973.4,2.457,54.0,60.0,40.0,64.0,36,33,31.2,20.0,44.0,34,UL,PDXTRANS
SE 47TH AVE,38,15343.5,2.906,52.9,60.0,25.0,65.4,38,30,29.1,19.9,36.0,36,UL,PDXTRANS
SE 48TH AVE,43,15305.6,2.899,52.4,50.0,38.0,60.0,42,38,27.4,18.0,32.8,37,UL,PDXTRANS
SE 49TH AVE,47,14784.2,2.8,49.6,50.0,29.5,61.6,46,39,27.3,19.0,36.0,42,UL,PDXTRANS
SE 49TH PL,1,135.5,0.026,29.0,29.0,29.0,29.0,1,1,,,,0,,
SE 4TH AVE,3,684.4,0.13,73.3,60.0,60.0,164.3,3,1,37.4,28.0,50.0,2,UC,PRIVATE
SE 4TH PL,1,262.0,0.05,190.0,190.0,190.0,190.0,1,0,,,,0,,
SE 50TH AVE,55,16991.7,3.218,55.5,50.0,25.0,65.2,55,49,31.5,20.0,44.0,47,UL,PDXTRANS
SE 51ST AVE,33,13791.3,2.612,56.2,50.0,20.0,80.0,33,28,28.0,10.0,37.0,32,UL,PDXTRANS
SE 52ND AVE,77,21306.9,4.035,60.9,60.0,34.4,220.8,77,57,38.3,24.0,48.0,49,UMiA,PDXTRANS
SE 52ND PL,1,172.0,0.033,50.0,50.0,50.0,50.0,1,0,30.0,30.0,30.0,1,UL,PDXTRANS
SE 53RD AVE,17,7540.1,1.428,50.8,50.0,40.7,60.0,17,17,26.7,14.0,30.0,17,UL,PDXTRANS
SE 54TH AVE,35,10429.6,1.975,55.5,60.0,39.5,189.0,34,31,29.5,25.0,36.0,27,UL,PDXTRANS
SE 54TH PL,1,126.7,0.024,,,,,0,0,,,,0,,
SE 55TH AVE,28,9260.2,1.754,50.7,50.0,25.0,61.8,26,23,27.2,24.0,36.0,22,UL,PDXTRANS
SE 56TH AVE,20,7584.9,1.437,52.4,50.0,23.6,192.4,18,17,26.7,12.0,30.0,17,UL,PDXTRANS
SE 57TH AVE,44,13467.5,2.551,50.7,60.0,25.1,62.0,43,37,27.4,18.0,32.0,31,UL,PDXTRANS
SE 57TH PL,1,252.6,0.048,,,,,0,0,,,,0,,
SE 58TH AVE,33,12369.4,2.343,49.9,50.0,25.0,60.0,33,30,26.7,17.0,32.0,29,UL,PDXTRANS
SE 58TH PL,2,416.6,0.079,,,,,0,0,,,,0,,
SE 59TH AVE,18,7548.6,1.43,50.6,59.0,38.0,60.3,14,12,26.9,24.0,28.0,13,UL,PDXTRANS
SE 59TH CT,1,322.5,0.061,,,,,0,0,,,,0,,
SE 60TH AVE,64,19920.1,3.773,53.8,60.0,38.0,60.3,64,55,30.0,24.0,38.0,48,UC,PDXTRANS
SE 60TH PL,1,241.0,0.046,50.1,50.0,50.1,50.1,1,1,32.0,32.0,32.0,1,UL,PDXTRANS
SE 61ST AVE,16,7031.7,1.332,51.7,50.0,40.0,60.0,15,13,28.4,24.0,32.0,12,UL,PDXTRANS
SE 62ND AVE,69,18072.1,3.423,52.9,60.0,34.7,60.3,66,57,28.0,24.0,34.0,47,UL,PDXTRANS
SE 63RD AVE,26,12684.5,2.402,50.4,50.0,20.7,60.0,25,21,27.8,12.0,32.0,24,UL,PDXTRANS
SE 64TH AVE,29,13580.6,2.572,49.3,50.0,41.9,53.0,28,25,27.0,18.0,30.0,24,UL,PDXTRANS
SE 65TH AVE,44,16968.1,3.214,53.0,50.0,39.5,173.5,43,35,28.7,20.0,32.0,32,UL,PDXTRANS
SE 66TH AVE,31,14659.9,2.776,49.6,50.0,39.4,60.0,30,26,27.7,26.0,29.0,28,UL,PDXTRANS
SE 66TH PL,4,1368.8,0.259,41.6,50.0,26.0,50.0,3,3,29.0,26.0,32.0,2,UL,PDXTRANS
SE 67TH AVE,58,16455.9,3.117,50.0,50.0,24.7,60.1,57,50,29.0,10.0,36.0,41,UL,PDXTRANS
SE 68TH AVE,32,11630.2,2.203,50.8,50.0,40.2,60.0,32,30,27.6,20.0,36.0,24,UL,PDXTRANS
SE 68TH CT,1,164.7,0.031,40.0,40.0,40.0,40.0,1,1,28.0,28.0,28.0,1,UL,PDXTRANS
SE 68TH PL,1,225.9,0.043,50.0,50.0,50.0,50.0,1,1,28.0,28.0,28.0,1,UL,PDXTRANS
SE 69TH AVE,38,12148.4,2.301,53.7,50.0,29.8,226.2,36,29,27.8,12.0,36.0,27,UL,PDXTRANS
SE 6TH AVE,34,8522.1,1.614,63.4,60.0,40.0,274.4,34,30,35.7,28.0,42.0,28,UL,PDXTRANS
SE 70TH AVE,42,15447.1,2.926,51.5,50.0,49.7,60.0,42,39,28.9,24.0,32.0,32,UL,PDXTRANS
SE 71ST AVE,32,13706.9,2.596,50.3,50.0,40.0,60.0,32,26,30.0,20.0,36.0,28,UL,PDXTRANS
SE 72ND AVE,75,20590.2,3.9,54.0,60.0,35.0,317.6,75,61,38.7,24.0,96.0,51,UC,PDXTRANS
SE 72ND PL,1,114.3,0.022,,,,,0,0,,,,0,,
SE 73RD AVE,25,11439.8,2.167,51.1,50.0,39.9,60.0,25,23,29.0,18.0,36.0,23,UL,PDXTRANS
SE 74TH AVE,37,13656.8,2.587,54.2,50.0,49.9,60.5,35,30,28.8,23.0,40.0,32,UL,PDXTRANS
SE 75TH AVE,24,9482.4,1.796,50.3,50.0,20.1,60.0,23,16,26.5,12.0,32.0,20,UL,PDXTRANS
SE 75TH PL,2,1306.3,0.247,49.8,50.0,49.7,50.0,2,2,32.0,32.0,32.0,1,UL,PDXTRANS
SE 76TH AVE,53,13862.5,2.625,52.2,50.0,25.6,67.7,47,41,28.7,15.0,34.0,32,UL,PDXTRANS
SE 76TH PL,2,761.3,0.144,50.0,50.0,50.0,50.0,2,1,28.0,28.0,28.0,2,UL,PDXTRANS
SE 77TH AVE,38,11565.8,2.19,52.5,50.0,39.0,62.2,37,34,25.9,20.0,32.0,30,UL,PDXTRANS
SE 77TH PL,1,220.3,0.042,35.4,35.0,35.4,35.4,1,1,,,,0,,
SE 78TH AVE,31,10517.7,1.992,53.6,70.0,30.3,70.0,31,29,28.1,12.0,36.0,24,UL,PDXTRANS
SE 78TH PL,1,178.9,0.034,,,,,0,0,,,,0,,
SE 79TH AVE,28,9923.0,1.879,51.3,50.0,48.3,61.3,27,21,30.3,28.0,36.0,18,UL,PDXTRANS
SE 7TH AVE,43,11534.4,2.185,74.0,60.0,59.3,270.0,43,36,42.0,28.0,56.0,40,UC,PDXTRANS
SE 80TH AVE,67,15935.2,3.018,52.1,50.0,20.0,62.3,66,61,30.8,15.0,44.0,50,UL,PDXTRANS
SE 80TH CT,2,344.6,0.065,23.1,23.0,23.1,23.1,2,2,20.0,20.0,20.0,1,UL,PDXTRANS
SE 80TH PL,2,653.0,0.124,38.3,40.0,36.6,40.0,2,2,32.0,32.0,32.0,1,UL,PDXTRANS
SE 81ST AVE,15,4827.5,0.914,50.0,50.0,50.0,50.0,15,13,28.9,26.0,36.0,13,UL,PDXTRANS
SE 81ST PL,2,402.9,0.076,40.0,40.0,38.8,41.9,2,2,28.0,28.0,28.0,1,UL,PDXTRANS
SE 82ND AVE,84,22369.2,4.237,76.9,70.0,59.9,117.1,83,37,60.0,56.0,76.0,52,UPAO,PDXTRANS
SE 82ND AVE-FOSTER RD RAMP,1,311.8,0.059,87.5,86.0,87.5,87.5,1,0,,,,0,,
SE 83RD AVE,17,8778.0,1.663,49.9,50.0,20.0,60.0,17,14,29.3,20.0,32.0,15,UL,PDXTRANS
SE 84TH AVE,47,15691.3,2.972,52.3,60.0,26.0,70.0,45,39,28.2,12.0,36.0,31,UL,PDXTRANS
SE 84TH PL,2,1315.0,0.249,42.7,43.0,41.3,44.0,2,0,32.0,32.0,32.0,2,UL,PDXTRANS
SE 85TH AVE,28,14178.9,2.685,51.4,60.0,38.3,60.0,28,24,28.4,12.0,36.0,24,UL,PDXTRANS
SE 86TH AVE,35,12967.8,2.456,53.7,60.0,40.0,60.0,34,28,27.1,14.0,38.0,28,UL,PDXTRANS
SE 86TH CT,10,2525.8,0.478,32.8,31.0,13.0,46.7,10,7,20.5,8.0,27.8,6,UL,PDXTRANS
SE 87TH AVE,39,16728.6,3.168,48.3,50.0,37.6,60.0,39,25,28.4,14.0,36.0,31,UL,PDXTRANS
SE 88TH AVE,34,11835.4,2.242,50.7,60.0,40.0,67.9,34,27,25.3,12.0,44.0,28,UL,PDXTRANS
SE 89TH AVE,34,13183.6,2.497,51.6,50.0,40.0,60.5,34,28,26.1,14.0,36.0,22,UL,PDXTRANS
SE 89TH PL,1,185.7,0.035,,,,,0,0,,,,0,,
SE 8TH AVE,41,11982.0,2.269,62.9,60.0,59.6,172.7,38,34,34.7,24.0,36.0,38,UL,PDXTRANS
SE 90TH AVE,24,6404.3,1.213,48.4,60.0,25.0,155.7,21,19,28.2,20.0,40.0,15,UL,PDXTRANS
SE 90TH PL,6,2245.8,0.425,50.0,50.0,50.0,50.1,6,4,32.0,32.0,32.0,1,UL,PDXTRANS
SE 91ST AVE,19,8404.1,1.592,50.7,60.0,40.0,61.4,19,13,29.7,23.0,36.0,16,UL,PDXTRANS
SE 91ST PL,1,445.0,0.084,53.0,53.0,53.0,53.0,1,0,26.0,26.0,26.0,1,UL,PDXTRANS
SE 92ND AVE,94,22437.4,4.25,71.3,60.0,50.7,237.5,88,64,44.7,36.0,66.0,44,UC,PDXTRANS
SE 93RD AVE,12,3164.2,0.599,49.7,50.0,33.1,51.9,11,8,31.0,28.0,32.0,9,UL,PDXTRANS
SE 93RD CT,1,176.2,0.033,50.0,50.0,50.0,50.0,1,0,32.0,32.0,32.0,1,UL,PDXTRANS
SE 94TH AVE,19,6469.3,1.225,50.2,50.0,50.0,52.0,3,3,28.2,20.0,32.0,17,UL,PDXTRANS
SE 96TH AVE,15,7741.5,1.466,67.0,67.0,67.0,67.0,1,0,33.3,24.0,44.0,9,UL,PDXTRANS
SE 96TH DR,4,1247.9,0.236,62.9,64.0,60.3,65.9,4,3,44.0,44.0,44.0,2,UC,PDXTRANS
SE 96TH PL,1,114.9,0.022,,,,,0,0,,,,0,,
SE 97TH AVE,33,8655.1,1.639,54.4,60.0,30.7,167.8,32,16,30.7,22.0,46.0,24,UL,PDXTRANS
SE 98TH AVE,19,4615.3,0.874,56.5,50.0,25.0,256.7,18,14,28.7,26.0,32.0,10,UL,PDXTRANS
SE 99TH AVE,28,8434.7,1.597,54.4,50.0,49.8,256.5,27,18,33.3,30.0,44.0,18,UL,PDXTRANS
SE 9TH AVE,58,15905.8,3.012,63.3,60.0,58.7,271.7,57,47,32.7,28.0,42.0,48,UL,PDXTRANS
SE ALDER CT,8,2237.8,0.424,55.7,50.0,50.0,63.7,8,4,30.3,24.0,32.0,8,UL,PDXTRANS
SE ALDER ST,77,24186.6,4.581,55.7,60.0,25.0,60.1,77,66,31.5,12.0,42.0,68,UL,PDXTRANS
SE ALTA VERDE DR,1,532.8,0.101,50.0,50.0,50.0,50.0,1,0,28.0,28.0,28.0,1,UL,PDXTRANS
SE ANDEREGG DR,3,749.3,0.142,46.1,50.0,40.7,50.5,3,1,29.7,26.0,33.0,2,UL,PDXTRANS
SE ANDEREGG LOOP,6,2117.4,0.401,40.2,40.0,39.9,45.8,6,3,26.0,26.0,26.0,4,UL,PRIVATE
SE ANDHOP CT,1,259.0,0.049,,,,,0,0,,,,0,,
SE ANDOVER PL,4,1134.3,0.215,59.9,60.0,59.9,59.9,4,3,25.0,25.0,25.0,2,UL,PDXTRANS
SE ANKENY CIR,1,887.1,0.168,50.0,50.0,50.0,50.0,1,0,32.0,32.0,32.0,1,UL,PDXTRANS
SE ANKENY CT,1,194.4,0.037,50.6,51.0,50.6,50.6,1,0,32.0,32.0,32.0,1,UL,PDXTRANS
SE ANKENY ST,52,18040.7,3.417,55.0,60.0,28.0,65.0,52,43,32.1,12.0,36.0,46,UC,PDXTRANS
SE ARNOLD WAY,1,1167.6,0.221,40.0,40.0,40.0,40.0,1,0,28.0,28.0,28.0,1,UL,PRIVATE
SE ASH CT,2,772.6,0.146,50.6,52.0,50.0,51.5,2,1,28.7,28.0,30.0,2,UL,PDXTRANS
SE ASH PL,2,530.1,0.1,51.3,76.0,50.1,58.5,2,0,30.0,30.0,30.0,1,UL,PDXTRANS
SE ASH ST,61,20258.5,3.837,55.1,60.0,30.0,60.0,61,49,31.3,15.0,36.0,54,UL,PDXTRANS
SE ASPEN SUMMIT DR,9,2521.8,0.478,41.4,40.0,40.0,45.0,9,7,28.0,28.0,28.0,1,UL,PDXTRANS
SE ASTON LOOP,2,1205.3,0.228,40.0,40.0,40.0,40.0,2,2,,,,0,,
SE ASTON ST,1,112.1,0.021,40.0,40.0,40.0,40.0,1,1,,,,0,,
SE AUGUSTA CT,1,148.9,0.028,,,,,0,0,,,,0,,
SE BALDRY ST,1,169.5,0.032,40.1,40.0,40.1,40.1,1,1,26.0,26.0,26.0,1,UL,PDXTRANS
SE BARBARA WELCH LN,3,1527.5,0.289,50.0,50.0,50.0,50.1,3,2,17.8,14.9,28.0,2,UL,PRIVATE
SE BARBARA WELCH RD,6,5281.8,1.0,60.0,60.0,59.9,60.1,6,1,22.0,22.0,22.0,3,UC,PDXTRANS
SE BARTHOLOMEW CT,1,176.3,0.033,,,,,0,0,,,,0,,
SE BAUER ST,1,159.4,0.03,40.0,40.0,40.0,40.0,1,0,,,,0,,
SE BEARSPAW ST,1,524.7,0.099,39.9,40.0,39.9,39.9,1,1,26.0,26.0,26.0,1,UL,PDXTRANS
SE BELMONT ST,67,19299.4,3.655,61.9,60.0,30.0,191.1,67,56,39.5,18.0,46.0,53,UC,PDXTRANS
SE BELMORE HTS,2,508.0,0.096,39.8,40.0,39.8,39.8,2,2,26.0,26.0,26.0,2,UL,PDXTRANS
SE BELMORE ST,2,413.7,0.078,40.0,40.0,40.0,40.0,2,2,26.0,26.0,26.0,2,UL,PDXTRANS
SE BERKELEY PL,1,973.3,0.184,50.1,50.0,50.1,50.1,1,0,28.0,28.0,28.0,1,UL,PDXTRANS
SE BERKELEY WAY,1,240.4,0.046,40.0,40.0,40.0,40.0,1,1,,,,0,,
SE BETZ CT,1,193.2,0.037,,,,,0,0,,,,0,,
SE BIDWELL ST,8,3836.4,0.727,57.4,60.0,50.0,60.3,8,8,32.3,28.0,36.0,8,UL,PDXTRANS
SE BIRCH ST,4,677.2,0.128,60.0,60.0,60.0,60.0,4,4,24.0,24.0,24.0,2,UL,PDXTRANS
SE BLACKBERRY CIR,2,510.5,0.097,42.9,100.0,40.1,99.7,2,1,,,,0,,
SE BOISE CT,2,485.1,0.092,35.2,35.0,35.2,35.2,1,1,20.0,20.0,20.0,1,UL,PDXTRANS
SE BOISE ST,63,19171.4,3.631,53.7,60.0,27.3,66.5,62,49,28.1,18.0,36.0,40,UL,PDXTRANS
SE BOTSFORD DR,2,863.2,0.163,99.3,99.0,99.3,99.3,1,0,,,,0,,
SE BROOKLYN CT,4,694.5,0.132,50.6,94.0,40.0,87.2,2,0,32.9,28.0,50.0,2,UL,PDXTRANS
SE BROOKLYN ST,42,17624.8,3.338,53.1,50.0,30.0,60.0,42,35,30.0,16.0,36.0,36,UL,PDXTRANS
SE BROOKSIDE DR,7,3407.0,0.645,50.0,50.0,49.4,50.2,7,4,30.9,26.0,32.0,4,UL,PDXTRANS
SE BUFORD CT,1,286.2,0.054,39.8,40.0,39.8,39.8,1,0,26.0,26.0,26.0,1,UL,PDXTRANS
SE BUFORD LN,1,841.6,0.159,39.8,40.0,39.8,39.8,1,1,26.0,26.0,26.0,1,UL,PDXTRANS
SE BUSH CT,1,205.1,0.039,,,,,0,0,,,,0,,
SE BUSH PL,1,360.2,0.068,50.0,50.0,50.0,50.0,1,0,26.0,26.0,26.0,1,UL,PDXTRANS
SE BUSH ST,76,22651.2,4.29,52.5,50.0,30.0,70.0,76,62,28.6,18.0,36.0,44,UL,PDXTRANS
SE BYBEE BLVD,54,15679.1,2.97,55.6,60.0,24.0,355.2,48,26,28.3,18.0,42.0,37,UL,PDXTRANS
SE BYBEE CT,1,152.9,0.029,29.1,29.0,29.1,29.1,1,1,20.0,20.0,20.0,1,UL,PDXTRANS
SE BYBEE DR,6,3257.8,0.617,35.1,35.0,35.0,35.1,6,6,26.0,26.0,26.0,5,UL,PDXTRANS
SE CANNON ST,3,597.1,0.113,49.5,52.0,47.4,51.6,3,3,,,,0,,
SE CARLTON ST,35,13596.1,2.575,55.4,60.0,30.0,60.4,33,25,27.6,19.0,32.0,31,UL,PDXTRANS
SE CARUTHERS CT,5,932.3,0.177,35.0,35.0,35.0,35.0,1,0,20.0,20.0,20.0,1,UL,PDXTRANS
SE CARUTHERS ST,37,11171.8,2.116,53.8,50.0,36.0,164.5,34,29,30.0,28.0,36.0,26,UL,PDXTRANS
SE CENTER CT,1,325.9,0.062,,,,,0,0,,,,0,,
SE CENTER ST,79,20353.2,3.855,49.4,50.0,37.4,73.2,77,69,29.8,17.0,36.0,50,UL,PDXTRANS
SE CESAR E CHAVEZ BLVD,77,21949.0,4.157,62.1,60.0,50.0,86.9,77,57,41.9,24.0,56.0,71,UPAO,PDXTRANS
SE CHERRY BLOSSOM DR,8,3441.7,0.652,72.1,60.0,59.9,198.8,8,3,47.0,44.0,56.0,5,UMiA,PDXTRANS
SE CIRCLE AVE,5,2098.6,0.397,40.0,40.0,39.8,40.0,5,5,,,,0,,
SE CLATSOP CT,2,1212.1,0.23,50.0,50.0,50.0,50.0,2,2,32.0,32.0,32.0,2,UL,PDXTRANS
SE CLATSOP ST,54,17631.2,3.339,64.3,60.0,37.8,193.0,28,25,28.6,20.0,42.0,27,UL,PDXTRANS
SE CLAY CT,1,664.8,0.126,50.0,50.0,50.0,50.0,1,1,32.0,32.0,32.0,1,UL,PDXTRANS
SE CLAY ST,41,14795.8,2.802,54.2,60.0,35.0,70.0,40,34,29.6,12.0,42.0,40,UL,PDXTRANS
SE CLAYBOURNE CT,1,166.3,0.031,,,,,0,0,,,,0,,
SE CLAYBOURNE ST,37,10779.7,2.042,59.0,60.0,40.1,465.8,35,24,30.0,28.0,32.0,30,UL,PDXTRANS
SE CLINTON CT,7,2091.5,0.396,50.0,50.0,49.9,50.0,3,1,31.4,28.0,40.0,3,UL,PDXTRANS
SE CLINTON ST,86,28206.9,5.342,54.7,60.0,40.5,100.2,85,74,31.1,11.0,44.0,84,UL,PDXTRANS
SE CLYDIE CT,1,149.8,0.028,,,,,0,0,,,,0,,
SE COLT DR,2,1078.1,0.204,57.9,60.0,50.0,60.5,2,1,37.5,30.0,40.0,2,UL,PDXTRANS
SE CONNOR LN,1,262.5,0.05,,,,,0,0,,,,0,,
SE COOPER ST,25,9068.6,1.718,52.4,50.0,32.4,88.4,25,17,25.3,1.0,32.0,22,UL,PDXTRANS
SE CORA DR,3,1450.4,0.275,50.9,50.0,50.0,55.0,3,1,30.0,30.0,30.0,3,UL,PDXTRANS
SE CORA ST,48,16296.2,3.086,51.4,50.0,10.0,211.2,48,39,29.0,12.0,36.0,42,UL,PDXTRANS
SE CREST CT,1,253.1,0.048,40.7,40.0,40.7,40.7,1,0,26.0,26.0,26.0,1,UL,PDXTRANS
SE CRYSTAL CT,1,359.1,0.068,50.0,50.0,50.0,50.0,1,0,32.0,32.0,32.0,1,UL,PDXTRANS
SE CRYSTAL SPRINGS BLVD,31,10414.9,1.973,61.2,60.0,50.0,80.1,28,21,28.9,20.9,38.0,23,UC,PDXTRANS
SE CRYSTAL SPRINGS CT,1,185.0,0.035,,,,,0,0,,,,0,,
SE CRYSTAL SPRINGS ST,1,927.8,0.176,50.0,50.0,50.0,50.0,1,1,32.0,32.0,32.0,1,UL,PDXTRANS
SE CRYSTAL ST,2,559.0,0.106,40.0,40.0,40.0,40.0,2,2,28.0,28.0,28.0,2,UL,PDXTRANS
SE CRYSTAL VIEW DR,1,492.1,0.093,49.8,50.0,49.8,49.8,1,1,23.5,23.5,23.5,1,UL,PDXTRANS
SE CYPRESS AVE,5,1043.3,0.198,60.0,60.0,60.0,60.0,5,1,24.0,24.0,24.0,3,UL,PDXTRANS
SE DEARDORFF RD,6,5762.5,1.091,60.0,60.0,59.8,60.3,6,5,28.1,26.0,30.0,2,UMiA,PDXTRANS
SE DEERHAVEN DR,1,272.6,0.052,,,,,0,0,,,,0,,
SE DIVISION CT,2,160.7,0.03,,,,,0,0,,,,0,,
SE DIVISION PL,11,1633.5,0.309,88.6,64.0,60.0,262.7,6,1,43.1,36.0,50.0,4,UC,PDXTRANS
SE DIVISION ST,212,61682.6,11.682,90.2,90.0,59.5,350.7,204,117,56.3,36.0,84.0,111,UC,PDXTRANS
SE DIVISION ST-DIVISION CT ALY,1,146.6,0.028,,,,,0,0,,,,0,,
SE DIVISION ST-I205 FWY RAMP,3,2735.0,0.518,,,,,0,0,,,,0,,
SE DIVISION ST-POWELL BLVD RAMP,4,2616.7,0.496,,,,,0,0,,,,0,,
SE DONATELLO LOOP,2,1617.9,0.306,40.0,40.0,40.0,40.0,2,1,26.0,26.0,26.0,2,UL,PDXTRANS
SE DUKE CT,1,182.6,0.035,,,,,0,0,,,,0,,
SE DUKE ST,68,13665.2,2.588,56.2,60.0,29.1,69.7,66,56,38.8,22.0,44.0,44,UC,PDXTRANS
SE DUNBAR DR,4,2031.4,0.385,40.1,40.0,40.0,40.1,4,4,26.0,26.0,26.0,2,UL,PDXTRANS
SE EAST TABOR DR,3,3311.7,0.627,,,,,0,0,,,,0,,
SE EAST VIEW CT,1,375.5,0.071,40.1,40.0,40.1,40.1,1,0,26.0,26.0,26.0,1,UL,PDXTRANS
SE EASTRIDGE CT,1,218.9,0.041,39.9,40.0,39.9,39.9,1,0,28.0,28.0,28.0,1,UL,PDXTRANS
SE EASTRIDGE ST,4,1462.6,0.277,40.0,40.0,40.0,40.1,4,3,26.0,26.0,26.0,3,UL,PDXTRANS
SE ELLIOTT AVE,4,3143.8,0.595,80.0,80.0,80.0,80.0,4,2,36.0,36.0,36.0,4,UC,PDXTRANS
SE ELLIS ST,58,16822.3,3.186,54.4,60.0,38.9,218.9,57,49,28.4,20.0,39.3,40,UL,PDXTRANS
SE ELSASSER LN,1,279.4,0.053,50.1,50.0,50.1,50.1,1,1,32.0,32.0,32.0,1,UL,PDXTRANS
SE ELVA ST,1,236.6,0.045,175.3,175.0,175.3,175.3,1,1,20.0,20.0,20.0,1,UL,PDXTRANS
SE EMMERT CT,1,216.1,0.041,,,,,0,0,,,,0,,
SE EQUESTRIAN DR,7,1712.0,0.324,40.0,40.0,40.0,40.3,7,7,26.0,26.0,26.0,6,UL,PDXTRANS
SE EQUESTRIAN WAY,1,285.2,0.054,40.1,40.0,40.1,40.1,1,1,26.0,26.0,26.0,1,UL,PDXTRANS
SE EVERGREEN CT,1,186.9,0.035,51.3,51.0,51.3,51.3,1,0,28.0,28.0,28.0,1,UL,PDXTRANS
SE EVERGREEN DR,3,807.5,0.153,36.7,35.0,35.0,40.0,3,3,26.0,26.0,26.0,3,UL,PDXTRANS
SE EVERGREEN ST,8,2712.8,0.514,49.3,50.0,31.7,59.6,8,6,27.0,21.0,34.0,6,UL,PDXTRANS
SE EXETER DR,3,1250.4,0.237,60.2,60.0,60.1,60.5,3,1,25.3,25.0,26.0,3,UL,PDXTRANS
SE EZGOIN LN,1,253.4,0.048,,,,,0,0,,,,0,,
SE FIRCREST CT,3,535.0,0.101,34.0,30.0,30.0,40.0,3,1,28.0,28.0,28.0,1,UL,PDXTRANS
SE FIRCREST ST,1,360.8,0.068,40.0,40.0,40.0,40.0,1,1,,,,0,,
SE FIRENZE LN,4,608.2,0.115,30.0,30.0,30.0,30.0,4,3,19.1,17.0,20.0,4,UL,PDXTRANS
SE FLAVEL CT,3,1035.1,0.196,48.6,50.0,46.1,50.1,3,3,32.0,32.0,32.0,2,UL,PDXTRANS
SE FLAVEL DR,22,7516.4,1.424,61.1,80.0,34.9,156.4,21,9,29.5,26.0,36.0,17,UL,PDXTRANS
SE FLAVEL ST,67,24486.2,4.638,59.2,60.0,40.0,267.5,62,44,34.2,20.0,44.0,40,UC,PDXTRANS
SE FLORAL PL,1,218.9,0.041,60.0,60.0,60.0,60.0,1,0,28.0,28.0,28.0,1,UL,PDXTRANS
SE FOSTER PL,7,2130.2,0.403,45.5,40.0,22.1,50.0,7,5,16.5,16.0,20.0,2,UL,PDXTRANS
SE FOSTER RD,121,32850.5,6.222,87.7,80.0,57.4,222.7,114,36,48.6,24.0,71.3,48,UMiA,PDXTRANS
SE FOSTER RD-I205 FWY RAMP,1,1475.4,0.279,,,,,0,0,,,,0,,
SE FOSTER RD-WOODSTOCK BLVD RAMP,5,1587.6,0.301,109.9,77.0,89.4,121.2,4,0,40.1,34.0,44.0,3,UMiA,PDXTRANS
SE FRANCIS ST,50,14725.8,2.789,52.9,50.0,25.2,61.0,49,44,31.8,18.0,38.0,40,UL,PDXTRANS
SE FRANKLIN CT,2,482.6,0.091,,,,,0,0,,,,0,,
SE FRANKLIN ST,62,19918.2,3.772,54.0,50.0,37.5,60.4,59,51,27.3,12.0,36.0,56,UL,PDXTRANS
SE FURAT CT,1,170.7,0.032,,,,,0,0,,,,0,,
SE GAIBLER LN,3,888.3,0.168,45.0,46.0,44.4,46.0,2,2,22.8,21.0,26.0,2,UL,PDXTRANS
SE GIDEON ST,3,1267.8,0.24,69.7,60.0,59.0,178.3,3,0,36.0,36.0,36.0,2,UL,PDXTRANS
SE GILHAM AVE,5,1926.0,0.365,49.9,40.0,40.0,105.3,5,2,26.0,26.0,26.0,1,UL,PDXTRANS
SE GLADSTONE CT,2,537.8,0.102,50.0,50.0,50.0,50.0,1,1,32.0,32.0,32.0,1,UL,PDXTRANS
SE GLADSTONE DR,3,852.0,0.161,50.5,51.0,50.5,50.6,3,3,32.0,32.0,32.0,3,UL,PDXTRANS
SE GLADSTONE ST,52,17768.4,3.365,61.2,50.0,24.0,81.0,52,43,35.9,12.0,50.0,43,UL,PDXTRANS
SE GLENWOOD ST,37,8894.1,1.684,54.8,50.0,46.0,93.6,36,23,29.7,18.0,44.0,29,UL,PDXTRANS
SE GRAND AVE,49,10975.1,2.079,114.7,80.0,32.0,291.0,43,23,46.4,16.0,56.0,25,UPAO,PDXTRANS
SE GRAND AVE-IVON ST RAMP,3,854.0,0.162,274.3,195.0,199.2,351.0,3,0,,,,0,,
SE GRAND AVE-MORRISON BRG RAMP,1,191.5,0.036,157.8,261.0,157.8,157.8,1,0,,,,0,,
SE GRANDVIEW TER,1,853.2,0.162,50.0,50.0,50.0,50.0,1,0,32.0,32.0,32.0,1,UL,PDXTRANS
SE GRANT CT,17,4685.1,0.887,47.4,50.0,39.6,50.1,11,7,29.2,24.0,32.0,11,UL,PDXTRANS
SE GRANT LN,1,185.1,0.035,,,,,0,0,,,,0,,
SE GRANT ST,44,17391.3,3.294,52.3,50.0,40.0,60.0,44,40,30.5,26.0,36.0,41,UL,PDXTRANS
SE HAIG DR,10,2176.3,0.412,55.7,50.0,49.5,72.7,10,5,36.1,32.0,40.0,10,UL,PDXTRANS
SE HAIG ST,19,6528.1,1.236,51.2,60.0,21.0,60.0,19,17,29.9,16.0,36.0,18,UL,PDXTRANS
SE HANNAH LN,1,141.1,0.027,,,,,0,0,,,,0,,
SE HARNEY CT,4,1342.3,0.254,50.6,50.0,50.0,53.4,3,3,25.2,17.0,28.0,2,UL,PDXTRANS
SE HARNEY DR,9,3868.3,0.733,63.4,60.0,60.0,131.2,8,2,39.1,25.0,48.0,4,UC,PDXTRANS
SE HARNEY ST,50,13199.0,2.5,51.9,60.0,25.0,246.9,50,41,28.0,12.0,36.0,32,UL,PDXTRANS
SE HAROLD CT,1,1323.4,0.251,49.8,50.0,49.8,49.8,1,0,28.0,28.0,28.0,1,UL,PDXTRANS
SE HAROLD ST,98,24341.5,4.61,60.4,60.0,19.7,405.0,94,79,30.4,11.0,46.0,54,MiC,PDXTRANS
SE HARRISON CT,5,2090.4,0.396,43.3,40.0,36.6,50.0,3,2,25.3,24.0,28.0,2,UL,PDXTRANS
SE HARRISON DR,1,1003.5,0.19,,,,,0,0,,,,0,,
SE HARRISON ST,89,23920.1,4.53,53.8,60.0,33.1,78.8,86,74,31.7,22.0,36.0,73,UL,PDXTRANS
SE HARVEY SCOTT CIR,2,1708.9,0.324,,,,,0,0,,,,0,,
SE HAVEN LN,1,230.6,0.044,,,,,0,0,,,,0,,
SE HAWK CT,1,428.8,0.081,40.0,40.0,40.0,40.0,1,0,28.0,28.0,28.0,1,UL,PDXTRANS
SE HAWTHORNE BLVD,94,22796.8,4.318,64.4,70.0,29.8,279.6,93,78,40.6,12.0,52.0,67,UMiA,PDXTRANS
SE HAWTHORNE BRG-HAWTHORNE BLVD RAMP,9,1837.7,0.348,72.4,70.0,63.4,117.9,9,5,52.0,52.0,52.0,1,UMiA,PDXTRANS
SE HAWTHORNE BRG-MARTIN LUTHER KING JR BLVD RAMP,1,376.5,0.071,86.9,87.0,86.9,86.9,1,0,,,,0,,
SE HAWTHORNE CT,7,1989.1,0.377,50.0,50.0,50.0,50.1,6,4,31.2,28.0,32.0,6,UL,PDXTRANS
SE HAWTHORNE MEADOWS ST,1,811.4,0.154,46.2,46.0,46.2,46.2,1,1,,,,0,UL,PDXTRANS
SE HAWTHORNE ST,1,210.0,0.04,49.8,50.0,49.8,49.8,1,0,32.0,32.0,32.0,1,UL,PDXTRANS
SE HAZEL ST,4,677.5,0.128,60.0,60.0,60.0,60.0,4,4,24.0,24.0,24.0,2,UL,PDXTRANS
SE HEMLOCK AVE,2,822.5,0.156,60.0,60.0,60.0,60.0,2,0,24.0,24.0,24.0,2,UL,PDXTRANS
SE HENDERSON CT,1,281.1,0.053,42.3,42.0,42.3,42.3,1,1,22.0,22.0,22.0,1,UL,PRIVATE
SE HENDERSON DR,3,2286.8,0.433,45.7,50.0,40.0,50.0,2,1,24.4,23.2,26.0,2,UL,PRIVATE
SE HENDERSON ST,29,12483.5,2.364,48.6,50.0,22.0,60.0,29,20,26.8,19.3,32.0,19,UL,PDXTRANS
SE HENDERSON WAY,7,2793.0,0.529,34.8,35.0,34.3,35.0,7,7,26.0,26.0,26.0,6,UL,PDXTRANS
SE HENRY CT,1,181.4,0.034,,,,,0,0,,,,0,,
SE HENRY PL,2,913.4,0.173,49.9,50.0,49.8,50.0,2,2,30.0,30.0,30.0,1,UL,PDXTRANS
SE HENRY ST,35,9758.6,1.848,53.4,60.0,9.9,169.7,34,26,27.7,18.0,36.0,30,UL,PDXTRANS
SE HICKORY ST,2,792.0,0.15,60.0,60.0,60.0,60.0,2,0,24.0,24.0,24.0,2,UL,PDXTRANS
SE HIGH MEADOW LOOP,2,748.4,0.142,40.0,40.0,40.0,40.4,2,1,26.0,26.0,26.0,1,UL,PDXTRANS
SE HOLGATE BLVD,141,34472.4,6.529,65.8,80.0,38.9,180.0,131,89,43.6,17.0,66.0,86,UC,PDXTRANS
SE HOLGATE CT,2,272.1,0.052,49.5,101.0,21.0,96.4,2,1,,,,0,,
SE HOLLY ST,2,769.3,0.146,60.0,60.0,60.0,60.0,2,0,24.0,24.0,24.0,2,UL,PDXTRANS
SE HULT ST,2,821.0,0.155,34.0,34.0,34.0,34.0,2,2,,,,0,,
SE I205 FWY-DIVISION ST RAMP,2,1037.1,0.196,,,,,0,0,,,,0,,
SE I205 FWY-FOSTER RD RAMP,1,1258.3,0.238,,,,,0,0,,,,0,,
SE I205 FWY-GLISAN ST RAMP,2,1233.3,0.234,,,,,0,0,,,,0,,
SE I205 FWY-POWELL BLVD RAMP,5,5599.0,1.06,,,,,0,0,,,,0,,
SE I205 FWY-WASHINGTON ST RAMP,1,1266.6,0.24,,,,,0,0,,,,0,,
SE I205 FWY-WOODSTOCK BLVD RAMP,1,1365.2,0.259,,,,,0,0,,,,0,,
SE I5 FWY-BELMONT ST RAMP,8,1503.7,0.285,61.9,62.0,61.9,62.0,2,0,,,,0,,
SE I5 FWY-I84 FWY RAMP,16,4193.4,0.794,210.7,138.0,137.8,281.2,2,1,,,,0,,
SE I5 FWY-MORRISON BR RAMP,7,2410.2,0.456,,,,,0,0,,,,0,,
SE I5 FWY-MORRISON ST RAMP,1,99.1,0.019,,,,,0,0,,,,0,,
SE I5 FWY-WATER AVE RAMP,1,667.3,0.126,38.2,38.0,38.2,38.2,1,0,,,,0,,
SE I84 FWY-I5 FWY RAMP,2,617.4,0.117,,,,,0,0,,,,0,,
SE I84 FWY-MORRISON BRG RAMP,1,324.1,0.061,,,,,0,0,,,,0,,
SE INSLEY CT,2,224.2,0.042,30.0,30.0,30.0,30.0,1,1,20.0,20.0,20.0,1,UL,PRIVATE
SE INSLEY PL,1,217.0,0.041,,,,,0,0,,,,0,,
SE INSLEY ST,44,13591.1,2.574,49.0,50.0,30.0,60.0,44,40,28.7,26.0,33.6,34,UL,PDXTRANS
SE IRINA CT,1,171.9,0.033,,,,,0,0,,,,0,,
SE ISABELLA CT,1,198.7,0.038,,,,,0,0,,,,0,,
SE IVON CT,2,487.7,0.092,40.0,40.0,40.0,40.0,1,1,28.0,28.0,28.0,1,UL,PDXTRANS
SE IVON ST,30,8706.3,1.649,52.2,60.0,31.0,60.1,29,25,27.6,12.0,36.0,26,UL,PDXTRANS
SE IVON ST-GRAND AVE RAMP,2,632.5,0.12,305.9,369.0,204.7,381.4,2,0,37.2,37.2,37.2,1,UC,PRIVATE
SE JENNE RD,9,3243.4,0.614,53.3,50.0,49.9,84.3,9,5,30.2,29.0,32.0,3,UMiA,PDXTRANS
SE JESSE LN,1,197.3,0.037,,,,,0,0,,,,0,,
SE JOHNSON CREEK BLVD,11,3233.7,0.612,56.7,60.0,40.1,101.7,10,4,34.4,32.0,42.0,5,UMiA,PDXTRANS
SE JOHNSTON DR,2,1188.1,0.225,40.0,40.0,40.0,40.1,2,2,26.0,26.0,26.0,1,UL,PDXTRANS
SE JULIANO CT,1,262.8,0.05,,,,,0,0,,,,0,,
SE JULIE PL,1,221.5,0.042,,,,,0,0,,,,0,,
SE KELLY BUTTE ACCESS RD,1,1184.4,0.224,60.6,61.0,60.6,60.6,1,0,,,,0,,
SE KELLY CT,3,746.4,0.141,32.0,32.0,32.0,32.0,1,1,,,,0,,
SE KELLY ST,30,12816.1,2.427,54.3,50.0,49.4,114.1,30,27,29.2,22.0,32.0,28,UL,PDXTRANS
SE KENDALL CT,1,374.1,0.071,,,,,0,0,,,,0,,
SE KNAPP CIR,1,827.6,0.157,39.8,40.0,39.8,39.8,1,1,26.0,26.0,26.0,1,UL,PDXTRANS
SE KNAPP CT,1,276.4,0.052,40.1,40.0,40.1,40.1,1,1,28.0,28.0,28.0,1,UL,PDXTRANS
SE KNAPP DR,2,1189.1,0.225,35.0,35.0,34.9,35.1,2,2,26.0,26.0,26.0,1,UL,PDXTRANS
SE KNAPP LN,1,460.6,0.087,50.2,50.0,50.2,50.2,1,0,32.0,32.0,32.0,1,UL,PDXTRANS
SE KNAPP ST,56,20445.7,3.872,52.2,50.0,21.9,60.4,55,46,26.8,14.0,36.0,45,UL,PDXTRANS
SE KNIGHT ST,44,16871.6,3.195,53.9,50.0,35.5,61.6,42,35,27.7,18.0,40.0,35,UL,PDXTRANS
SE KRIEGER LN,1,168.2,0.032,50.0,50.0,50.0,50.0,1,0,,,,0,,
SE LADD AVE,13,4078.4,0.772,80.0,80.0,80.0,80.1,13,11,36.0,36.0,36.0,6,UC,PDXTRANS
SE LAFAYETTE CT,3,853.4,0.162,50.0,50.0,50.0,50.1,3,2,30.0,30.0,30.0,2,UL,PDXTRANS
SE LAFAYETTE ST,31,9841.5,1.864,51.9,50.0,40.0,60.0,31,24,30.2,24.0,36.0,26,UL,PDXTRANS
SE LAMBERT ST,55,16679.9,3.159,52.8,50.0,40.0,188.4,50,33,25.5,12.0,32.0,35,UL,PDXTRANS
SE LARCH AVE,2,828.6,0.157,60.0,60.0,60.0,60.0,2,0,24.0,24.0,24.0,2,UL,PDXTRANS
SE LAURELHURST PL,1,381.0,0.072,60.3,60.0,60.3,60.3,1,0,28.0,28.0,28.0,1,UL,PDXTRANS
SE LAVENDER ST,4,680.3,0.129,60.0,60.0,60.0,60.0,4,4,24.0,24.0,24.0,2,UL,PDXTRANS
SE LEE ANNA WAY,1,338.7,0.064,50.0,50.0,50.0,50.0,1,1,33.0,33.0,33.0,1,UL,PDXTRANS
SE LEE LN,1,134.8,0.026,,,,,0,0,,,,0,,
SE LENNON CT,1,216.8,0.041,40.1,40.0,40.1,40.1,1,0,26.0,26.0,26.0,1,UL,PDXTRANS
SE LEONARDO CT,1,124.8,0.024,40.0,40.0,40.0,40.0,1,1,,,,0,,
SE LEXINGTON CT,1,164.6,0.031,,,,,0,0,,,,0,,
SE LEXINGTON ST,31,13467.8,2.551,54.1,50.0,25.0,60.0,31,27,28.2,20.0,40.0,29,UL,PDXTRANS
SE LIEBE CT,2,331.8,0.063,73.6,91.0,73.6,73.6,1,0,,,,0,,
SE LIEBE ST,19,7048.5,1.335,46.1,50.0,18.6,54.7,18,15,28.5,12.0,32.0,14,UL,PDXTRANS
SE LILLIAN WAY,1,595.1,0.113,50.0,50.0,50.0,50.0,1,1,33.0,33.0,33.0,1,UL,PDXTRANS
SE LINCOLN CT,8,2460.4,0.466,50.0,50.0,50.0,50.1,6,4,30.6,28.0,32.0,5,UL,PDXTRANS
SE LINCOLN ST,99,30579.8,5.792,53.1,50.0,25.0,78.9,92,80,31.0,12.0,36.0,73,UL,PDXTRANS
SE LINN ST,14,3781.9,0.716,60.0,60.0,59.9,60.0,13,12,32.5,28.0,36.0,10,UL,PDXTRANS
SE LOCUST AVE,5,1035.1,0.196,60.0,60.0,60.0,60.0,5,1,24.0,24.0,24.0,3,UL,PDXTRANS
SE LONG ST,48,15385.0,2.914,50.8,50.0,40.0,66.9,47,42,28.7,10.0,40.0,36,UL,PDXTRANS
SE LORA ST,1,129.8,0.025,,,,,0,0,,,,0,,
SE LOUNSBERRY LN,3,521.9,0.099,30.0,30.0,30.0,30.0,3,1,20.0,20.0,20.0,3,UL,PDXTRANS
SE LUTHER RD,1,137.0,0.026,,,,,0,0,,,,0,,
SE LYDIA CT,1,430.1,0.081,50.3,50.0,50.3,50.3,1,0,32.0,32.0,32.0,1,UL,PDXTRANS
SE MACDUFFEE CT,1,174.1,0.033,,,,,0,0,,,,0,,
SE MADISON CT,3,1032.5,0.196,50.6,50.0,50.0,51.9,2,2,32.0,32.0,32.0,2,UL,PDXTRANS
SE MADISON DR,3,1196.7,0.227,50.0,50.0,50.0,50.0,3,2,32.0,32.0,32.0,3,UL,PDXTRANS
SE MADISON ST,72,22892.4,4.336,56.4,60.0,39.9,62.2,72,65,31.9,24.0,40.0,65,UL,PDXTRANS
SE MADISON ST-HAWTHORNE BRG RAMP,9,1864.0,0.353,62.3,60.0,59.2,109.4,8,5,46.0,46.0,46.0,1,UMiA,PDXTRANS
SE MAIN CT,2,258.2,0.049,,,,,0,0,,,,0,,
SE MAIN PARK AND RIDE RD,5,3165.3,0.599,,,,,0,0,,,,0,,
SE MAIN ST,101,33501.7,6.345,57.1,60.0,20.7,277.4,98,85,31.0,12.0,44.0,88,UL,PDXTRANS
SE MALDEN CT,5,1859.5,0.352,41.5,50.0,25.3,50.0,3,1,25.4,23.0,28.0,3,UL,PRIVATE
SE MALDEN DR,12,3237.3,0.613,65.6,60.0,58.0,149.2,12,3,27.1,22.0,28.0,6,UL,PRIVATE
SE MALDEN ST,23,10578.8,2.004,52.7,50.0,49.9,60.0,22,19,28.8,27.0,33.0,19,UL,PDXTRANS
SE MALL ST,24,8176.8,1.549,50.6,50.0,36.3,60.0,24,19,28.8,15.0,36.0,18,UL,PDXTRANS
SE MANCHESTER PL,3,1084.9,0.205,60.0,60.0,60.0,60.2,3,1,25.0,25.0,25.0,1,UL,PDXTRANS
SE MANLEY ST,2,984.3,0.186,43.6,40.0,40.0,50.4,2,1,,,,0,,
SE MAPLE AVE,5,1035.6,0.196,60.0,60.0,60.0,60.0,5,3,24.0,24.0,24.0,4,UL,PDXTRANS
SE MARIE ST,7,1323.3,0.251,47.2,45.0,45.1,50.7,7,6,,,,0,,
SE MARION ST,10,4476.0,0.848,68.3,60.0,59.9,161.9,10,8,27.2,24.0,32.0,8,UL,PDXTRANS
SE MARKET CT,5,1487.8,0.282,50.1,50.0,50.0,50.2,5,5,31.5,30.0,32.0,4,UL,PDXTRANS
SE MARKET DR,2,562.5,0.107,50.0,50.0,50.0,50.0,2,0,32.0,32.0,32.0,2,UL,PDXTRANS
SE MARKET ST,77,26714.1,5.059,54.8,60.0,30.9,174.9,71,57,31.6,12.0,44.0,61,UL,PDXTRANS
SE MARTIN LUTHER KING JR BLVD,34,6624.3,1.255,101.8,80.0,79.9,275.1,30,17,55.4,45.7,62.0,19,UPAO,PDXTRANS
SE MARTIN LUTHER KING JR BLVD-MADISON ST RAMP,1,593.1,0.112,86.2,83.0,86.2,86.2,1,0,,,,0,,
SE MARTIN LUTHER KING JR BLVD-MORRISON BRG RAMP,2,725.3,0.137,95.3,80.0,80.8,111.5,2,0,,,,0,,
SE MARTINS CT,2,394.9,0.075,,,,,0,0,,,,0,,
SE MARTINS ST,32,12594.6,2.385,48.2,60.0,29.7,60.2,28,24,26.0,12.0,32.0,22,UL,PDXTRANS
SE MARY JEAN CT,1,229.1,0.043,35.2,35.0,35.2,35.2,1,0,20.0,20.0,20.0,1,UL,PDXTRANS
SE MCKINLEY RD,6,2025.4,0.384,64.7,65.0,64.3,65.2,6,5,25.0,25.0,25.0,1,UC,PDXTRANS
SE MCLOUGHLIN BLVD,49,32806.2,6.213,153.8,80.0,87.7,328.7,37,6,81.3,60.0,108.0,13,UPAO,ODOT
SE MCLOUGHLIN BLVD-23RD AVE RAMP,1,879.3,0.167,,,,,0,0,30.8,30.8,30.8,1,UC,PDXTRANS
SE MCLOUGHLIN BLVD-HOLGATE BLVD RAMP,1,728.7,0.138,126.0,82.0,126.0,126.0,1,0,30.0,30.0,30.0,1,UL,ODOT
SE MCLOUGHLIN BLVD-MILWAUKIE AVE RAMP,1,1104.4,0.209,197.8,216.0,197.8,197.8,1,0,18.0,18.0,18.0,1,UPAO,ODOT
SE MCLOUGHLIN BLVD-POWELL BLVD RAMP,2,834.1,0.158,133.4,89.0,122.3,142.4,2,0,,,,0,,
SE MCLOUGHLIN BLVD-TENINO ST RAMP,2,1019.5,0.193,108.7,109.0,108.7,108.7,1,0,44.9,44.9,44.9,1,UPAO,PDXTRANS
SE MCLOUGHLIN BLVD-WOODWARD ST RAMP,2,632.2,0.12,212.6,294.0,122.3,296.9,2,0,,,,0,,
SE MEADOWLAND CT,1,355.0,0.067,40.1,40.0,40.1,40.1,1,1,26.0,26.0,26.0,1,UL,PRIVATE
SE MELANIA CT,1,116.9,0.022,,,,,0,0,,,,0,,
SE MILL CT,12,5365.8,1.016,49.0,50.0,34.1,50.3,10,3,31.1,28.0,32.0,8,UL,PDXTRANS
SE MILL ST,50,22328.0,4.229,51.5,60.0,17.9,65.3,50,36,29.4,18.0,40.0,46,UL,PDXTRANS
SE MILLER ST,10,4189.1,0.793,57.3,60.0,50.0,60.0,10,10,28.2,17.0,36.0,10,UL,PDXTRANS
SE MILLMAIN DR,9,2603.3,0.493,59.8,60.0,59.4,60.1,9,9,40.0,40.0,40.0,6,UC,PDXTRANS
SE MILWAUKIE AVE,62,14007.8,2.653,71.3,60.0,57.8,293.0,61,43,38.7,36.0,64.0,44,UC,PDXTRANS
SE MILWAUKIE AVE-POWELL BLVD RAMP,1,237.3,0.045,201.5,251.0,201.5,201.5,1,0,20.0,20.0,20.0,1,UC,ODOT
SE MITCHELL CT,8,2376.3,0.45,43.8,40.0,26.5,51.3,8,8,24.6,18.0,28.0,5,UL,PDXTRANS
SE MITCHELL ST,44,13531.9,2.563,48.7,60.0,29.0,98.5,43,36,28.9,18.0,44.0,37,UL,PDXTRANS
SE MORELAND LN,3,1038.9,0.197,25.5,20.0,20.0,30.0,3,2,21.6,16.0,24.0,2,UL,PDXTRANS
SE MORRISON BRG-BELMONT ST RAMP,11,2043.1,0.387,63.2,60.0,60.0,77.0,5,3,49.5,40.0,62.0,3,UPAO,PDXTRANS
SE MORRISON BRG-I5 FWY RAMP,14,3041.4,0.576,195.3,223.0,144.0,222.6,2,1,,,,0,,
SE MORRISON BRG-I84 FWY RAMP,1,1498.9,0.284,,,,,0,0,,,,0,,
SE MORRISON BRG-MARTIN LUTHER KING JR BLVD RAMP,4,785.7,0.149,107.8,218.0,82.0,217.9,4,0,,,,0,,
SE MORRISON BRG-WATER AVE RAMP,5,831.9,0.158,333.7,369.0,333.7,333.7,1,0,,,,0,,
SE MORRISON CT,7,1772.6,0.336,51.9,50.0,50.0,60.0,6,4,29.6,24.0,44.0,6,UL,PDXTRANS
SE MORRISON ST,75,25792.4,4.885,58.3,60.0,38.0,222.5,75,63,33.5,24.0,60.0,70,UL,PDXTRANS
SE MORRISON ST-I5 FWY RAMP,4,1214.2,0.23,143.5,187.0,62.6,187.5,2,1,,,,0,,
SE MORRISON ST-MORRISON BRG RAMP,13,1959.3,0.371,72.5,60.0,60.0,125.6,8,5,,,,0,,
SE MOUNTAIN VIEW DR,2,596.0,0.113,50.0,50.0,50.0,50.1,2,0,24.0,24.0,24.0,2,UL,PDXTRANS
SE MT SCOTT BLVD,15,7212.6,1.366,84.2,60.0,60.0,209.7,13,5,29.9,20.0,32.0,4,UC,PDXTRANS
SE MULBERRY AVE,5,1051.5,0.199,60.0,60.0,60.0,60.0,5,1,24.0,24.0,24.0,3,UL,PDXTRANS
SE NAEGELI CT,1,294.7,0.056,,,,,0,0,,,,0,,
SE NAEGELI DR,6,2824.1,0.535,60.1,60.0,60.0,60.6,6,5,40.0,40.0,40.0,3,UL,PDXTRANS
SE NEHALEM CT,1,359.4,0.068,40.0,40.0,40.0,40.0,1,1,26.0,26.0,26.0,1,UL,PDXTRANS
SE NEHALEM ST,32,13253.3,2.51,53.9,60.0,40.0,68.3,30,26,28.7,20.0,50.0,27,UL,PDXTRANS
SE NICHOLAS CT,1,289.3,0.055,,,,,0,0,,,,0,,
SE NORTH TABOR DR,2,2014.5,0.382,50.3,52.0,49.3,51.7,2,2,,,,0,,
SE OAK CT,4,1693.1,0.321,20.1,20.0,20.0,20.2,3,3,18.0,18.0,18.0,1,UL,PDXTRANS
SE OAK ST,38,12831.4,2.43,58.9,60.0,40.0,213.5,37,31,31.8,18.0,40.0,32,UL,PDXTRANS
SE OAKS PARK WAY,4,4386.3,0.831,81.4,82.0,81.4,81.4,1,1,,,,0,,
SE OCHOCO ST,9,1467.7,0.278,,,,,0,0,29.0,22.0,32.0,4,UC,PDXTRANS
SE OGDEN CT,2,585.6,0.111,50.0,50.0,50.0,50.0,1,0,16.0,16.0,16.0,1,UL,PRIVATE
SE OGDEN DR,5,1933.2,0.366,35.1,35.0,35.0,35.2,5,5,26.0,26.0,26.0,4,UL,PDXTRANS
SE OGDEN ST,28,12791.8,2.423,55.5,60.0,50.0,61.0,28,24,25.4,20.0,40.0,27,UL,PDXTRANS
SE ORANGE AVE,5,1042.6,0.197,60.0,60.0,60.0,60.0,5,3,24.0,24.0,24.0,4,UL,PDXTRANS
SE PALM ST,4,678.5,0.129,60.0,60.0,60.0,60.0,4,4,24.0,24.0,24.0,2,UL,PDXTRANS
SE PARDEE DR,3,742.5,0.141,,,,,0,0,,,,0,,
SE PARDEE ST,34,11622.5,2.201,47.5,50.0,39.8,60.0,33,31,28.9,20.0,32.8,24,UL,PDXTRANS
SE PEACOCK LN,4,991.1,0.188,50.0,50.0,50.0,50.0,4,4,24.0,24.0,24.0,4,UL,PDXTRANS
SE PERSHING ST,10,2173.3,0.412,35.4,30.0,30.0,60.0,10,9,18.9,16.0,28.0,7,UL,PDXTRANS
SE PINE CT,7,2662.6,0.504,50.0,50.0,50.0,50.0,5,3,28.7,28.0,30.0,3,UL,PDXTRANS
SE PINE ST,57,19241.8,3.644,55.3,60.0,40.0,60.1,57,47,32.4,10.0,36.0,50,UL,PDXTRANS
SE PINERIDGE CT,1,507.6,0.096,40.0,40.0,40.0,40.0,1,0,28.0,28.0,28.0,1,UL,PDXTRANS
SE PLATT AVE,9,1767.7,0.335,40.7,40.0,40.0,43.4,9,9,25.5,25.0,26.0,4,UL,PDXTRANS
SE POPLAR AVE,5,1031.6,0.195,60.0,60.0,60.0,60.0,5,3,24.0,24.0,24.0,4,UL,PDXTRANS
SE POWELL BLVD,169,48643.4,9.213,100.7,90.0,60.0,414.2,163,61,58.4,38.0,86.0,83,UPAO,ODOT
SE POWELL BLVD FRONTAGE RD,29,4820.0,0.913,152.2,160.0,118.8,211.2,24,17,22.0,20.0,24.0,2,UC,PDXTRANS
SE POWELL BLVD PARK AND RIDE RD,3,2427.7,0.46,,,,,0,0,,,,0,,
SE POWELL BLVD-DIVISION ST RAMP,2,2691.1,0.51,,,,,0,0,,,,0,,
SE POWELL BLVD-I205 FWY RAMP,3,3142.6,0.595,,,,,0,0,,,,0,,
SE POWELL BUTTE PKWY,6,1817.8,0.344,39.9,40.0,37.2,40.3,6,6,26.0,26.0,26.0,3,UL,PDXTRANS
SE POWELL CT,6,2053.7,0.389,85.1,50.0,40.0,188.0,6,1,31.3,28.0,32.0,4,UL,PDXTRANS
SE POWELL VIEW CT,1,190.0,0.036,40.0,40.0,40.0,40.0,1,0,26.0,26.0,26.0,1,UL,PDXTRANS
SE RACHEL LN,2,536.6,0.102,36.2,33.0,33.5,47.9,2,1,20.0,20.0,20.0,1,UL,PDXTRANS
SE RAJESSA CT,1,215.7,0.041,,,,,0,0,,,,0,,
SE RAMONA CT,1,121.1,0.023,35.3,35.0,35.3,35.3,1,1,20.0,20.0,20.0,1,UL,PDXTRANS
SE RAMONA ST,67,18751.0,3.551,54.8,50.0,40.0,228.6,67,58,29.3,25.0,36.0,39,UL,PDXTRANS
SE RAYMOND CT,12,3326.6,0.63,43.0,50.0,10.0,50.0,11,10,29.1,28.0,30.0,8,UL,PDXTRANS
SE RAYMOND ST,77,20493.1,3.881,52.1,50.0,19.4,153.1,76,63,28.1,12.0,40.0,54,UL,PDXTRANS
SE REED COLLEGE PL,14,9611.4,1.82,90.0,90.0,90.0,90.0,14,2,70.0,70.0,70.0,7,UL,PDXTRANS
SE REEDWAY CT,1,168.5,0.032,,,,,0,0,,,,0,,
SE REEDWAY PL,2,461.8,0.087,,,,,0,0,,,,0,,
SE REEDWAY ST,80,19885.2,3.766,53.4,60.0,39.5,60.6,79,77,30.2,26.0,40.0,56,UL,PDXTRANS
SE RESERVOIR LOOP DR,3,4925.3,0.933,48.9,49.0,48.9,48.9,1,0,,,,0,,
SE REX CT,1,210.6,0.04,,,,,0,0,,,,0,,
SE REX DR,2,1709.3,0.324,60.1,60.0,60.0,60.2,2,1,18.0,18.0,18.0,1,UL,PRIVATE
SE REX ST,33,10712.3,2.029,56.9,60.0,40.0,60.2,32,22,28.4,26.0,32.0,31,UL,PDXTRANS
SE REYNOLDS ST,3,1170.2,0.222,50.0,50.0,50.0,50.0,3,1,31.3,30.0,36.0,3,UL,PDXTRANS
SE RHINE CT,3,879.6,0.167,48.0,50.0,40.5,50.4,3,2,32.0,32.0,32.0,2,UL,PDXTRANS
SE RHINE ST,24,8459.3,1.602,51.1,50.0,22.0,60.0,23,18,31.3,22.0,40.0,16,UL,PDXTRANS
SE RHONE CT,1,359.6,0.068,25.1,25.0,25.1,25.1,1,0,16.0,16.0,16.0,1,UL,PRIVATE
SE RHONE ST,60,17323.5,3.281,48.7,50.0,30.1,60.0,59,52,28.4,20.0,36.0,43,UL,PDXTRANS
SE ROSE LN,1,244.2,0.046,,,,,0,0,,,,0,,
SE ROSS ISLAND BRG-MCLOUGHLIN BLVD RAMP,3,864.6,0.164,124.4,127.0,124.4,124.4,1,0,,,,0,,
SE ROSWELL ST,2,311.8,0.059,,,,,0,0,,,,0,,
SE RURAL CT,1,152.1,0.029,30.6,31.0,30.6,30.6,1,1,20.0,20.0,20.0,1,UL,PDXTRANS
SE RURAL ST,26,9282.3,1.758,48.4,50.0,39.9,61.0,26,24,24.9,18.0,40.0,19,UL,PDXTRANS
SE SALMON CT,5,1730.8,0.328,47.4,50.0,32.9,50.0,5,3,26.7,18.0,30.0,4,UL,PDXTRANS
SE SALMON ST,88,29021.4,5.496,55.3,60.0,40.0,64.0,86,81,32.5,24.0,44.0,77,UL,PDXTRANS
SE SALMON WAY,1,2037.1,0.386,,,,,0,0,,,,0,,
SE SANDY BLVD,7,2112.3,0.4,106.7,80.0,80.0,198.1,7,0,59.0,56.0,68.0,6,UMiA,PDXTRANS
SE SAWTOOTH ST,1,340.4,0.064,39.9,40.0,39.9,39.9,1,1,26.0,26.0,26.0,1,UL,PDXTRANS
SE SCHILLER CT,1,184.8,0.035,,,,,0,0,,,,0,,
SE SCHILLER ST,68,18380.2,3.481,48.6,50.0,39.9,60.0,65,58,29.9,14.0,36.0,44,UL,PDXTRANS
SE SCOTT DR,6,2111.6,0.4,45.1,50.0,24.2,50.8,6,5,29.0,26.0,30.0,4,UL,PDXTRANS
SE SEGWAY DR,1,198.6,0.038,,,,,0,0,,,,0,,
SE SELLWOOD BLVD,3,1688.9,0.32,33.3,30.0,29.5,39.8,3,0,23.0,23.0,23.0,3,UC,PDXTRANS
SE SHERMAN CT,4,861.2,0.163,50.0,50.0,50.0,50.0,1,0,28.0,28.0,28.0,1,UL,PDXTRANS
SE SHERMAN DR,4,1063.1,0.201,50.0,50.0,50.0,50.1,4,4,32.0,32.0,32.0,3,UL,PDXTRANS
SE SHERMAN ST,53,17536.7,3.321,52.0,50.0,40.0,182.4,51,40,29.4,24.0,36.0,40,UL,PDXTRANS
SE SHERRETT ST,21,7148.2,1.354,56.6,60.0,49.6,60.1,18,18,24.9,16.0,36.0,16,UL,PDXTRANS
SE SPOKANE CT,3,650.8,0.123,46.0,46.0,46.0,46.0,3,3,,,,0,UL,PDXTRANS
SE SPOKANE ST,16,5289.8,1.002,60.4,60.0,60.0,89.6,16,15,36.0,36.0,36.0,13,UL,PDXTRANS
SE SPRINGWATER DR,2,737.8,0.14,39.9,40.0,39.8,40.0,2,1,26.0,26.0,26.0,1,UL,PDXTRANS
SE SPRUCE AVE,5,1044.8,0.198,60.0,60.0,60.0,60.0,5,1,24.0,24.0,24.0,3,UL,PDXTRANS
SE ST ANDREWS DR,6,2258.5,0.428,60.3,60.0,60.0,61.3,4,1,25.2,25.0,26.0,4,UL,PDXTRANS
SE STARK ST,172,43054.0,8.154,69.5,60.0,40.1,190.6,164,135,48.2,16.0,66.0,110,UC,PDXTRANS
SE STARK ST-I205 FWY RAMP,1,1159.3,0.22,,,,,0,0,,,,0,,
SE STARK ST-WASHINGTON ST RAMP,1,265.8,0.05,,,,,0,0,44.0,44.0,44.0,1,UI,ODOT
SE STEELE ST,70,23175.0,4.389,56.4,60.0,39.6,76.9,70,59,34.0,24.0,45.0,55,UL,PDXTRANS
SE STEPHENS CT,8,2242.6,0.425,51.5,50.0,50.0,97.8,7,2,32.0,32.0,32.0,5,UL,PDXTRANS
SE STEPHENS PL,1,659.7,0.125,50.0,50.0,50.0,50.0,1,1,28.0,28.0,28.0,1,UL,PDXTRANS
SE STEPHENS ST,65,21730.3,4.116,50.3,50.0,25.0,62.0,65,52,29.5,22.0,43.0,45,UL,PDXTRANS
SE SUN CREST DR,3,1987.4,0.376,50.0,50.0,50.0,50.0,3,3,32.0,32.0,32.0,2,UL,PDXTRANS
SE TABOR SUMMIT DR,1,1623.9,0.308,56.8,57.0,56.8,56.8,1,0,,,,0,,
SE TACOMA PARK AND RIDE RD,4,1727.3,0.327,320.7,321.0,320.7,320.7,1,0,,,,0,,
SE TACOMA ST,27,8900.3,1.686,66.5,60.0,10.0,168.8,26,16,37.2,13.0,60.0,20,UMiA,PDXTRANS
SE TAGGART CT,7,1629.7,0.309,48.8,50.0,40.0,57.3,5,3,24.8,20.0,32.0,4,UL,PDXTRANS
SE TAGGART ST,41,13070.5,2.475,53.7,50.0,15.0,209.9,40,35,27.6,10.0,36.0,35,UL,PDXTRANS
SE TAMARACK AVE,4,1038.0,0.197,60.0,60.0,60.0,60.0,4,2,24.0,24.0,24.0,4,UL,PDXTRANS
SE TAYLOR CT,12,3680.7,0.697,46.7,50.0,30.0,62.0,12,8,27.2,14.0,32.0,11,UL,PDXTRANS
SE TAYLOR ST,82,28945.2,5.482,56.0,60.0,32.3,65.6,81,75,32.8,20.0,44.0,76,UL,PDXTRANS
SE TENINO CT,8,2784.0,0.527,57.6,50.0,49.9,98.9,7,5,25.0,20.0,36.0,4,UL,PDXTRANS
SE TENINO DR,3,1010.7,0.191,60.2,60.0,60.0,60.3,3,1,28.0,28.0,28.0,3,UL,PRIVATE
SE TENINO ST,49,15118.6,2.863,62.7,50.0,39.9,290.9,44,37,27.2,16.0,50.0,30,UL,PDXTRANS
SE TENINO ST-MCLOUGHLIN BLVD RAMP,2,706.0,0.134,304.3,379.0,179.7,379.3,2,0,50.0,50.0,50.0,1,UPAO,PDXTRANS
SE TERRACE TRAILS DR,4,1768.7,0.335,40.3,40.0,40.0,40.4,4,4,26.0,26.0,26.0,4,UL,PDXTRANS
SE TESSA ST,2,331.2,0.063,47.1,49.0,39.0,49.0,2,2,28.0,28.0,28.0,1,UL,PDXTRANS
SE THORBURN ST,14,4176.1,0.791,68.9,60.0,59.4,244.9,14,3,38.3,22.0,56.0,7,UMiA,PDXTRANS
SE TIBBETTS CT,1,175.0,0.033,,,,,0,0,,,,0,,
SE TIBBETTS ST,59,20746.4,3.929,53.4,50.0,36.0,60.6,58,54,29.6,22.0,36.0,52,UL,PDXTRANS
SE TILIKUM WAY,9,2343.4,0.444,101.6,73.0,61.7,130.3,5,2,,,,0,,
SE TINDALL CIR,1,131.5,0.025,40.0,40.0,40.0,40.0,1,1,28.0,28.0,28.0,1,UL,PDXTRANS
SE TOLMAN CT,1,153.4,0.029,,,,,0,0,,,,0,,
SE TOLMAN ST,65,17996.4,3.408,58.9,60.0,45.0,378.9,65,55,29.1,12.0,34.0,53,UL,PDXTRANS
SE UMATILLA ST,22,5838.2,1.106,64.9,60.0,50.0,299.4,21,17,34.2,22.0,36.0,14,UL,PDXTRANS
SE UNNAMED RD,849,265953.7,50.37,123.5,52.0,14.0,414.4,34,5,,,,0,,
SE VALENTINE CT,1,126.5,0.024,50.0,50.0,50.0,50.0,1,1,,,,0,,
SE VALENTINE DR,2,613.1,0.116,50.0,50.0,50.0,50.0,2,2,26.0,26.0,26.0,2,UL,PDXTRANS
SE VAN WATER CT,1,269.8,0.051,23.0,23.0,23.0,23.0,1,1,,,,0,,
SE VAN WATER ST,2,1021.8,0.194,49.1,49.0,48.3,49.3,2,1,30.0,30.0,30.0,1,UL,PDXTRANS
SE VELMA CT,1,351.4,0.067,50.0,50.0,50.0,50.0,1,1,18.0,18.0,18.0,1,UL,PRIVATE
SE VICTOR LN,1,186.7,0.035,,,,,0,0,,,,0,,
SE VRADENBURG RD,1,2270.8,0.43,60.1,60.0,60.1,60.1,1,1,19.5,19.5,19.5,1,UC,PRIVATE
SE WASHINGTON CT,5,792.9,0.15,52.0,50.0,50.0,60.0,3,2,24.4,22.4,32.0,3,UL,PDXTRANS
SE WASHINGTON ST,65,20983.1,3.974,59.9,60.0,32.0,205.8,59,45,35.5,24.0,51.0,53,UL,PDXTRANS
SE WASHINGTON ST-I205 FWY RAMP,1,1300.1,0.246,,,,,0,0,,,,0,,
SE WASHINGTON ST-STARK ST RAMP,1,263.2,0.05,,,,,0,0,28.0,28.0,28.0,1,UI,ODOT
SE WATER AVE,29,5460.1,1.034,66.7,60.0,60.0,97.8,18,10,46.3,40.0,48.0,9,UC,PDXTRANS
SE WATER AVE-HAWTHORNE BRG RAMP,4,528.0,0.1,88.6,95.0,67.6,100.5,2,0,,,,0,,
SE WATER BUREAU ACCESS RD,3,2045.3,0.387,,,,,0,0,,,,0,,
SE WAVERLEIGH BLVD,6,3128.3,0.592,61.7,90.0,35.0,90.0,6,1,60.0,60.0,60.0,2,UL,PDXTRANS
SE WEBBER ST,2,212.8,0.04,89.0,30.0,30.0,178.7,2,0,,,,0,,
SE WINDSOR CT,4,1687.0,0.32,44.0,40.0,40.0,50.0,4,4,25.7,18.0,28.0,4,UL,PDXTRANS
SE WOODSTOCK BLVD,73,19857.1,3.761,76.3,79.0,58.4,277.4,66,48,44.5,24.0,60.0,51,UC,PDXTRANS
SE WOODSTOCK BLVD-FOSTER RD RAMP,5,1102.8,0.209,112.4,65.0,62.4,168.1,4,1,33.1,24.0,40.0,4,UMiA,PDXTRANS
SE WOODSTOCK BLVD-I205 FWY RAMP,1,1576.8,0.299,,,,,0,0,,,,0,,
SE WOODSTOCK CT,2,607.7,0.115,80.1,80.0,80.0,80.2,2,0,35.7,32.0,40.0,2,UL,PDXTRANS
SE WOODWARD CT,8,1863.9,0.353,46.4,50.0,33.0,50.1,3,1,31.4,28.0,32.0,2,UL,PDXTRANS
SE WOODWARD PL,2,539.7,0.102,50.0,50.0,50.0,50.0,2,1,32.0,32.0,32.0,2,UL,PDXTRANS
SE WOODWARD ST,82,23096.0,4.374,54.3,60.0,21.8,171.4,81,67,29.4,12.0,44.0,73,UL,PDXTRANS
SE WOODWARD ST-GRAND AVE RAMP,1,438.0,0.083,237.3,246.0,237.3,237.3,1,0,,,,0,,
SE YAMHILL ST,79,26971.2,5.108,56.0,60.0,30.1,67.8,79,67,32.0,20.9,42.0,72,UL,PDXTRANS
SE YUKON CT,1,210.0,0.04,,,,,0,0,,,,0,,
SE YUKON ST,19,5077.5,0.962,53.6,60.0,35.0,60.0,19,17,28.4,18.0,32.0,19,UL,PDXTRANS
SELLWOOD BRG,7,2063.4,0.391,104.2,105.0,100.0,105.3,2,1,48.0,48.0,48.0,1,UMiA,PDXTRANS
SMITH ST,1,1271.0,0.241,,,,,0,0,,,,0,,
SOUTH MAINTENANCE RD,1,198.6,0.038,,,,,0,0,,,,0,,
ST JOHNS BRG,5,2542.7,0.482,93.3,100.0,91.5,115.3,2,1,53.3,53.3,53.3,1,UMiA,ODOT
STEEL BRG,6,1528.8,0.29,105.5,105.0,105.5,105.5,1,0,,,,0,,
SUMMIT LN,2,4273.6,0.809,,,,,0,0,,,,0,,
SW 10TH AVE,37,9501.4,1.8,66.3,80.0,48.5,172.6,34,29,37.4,18.0,50.0,29,UL,PDXTRANS
SW 11TH AVE,30,8634.8,1.635,65.8,60.0,16.3,81.0,27,23,39.3,12.0,50.0,25,UC,PDXTRANS
SW 11TH DR,5,3128.2,0.592,50.0,50.0,50.0,50.0,5,4,28.0,28.0,28.0,3,UL,PDXTRANS
SW 12TH AVE,33,8166.9,1.547,66.2,80.0,29.3,82.7,29,24,36.2,12.0,50.0,28,UC,PDXTRANS
SW 12TH DR,6,3101.2,0.587,50.0,50.0,49.8,50.6,6,3,23.3,21.0,28.0,5,UL,PDXTRANS
SW 12TH PL,2,452.9,0.086,40.2,40.0,40.1,40.2,2,1,28.0,28.0,28.0,2,UL,PDXTRANS
SW 13TH AVE,27,7275.7,1.378,63.4,60.0,50.0,163.4,15,9,33.8,16.0,50.0,21,UC,PDXTRANS
SW 13TH AVE-MONTGOMERY ST RAMP,7,560.1,0.106,,,,,0,0,,,,0,,
SW 13TH AVE-SUNSET HWY RAMP,7,1021.1,0.193,396.6,397.0,396.6,396.6,1,0,,,,0,,
SW 13TH CT,3,923.6,0.175,32.5,30.0,30.3,40.1,2,1,28.0,28.0,28.0,1,UL,PDXTRANS
SW 13TH DR,4,2699.8,0.511,43.9,50.0,40.0,50.2,4,2,30.0,30.0,30.0,2,UL,PDXTRANS
SW 14TH AVE,29,7896.6,1.496,59.6,50.0,40.0,308.1,17,14,31.1,20.0,50.0,23,UL,PDXTRANS
SW 14TH DR,4,1789.7,0.339,50.7,50.0,50.0,55.4,4,1,33.1,32.0,34.0,4,UL,PDXTRANS
SW 15TH AVE,13,4297.3,0.814,52.4,60.0,15.0,62.0,12,10,29.1,17.0,44.0,9,UL,PDXTRANS
SW 16TH AVE,20,4505.8,0.853,65.7,60.0,59.0,80.2,20,16,35.5,20.0,50.0,15,UL,PDXTRANS
SW 16TH DR,3,1599.3,0.303,50.0,50.0,50.0,50.0,3,2,28.0,28.0,28.0,3,UL,PDXTRANS
SW 16TH PL,1,153.7,0.029,162.6,35.0,162.6,162.6,1,0,26.7,26.7,26.7,1,UL,PRIVATE
SW 17TH AVE,33,7144.9,1.353,54.1,60.0,30.0,61.7,32,31,29.6,20.0,44.0,26,UL,PDXTRANS
SW 17TH DR,7,2018.3,0.382,50.0,50.0,50.0,50.0,7,0,21.1,20.0,22.0,6,UL,PDXTRANS
SW 18TH AVE,26,5696.4,1.079,85.4,60.0,30.0,337.1,24,12,39.9,20.0,80.0,19,UL,PDXTRANS
SW 18TH DR,16,4073.8,0.772,65.9,60.0,59.4,128.2,16,7,22.6,18.0,28.0,8,UL,PDXTRANS
SW 18TH PL,10,4433.7,0.84,52.6,50.0,50.0,103.4,10,4,23.2,21.5,24.0,7,UL,PDXTRANS
SW 19TH AVE,31,6784.1,1.285,59.8,60.0,25.0,329.5,27,22,26.4,10.0,42.0,17,UL,PDXTRANS
SW 19TH DR,4,2492.9,0.472,52.9,50.0,50.0,60.0,4,1,22.6,20.0,28.0,4,UL,PDXTRANS
SW 1ST AVE,41,10693.8,2.025,78.8,60.0,50.0,262.7,36,26,41.4,18.0,74.0,29,UC,PDXTRANS
SW 20TH AVE,12,2815.1,0.533,59.1,60.0,50.0,60.2,10,9,34.9,33.0,40.0,6,UL,PDXTRANS
SW 20TH AVE-I5 FWY RAMP,3,1515.3,0.287,,,,,0,0,,,,0,,
SW 20TH PL,5,1188.8,0.225,38.5,20.0,20.0,202.8,4,2,26.0,26.0,26.0,1,UL,PDXTRANS
SW 21ST AVE,19,4473.8,0.847,57.8,60.0,49.5,130.3,18,13,28.1,10.0,36.0,13,UL,PDXTRANS
SW 21ST CT,1,177.2,0.034,46.0,46.0,46.0,46.0,1,1,26.0,26.0,26.0,1,UL,PDXTRANS
SW 22ND AVE,4,1461.1,0.277,46.3,50.0,34.8,50.0,4,0,21.9,15.0,32.0,4,UC,PDXTRANS
SW 22ND PL,1,281.6,0.053,30.0,30.0,30.0,30.0,1,1,28.0,28.0,28.0,1,UL,PRIVATE
SW 23RD AVE,7,1942.9,0.368,50.5,40.0,20.0,65.0,6,5,31.4,9.0,40.0,3,UL,PRIVATE
SW 23RD DR,1,579.3,0.11,50.0,50.0,50.0,50.0,1,0,30.0,30.0,30.0,1,UL,PDXTRANS
SW 23RD PL,1,118.9,0.023,,,,,0,0,,,,0,,
SW 24TH AVE,5,1026.0,0.194,121.6,40.0,40.0,308.7,5,3,,,,0,,
SW 25TH AVE,28,8238.2,1.56,48.6,30.0,19.3,60.9,27,19,28.2,15.0,36.0,20,UL,PDXTRANS
SW 26TH AVE,13,2525.5,0.478,50.6,50.0,40.0,62.3,11,7,27.2,20.0,48.9,8,UL,PDXTRANS
SW 26TH DR,4,1679.2,0.318,50.0,50.0,50.0,50.0,4,3,20.0,20.0,20.0,4,UL,PDXTRANS
SW 26TH PL,2,606.3,0.115,42.7,32.0,32.5,50.0,2,2,18.0,18.0,18.0,1,UL,PDXTRANS
SW 26TH WAY,4,811.8,0.154,149.8,80.0,100.5,174.4,2,0,52.0,52.0,52.0,1,UC,PDXTRANS
SW 27TH AVE,14,4131.1,0.782,47.1,50.0,4.9,50.2,14,13,29.1,12.0,36.0,10,UL,PDXTRANS
SW 27TH CT,1,693.0,0.131,199.9,200.0,199.9,199.9,1,0,,,,0,,
SW 27TH PL,3,999.2,0.189,48.0,50.0,40.0,50.0,3,2,31.2,28.0,32.0,3,UL,PDXTRANS
SW 28TH AVE,8,3256.0,0.617,48.2,55.0,25.0,55.0,8,8,23.0,14.0,32.0,8,UL,PDXTRANS
SW 28TH DR,5,1471.7,0.279,49.0,50.0,42.4,50.0,5,2,31.5,28.0,32.0,5,UL,PDXTRANS
SW 28TH PL,1,136.7,0.026,50.1,50.0,50.1,50.1,1,0,32.0,32.0,32.0,1,UL,PDXTRANS
SW 29TH AVE,9,3856.8,0.73,44.3,50.0,20.0,55.0,8,7,22.4,18.0,28.0,7,UL,PDXTRANS
SW 29TH CT,2,589.0,0.112,40.0,40.0,40.0,40.1,2,1,28.0,28.0,28.0,2,UL,PDXTRANS
SW 29TH PL,3,1057.1,0.2,50.4,50.0,50.0,53.8,3,1,25.9,24.0,32.0,2,UL,PDXTRANS
SW 2ND AVE,37,10150.3,1.922,60.6,70.0,29.8,165.8,36,27,32.0,16.0,48.0,33,UC,PDXTRANS
SW 2ND CT,1,457.9,0.087,,,,,0,0,,,,0,,
SW 30TH AVE,33,7524.3,1.425,55.5,50.0,20.3,235.2,33,21,26.0,10.0,40.0,19,UL,PDXTRANS
SW 30TH DR,1,553.9,0.105,40.0,40.0,40.0,40.0,1,1,,,,0,,
SW 30TH PL,2,350.1,0.066,48.1,50.0,45.9,50.0,2,1,26.0,26.0,26.0,1,UL,PDXTRANS
SW 31ST AVE,13,4055.4,0.768,48.0,50.0,38.8,53.4,13,7,22.7,18.0,32.0,8,UL,PDXTRANS
SW 31ST CT,2,898.4,0.17,39.9,40.0,39.7,40.0,2,0,28.0,28.0,28.0,2,UL,PDXTRANS
SW 31ST DR,1,962.3,0.182,50.0,50.0,50.0,50.0,1,0,18.0,18.0,18.0,1,UL,PDXTRANS
SW 32ND AVE,16,5040.0,0.955,49.3,50.0,40.0,50.0,16,13,28.9,16.0,36.0,15,UL,PDXTRANS
SW 33RD AVE,9,4123.2,0.781,44.7,40.0,39.9,49.9,9,7,21.1,12.0,28.0,9,UL,PRIVATE
SW 33RD DR,2,779.5,0.148,49.4,48.0,48.7,50.0,2,2,25.1,20.0,30.0,2,UL,PRIVATE
SW 33RD PL,9,3744.7,0.709,37.3,40.0,30.0,50.0,6,4,24.7,20.0,30.0,5,UL,PDXTRANS
SW 34TH AVE,17,7801.4,1.478,45.5,50.0,27.2,65.7,17,14,22.7,16.0,32.0,12,UL,PDXTRANS
SW 34TH PL,4,1425.1,0.27,50.1,50.0,50.0,50.2,3,2,31.1,30.0,32.0,3,UL,PDXTRANS
SW 35TH AVE,45,12577.2,2.382,59.2,50.0,35.0,220.0,45,29,30.1,12.0,55.0,29,UC,PDXTRANS
SW 35TH DR,3,1617.5,0.306,64.7,65.0,64.7,64.7,1,0,,,,0,,
SW 35TH PL,3,926.1,0.175,50.0,50.0,50.0,50.0,3,2,28.0,28.0,28.0,3,UL,PDXTRANS
SW 36TH AVE,18,5558.5,1.053,47.4,50.0,20.3,60.3,18,13,23.5,15.0,32.0,16,UL,PDXTRANS
SW 36TH CT,2,479.8,0.091,40.0,40.0,40.0,40.0,2,1,28.0,28.0,28.0,2,UL,PDXTRANS
SW 36TH PL,5,1580.3,0.299,48.9,50.0,40.0,50.9,5,4,21.0,18.0,28.0,3,UL,PDXTRANS
SW 37TH AVE,28,7840.2,1.485,45.8,60.0,20.0,60.0,25,22,26.9,12.0,36.0,24,UL,PDXTRANS
SW 38TH AVE,2,731.9,0.139,50.0,50.0,50.0,50.0,2,1,23.6,18.0,28.0,2,UL,PDXTRANS
SW 38TH PL,3,1638.1,0.31,49.9,50.0,49.7,50.0,3,3,29.7,28.0,32.0,3,UL,PDXTRANS
SW 39TH AVE,8,2664.9,0.505,49.8,60.0,40.0,60.0,8,6,22.3,18.0,32.0,5,UL,PDXTRANS
SW 39TH DR,7,2614.9,0.495,51.5,50.0,48.8,55.3,7,3,31.8,28.0,32.0,6,UL,PDXTRANS
SW 3RD AVE,34,9437.7,1.787,71.2,80.0,42.5,137.8,33,26,35.7,16.0,76.0,28,UC,PDXTRANS
SW 40TH AVE,15,5677.0,1.075,48.9,49.0,25.0,235.4,15,8,25.3,12.0,32.0,11,UL,PDXTRANS
SW 40TH PL,2,728.0,0.138,50.0,50.0,50.0,50.0,1,0,30.0,30.0,30.0,1,UL,PDXTRANS
SW 41ST AVE,14,5694.0,1.078,53.3,50.0,40.0,65.6,14,13,24.3,14.0,32.0,11,UL,PDXTRANS
SW 41ST PL,2,943.7,0.179,50.0,50.0,50.0,50.0,2,1,26.5,24.0,28.9,2,UL,PDXTRANS
SW 42ND AVE,20,6199.7,1.174,45.8,50.0,22.2,60.4,20,13,24.3,12.0,32.0,15,UL,PDXTRANS
SW 42ND PL,1,438.6,0.083,50.1,50.0,50.1,50.1,1,0,30.0,30.0,30.0,1,UL,PDXTRANS
SW 43RD AVE,15,4456.3,0.844,46.1,50.0,12.0,115.5,15,11,26.3,12.0,32.0,7,UL,PDXTRANS
SW 44TH AVE,5,2449.6,0.464,50.1,50.0,50.0,50.4,5,3,27.5,12.0,32.0,3,UL,PDXTRANS
SW 45TH AVE,37,12561.4,2.379,65.4,80.0,49.6,80.0,36,27,28.4,22.0,40.0,29,UC,PDXTRANS
SW 45TH DR,9,2811.9,0.533,69.8,60.0,60.0,120.6,9,2,22.8,22.0,24.2,5,UC,PDXTRANS
SW 46TH AVE,6,2574.6,0.488,51.0,50.0,50.0,60.0,6,5,22.7,14.0,30.0,6,UL,PRIVATE
SW 46TH PL,2,1268.4,0.24,50.0,50.0,50.0,50.0,1,0,30.0,30.0,30.0,1,UL,PDXTRANS
SW 47TH AVE,18,5947.2,1.126,53.6,50.0,50.0,60.0,18,16,24.8,12.0,32.0,17,UL,PDXTRANS
SW 47TH DR,5,1834.3,0.347,60.1,60.0,59.9,60.4,5,4,36.0,36.0,36.0,4,UL,PDXTRANS
SW 47TH PL,2,1440.3,0.273,50.6,50.0,50.0,54.9,2,1,30.0,30.0,30.0,1,UL,PDXTRANS
SW 48TH AVE,10,3078.8,0.583,47.7,50.0,30.0,60.0,9,7,24.4,18.0,30.0,7,UL,PDXTRANS
SW 48TH DR,4,2766.4,0.524,125.9,279.0,50.1,273.6,4,0,18.1,16.0,22.0,4,UL,PDXTRANS
SW 48TH PL,3,982.7,0.186,57.5,50.0,50.0,226.0,3,0,31.0,31.0,31.0,2,UL,PDXTRANS
SW 48TH WAY,1,178.4,0.034,50.0,50.0,50.0,50.0,1,0,31.0,31.0,31.0,1,UL,PDXTRANS
SW 49TH AVE,26,7076.5,1.34,60.8,60.0,25.0,258.7,20,16,35.3,16.0,60.0,14,UL,PDXTRANS
SW 49TH CT,2,544.4,0.103,44.5,40.0,40.1,50.0,2,0,28.7,26.0,32.0,2,UL,PDXTRANS
SW 49TH DR,3,966.2,0.183,65.9,50.0,50.0,171.1,3,0,18.0,18.0,18.0,1,UL,PRIVATE
SW 4TH AVE,55,16524.3,3.13,65.8,81.0,20.0,260.4,52,34,34.1,9.0,58.0,42,UMiA,PDXTRANS
SW 50TH AVE,26,7890.2,1.494,53.5,50.0,26.5,100.1,25,10,28.8,20.0,32.0,20,UL,PDXTRANS
SW 51ST AVE,14,4647.1,0.88,55.8,60.0,50.0,60.0,14,12,25.0,14.0,29.9,12,UL,PRIVATE
SW 51ST PL,2,575.8,0.109,44.3,50.0,40.7,50.0,2,1,29.2,28.0,31.0,2,UL,PDXTRANS
SW 52ND AVE,23,9667.5,1.831,49.1,50.0,25.0,60.0,23,20,27.5,18.0,44.0,21,UL,PDXTRANS
SW 53RD AVE,30,9231.4,1.748,57.3,60.0,40.0,176.7,30,25,22.9,14.0,32.0,21,UL,PDXTRANS
SW 53RD CT,1,137.7,0.026,40.0,40.0,40.0,40.0,1,1,28.0,28.0,28.0,1,UL,PDXTRANS
SW 53RD PL,1,160.0,0.03,50.1,50.0,50.1,50.1,1,0,,,,0,,
SW 54TH AVE,21,8062.5,1.527,47.1,50.0,20.0,60.2,20,15,23.7,12.0,32.0,15,UL,PDXTRANS
SW 54TH PL,5,1119.8,0.212,53.8,50.0,50.0,63.7,5,2,30.3,30.0,31.0,4,UL,PDXTRANS
SW 55TH AVE,21,7199.3,1.364,50.8,40.0,30.0,171.0,21,16,23.1,12.0,32.0,15,UL,PDXTRANS
SW 55TH DR,7,2319.1,0.439,48.4,50.0,40.0,50.1,7,3,25.9,20.0,32.0,5,UL,PDXTRANS
SW 55TH PL,3,1585.6,0.3,50.0,50.0,50.0,50.1,2,1,20.0,20.0,20.0,1,UL,PDXTRANS
SW 56TH AVE,10,4351.7,0.824,45.6,50.0,20.3,60.1,10,7,22.5,15.0,32.0,8,UL,PDXTRANS
SW 56TH CT,2,225.2,0.043,41.8,40.0,40.0,45.0,2,0,27.4,26.0,30.0,2,UL,PDXTRANS
SW 56TH PL,1,197.1,0.037,41.2,40.0,41.2,41.2,1,0,28.0,28.0,28.0,1,UL,PDXTRANS
SW 57TH AVE,13,6575.6,1.245,46.9,50.0,20.0,51.3,13,9,25.0,12.0,32.0,10,UL,PDXTRANS
SW 57TH PL,5,1503.4,0.285,43.9,45.0,38.1,45.2,4,2,19.9,15.0,24.0,3,UL,PRIVATE
SW 58TH AVE,11,5133.6,0.972,43.3,50.0,30.0,51.6,10,5,21.3,12.0,32.0,6,UL,PRIVATE
SW 58TH CT,1,297.9,0.056,40.1,40.0,40.1,40.1,1,0,26.0,26.0,26.0,1,UL,PDXTRANS
SW 59TH AVE,9,4798.9,0.909,44.9,50.0,25.0,60.0,9,7,25.1,12.0,32.0,6,UL,PDXTRANS
SW 59TH CIR,1,97.9,0.019,43.8,68.0,43.8,43.8,1,0,28.0,28.0,28.0,1,UL,PDXTRANS
SW 59TH CT,1,493.9,0.094,40.1,40.0,40.1,40.1,1,0,28.0,28.0,28.0,1,UL,PDXTRANS
SW 59TH DR,2,566.1,0.107,50.2,50.0,50.2,50.2,2,2,32.0,32.0,32.0,2,UL,PDXTRANS
SW 59TH PL,1,361.2,0.068,50.0,50.0,50.0,50.0,1,1,28.0,28.0,28.0,1,UL,PRIVATE
SW 5TH AVE,42,11340.6,2.148,78.6,80.0,40.0,205.5,36,27,33.6,16.0,54.0,34,UL,PDXTRANS
SW 5TH AVE-I405 FWY RAMP,6,1621.4,0.307,271.6,82.0,109.4,467.3,3,0,,,,0,,
SW 60TH AVE,20,7243.2,1.372,42.7,50.0,25.0,59.9,19,12,20.7,12.0,38.0,15,UL,PDXTRANS
SW 60TH CT,1,199.8,0.038,40.0,40.0,40.0,40.0,1,0,28.0,28.0,28.0,1,UL,PDXTRANS
SW 60TH PL,3,1149.8,0.218,50.0,50.0,50.0,50.0,2,1,20.0,20.0,20.0,2,UL,PDXTRANS
SW 61ST AVE,14,4853.7,0.919,49.7,50.0,30.0,60.0,10,9,23.4,18.0,28.0,8,UL,PDXTRANS
SW 61ST CT,2,322.8,0.061,50.7,50.0,50.0,51.8,2,0,32.4,32.0,33.0,2,UL,PDXTRANS
SW 61ST DR,10,2182.0,0.413,63.6,60.0,50.0,256.0,10,8,20.7,20.0,22.0,3,UC,PDXTRANS
SW 61ST PL,1,339.3,0.064,40.0,40.0,40.0,40.0,1,0,28.0,28.0,28.0,1,UL,PDXTRANS
SW 62ND AVE,20,7210.0,1.366,53.6,60.0,49.9,60.1,17,12,27.1,22.0,32.0,13,UL,PDXTRANS
SW 62ND DR,4,4629.9,0.877,53.5,60.0,50.0,60.1,4,1,24.6,22.0,26.0,4,UC,PDXTRANS
SW 62ND PL,5,2688.4,0.509,44.3,50.0,20.4,60.0,5,1,28.5,18.6,32.0,5,UL,PDXTRANS
SW 63RD AVE,13,4548.7,0.861,49.9,50.0,30.0,60.0,13,6,23.5,15.0,28.0,10,UL,PDXTRANS
SW 63RD DR,1,1068.3,0.202,50.0,50.0,50.0,50.0,1,0,32.0,32.0,32.0,1,UL,PDXTRANS
SW 63RD PL,1,275.9,0.052,50.0,50.0,50.0,50.0,1,0,32.0,32.0,32.0,1,UL,PDXTRANS
SW 63RD WAY,1,254.2,0.048,,,,,0,0,,,,0,,
SW 64TH AVE,13,5072.3,0.961,51.2,50.0,32.5,60.0,11,9,24.7,12.0,34.0,11,UL,PDXTRANS
SW 64TH AVE-I5 FWY RAMP,2,876.7,0.166,330.8,331.0,330.8,330.8,1,0,,,,0,,
SW 64TH CT,1,172.0,0.033,39.9,40.0,39.9,39.9,1,1,28.0,28.0,28.0,1,UL,PDXTRANS
SW 64TH DR,3,1534.6,0.291,50.0,50.0,49.9,50.0,3,1,32.0,32.0,32.0,2,UL,PDXTRANS
SW 64TH PL,1,613.7,0.116,39.9,40.0,39.9,39.9,1,0,20.0,20.0,20.0,1,UL,PDXTRANS
SW 65TH AVE,15,5333.9,1.01,72.0,50.0,36.0,141.0,5,4,19.3,10.0,32.0,9,UL,PRIVATE
SW 66TH AVE,3,1045.5,0.198,53.2,50.0,50.1,70.4,2,1,32.0,32.0,32.0,1,UL,PDXTRANS
SW 67TH AVE,1,29.7,0.006,,,,,0,0,,,,0,,
SW 67TH PL,3,339.7,0.064,,,,,0,0,,,,0,,
SW 68TH CT,1,18.4,0.003,,,,,0,0,,,,0,,
SW 69TH AVE,2,488.1,0.092,61.7,40.0,40.0,93.1,2,1,22.0,22.0,22.0,1,UL,PRIVATE
SW 6TH AVE,39,9819.3,1.86,75.9,80.0,40.0,166.7,36,25,38.5,24.0,64.0,33,UC,PDXTRANS
SW 6TH AVE-I405 FWY RAMP,4,1076.7,0.204,317.2,400.0,287.9,408.3,3,0,,,,0,,
SW 6TH AVENUE DR,3,1572.9,0.298,60.1,60.0,60.0,60.2,3,0,32.0,32.0,32.0,1,UL,PDXTRANS
SW 6TH CT,1,582.8,0.11,40.0,40.0,40.0,40.0,1,1,20.0,20.0,20.0,1,UL,PDXTRANS
SW 6TH PL,1,78.2,0.015,43.8,41.0,43.8,43.8,1,0,28.0,28.0,28.0,1,UL,PDXTRANS
SW 71ST AVE,2,264.0,0.05,77.4,41.0,40.8,185.5,2,1,26.0,26.0,26.0,1,UL,PRIVATE
SW 74TH AVE,2,434.5,0.082,85.2,135.0,41.1,149.2,2,1,,,,0,,
SW 7TH AVE,10,3732.4,0.707,51.1,60.0,10.0,60.1,10,7,20.9,17.8,26.0,8,UL,PDXTRANS
SW 8TH AVE,12,5358.2,1.015,49.4,50.0,40.0,60.0,12,11,23.6,16.0,36.0,11,UL,PDXTRANS
SW 8TH DR,2,2441.3,0.462,46.5,50.0,40.0,50.0,2,0,28.0,28.0,28.0,1,UL,PDXTRANS
SW 8TH PL,2,210.2,0.04,,,,,0,0,,,,0,,
SW 9TH AVE,14,4320.2,0.818,51.2,50.0,30.4,60.0,14,10,26.1,16.0,36.0,14,UC,PDXTRANS
SW 9TH DR,3,1073.9,0.203,50.0,50.0,50.0,50.0,3,3,18.4,16.3,22.0,3,UL,PRIVATE
SW 9TH PL,1,408.1,0.077,30.0,30.0,30.0,30.0,1,1,23.0,23.0,23.0,1,UL,PRIVATE
SW ABERNETHY ST,1,275.8,0.052,60.4,60.0,60.4,60.4,1,0,28.0,28.0,28.0,1,UL,PRIVATE
SW ABIGAIL CT,1,304.2,0.058,,,,,0,0,,,,0,,
SW ADMIRAL CT,2,374.4,0.071,50.0,50.0,50.0,50.1,2,2,,,,0,,
SW ADMIRAL ST,3,1519.1,0.288,50.1,50.0,50.0,50.4,3,2,22.3,20.0,28.0,2,UL,PRIVATE
SW ADRIAN CT,2,460.3,0.087,39.9,40.0,39.9,39.9,2,1,28.0,28.0,28.0,1,UL,PDXTRANS
SW AGATE LN,3,604.3,0.114,18.2,20.0,14.4,20.0,3,1,14.0,14.0,14.0,1,UL,PDXTRANS
SW ALDEN ST,1,148.9,0.028,50.0,50.0,50.0,50.0,1,1,32.0,32.0,32.0,1,UL,PDXTRANS
SW ALDER ST,21,4664.9,0.884,66.7,60.0,60.0,186.9,17,14,37.1,30.0,44.0,18,UMiA,PDXTRANS
SW ALDER ST-MORRISON BRG RAMP,4,734.3,0.139,92.1,105.0,91.5,92.7,2,0,,,,0,,
SW ALFRED CT,1,480.0,0.091,39.8,40.0,39.8,39.8,1,0,12.0,12.0,12.0,1,UL,PRIVATE
SW ALFRED ST,12,5033.7,0.953,49.1,50.0,41.6,50.0,12,8,26.6,15.0,32.0,12,UL,PDXTRANS
SW ALICE ST,14,3796.1,0.719,44.9,50.0,30.0,52.6,14,10,19.9,12.0,24.0,8,UC,PDXTRANS
SW ALTA MIRA CIR,1,226.6,0.043,40.0,40.0,40.0,40.0,1,0,28.0,28.0,28.0,1,UL,PDXTRANS
SW ALTA VISTA PL,2,268.1,0.051,20.9,14.0,13.6,45.0,2,1,12.0,12.0,12.0,1,UL,PDXTRANS
SW ALTADENA AVE,4,1902.4,0.36,50.1,50.0,50.0,50.4,4,2,27.3,20.0,30.0,4,UL,PDXTRANS
SW ALTADENA TER,1,298.4,0.057,32.5,32.0,32.5,32.5,1,0,16.5,16.5,16.5,1,UL,PRIVATE
SW ALTADINA CT,1,109.1,0.021,,,,,0,0,,,,0,,
SW ANKENY ST,5,1236.4,0.234,30.0,30.0,30.0,30.0,5,0,17.4,15.0,18.0,5,UC,PDXTRANS
SW ARBORETUM CIR,3,2586.9,0.49,,,,,0,0,,,,0,,
SW ARDEN RD,2,1530.3,0.29,40.1,40.0,40.0,40.1,2,2,28.0,28.0,28.0,1,UL,PDXTRANS
SW ARDMORE AVE,1,528.6,0.1,45.7,46.0,45.7,45.7,1,1,24.0,24.0,24.0,1,UL,PDXTRANS
SW ARNOLD HEIGHTS TER,1,419.7,0.079,,,,,0,0,,,,0,,
SW ARNOLD ST,18,9261.0,1.754,59.9,60.0,59.3,60.2,17,12,24.0,20.0,32.0,9,UC,PDXTRANS
SW ARROWOOD DR,1,211.2,0.04,50.0,50.0,50.0,50.0,1,1,16.0,16.0,16.0,1,UL,PRIVATE
SW ARTHUR ST,6,1315.0,0.249,87.8,88.0,78.7,93.5,6,2,62.6,62.0,63.0,2,UMiA,PDXTRANS
SW ARTHUR WAY,1,851.4,0.161,20.1,20.0,20.1,20.1,1,0,16.3,16.3,16.3,1,UL,PRIVATE
SW ASH CREEK DR,2,644.0,0.122,50.1,50.0,50.0,50.2,2,1,32.0,32.0,32.0,2,UL,PDXTRANS
SW ASH CREEK LN,1,971.3,0.184,,,,,0,0,,,,0,,
SW ASH ST,4,1092.1,0.207,59.9,60.0,59.7,60.0,4,2,36.0,36.0,36.0,4,UC,PDXTRANS
SW AUDREY LN,1,476.7,0.09,16.0,16.0,16.0,16.0,1,0,16.0,16.0,16.0,1,UL,PDXTRANS
SW BAIRD ST,8,2161.8,0.409,55.2,60.0,41.4,60.0,8,6,18.9,12.0,26.0,6,UL,PRIVATE
SW BALMER CIR,3,1426.2,0.27,40.0,40.0,40.0,40.0,3,3,28.0,28.0,28.0,3,UL,PDXTRANS
SW BANCROFT CT,2,589.2,0.112,54.6,50.0,50.0,60.0,2,1,26.2,24.0,28.0,2,UL,PDXTRANS
SW BANCROFT ST,14,3630.1,0.688,60.9,50.0,40.0,80.0,13,12,38.3,26.0,50.0,11,UL,PDXTRANS
SW BANCROFT TER,1,328.4,0.062,34.6,35.0,34.6,34.6,1,0,,,,0,,
SW BARBUR BLVD,90,31759.4,6.015,130.1,100.0,99.5,373.7,75,9,68.9,55.0,85.0,37,UPAO,ODOT
SW BARBUR BLVD FRONTAGE RD,4,1154.2,0.219,132.5,122.0,121.9,148.8,4,2,16.6,12.0,20.0,4,UL,PDXTRANS
SW BARBUR BLVD-I5 FWY RAMP,4,1326.0,0.251,196.0,222.0,196.0,196.0,1,0,,,,0,,
SW BARBUR BLVD-SPRING GARDEN ST RAMP,1,134.8,0.026,145.1,125.0,145.1,145.1,1,0,,,,0,,
SW BARBUR CT,2,1065.8,0.202,193.8,140.0,147.6,243.0,2,0,22.0,22.0,22.0,2,UPAO,ODOT
SW BARNES RD,11,6001.8,1.137,51.4,60.0,24.0,166.5,8,4,19.8,16.0,21.4,4,UC,PDXTRANS
SW BARROW LN,1,23.6,0.004,89.2,80.0,89.2,89.2,1,0,,,,0,,
SW BEAVERTON AVE,6,1344.3,0.255,40.3,40.0,40.0,42.9,6,4,24.0,24.0,24.0,5,UL,PDXTRANS
SW BEAVERTON CT,1,211.8,0.04,15.0,15.0,15.0,15.0,1,1,16.9,16.9,16.9,1,UL,PRIVATE
SW BEAVERTON HILLSDALE HWY,32,13732.2,2.601,111.8,94.0,18.3,283.8,31,5,70.3,20.0,82.0,15,UPAO,PDXTRANS
SW BENNINGTON DR,3,1721.0,0.326,30.1,30.0,30.0,30.1,3,1,28.0,28.0,28.0,1,UL,PRIVATE
SW BENTLY CT,1,182.0,0.034,50.0,50.0,50.0,50.0,1,0,32.0,32.0,32.0,1,UL,PDXTRANS
SW BERNARD DR,3,844.0,0.16,40.3,40.0,40.1,40.4,2,1,23.9,23.9,23.9,1,UL,PRIVATE
SW BERTHA AVE,3,1108.5,0.21,66.7,60.0,60.0,86.4,3,1,23.4,18.0,28.0,2,UL,PDXTRANS
SW BERTHA BLVD,15,7801.9,1.478,86.4,60.0,58.1,199.0,14,1,41.8,20.0,70.0,10,UMiA,PDXTRANS
SW BERTHA BLVD-I5 FWY RAMP,5,2147.6,0.407,285.2,281.0,285.2,285.2,1,0,,,,0,,
SW BERTHA CT,1,626.8,0.119,60.1,41.0,60.1,60.1,1,0,26.6,26.6,26.6,1,UC,PDXTRANS
SW BLACKSTONE LN,1,141.4,0.027,20.0,20.0,20.0,20.0,1,1,10.0,10.0,10.0,1,UL,PRIVATE
SW BOONES FERRY LN,1,348.1,0.066,43.9,44.0,43.9,43.9,1,1,,,,0,,
SW BOONES FERRY RD,33,13956.9,2.643,64.5,60.0,59.9,127.9,33,10,28.2,22.0,44.0,14,UMiA,PDXTRANS
SW BOUNDARY ST,16,7577.1,1.435,48.5,50.0,42.5,58.7,15,9,22.6,15.0,30.0,11,UL,PDXTRANS
SW BRAE MAR CT,1,416.5,0.079,24.5,25.0,24.5,24.5,1,0,16.0,16.0,16.0,1,UL,PDXTRANS
SW BRAY LN,2,1855.1,0.351,,,,,0,0,,,,0,,
SW BRENTWOOD DR,1,922.6,0.175,35.1,35.0,35.1,35.1,1,0,24.0,24.0,24.0,1,UL,PDXTRANS
SW BRIDLEMILE CT,1,209.3,0.04,49.8,50.0,49.8,49.8,1,1,24.0,24.0,24.0,1,UL,PDXTRANS
SW BRIDLEMILE LN,4,2431.4,0.46,50.0,50.0,49.9,50.1,4,0,20.9,20.0,22.0,4,UL,PDXTRANS
SW BRIER PL,9,2346.4,0.444,80.1,60.0,50.0,165.7,5,2,22.7,16.0,37.1,4,UL,PDXTRANS
SW BROADLEAF DR,2,1335.1,0.253,50.0,50.0,50.0,50.0,2,2,31.7,30.0,32.0,2,UL,PDXTRANS
SW BROADWAY,32,7048.7,1.335,85.3,80.0,79.0,242.0,22,19,49.7,36.0,66.0,25,UMiA,PDXTRANS
SW BROADWAY DR,19,7305.7,1.384,52.0,60.0,40.0,130.3,16,6,22.8,21.0,34.0,10,UC,PDXTRANS
SW BROADWAY-I405 FWY RAMP,7,1214.8,0.23,228.6,429.0,83.5,425.6,2,0,,,,0,,
SW BRUGGER ST,10,4588.4,0.869,52.6,60.0,50.0,60.0,10,9,21.4,18.0,32.0,5,UL,PRIVATE
SW BUCKINGHAM AVE,4,1254.8,0.238,32.7,30.0,30.0,53.6,4,2,20.8,18.0,24.0,3,UL,PDXTRANS
SW BUDDINGTON ST,2,772.9,0.146,60.0,60.0,60.0,60.0,2,2,30.7,28.0,32.0,2,UL,PDXTRANS
SW BUENAVISTA DR,3,1132.0,0.214,28.8,25.0,25.0,37.2,3,1,20.0,20.0,20.0,2,UL,PDXTRANS
SW BUENAVISTA PL,1,170.2,0.032,20.0,20.0,20.0,20.0,1,1,12.0,12.0,12.0,1,UL,PDXTRANS
SW BURLINGAME AVE,13,5073.6,0.961,46.1,50.0,40.0,60.1,13,8,20.6,16.0,28.0,8,UL,PDXTRANS
SW BURLINGAME PL,3,1557.0,0.295,50.0,50.0,50.0,50.0,3,3,16.0,16.0,16.0,1,UL,PDXTRANS
SW BURLINGAME TER,2,1184.6,0.224,50.0,50.0,50.0,50.0,2,1,16.0,16.0,16.0,1,UL,PDXTRANS
SW BURTON DR,1,1939.1,0.367,40.1,40.0,40.1,40.1,1,1,14.0,14.0,14.0,1,UL,PRIVATE
SW CABLE AVE,1,430.7,0.082,20.0,20.0,20.0,20.0,1,0,12.0,12.0,12.0,1,UL,PDXTRANS
SW CACTUS DR,1,618.8,0.117,25.0,25.0,25.0,25.0,1,0,24.0,24.0,24.0,1,UL,PDXTRANS
SW CALDEW DR,3,909.3,0.172,40.4,40.0,40.0,44.5,3,1,16.0,12.0,18.0,2,UL,PDXTRANS
SW CALDEW ST,7,2473.4,0.468,48.6,50.0,44.4,50.4,7,5,30.0,28.0,32.0,7,UL,PDXTRANS
SW CALIFORNIA ST,14,4638.1,0.878,46.2,50.0,39.5,60.0,14,12,22.9,10.0,32.0,8,UL,PDXTRANS
SW CAMELOT LN,1,157.9,0.03,50.2,50.0,50.2,50.2,1,0,32.0,32.0,32.0,1,UL,PDXTRANS
SW CAMERON RD,10,3143.5,0.595,58.5,50.0,49.9,192.7,10,5,21.5,20.0,22.0,8,UC,PDXTRANS
SW CAMPBELL CT,1,173.3,0.033,,,,,0,0,,,,0,,
SW CAMPUS DR,8,2592.9,0.491,107.1,152.0,102.7,111.9,2,0,,,,0,,
SW CANBY CT,3,919.6,0.174,48.2,50.0,43.6,50.0,3,1,30.0,30.0,30.0,2,UL,PDXTRANS
SW CANBY LN,1,372.1,0.07,50.0,50.0,50.0,50.0,1,0,32.0,32.0,32.0,1,UL,PDXTRANS
SW CANBY ST,27,7073.9,1.34,49.9,55.0,30.5,126.6,26,16,24.8,20.0,30.0,11,UL,PDXTRANS
SW CANNING ST,2,233.0,0.044,29.1,29.0,29.1,29.1,2,1,18.0,18.0,18.0,1,UL,PDXTRANS
SW CANTERBURY LN,3,1271.1,0.241,30.8,178.0,16.0,155.5,3,0,,,,0,,
SW CANYON CT,9,6241.2,1.182,159.1,276.0,50.0,273.0,2,0,30.4,28.0,32.0,5,UL,PDXTRANS
SW CANYON RD,8,1977.0,0.374,84.1,80.0,80.0,190.1,8,4,42.0,42.0,42.0,2,UMiA,PDXTRANS
SW CANYON RD-SKYLINE BLVD RAMP,1,853.7,0.162,54.0,51.0,54.0,54.0,1,0,,,,0,,
SW CANYON RD-SUNSET HWY RAMP,2,2850.0,0.54,270.9,190.0,207.9,333.4,2,0,,,,0,,
SW CAPITOL HILL RD,14,4442.7,0.841,56.3,50.0,50.0,67.6,14,7,27.2,23.0,34.0,7,UC,PDXTRANS
SW CAPITOL HWY,78,24809.2,4.699,77.7,60.0,53.2,167.8,73,23,36.4,20.0,69.0,44,UC,PDXTRANS
SW CAPITOL HWY-BARBUR BLVD RAMP,2,1263.6,0.239,174.5,195.0,95.0,216.8,2,0,24.0,24.0,24.0,1,UPAO,PDXTRANS
SW CAPITOL HWY-I5 FWY RAMP,1,1005.2,0.19,193.3,206.0,193.3,193.3,1,0,,,,0,,
SW CARAWAY CT,4,1409.2,0.267,37.0,40.0,13.0,51.1,4,3,29.1,28.0,32.0,2,UL,PDXTRANS
SW CARDINELL DR,7,3171.0,0.601,32.6,30.0,30.0,40.0,6,3,21.1,20.0,22.0,3,UL,PDXTRANS
SW CARDINELL WAY,3,1488.7,0.282,,,,,0,0,,,,0,,
SW CARL PL,3,752.5,0.143,47.3,40.0,40.1,83.2,3,1,20.0,20.0,20.0,1,UL,PDXTRANS
SW CAROLINA ST,5,1953.4,0.37,57.3,60.0,43.0,60.0,5,4,32.5,28.0,34.0,5,UL,PDXTRANS
SW CARSON ST,18,6134.9,1.162,62.7,60.0,40.0,247.0,17,15,27.7,16.0,36.0,14,UL,PDXTRANS
SW CARTER AVE,4,1295.5,0.245,40.0,40.0,40.0,40.1,2,1,,,,0,,
SW CARTER LN,3,909.9,0.172,34.4,25.0,25.0,50.0,3,2,23.5,21.0,26.0,2,UL,PDXTRANS
SW CARUTHERS ST,4,1126.3,0.213,60.0,60.0,60.0,60.0,2,2,36.0,36.0,36.0,4,UC,PDXTRANS
SW CASCADE DR,6,2651.6,0.502,34.7,30.0,30.0,58.2,6,3,19.1,14.0,30.0,3,UL,PDXTRANS
SW CASCADE TER,1,806.3,0.153,30.2,30.0,30.2,30.2,1,0,,,,0,,
SW CEDAR ST,1,730.6,0.138,25.0,24.0,25.0,25.0,1,0,,,,0,,
SW CHAMPLAIN DR,5,3278.9,0.621,36.2,30.0,30.0,98.9,5,3,24.0,24.0,24.0,2,UL,PDXTRANS
SW CHEHALEM AVE,4,965.2,0.183,40.0,40.0,40.0,40.0,4,2,24.0,24.0,24.0,3,UL,PDXTRANS
SW CHELMSFORD AVE,3,1042.1,0.197,39.3,30.0,30.0,93.5,3,1,22.0,22.0,22.0,2,UL,PDXTRANS
SW CHELTENHAM CT,1,358.3,0.068,52.1,52.0,52.1,52.1,1,0,20.0,20.0,20.0,1,UL,PDXTRANS
SW CHELTENHAM DR,1,494.6,0.094,40.1,40.0,40.1,40.1,1,0,29.0,29.0,29.0,1,UL,PDXTRANS
SW CHELTENHAM ST,5,3613.2,0.684,44.8,60.0,40.2,62.0,5,1,,,,0,,
SW CHESAPEAK AVE,7,2254.8,0.427,49.0,40.0,40.0,229.7,7,3,13.1,10.0,14.4,3,UL,PDXTRANS
SW CHESTNUT DR,7,1742.2,0.33,60.2,60.0,59.9,61.2,7,4,36.0,36.0,36.0,7,UC,PDXTRANS
SW CHESTNUT ST,6,1579.2,0.299,85.1,60.0,60.0,361.6,6,1,32.3,28.0,40.0,6,UC,PDXTRANS
SW CLARA LN,2,1578.8,0.299,25.0,25.0,25.0,25.0,1,1,9.0,9.0,9.0,1,UL,PRIVATE
SW CLAY CT,2,178.0,0.034,,,,,0,0,,,,0,,
SW CLAY ST,15,4501.0,0.852,60.1,60.0,57.0,64.0,15,15,38.3,36.0,44.0,15,UMiA,PDXTRANS
SW CLIFTON ST,10,2179.6,0.413,90.9,60.0,60.0,264.0,9,7,27.8,26.0,36.0,8,UL,PDXTRANS
SW CLINE ST,1,193.0,0.037,,,,,0,0,,,,0,,
SW COLLEGE ST,12,3066.6,0.581,60.2,60.0,60.0,61.3,11,8,22.9,12.0,36.0,8,UL,PDXTRANS
SW COLLINS CT,4,1452.2,0.275,49.7,50.0,48.3,50.1,4,1,30.9,27.7,32.0,3,UL,PDXTRANS
SW COLONY DR,4,1378.5,0.261,,,,,0,0,,,,0,,
SW COLUMBIA ST,25,5039.8,0.955,65.7,60.0,60.0,239.1,17,15,37.2,36.0,44.0,16,UMiA,PDXTRANS
SW COMMONWEALTH AVE,2,652.4,0.124,30.0,30.0,30.0,30.0,1,0,20.0,20.0,20.0,1,UL,PDXTRANS
SW COMUS CT,1,359.5,0.068,40.1,40.0,40.1,40.1,1,0,28.0,28.0,28.0,1,UL,PDXTRANS
SW COMUS PL,1,708.5,0.134,183.4,183.0,183.4,183.4,1,0,,,,0,,
SW COMUS ST,16,4313.5,0.817,53.3,60.0,39.9,61.0,16,12,26.3,12.0,42.0,10,UL,PDXTRANS
SW CONDOR AVE,9,3555.5,0.673,52.5,60.0,40.0,63.6,9,7,30.5,24.0,36.0,8,UL,PDXTRANS
SW CONDOR LN,2,748.5,0.142,,,,,0,0,18.0,18.0,18.0,1,UL,PDXPARKS
SW CONDOR WAY,1,412.0,0.078,42.5,43.0,42.5,42.5,1,0,24.0,24.0,24.0,1,UL,PRIVATE
SW CORONA AVE,1,460.8,0.087,20.0,20.0,20.0,20.0,1,1,18.0,18.0,18.0,1,UL,PDXTRANS
SW CORONADO ST,14,6264.8,1.187,62.0,60.0,50.0,194.7,13,12,26.1,16.0,32.0,11,UL,PDXTRANS
SW COUNCIL CREST DR,24,6935.2,1.313,60.9,60.0,24.6,107.2,21,12,30.5,20.0,36.0,12,UC,PDXTRANS
SW CREIGHTONWOOD PL,1,881.9,0.167,40.1,40.0,40.1,40.1,1,0,28.0,28.0,28.0,1,UL,PDXTRANS
SW CRESTLINE DR,2,598.9,0.113,37.5,30.0,30.0,40.0,2,1,25.0,24.0,28.0,2,UL,PDXTRANS
SW CROSS AVE,1,284.7,0.054,30.0,30.0,30.0,30.0,1,0,18.0,18.0,18.0,1,UL,PDXTRANS
SW CULLEN BLVD,7,3247.3,0.615,52.6,50.0,50.0,60.2,7,1,21.8,18.0,32.0,5,UL,PDXTRANS
SW CURRY ST,4,850.5,0.161,60.0,60.0,60.0,60.0,4,4,23.7,12.0,36.0,3,UL,PDXTRANS
SW CUSTER DR,1,1283.8,0.243,50.0,50.0,50.0,50.0,1,0,36.0,36.0,36.0,1,UL,PDXTRANS
SW CUSTER ST,19,6606.5,1.251,91.7,50.0,49.5,249.9,19,13,23.1,20.0,28.0,13,UL,PDXTRANS
SW DAKOTA ST,11,2401.1,0.455,49.4,50.0,25.0,60.0,11,8,28.0,28.0,28.0,6,UL,PDXTRANS
SW DAVENPORT CT,1,209.3,0.04,49.8,50.0,49.8,49.8,1,1,18.0,18.0,18.0,1,UL,PDXTRANS
SW DAVENPORT LN,1,289.2,0.055,24.0,24.0,24.0,24.0,1,0,12.0,12.0,12.0,1,UL,PDXTRANS
SW DAVENPORT ST,8,3230.8,0.612,40.9,40.0,30.0,145.6,8,4,24.9,18.0,26.3,4,UL,PDXTRANS
SW DEVON LN,1,122.6,0.023,,,,,0,0,,,,0,,
SW DEWITT ST,4,1613.2,0.306,56.8,60.0,50.0,60.0,4,3,24.1,15.0,30.0,3,UL,PRIVATE
SW DICKINSON CT,2,1065.9,0.202,50.0,50.0,50.0,50.0,2,1,32.0,32.0,32.0,2,UL,PDXTRANS
SW DICKINSON LN,2,1347.9,0.255,43.8,50.0,40.0,49.9,2,1,32.0,32.0,32.0,1,UL,PDXTRANS
SW DICKINSON ST,23,6126.6,1.16,43.8,40.0,16.5,60.6,22,16,26.0,18.0,35.7,13,UL,PRIVATE
SW DOLPH CT,23,6194.6,1.173,52.0,50.0,24.6,174.5,23,14,26.9,20.0,32.0,12,UL,PDXTRANS
SW DOLPH DR,8,2925.1,0.554,50.0,50.0,49.9,50.2,8,7,31.8,28.0,32.0,8,UL,PDXTRANS
SW DOLPH ST,7,2425.2,0.459,53.9,50.0,49.9,125.1,7,3,23.0,16.0,28.0,5,UL,PDXTRANS
SW DONNER WAY,2,362.6,0.069,45.4,40.0,39.9,47.5,2,1,20.0,20.0,20.0,1,UL,PDXTRANS
SW DONNER WAY CT,1,181.0,0.034,,,,,0,0,,,,0,,
SW DOSCH CT,2,1278.0,0.242,52.7,50.0,50.0,56.5,2,0,19.2,18.0,20.0,2,UL,PDXTRANS
SW DOSCH PARK LN,2,1750.2,0.331,,,,,0,0,,,,0,,
SW DOSCH RD,23,8517.4,1.613,56.5,50.0,49.1,124.1,23,11,24.9,22.0,60.0,19,UC,PDXTRANS
SW DOSCHDALE CT,1,167.5,0.032,52.8,50.0,52.8,52.8,1,0,30.0,30.0,30.0,1,UL,PDXTRANS
SW DOSCHDALE DR,3,654.4,0.124,80.1,80.0,80.0,80.2,3,2,30.0,30.0,30.0,2,UL,PDXTRANS
SW DOSCHVIEW CT,1,620.6,0.118,,,,,0,0,,,,0,,
SW DOUGLAS PL,1,374.5,0.071,45.7,46.0,45.7,45.7,1,1,26.0,26.0,26.0,1,UL,PDXTRANS
SW DOVER ST,2,672.9,0.127,40.1,40.0,40.1,40.1,1,0,26.0,26.0,26.0,1,UL,PDXTRANS
SW DOWNS VIEW CT,2,1125.0,0.213,50.1,50.0,50.1,50.1,2,2,28.0,28.0,28.0,1,UL,PDXTRANS
SW DOWNSVIEW TER,1,408.6,0.077,50.1,50.0,50.1,50.1,1,0,28.0,28.0,28.0,1,UL,PDXTRANS
SW EAGLES NEST LN,1,195.0,0.037,40.0,40.0,40.0,40.0,1,0,28.0,28.0,28.0,1,UL,PDXTRANS
SW EDGEMONT PL,1,240.1,0.045,40.0,40.0,40.0,40.0,1,1,18.0,18.0,18.0,1,UL,PDXTRANS
SW EDGEWOOD RD,4,1561.7,0.296,30.1,30.0,30.0,30.2,4,3,20.9,18.0,28.0,4,UL,PDXTRANS
SW ELEANOR LN,1,603.0,0.114,,,,,0,0,,,,0,,
SW ELIZABETH CT,1,168.9,0.032,50.0,50.0,50.0,50.0,1,1,28.0,28.0,28.0,1,UL,PDXTRANS
SW ELIZABETH ST,5,1678.6,0.318,48.0,60.0,30.9,60.0,5,3,27.2,24.0,30.0,3,UL,PDXTRANS
SW ELM LN,2,719.6,0.136,40.0,40.0,40.0,40.0,2,1,,,,0,,
SW ELM ST,6,1572.3,0.298,60.0,60.0,60.0,60.0,6,6,24.8,24.0,26.0,5,UL,PDXTRANS
SW ENGLISH CT,3,721.0,0.137,32.3,30.0,30.0,40.0,3,2,21.3,15.0,24.0,2,UL,PRIVATE
SW ENGLISH LN,2,451.7,0.086,40.3,40.0,40.2,40.6,2,1,24.0,24.0,24.0,1,UL,PDXTRANS
SW ERICWOOD LN,1,497.2,0.094,50.0,50.0,50.0,50.0,1,0,30.0,30.0,30.0,1,UL,PDXTRANS
SW EVANS ST,10,3097.3,0.587,48.5,50.0,40.0,60.0,10,7,23.9,14.0,30.0,9,UL,PDXTRANS
SW EVELYN ST,10,2856.6,0.541,48.5,50.0,25.1,50.1,9,8,26.6,18.0,32.0,10,UL,PDXTRANS
SW EVERGREEN LN,3,939.9,0.178,14.8,14.0,14.0,20.0,3,2,14.0,14.0,14.0,2,UL,PDXTRANS
SW EVERGREEN TER,3,648.6,0.123,31.2,30.0,30.0,36.8,3,3,20.4,20.4,20.4,1,UL,PDXTRANS
SW EXCALIBUR PL,1,512.5,0.097,50.0,50.0,50.0,50.0,1,0,32.0,32.0,32.0,1,UL,PDXTRANS
SW FAIRHAVEN DR,3,2458.6,0.466,50.0,50.0,50.0,50.1,3,0,22.7,20.0,24.0,3,UL,PDXTRANS
SW FAIRHAVEN LN,1,392.6,0.074,40.0,40.0,40.0,40.0,1,0,24.0,24.0,24.0,1,UL,PDXTRANS
SW FAIRMOUNT BLVD,27,17967.1,3.403,64.5,60.0,47.9,119.2,27,5,21.4,12.0,23.0,9,UC,PDXTRANS
SW FAIRMOUNT LN,1,554.7,0.105,50.4,40.0,50.4,50.4,1,0,20.0,20.0,20.0,1,UL,PDXTRANS
SW FAIRVALE CT,8,3476.2,0.658,55.5,50.0,50.0,60.0,6,2,19.2,16.0,28.0,5,UL,PRIVATE
SW FAIRVALE DR,1,631.2,0.12,50.0,50.0,50.0,50.0,1,1,18.0,18.0,18.0,1,UL,PRIVATE
SW FAIRVIEW BLVD,24,10043.4,1.902,55.6,50.0,50.0,103.2,24,15,24.6,21.0,30.0,10,UC,PDXTRANS
SW FAIRVIEW CIRCUS,1,658.4,0.125,50.0,50.0,50.0,50.0,1,0,14.0,14.0,14.0,1,UL,PRIVATE
SW FALCON ST,10,2473.3,0.468,59.7,60.0,40.0,97.6,10,7,27.7,22.0,30.0,4,UL,PDXTRANS
SW FALLING CREEK CT,1,94.2,0.018,,,,,0,0,,,,0,,
SW FERN ST,1,570.9,0.108,40.0,40.0,40.0,40.0,1,1,20.0,20.0,20.0,1,UL,PDXTRANS
SW FISCHER LN,4,4081.6,0.773,,,,,0,0,,,,0,,
SW FLORENCE LN,3,722.1,0.137,50.1,50.0,50.0,50.1,3,1,32.0,32.0,32.0,1,UL,PDXTRANS
SW FLORIDA CT,1,232.1,0.044,50.0,50.0,50.0,50.0,1,0,30.0,30.0,30.0,1,UL,PDXTRANS
SW FLORIDA ST,11,3844.8,0.728,43.2,50.0,20.0,50.0,10,7,23.5,20.0,32.0,7,UL,PDXTRANS
SW FLOWER PL,2,862.8,0.163,40.0,40.0,40.0,40.0,2,2,30.0,30.0,30.0,1,UL,PDXTRANS
SW FLOWER ST,5,2147.2,0.407,47.4,50.0,39.9,50.0,5,3,19.9,16.0,28.0,5,UL,PDXTRANS
SW FLOWER TER,1,1524.3,0.289,40.0,40.0,40.0,40.0,1,0,22.0,22.0,22.0,1,UL,PDXTRANS
SW FORD STREET DR,1,546.3,0.103,30.0,30.0,30.0,30.0,1,1,28.0,28.0,28.0,1,UL,PRIVATE
SW FREEMAN CT,1,656.8,0.124,50.0,50.0,50.0,50.0,1,1,32.0,32.0,32.0,1,UL,PDXTRANS
SW FREEMAN ST,12,3415.2,0.647,45.3,50.0,25.2,50.0,10,8,21.9,12.0,28.0,7,UL,PDXTRANS
SW GAINES ST,14,2680.1,0.508,63.1,60.0,60.0,191.6,14,13,30.0,24.0,36.0,4,UL,PDXTRANS
SW GALE AVE,4,1232.5,0.233,41.0,30.0,30.0,49.4,3,1,27.1,22.0,30.0,2,UL,PDXTRANS
SW GALEBURN ST,6,1089.2,0.206,50.0,50.0,49.8,50.3,6,5,30.4,26.0,32.0,3,UL,PDXTRANS
SW GARDEN HOME RD,40,10628.5,2.013,61.9,60.0,43.9,79.4,34,18,24.8,22.0,40.0,22,UC,PDXTRANS
SW GASTON AVE,1,435.2,0.082,40.0,40.0,40.0,40.0,1,1,18.0,18.0,18.0,1,UL,PDXTRANS
SW GEORGIAN PL,2,941.0,0.178,21.9,12.0,12.2,25.9,2,0,17.1,10.0,20.0,2,UL,PDXTRANS
SW GERALD AVE,2,628.4,0.119,30.0,30.0,30.0,30.0,2,1,14.9,14.0,16.0,2,UL,PDXTRANS
SW GIBBS ST,12,2124.4,0.402,67.8,60.0,60.0,320.5,12,11,32.2,24.0,40.0,8,UC,PDXTRANS
SW GILLCREST CT,1,644.6,0.122,60.0,60.0,60.0,60.0,1,0,30.0,30.0,30.0,1,UL,PDXTRANS
SW GOODALL RD,1,19.4,0.004,,,,,0,0,,,,0,,
SW GRANT ST,7,1126.7,0.213,79.2,60.0,60.0,154.6,4,1,36.0,36.0,36.0,1,UL,PDXTRANS
SW GREEN AVE,3,839.8,0.159,24.0,24.0,24.0,24.1,3,2,23.6,23.0,24.0,2,UL,PDXTRANS
SW GREENHILLS WAY,7,2721.3,0.515,30.0,30.0,29.5,30.2,7,5,14.0,14.0,14.0,1,UL,PRIVATE
SW GREENLEAF CT,3,800.2,0.152,54.2,145.0,50.1,115.8,3,2,14.8,10.0,16.0,2,UL,PRIVATE
SW GREENLEAF DR,19,4523.9,0.857,60.1,60.0,60.0,60.4,19,13,18.0,16.0,20.0,4,UL,PDXTRANS
SW GREENWAY AVE,7,3393.6,0.643,55.1,30.0,33.2,316.0,7,1,36.3,28.0,40.0,2,UC,PDXTRANS
SW GRENWOLDE PL,1,366.1,0.069,30.0,30.0,30.0,30.0,1,0,20.0,20.0,20.0,1,UL,PDXTRANS
SW GROVER ST,7,1786.9,0.338,48.1,60.0,39.4,60.0,4,3,24.7,20.0,36.0,4,UL,PDXTRANS
SW GUNTHER LN,2,999.0,0.189,50.0,50.0,50.0,50.0,2,2,16.0,16.0,16.0,2,UL,PRIVATE
SW HAINES ST,7,2312.9,0.438,45.4,44.0,30.9,61.3,6,3,16.7,10.0,23.0,5,UL,PRIVATE
SW HAINES ST-I5 FWY RAMP,4,826.2,0.156,,,,,0,0,,,,0,,
SW HALL ST,6,1685.8,0.319,60.0,60.0,60.0,60.0,5,3,36.0,36.0,36.0,4,UL,PDXTRANS
SW HAMILTON CT,10,2951.6,0.559,41.8,50.0,30.0,50.0,10,7,21.4,12.0,28.0,10,UL,PRIVATE
SW HAMILTON ST,44,12463.2,2.36,59.8,50.0,25.1,250.8,43,25,25.3,16.0,48.0,23,UC,PDXTRANS
SW HAMILTON TER,3,921.5,0.175,52.3,60.0,24.5,59.8,3,1,31.0,24.0,36.0,3,UC,PDXTRANS
SW HAMILTON WAY,1,1033.3,0.196,50.1,50.0,50.1,50.1,1,1,,,,0,,
SW HAMPSHIRE ST,2,1173.7,0.222,30.0,30.0,30.0,30.0,2,2,24.0,24.0,24.0,2,UL,PDXTRANS
SW HARRISON ST,10,2912.9,0.552,70.3,60.0,60.0,90.0,8,7,43.7,36.0,56.0,5,UC,PDXTRANS
SW HARVEY MILK ST,13,3462.0,0.656,64.0,60.0,58.8,111.4,13,9,36.0,36.0,36.0,13,MiC,PDXTRANS
SW HAWTHORNE BRG-1ST AVE RAMP,1,159.4,0.03,174.9,175.0,174.9,174.9,1,0,,,,0,,
SW HAWTHORNE BRG-MAIN ST RAMP,3,470.3,0.089,172.5,244.0,135.5,201.1,2,0,,,,0,,
SW HAWTHORNE TER,2,1251.5,0.237,30.0,30.0,30.0,30.0,2,1,22.0,22.0,22.0,2,UL,PDXTRANS
SW HEATHER LN,1,517.1,0.098,20.0,20.0,20.0,20.0,1,1,18.0,18.0,18.0,1,UL,PDXTRANS
SW HESSLER DR,5,1783.2,0.338,55.0,60.0,50.0,60.0,5,0,22.1,20.0,24.0,3,UL,PDXTRANS
SW HEWETT BLVD,15,7204.3,1.364,65.3,60.0,48.0,277.1,15,6,18.8,18.0,20.0,2,UC,PDXTRANS
SW HIGH ST,1,636.5,0.121,30.0,30.0,30.0,30.0,1,0,,,,0,,
SW HIGHLAND PKWY,5,2682.3,0.508,49.8,50.0,49.0,50.2,5,2,16.3,16.0,18.0,3,UL,PRIVATE
SW HIGHLAND RD,15,3596.4,0.681,50.3,50.0,49.2,55.8,14,12,18.0,18.0,18.0,3,UL,PDXTRANS
SW HILEN CT,1,147.0,0.028,50.6,51.0,50.6,50.6,1,0,28.0,28.0,28.0,1,UL,PDXTRANS
SW HILLCREST DR,3,1142.0,0.216,44.6,30.0,30.0,68.9,3,1,16.4,16.0,18.0,2,UL,PDXTRANS
SW HILLCREST PL,1,179.6,0.034,12.0,12.0,12.0,12.0,1,1,10.0,10.0,10.0,1,UL,PDXTRANS
SW HILLSBORO ST,3,779.2,0.148,40.0,40.0,40.0,40.0,3,3,24.0,24.0,24.0,1,UL,PDXTRANS
SW HILLSDALE AVE,3,1159.8,0.22,40.0,40.0,40.0,40.1,3,1,24.0,24.0,24.0,1,UL,PDXTRANS
SW HILLSDALE CT,2,610.8,0.116,66.0,65.0,64.8,68.3,2,0,32.0,32.0,32.0,1,UL,PDXTRANS
SW HILLSIDE DR,13,3394.0,0.643,38.0,30.0,30.0,105.1,13,8,21.1,10.0,28.0,7,UL,PRIVATE
SW HIMES ST,2,473.8,0.09,68.2,40.0,40.0,91.7,2,1,24.0,24.0,24.0,1,UL,PDXTRANS
SW HOFFMAN AVE,3,1108.5,0.21,37.0,75.0,30.0,74.7,3,1,20.0,20.0,20.0,1,UL,PDXTRANS
SW HOMAR AVE,2,271.0,0.051,50.0,50.0,50.0,50.0,2,1,24.0,24.0,24.0,1,UL,PDXTRANS
SW HOMESTEAD DR,1,596.0,0.113,55.2,62.0,55.2,55.2,1,0,24.0,24.0,24.0,1,UL,PDXTRANS
SW HOOKER ST,6,1190.4,0.225,67.2,60.0,60.0,265.1,6,4,36.0,36.0,36.0,3,UL,PDXTRANS
SW HOWARDS WAY,1,260.2,0.049,45.0,45.0,45.0,45.0,1,1,28.0,28.0,28.0,1,UL,PDXTRANS
SW HUBER CT,1,190.0,0.036,40.0,40.0,40.0,40.0,1,0,26.0,26.0,26.0,1,UL,PDXTRANS
SW HUBER ST,20,6865.4,1.3,55.9,50.0,49.3,280.0,20,11,26.1,20.0,36.0,15,UC,PDXTRANS
SW HUBER ST-I5 FWY RAMP,3,1214.8,0.23,322.3,126.0,138.4,354.9,3,0,,,,0,,
SW HUDDLESON ST,2,643.9,0.122,50.0,50.0,50.0,50.1,2,1,32.0,32.0,32.0,2,UL,PDXTRANS
SW HUME CT,9,3030.9,0.574,55.0,50.0,44.0,129.8,9,8,27.7,25.0,28.0,3,UL,PDXTRANS
SW HUME ST,23,7078.8,1.341,41.7,50.0,25.0,60.0,20,14,20.8,10.0,36.0,17,UL,PDXTRANS
SW HUMPHREY BLVD,14,7092.5,1.343,73.4,60.0,60.0,228.9,12,6,25.8,23.5,31.0,2,MiC,PDXTRANS
SW HUMPHREY PARK RD,1,32.7,0.006,,,,,0,0,,,,0,,
SW HUNT CLUB PL,1,321.8,0.061,39.9,40.0,39.9,39.9,1,0,26.0,26.0,26.0,1,UL,PDXTRANS
SW I405 FWY-12TH AVE RAMP,1,686.6,0.13,82.8,83.0,82.8,82.8,1,1,,,,0,,
SW I405 FWY-4TH AVE RAMP,1,1194.2,0.226,257.8,327.0,257.8,257.8,1,0,,,,0,,
SW I405 FWY-6TH AVE RAMP,3,806.0,0.153,126.3,254.0,126.3,126.3,1,0,,,,0,,
SW I405 FWY-BROADWAY RAMP,4,913.0,0.173,318.3,334.0,273.0,374.8,2,0,,,,0,,
SW I405 FWY-DAVIS ST RAMP,1,255.0,0.048,326.3,394.0,326.3,326.3,1,0,,,,0,,
SW I405 FWY-SALMON ST RAMP,9,1920.3,0.364,,,,,0,0,,,,0,,
SW I405 FWY-SUNSET HWY RAMP,16,4146.8,0.785,374.0,356.0,336.1,401.6,6,2,,,,0,,
SW I5 FWY-35TH DR RAMP,1,175.4,0.033,,,,,0,0,,,,0,,
SW I5 FWY-BARBUR BLVD RAMP,10,7654.3,1.45,203.6,322.0,99.9,312.6,4,0,,,,0,,
SW I5 FWY-HAINES ST RAMP,3,815.5,0.154,,,,,0,0,,,,0,,
SW I5 FWY-MULTNOMAH BLVD RAMP,1,1249.3,0.237,292.7,259.0,292.7,292.7,1,0,,,,0,,
SW I5 FWY-TAYLORS FERRY RD RAMP,7,2365.9,0.448,218.4,395.0,77.6,388.9,6,0,,,,0,,
SW I5 FWY-TERWILLIGER BLVD RAMP,4,2792.0,0.529,295.7,120.0,139.1,372.1,4,0,,,,0,,
SW IDAHO DR,7,1749.0,0.331,60.0,60.0,60.0,60.2,6,3,33.1,30.0,36.0,5,UL,PDXTRANS
SW IDAHO ST,11,4511.7,0.854,53.8,50.0,50.0,119.9,11,5,22.2,14.0,28.0,7,UL,PDXTRANS
SW IDAHO TER,2,1574.3,0.298,50.0,50.0,50.0,50.1,2,0,29.7,28.0,30.0,2,UL,PDXTRANS
SW ILLINOIS ST,9,5567.6,1.054,50.0,50.0,40.0,60.0,8,4,24.9,20.0,30.0,8,UL,PDXTRANS
SW INVERNESS CT,1,400.9,0.076,40.1,40.0,40.1,40.1,1,0,28.0,28.0,28.0,1,UL,PDXTRANS
SW IOWA ST,15,7080.8,1.341,58.7,50.0,39.3,164.6,12,7,30.1,28.0,32.0,10,UL,PDXTRANS
SW ISABELLA ST,1,141.6,0.027,30.0,30.0,30.0,30.0,1,1,18.0,18.0,18.0,1,UL,PDXTRANS
SW JACKSON ST,6,1587.2,0.301,56.3,60.0,50.0,60.0,6,5,30.8,26.0,36.0,5,UL,PDXTRANS
SW JAN TREE CT,1,627.3,0.119,40.0,40.0,40.0,40.0,1,0,28.0,28.0,28.0,1,UL,PDXTRANS
SW JEFFERSON RD,2,862.6,0.163,46.0,46.0,46.0,46.0,1,0,,,,0,,
SW JEFFERSON ST,34,6737.9,1.276,75.5,60.0,40.0,279.0,26,18,39.9,14.0,56.0,20,UMiA,PDXTRANS
SW JERALD CT,6,1719.8,0.326,53.1,50.0,40.0,175.3,6,2,21.7,20.0,25.0,4,UL,PDXTRANS
SW JERALD WAY,5,1827.6,0.346,50.0,50.0,50.0,50.2,5,2,21.0,18.0,28.0,5,UL,PDXTRANS
SW JONATHAN CT,1,205.5,0.039,,,,,0,0,,,,0,,
SW JOSHUA ST,2,1491.2,0.282,45.0,42.0,42.5,46.0,2,1,,,,0,,
SW JULIA CT,1,193.8,0.037,40.0,40.0,40.0,40.0,1,0,28.0,28.0,28.0,1,UL,PDXTRANS
SW JULIA ST,3,1342.2,0.254,50.4,50.0,50.0,58.4,3,2,15.5,14.0,16.2,2,UL,PRIVATE
SW KANAN DR,7,2755.9,0.522,51.7,50.0,50.0,60.1,7,3,19.0,18.0,20.0,7,UL,PDXTRANS
SW KANAN ST,4,1138.9,0.216,43.6,40.0,30.0,60.0,4,4,27.2,18.7,36.0,3,UL,PRIVATE
SW KARI LN,1,863.0,0.163,50.0,50.0,50.0,50.0,1,0,32.0,32.0,32.0,1,UL,PDXTRANS
SW KARLA CT,1,283.3,0.054,40.2,40.0,40.2,40.2,1,0,28.0,28.0,28.0,1,UL,PDXTRANS
SW KELLY AVE,1,35.6,0.007,211.7,234.0,211.7,211.7,1,0,,,,0,,
SW KELSI CT,1,223.7,0.042,,,,,0,0,,,,0,,
SW KING AVE,7,1222.4,0.232,60.0,60.0,60.0,60.0,7,7,36.0,36.0,36.0,6,UL,PDXTRANS
SW KINGS CT,2,728.5,0.138,20.1,20.0,20.1,20.1,2,1,16.0,16.0,16.0,2,UL,PDXTRANS
SW KINGSTON AVE,5,1949.8,0.369,60.0,60.0,60.0,60.0,4,3,29.0,24.0,36.0,3,UC,PDXTRANS
SW KINGSTON DR,9,8146.1,1.543,42.8,47.0,42.0,46.7,2,0,,,,0,,
SW KNIGHTS BLVD,5,3624.9,0.687,177.5,177.0,177.5,177.5,1,0,,,,0,,
SW KNIGHTSBRIDGE DR,3,2329.2,0.441,45.2,50.0,40.0,50.0,3,3,30.1,28.0,32.0,3,UL,PDXTRANS
SW KRUSE RIDGE DR,6,1589.6,0.301,48.1,50.0,40.0,50.2,6,5,31.2,28.0,32.0,6,UL,PDXTRANS
SW LABBE AVE,3,913.0,0.173,40.3,40.0,40.0,40.4,3,1,15.0,15.0,15.0,1,UL,PRIVATE
SW LAFAYETTE PL,1,214.2,0.041,30.1,30.0,30.1,30.1,1,1,24.0,24.0,24.0,1,UL,PDXTRANS
SW LANCASTER RD,14,11606.4,2.198,59.4,60.0,54.8,61.5,14,4,21.4,21.0,22.0,10,UC,PDXTRANS
SW LANCELOT LN,1,875.2,0.166,50.0,50.0,50.0,50.0,1,1,32.0,32.0,32.0,1,UL,PDXTRANS
SW LANE ST,1,235.5,0.045,60.0,60.0,60.0,60.0,1,1,32.0,32.0,32.0,1,UL,PRIVATE
SW LAUREL ST,6,1575.5,0.298,60.0,60.0,60.0,60.0,6,6,25.0,22.0,28.0,5,UL,PDXTRANS
SW LEAH CT,1,393.5,0.075,,,,,0,0,,,,0,,
SW LEE ST,4,1119.1,0.212,48.7,50.0,40.6,51.4,4,4,24.5,16.0,28.0,2,UL,PDXTRANS
SW LESSER RD,12,4988.8,0.945,47.8,40.0,40.0,59.9,11,5,24.4,22.0,33.0,6,UC,PDXTRANS
SW LESSER WAY,1,719.3,0.136,50.0,50.0,50.0,50.0,1,0,12.0,12.0,12.0,1,UL,PRIVATE
SW LEWIS AND CLARK CIR,3,1168.1,0.221,,,,,0,0,,,,0,,
SW LINCOLN ST,6,1680.1,0.318,93.3,108.0,60.0,108.3,5,1,62.3,36.0,83.0,3,UC,PDXTRANS
SW LOBELIA ST,5,2088.5,0.396,50.0,50.0,50.0,50.0,5,3,20.5,14.0,30.0,5,UL,PDXTRANS
SW LOCUST ST,1,315.1,0.06,50.0,50.0,50.0,50.0,1,0,32.0,32.0,32.0,1,UL,PDXTRANS
SW LODI LN,1,146.0,0.028,34.9,35.0,34.9,34.9,1,1,20.0,20.0,20.0,1,UL,PDXTRANS
SW LOGAN CT,2,592.0,0.112,50.0,50.0,50.0,50.0,2,1,30.8,28.0,32.0,2,UL,PDXTRANS
SW LOGAN ST,4,1518.5,0.288,49.7,50.0,49.5,50.0,3,2,25.3,18.0,32.0,3,UL,PDXTRANS
SW LOOP DR,2,1727.6,0.327,50.0,50.0,50.0,50.0,2,1,28.0,28.0,28.0,2,UL,PDXTRANS
SW LOWELL CT,2,450.5,0.085,50.0,50.0,50.0,50.0,2,1,31.0,31.0,31.0,1,UL,PDXTRANS
SW LOWELL LN,3,822.0,0.156,53.3,40.0,40.3,83.9,2,1,,,,0,,
SW LOWELL ST,3,1106.4,0.21,50.8,50.0,50.0,63.8,3,1,23.3,20.0,32.0,2,UL,PRIVATE
SW LOWER CANYON DR,3,388.6,0.074,,,,,0,0,,,,0,,
SW LUCILLE ST,2,479.8,0.091,35.7,50.0,31.4,50.0,2,2,18.0,18.0,18.0,1,UL,PDXTRANS
SW LURADEL CT,1,149.3,0.028,51.0,51.0,51.0,51.0,1,0,28.0,28.0,28.0,1,UL,PRIVATE
SW LURADEL LN,1,311.4,0.059,40.4,40.0,40.4,40.4,1,0,28.0,28.0,28.0,1,UL,PDXTRANS
SW LURADEL ST,9,5473.6,1.037,50.3,50.0,50.0,53.0,9,2,27.4,22.3,32.0,7,UL,PDXTRANS
SW LYLE CT,1,633.5,0.12,50.1,50.0,50.1,50.1,1,0,28.0,28.0,28.0,1,UL,PDXTRANS
SW MADISON CT,1,418.7,0.079,50.0,50.0,50.0,50.0,1,0,32.0,32.0,32.0,1,UL,PDXTRANS
SW MADISON DR,1,1585.7,0.3,34.6,35.0,34.6,34.6,1,0,,,,0,,
SW MADISON ST,15,4178.9,0.791,58.6,60.0,49.0,60.0,15,14,33.6,26.0,36.0,14,UL,PDXTRANS
SW MAIN ST,21,4919.0,0.932,58.9,60.0,47.5,61.7,21,21,34.9,24.0,36.0,16,UC,PDXTRANS
SW MAPLECREST CT,1,1373.0,0.26,50.0,50.0,50.0,50.0,1,0,20.0,20.0,20.0,1,UL,PDXTRANS
SW MAPLECREST DR,8,6713.2,1.271,49.9,50.0,49.0,50.1,8,5,18.3,18.0,20.0,4,UL,PDXTRANS
SW MAPLEWOOD RD,6,2457.2,0.465,60.0,60.0,59.5,60.5,6,3,26.9,26.0,28.0,6,UC,PDXTRANS
SW MARCONI AVE,2,666.4,0.126,50.0,50.0,50.0,50.0,2,2,24.2,24.2,24.2,1,UL,PRIVATE
SW MARICARA ST,2,1326.9,0.251,42.1,40.0,39.6,44.6,2,2,,,,0,,
SW MARIGOLD ST,15,6283.7,1.19,52.8,60.0,30.0,127.2,15,10,24.4,16.0,32.0,13,UL,PDXTRANS
SW MARKET ST,16,4519.3,0.856,65.3,60.0,60.0,80.3,15,14,38.1,34.0,44.0,16,UMiA,PDXTRANS
SW MARKET STREET DR,8,1752.8,0.332,31.5,30.0,26.4,94.9,8,6,22.6,18.0,28.0,5,UL,PDXTRANS
SW MARQUAM HILL RD,8,1941.4,0.368,92.9,60.0,60.0,212.3,8,0,23.3,22.0,28.0,5,UC,PDXTRANS
SW MARQUAM ST,1,337.6,0.064,40.0,39.0,40.0,40.0,1,0,35.0,35.0,35.0,1,UL,PRIVATE
SW MARTHA CT,1,192.0,0.036,49.5,49.0,49.5,49.5,1,0,20.0,20.0,20.0,1,UL,PDXTRANS
SW MARTHA ST,10,3996.7,0.757,48.9,50.0,30.6,50.7,10,3,20.6,18.0,28.0,9,UL,PDXTRANS
SW MARTHA TER,2,700.0,0.133,50.0,50.0,50.0,50.0,2,2,30.0,30.0,30.0,2,UL,PDXTRANS
SW MARTINS LN,1,1039.5,0.197,32.0,32.0,32.0,32.0,1,0,24.0,24.0,24.0,1,UL,PDXTRANS
SW MCDONNELL TER,1,865.9,0.164,40.1,40.0,40.1,40.1,1,0,,,,0,,
SW MEADE ST,4,933.6,0.177,60.0,60.0,60.0,60.0,4,3,33.6,30.1,36.0,3,UL,PDXTRANS
SW MEDWYN TER,1,383.1,0.073,40.0,40.0,40.0,40.0,1,1,26.0,26.0,26.0,1,UL,PDXTRANS
SW MELVILLE AVE,3,1209.3,0.229,39.9,40.0,39.1,40.0,3,2,22.5,16.3,28.0,3,UL,PDXTRANS
SW MENEFEE DR,6,2729.0,0.517,40.4,40.0,37.5,61.7,6,0,16.0,8.0,18.0,5,UL,PDXTRANS
SW MENEFEE LN,1,362.6,0.069,25.1,25.0,25.1,25.1,1,1,12.0,12.0,12.0,1,UL,PDXTRANS
SW MERLIN CT,1,202.6,0.038,50.0,50.0,50.0,50.0,1,0,32.0,32.0,32.0,1,UL,PDXTRANS
SW MILES CT,5,3141.4,0.595,42.9,50.0,29.2,50.0,5,2,26.8,18.0,30.2,4,UL,PDXTRANS
SW MILES ST,20,5111.9,0.968,51.1,50.0,25.0,136.3,20,17,27.0,20.0,32.0,17,UL,PDXTRANS
SW MILL ST,6,1671.1,0.316,60.0,60.0,60.0,60.0,4,4,36.0,36.0,36.0,4,UC,PDXTRANS
SW MILL STREET TER,6,814.3,0.154,195.0,30.0,30.1,247.3,3,1,17.7,17.5,18.0,2,UL,PDXTRANS
SW MITCHELL CT,3,1150.1,0.218,48.5,50.0,45.0,50.0,3,3,22.1,18.0,32.0,3,UL,PDXTRANS
SW MITCHELL LN,3,1088.5,0.206,35.8,30.0,30.1,40.0,3,1,19.0,18.0,20.0,2,UL,PDXTRANS
SW MITCHELL ST,13,5037.8,0.954,52.7,50.0,31.6,106.6,13,10,22.2,15.0,32.0,11,UL,PDXTRANS
SW MONTGOMERY DR,32,10312.0,1.953,53.4,60.0,30.0,70.6,32,13,23.8,20.0,28.0,16,UC,PDXTRANS
SW MONTGOMERY PL,1,704.0,0.133,25.0,25.0,25.0,25.0,1,0,,,,0,,
SW MONTGOMERY ST,14,2600.7,0.493,64.8,60.0,60.0,135.6,9,7,35.7,28.0,44.0,7,UC,PDXTRANS
SW MONTGOMERY ST-I405 FWY RAMP,3,1085.6,0.206,365.7,373.0,359.3,388.1,2,0,,,,0,,
SW MORRISON BRG-2ND AVE RAMP,1,186.3,0.035,94.3,94.0,94.3,94.3,1,0,,,,0,,
SW MORRISON BRG-NAITO PKWY RAMP,3,916.5,0.174,87.2,55.0,70.2,121.3,2,0,,,,0,,
SW MORRISON BRG-WASHINGTON ST RAMP,4,734.0,0.139,92.8,81.0,87.6,104.6,3,0,,,,0,,
SW MORRISON ST,23,5868.3,1.111,63.9,60.0,59.8,109.6,20,16,26.4,22.0,36.0,20,UC,PDXTRANS
SW MOSS ST,13,5346.6,1.013,47.2,50.0,40.0,60.0,13,7,21.6,14.0,36.0,12,UL,PDXTRANS
SW MT ADAMS DR,5,1902.3,0.36,44.4,30.0,30.0,94.7,5,3,22.8,22.0,24.0,4,UL,PDXTRANS
SW MT HOOD LN,2,1394.7,0.264,40.0,40.0,40.0,40.1,2,0,21.2,16.7,28.0,2,UL,PRIVATE
SW MULTNOMAH BLVD,36,16672.4,3.158,140.2,100.0,50.2,355.4,33,18,33.5,18.0,64.0,15,UMiA,PDXTRANS
SW MULTNOMAH BLVD-I5 FWY RAMP,6,2437.9,0.462,361.7,340.0,272.1,430.3,6,0,,,,0,,
SW MURRAY LN,2,350.6,0.066,50.0,50.0,50.0,50.0,1,1,24.0,24.0,24.0,1,UL,PDXTRANS
SW MURRAY ST,2,2976.3,0.564,80.0,80.0,80.0,80.0,1,1,,,,0,,
SW MYRTLE CT,3,587.8,0.111,35.5,40.0,20.0,40.4,3,2,,,,0,,
SW MYRTLE DR,2,2305.1,0.437,40.0,40.0,40.0,40.0,2,0,24.0,24.0,24.0,1,UL,PDXTRANS
SW MYRTLE ST,8,2120.0,0.402,59.7,60.0,57.4,60.0,8,7,25.3,22.0,26.0,6,UL,PDXTRANS
SW NAITO PKWY,51,13703.5,2.595,128.6,100.0,80.2,288.0,39,14,63.1,44.0,88.0,20,UMiA,PDXTRANS
SW NAITO PKWY FRONTAGE RD,9,1737.2,0.329,146.6,170.0,120.0,169.6,8,2,21.7,20.0,24.0,6,UL,PDXTRANS
SW NAITO PKWY-BARBUR BLVD RAMP,2,300.2,0.057,228.3,334.0,199.7,256.5,2,0,,,,0,,
SW NAITO PKWY-HAWTHORNE BRG RAMP,1,357.9,0.068,143.3,69.0,143.3,143.3,1,0,,,,0,,
SW NAITO PKWY-MORRISON BRG RAMP,1,583.1,0.11,96.3,55.0,96.3,96.3,1,0,,,,0,,
SW NAITO PKWY-NAITO PKWY FRONTAGE RD RAMP,1,162.1,0.031,130.5,131.0,130.5,130.5,1,0,,,,0,,
SW NAITO PKWY-ROSS ISLAND BRG RAMP,1,305.0,0.058,171.1,171.0,171.1,171.1,1,0,,,,0,,
SW NEBRASKA ST,10,4635.0,0.878,54.9,60.0,30.0,217.3,10,5,21.3,10.0,28.0,5,UL,PDXTRANS
SW NEHALEM CT,1,310.0,0.059,25.2,25.0,25.2,25.2,1,0,18.0,18.0,18.0,1,UL,PDXTRANS
SW NEVADA CT,27,8195.4,1.552,42.7,40.0,12.9,60.0,27,20,22.7,13.0,30.7,22,UL,PDXTRANS
SW NEVADA ST,9,2188.0,0.414,52.0,50.0,39.5,60.4,9,7,26.9,12.0,32.0,8,UL,PDXTRANS
SW NEVADA TER,1,1406.6,0.266,50.1,50.0,50.1,50.1,1,0,28.0,28.0,28.0,1,UL,PDXTRANS
SW NEWBY TER,1,327.1,0.062,50.1,50.0,50.1,50.1,1,0,30.0,30.0,30.0,1,UC,PDXTRANS
SW NORTHWOOD AVE,3,2006.2,0.38,56.6,60.0,50.2,60.1,3,0,17.3,12.0,21.8,3,UL,PRIVATE
SW NOTTINGHAM DR,3,686.4,0.13,43.8,30.0,30.1,50.1,3,3,,,,0,,
SW OAK CREEK DR,4,1032.9,0.196,50.0,50.0,50.0,50.1,4,3,32.0,32.0,32.0,2,UL,PDXTRANS
SW OAK ST,12,2948.1,0.558,63.2,60.0,58.9,94.6,11,7,36.2,14.0,46.0,11,MiC,PDXTRANS
SW OLD CAPITOL HWY,1,337.1,0.064,60.5,60.0,60.5,60.5,1,0,19.0,19.0,19.0,1,UC,PDXTRANS
SW OLD ORCHARD RD,2,909.6,0.172,34.0,34.0,34.0,34.1,2,1,26.0,26.0,26.0,1,UL,PDXTRANS
SW OLESON RD,5,741.0,0.14,78.2,78.0,78.2,78.2,1,1,56.0,56.0,56.0,1,UMiA,PRIVATE
SW OPHELIA ST,1,428.2,0.081,52.4,52.0,52.4,52.4,1,0,32.0,32.0,32.0,1,UL,PDXTRANS
SW ORCHARD HILL LN,2,749.9,0.142,45.3,50.0,40.0,50.0,2,1,30.1,28.0,32.0,2,UL,PDXTRANS
SW ORCHARD HILL PL,7,1759.5,0.333,49.9,50.0,40.1,70.8,7,3,31.4,28.0,32.0,5,UL,PDXTRANS
SW ORCHARD HILL RD,7,1947.0,0.369,36.1,40.0,20.0,52.0,7,3,22.8,21.7,26.0,3,UL,PDXTRANS
SW ORCHARD HILL WAY,1,710.2,0.135,50.0,50.0,50.0,50.0,1,0,33.0,33.0,33.0,1,UL,PDXTRANS
SW ORCHARD LN,5,1084.7,0.205,52.2,50.0,50.0,62.9,5,1,,,,0,,
SW ORCHID CT,1,147.6,0.028,55.3,50.0,55.3,55.3,1,0,32.0,32.0,32.0,1,UL,PDXTRANS
SW ORCHID DR,5,2182.8,0.413,50.1,50.0,50.0,50.1,5,4,32.0,32.0,32.0,4,UL,PDXTRANS
SW ORCHID ST,17,3776.4,0.715,52.6,60.0,30.0,60.0,15,13,26.0,17.0,32.0,12,UL,PDXTRANS
SW ORMANDY WAY,3,1400.9,0.265,30.0,30.0,30.0,30.0,3,2,19.9,16.0,28.0,2,UL,PRIVATE
SW OSAGE ST,2,620.2,0.117,27.0,32.0,24.0,27.9,2,1,24.0,24.0,24.0,1,UL,PDXTRANS
SW PAG PL,1,29.5,0.006,,,,,0,0,,,,0,,
SW PALATINE CT,1,365.6,0.069,,,,,0,0,,,,0,,
SW PALATINE HILL RD,7,1436.9,0.272,62.3,50.0,50.0,104.6,7,5,22.0,22.0,22.0,2,UC,PDXTRANS
SW PALATINE ST,13,6068.6,1.149,51.3,60.0,40.0,60.0,13,8,18.2,12.0,32.0,8,UL,PRIVATE
SW PALLAY CT,1,172.1,0.033,50.0,50.0,50.0,50.0,1,1,26.0,26.0,26.0,1,UL,PDXTRANS
SW PARK AVE,31,6848.9,1.297,55.4,60.0,15.1,61.9,25,23,35.3,18.0,52.0,18,UC,PDXTRANS
SW PARK PL,7,1596.1,0.302,57.8,58.0,50.0,60.0,7,7,35.1,30.0,36.0,6,UC,PDXTRANS
SW PARKHILL DR,3,2253.1,0.427,40.0,40.0,40.0,40.0,3,1,18.8,18.0,20.3,2,UL,PRIVATE
SW PARKHILL WAY,2,1010.0,0.191,49.6,40.0,40.0,65.2,2,0,21.5,20.0,24.0,2,UL,PDXTRANS
SW PARKSIDE DR,3,683.9,0.13,25.1,25.0,25.0,25.2,3,1,25.2,24.0,26.0,2,UL,PDXTRANS
SW PARKSIDE LN,1,318.3,0.06,10.0,10.0,10.0,10.0,1,1,8.3,8.3,8.3,1,UL,PDXTRANS
SW PARKVIEW CT,2,629.1,0.119,50.0,50.0,50.0,50.0,2,1,,,,0,,
SW PARSONS CT,1,282.6,0.054,,,,,0,0,,,,0,,
SW PASADENA DR,4,1424.2,0.27,265.2,255.0,265.2,265.2,1,0,21.0,21.0,21.0,4,UC,PDXTRANS
SW PASADENA ST,7,2204.8,0.418,64.7,60.0,60.0,147.8,7,6,24.9,20.0,32.0,5,UL,PRIVATE
SW PATRICK PL,6,1506.6,0.285,40.6,40.0,40.0,46.5,6,3,19.6,14.0,22.0,4,UL,PDXTRANS
SW PATRICK WAY,1,140.5,0.027,20.0,20.0,20.0,20.0,1,1,18.0,18.0,18.0,1,UL,PRIVATE
SW PATTON CT,1,1212.7,0.23,40.0,40.0,40.0,40.0,1,0,27.1,27.1,27.1,1,UL,PDXTRANS
SW PATTON LN,1,638.1,0.121,35.0,35.0,35.0,35.0,1,0,24.0,24.0,24.0,1,UL,PRIVATE
SW PATTON RD,24,6752.0,1.279,61.3,61.0,49.2,109.5,24,10,26.0,24.0,36.0,10,MiC,PDXTRANS
SW PAVILION LOOP,7,839.1,0.159,,,,,0,0,,,,0,,
SW PEACEFUL LN,1,204.3,0.039,60.0,60.0,60.0,60.0,1,0,40.0,40.0,40.0,1,UL,PDXTRANS
SW PENDLETON CT,4,1084.0,0.205,41.2,40.0,40.0,43.6,3,2,28.0,28.0,28.0,1,UL,PRIVATE
SW PENDLETON ST,15,5389.3,1.021,46.8,50.0,30.0,60.0,15,9,24.7,18.0,30.0,9,UL,PDXTRANS
SW PENNOYER ST,1,236.6,0.045,60.0,60.0,60.0,60.0,1,0,36.0,36.0,36.0,1,UL,PDXTRANS
SW PERIANDER ST,2,624.0,0.118,50.0,50.0,50.0,50.0,2,2,,,,0,,
SW PERIMETER CT,3,1385.2,0.262,,,,,0,0,,,,0,,
SW PEYTON RD,2,427.4,0.081,53.2,50.0,50.0,154.1,2,0,28.0,28.0,28.0,1,UL,PDXTRANS
SW PINE ST,6,1632.6,0.309,65.6,60.0,60.0,95.2,6,5,34.3,25.2,36.0,6,UC,PDXTRANS
SW PLUM CIR,1,120.9,0.023,50.1,50.0,50.1,50.1,1,0,32.0,32.0,32.0,1,UL,PDXTRANS
SW PLUM CT,3,1250.7,0.237,50.0,50.0,50.0,50.1,3,2,26.1,15.0,32.0,3,UL,PDXTRANS
SW PLUM ST,5,991.1,0.188,45.8,50.0,39.2,52.7,5,3,20.0,20.0,20.0,1,UL,PRIVATE
SW POMONA CT,1,266.6,0.05,,,,,0,0,,,,0,,
SW POMONA ST,14,5722.1,1.084,60.0,60.0,59.6,60.3,13,10,22.8,21.0,32.0,13,UC,PDXTRANS
SW PORTER ST,2,446.8,0.085,60.0,60.0,60.0,60.0,2,2,36.0,36.0,36.0,2,UL,PDXTRANS
SW PORTLAND COMMUNITY COLLEGE RD,1,273.0,0.052,,,,,0,0,,,,0,,
SW PRESLYNN DR,1,84.9,0.016,59.0,70.0,59.0,59.0,1,0,,,,0,,
SW PRIMROSE ST,9,2882.4,0.546,50.0,50.0,50.0,50.0,9,7,21.0,20.0,22.0,7,UL,PDXTRANS
SW PROSPECT DR,4,1366.5,0.259,24.0,30.0,18.4,30.1,4,2,17.1,16.0,22.0,3,UL,PDXTRANS
SW QUAIL POST RD,12,1766.3,0.335,83.2,96.0,83.2,83.2,1,0,,,,0,,
SW QUINAULT CT,3,314.8,0.06,,,,,0,0,,,,0,,
SW RAAB RD,3,1778.0,0.337,50.3,40.0,40.0,53.4,3,0,29.7,20.0,31.9,2,UL,PDXTRANS
SW RADCLIFFE LN,1,375.2,0.071,25.0,25.0,25.0,25.0,1,1,12.0,12.0,12.0,1,UL,PRIVATE
SW RADCLIFFE ST,2,1143.8,0.217,50.0,50.0,50.0,50.0,2,2,,,,0,,
SW RALEIGHWOOD CT,1,357.2,0.068,,,,,0,0,,,,0,,
SW RALEIGHWOOD LN,1,31.2,0.006,258.2,258.0,258.2,258.2,1,1,,,,0,,
SW RALSTON DR,3,600.9,0.114,42.6,50.0,34.5,50.0,3,1,24.0,24.0,24.0,1,UL,PRIVATE
SW RAVENSVIEW DR,3,1487.3,0.282,40.7,40.0,40.0,43.5,3,2,28.0,28.0,28.0,2,UC,PDXTRANS
SW RAY LN,1,153.5,0.029,,,,,0,0,,,,0,,
SW REDONDO AVE,3,774.5,0.147,50.1,50.0,49.5,50.6,3,1,29.4,28.0,30.0,3,UC,PDXTRANS
SW RESEARCH DR,3,220.8,0.042,,,,,0,0,,,,0,,
SW RHINO WAY,1,256.5,0.049,,,,,0,0,,,,0,,
SW RICHARDSON DR,4,1290.4,0.244,50.0,50.0,50.0,50.1,4,4,19.9,18.0,24.0,3,UL,PDXTRANS
SW RICHARDSON ST,1,388.1,0.074,60.0,60.0,60.0,60.0,1,0,28.0,28.0,28.0,1,UL,PDXTRANS
SW RICHENBERG CT,1,340.1,0.064,50.0,50.0,50.0,50.0,1,1,32.0,32.0,32.0,1,UL,PDXTRANS
SW RIDGE DR,9,4249.3,0.805,57.8,60.0,50.0,60.5,9,9,40.0,40.0,40.0,7,UL,PDXTRANS
SW RIDGEVIEW LN,3,1145.1,0.217,60.1,60.0,60.0,60.2,3,2,21.0,21.0,21.0,1,UL,PDXTRANS
SW RIVINGTON DR,3,2622.9,0.497,40.0,40.0,40.0,40.0,3,1,24.0,24.0,24.0,3,UL,PDXTRANS
SW ROBERT CT,1,493.6,0.093,40.0,40.0,40.0,40.0,1,1,28.0,28.0,28.0,1,UL,PDXTRANS
SW ROBINS CREST DR,1,151.7,0.029,15.0,15.0,15.0,15.0,1,1,16.0,16.0,16.0,1,UL,PDXTRANS
SW ROSE GARDEN WAY,1,2183.8,0.414,,,,,0,0,,,,0,,
SW ROSS ISLAND WAY,7,1564.0,0.296,160.0,170.0,128.8,170.5,4,1,,,,0,,
SW ROSWELL AVE,1,706.8,0.134,30.0,30.0,30.0,30.0,1,0,20.0,20.0,20.0,1,UL,PDXTRANS
SW ROUNDTREE CT,2,608.2,0.115,50.1,50.0,50.0,50.2,2,1,32.0,32.0,32.0,2,UL,PDXTRANS
SW RUBY TER,3,2295.2,0.435,48.2,40.0,40.0,60.0,3,2,23.8,22.7,24.0,3,UL,PDXTRANS
SW RUTLAND TER,2,1304.6,0.247,30.0,30.0,30.0,30.0,2,1,24.0,24.0,24.0,1,UL,PDXTRANS
SW SACAJAWEA BLVD,2,1231.0,0.233,,,,,0,0,,,,0,,
SW SALMON ST,30,7507.1,1.422,57.4,60.0,40.0,70.7,26,22,35.0,18.0,44.0,22,UC,PDXTRANS
SW SAM JACKSON PARK RD,6,4698.9,0.89,60.0,60.0,60.0,60.3,6,4,30.9,30.9,30.9,1,UC,PDXTRANS
SW SANTA MONICA CT,6,1904.4,0.361,48.6,50.0,39.9,54.4,6,3,29.3,28.0,30.0,3,UL,PDXTRANS
SW SANTA MONICA ST,2,393.5,0.075,50.2,50.0,50.2,50.3,2,2,30.0,30.0,30.0,2,UL,PDXTRANS
SW SCHOLLS FERRY RD,8,1762.3,0.334,185.1,193.0,70.6,278.2,6,2,53.2,42.0,74.0,3,UMiA,PDXTRANS
SW SELLING CT,3,823.9,0.156,40.1,40.0,40.0,40.2,3,1,28.0,28.0,28.0,1,UL,PDXTRANS
SW SEMLER WAY,1,502.9,0.095,40.0,40.0,40.0,40.0,1,0,28.0,28.0,28.0,1,UL,PDXTRANS
SW SEQUOIA CT,1,118.3,0.022,35.2,35.0,35.2,35.2,1,0,20.0,20.0,20.0,1,UL,PRIVATE
SW SEYMOUR CT,6,2391.9,0.453,48.2,50.0,30.0,50.0,6,3,29.4,24.0,32.0,6,UL,PDXTRANS
SW SEYMOUR DR,2,1060.5,0.201,46.9,40.0,40.0,50.1,2,1,28.1,24.0,30.0,2,UL,PDXTRANS
SW SEYMOUR ST,7,3032.1,0.574,50.1,50.0,50.0,50.1,7,7,24.2,16.0,32.0,6,UL,PDXTRANS
SW SHATTUCK RD,24,8686.2,1.645,55.9,60.0,40.0,70.0,21,6,25.3,22.0,32.0,12,UC,PDXTRANS
SW SHEFFIELD AVE,3,912.4,0.173,37.0,30.0,29.9,74.3,3,1,16.0,12.0,20.0,2,UL,PDXTRANS
SW SHELBY CT,1,339.5,0.064,,,,,0,0,,,,0,,
SW SHERIDAN ST,8,1412.2,0.267,93.3,60.0,60.0,223.5,4,2,38.9,26.0,48.0,4,UC,PDXTRANS
SW SHERMAN ST,2,486.4,0.092,60.0,60.0,60.0,60.0,2,2,,,,0,,
SW SHERWOOD BLVD,4,3784.8,0.717,40.2,40.0,40.2,40.2,1,0,,,,0,,
SW SHERWOOD DR,7,3692.1,0.699,40.0,40.0,39.3,40.8,7,2,19.8,16.0,28.0,6,UL,PDXTRANS
SW SHERWOOD PL,6,2378.2,0.45,68.6,40.0,40.0,252.7,6,2,20.4,16.0,24.0,2,UL,PDXTRANS
SW SIERRA VISTA DR,1,139.0,0.026,40.0,40.0,40.0,40.0,1,1,28.0,28.0,28.0,1,UL,PDXTRANS
SW SKYLINE BLVD,12,7238.3,1.371,67.5,60.0,60.0,108.0,9,2,23.6,22.0,56.0,6,UC,PDXTRANS
SW SKYLINE BLVD-SUNSET HWY RAMP,2,2528.2,0.479,301.2,342.0,271.0,340.2,2,0,,,,0,,
SW SLAVIN RD,11,3130.6,0.593,55.5,60.0,30.0,60.3,10,7,,,,0,,
SW SNYDER PL,3,579.7,0.11,40.2,40.0,40.0,40.3,3,1,28.0,28.0,28.0,2,UL,PDXTRANS
SW SOUTH WAY,4,649.1,0.123,116.7,113.0,116.7,116.7,1,0,,,,0,,
SW SOUTHVIEW PL,1,475.1,0.09,50.0,50.0,50.0,50.0,1,1,16.0,16.0,16.0,1,UL,PRIVATE
SW SOUTHVIEW ST,2,559.3,0.106,50.2,50.0,50.0,50.3,2,2,40.0,40.0,40.0,2,UL,PRIVATE
SW SPRING GARDEN CT,2,676.7,0.128,50.7,50.0,50.0,53.2,2,0,20.0,20.0,20.0,1,UC,PDXTRANS
SW SPRING GARDEN ST,23,7765.2,1.471,52.2,50.0,40.0,135.1,20,6,23.9,10.0,36.0,16,UC,PDXTRANS
SW SPRING GARDEN ST-BARBUR BLVD RAMP,1,170.7,0.032,140.3,164.0,140.3,140.3,1,0,,,,0,,
SW SPRING ST,7,1834.9,0.348,60.0,60.0,60.0,60.0,6,5,29.3,26.0,36.0,3,UL,PDXTRANS
SW ST CLAIR AVE,4,1245.4,0.236,58.0,58.0,58.0,58.0,4,4,32.7,30.0,34.0,4,UL,PDXTRANS
SW ST HELENS CT,1,320.0,0.061,40.2,40.0,40.2,40.2,1,1,28.0,28.0,28.0,1,UL,PDXTRANS
SW STANHOPE CT,1,138.8,0.026,15.0,15.0,15.0,15.0,1,0,,,,0,,
SW STANLEY CT,5,1848.7,0.35,50.1,50.0,49.9,51.2,5,5,32.0,32.0,32.0,4,UL,PDXTRANS
SW STEARNS RD,1,2306.5,0.437,,,,,0,0,,,,0,,
SW STEPHENSON CT,2,1990.8,0.377,50.0,50.0,50.0,50.0,2,0,16.0,16.0,16.0,2,UL,PDXTRANS
SW STEPHENSON ST,34,9253.4,1.753,54.5,55.0,15.3,220.2,33,16,24.8,19.7,30.0,13,UC,PDXTRANS
SW STONEBROOK CT,1,365.6,0.069,40.1,40.0,40.1,40.1,1,0,28.0,28.0,28.0,1,UL,PDXTRANS
SW STONEBROOK DR,2,604.9,0.115,44.4,50.0,40.1,50.0,2,1,30.9,30.0,32.0,2,UL,PDXTRANS
SW STRATHFELL LN,1,30.0,0.006,,,,,0,0,,,,0,,
SW STREAMSIDE CT,1,99.9,0.019,57.0,40.0,57.0,57.0,1,0,28.0,28.0,28.0,1,UL,PDXTRANS
SW STREAMSIDE DR,2,343.3,0.065,40.1,40.0,40.0,40.1,2,1,28.0,28.0,28.0,2,UL,PDXTRANS
SW SUMMIT DR,1,804.3,0.152,30.0,30.0,30.0,30.0,1,1,,,,0,,
SW SUNSET BLVD,15,6478.3,1.227,61.3,60.0,59.7,70.0,15,6,28.1,26.0,38.0,14,UC,PDXTRANS
SW SUNSET DR,2,1525.4,0.289,50.0,50.0,50.0,50.1,2,0,18.3,18.0,20.0,2,UL,PDXTRANS
SW SUNSET HWY EB,16,14853.3,2.813,315.2,474.0,160.2,439.0,13,0,,,,0,,
SW SUNSET HWY WB,17,15228.5,2.884,318.5,220.0,64.3,374.0,14,2,,,,0,,
SW SUNSET HWY-CANYON RD RAMP,8,5163.0,0.978,304.5,331.0,203.1,412.2,6,0,,,,0,,
SW SUNSET HWY-I405 FWY RAMP,14,4132.0,0.783,388.5,359.0,358.6,423.7,5,2,,,,0,,
SW SUNSET HWY-MARKET ST RAMP,6,823.5,0.156,,,,,0,0,,,,0,,
SW SUNSET HWY-SCHOLLS FERRY RD RAMP,1,511.0,0.097,260.4,258.0,260.4,260.4,1,0,,,,0,,
SW SUNSET HWY-SKYLINE BLVD RAMP,4,3190.5,0.604,186.7,53.0,52.9,275.8,2,0,,,,0,,
SW SUNSET HWY-ZOO RD RAMP,4,2673.9,0.506,202.2,172.0,121.2,223.8,2,0,,,,0,,
SW SWEETBRIAR DR,1,598.5,0.113,30.0,30.0,30.0,30.0,1,0,,,,0,,
SW SYLVANIA CT,2,542.5,0.103,40.0,40.0,40.0,40.0,2,1,,,,0,,
SW SYLVANIA TER,2,631.7,0.12,50.5,51.0,50.0,51.0,2,1,26.7,20.0,33.0,2,UL,PDXTRANS
SW TALBOT PL,1,253.0,0.048,20.0,20.0,20.0,20.0,1,0,18.0,18.0,18.0,1,UL,PDXTRANS
SW TALBOT RD,9,4543.9,0.861,55.1,40.0,40.0,263.6,9,1,24.0,24.0,24.0,2,UL,PDXTRANS
SW TALBOT TER,1,903.0,0.171,85.9,90.0,85.9,85.9,1,0,20.0,20.0,20.0,1,UC,PDXTRANS
SW TANGENT ST,2,676.4,0.128,46.1,39.0,40.4,52.1,2,0,26.0,26.0,26.0,1,UL,PDXTRANS
SW TARA CT,1,138.7,0.026,50.1,50.0,50.1,50.1,1,0,32.0,32.0,32.0,1,UL,PDXTRANS
SW TARLOW CT,1,170.8,0.032,,,,,0,0,,,,0,,
SW TAYLOR CT,1,155.9,0.03,65.2,60.0,65.2,65.2,1,0,17.0,17.0,17.0,1,UL,PRIVATE
SW TAYLOR ST,23,6342.6,1.201,54.0,60.0,30.1,60.4,19,16,32.9,17.2,44.0,19,UC,PDXTRANS
SW TAYLOR ST-I405 FWY RAMP,14,2462.8,0.466,399.5,400.0,399.5,399.5,1,0,,,,0,,
SW TAYLORS FERRY CT,3,1356.8,0.257,50.0,50.0,50.0,50.1,3,2,25.3,20.0,28.0,3,UL,PDXTRANS
SW TAYLORS FERRY RD,63,18325.4,3.471,69.5,60.0,49.7,227.8,62,27,27.5,22.0,52.0,43,UC,PDXTRANS
SW TERLYN CT,1,259.5,0.049,40.1,40.0,40.1,40.1,1,0,28.0,28.0,28.0,1,UL,PDXTRANS
SW TERRACE DR,4,1377.9,0.261,43.0,40.0,39.9,73.5,4,2,24.0,24.0,24.0,2,UC,PDXTRANS
SW TERRI CT,2,721.5,0.137,50.0,50.0,50.0,50.0,2,1,32.0,32.0,32.0,1,UL,PDXTRANS
SW TERWILLIGER BLVD,63,27952.8,5.294,108.0,80.0,44.8,353.2,56,15,36.9,27.2,62.0,25,UC,PDXTRANS
SW TERWILLIGER BLVD-I5 FWY RAMP,3,976.6,0.185,109.5,80.0,100.8,114.4,2,0,,,,0,,
SW TERWILLIGER PL,1,266.0,0.05,51.1,40.0,51.1,51.1,1,0,28.0,28.0,28.0,1,UL,PDXTRANS
SW TEXAS CT,2,518.2,0.098,42.0,40.0,40.0,49.0,2,2,28.0,28.0,28.0,1,UL,PDXTRANS
SW TEXAS ST,16,5918.7,1.121,42.3,40.0,35.8,50.0,16,12,21.2,10.0,28.0,14,UL,PDXTRANS
SW THELEN LN,1,211.5,0.04,,,,,0,0,,,,0,,
SW TICHNER DR,3,1910.9,0.362,162.0,48.0,48.0,231.7,3,1,23.8,23.0,24.0,2,UL,PDXTRANS
SW TOWER LN,1,650.8,0.123,20.0,20.0,20.0,20.0,1,1,,,,0,,
SW TOWER WAY,3,1445.2,0.274,50.0,50.0,49.8,50.0,3,2,25.3,20.0,28.0,3,UL,PDXTRANS
SW TRAIL CT,1,191.9,0.036,50.2,50.0,50.2,50.2,1,0,32.0,32.0,32.0,1,UL,PDXTRANS
SW TRILLIUM LN,1,321.0,0.061,,,,,0,0,,,,0,,
SW TROY ST,17,6208.4,1.176,51.7,50.0,38.5,147.9,17,12,27.7,18.0,44.0,14,UL,PDXTRANS
SW TUALATIN AVE,3,952.4,0.18,40.3,40.0,40.0,40.7,3,2,24.0,24.0,24.0,3,UL,PDXTRANS
SW TUNNELWOOD ST,8,2630.4,0.498,51.2,50.0,49.8,55.0,8,5,23.8,18.0,32.0,7,UL,PDXTRANS
SW TWOMBLY AVE,5,1288.0,0.244,40.2,40.0,40.0,45.5,5,3,18.5,18.0,20.0,2,UL,PDXTRANS
SW TYROL CIR,1,99.5,0.019,50.1,50.0,50.1,50.1,1,0,18.0,18.0,18.0,1,UL,PDXTRANS
SW TYROL ST,1,307.4,0.058,40.1,40.0,40.1,40.1,1,0,24.0,24.0,24.0,1,UL,PDXTRANS
SW UNNAMED RD,335,98673.2,18.688,99.0,78.0,40.0,353.9,32,2,22.0,22.0,22.0,1,UC,PDXTRANS
SW UPLAND DR,3,2029.7,0.384,55.6,50.0,49.9,114.5,3,2,20.0,20.0,20.0,1,UL,PDXTRANS
SW UPPER CASCADE DR,3,2007.8,0.38,40.0,40.0,40.0,40.0,2,2,,,,0,,
SW UPPER DR,7,2834.6,0.537,40.6,40.0,40.1,42.2,5,0,20.3,18.0,24.0,3,UL,PDXTRANS
SW UPPER DRIVE PL,1,451.5,0.086,40.0,40.0,40.0,40.0,1,0,20.0,20.0,20.0,1,UL,PDXTRANS
SW UPPER HALL ST,4,1212.6,0.23,42.9,40.0,40.0,70.2,4,0,24.5,24.0,25.8,2,UL,PDXTRANS
SW US VETERANS HOSPITAL RD,17,5371.7,1.017,83.4,60.0,58.7,196.0,14,9,28.0,28.0,28.0,1,UL,PRIVATE
SW VACUNA CT,2,381.4,0.072,50.2,50.0,50.0,50.6,2,0,28.0,28.0,28.0,2,UL,PDXTRANS
SW VACUNA ST,15,5880.1,1.114,57.7,60.0,50.0,60.0,15,13,31.2,20.0,32.0,13,UL,PDXTRANS
SW VALONA WAY,1,378.9,0.072,40.0,40.0,40.0,40.0,1,0,20.0,20.0,20.0,1,UL,PDXTRANS
SW VERMONT ST,55,14399.6,2.727,75.0,80.0,40.0,140.0,49,25,34.7,24.0,60.0,27,UC,PDXTRANS
SW VESTA CT,1,108.6,0.021,,,,,0,0,,,,0,,
SW VESTA ST,11,4348.0,0.823,58.7,60.0,50.0,60.0,11,10,29.9,24.0,32.0,10,UL,PDXTRANS
SW VIEW PL,2,799.1,0.151,26.1,15.0,15.0,30.0,2,1,24.0,24.0,24.0,1,UL,PDXTRANS
SW VIEW POINT TER,23,7097.7,1.344,61.4,60.0,50.0,173.8,19,17,26.5,18.0,36.0,17,UL,PDXTRANS
SW VINCENT PL,1,425.9,0.081,217.9,215.0,217.9,217.9,1,0,28.0,28.0,28.0,1,UL,PDXTRANS
SW VISTA AVE,27,8195.8,1.552,60.0,60.0,40.0,239.4,27,13,32.8,28.0,36.0,12,UC,PDXTRANS
SW WAPATO AVE,3,627.8,0.119,82.5,130.0,40.0,133.5,3,1,24.0,24.0,24.0,1,UL,PDXTRANS
SW WARRENS WAY,3,1695.2,0.321,59.9,60.0,59.8,60.1,3,1,16.0,16.0,16.0,1,UL,PDXTRANS
SW WASHINGTON ST,14,3679.4,0.697,64.8,60.0,60.0,104.0,14,12,33.9,20.0,36.0,14,UMiA,PDXTRANS
SW WASHINGTON WAY,2,1810.8,0.343,52.7,53.0,52.7,52.7,1,0,,,,0,,
SW WASHOUGA AVE,4,2179.3,0.413,43.3,40.0,40.0,49.7,4,1,22.9,18.0,24.0,4,UL,PDXTRANS
SW WEST POINT CT,1,129.2,0.024,21.0,21.0,21.0,21.0,1,1,20.0,20.0,20.0,1,UL,PDXTRANS
SW WESTDALE DR,2,1478.5,0.28,50.0,50.0,49.9,50.1,2,2,28.0,28.0,28.0,2,UL,PDXTRANS
SW WESTGATE DR,2,1406.5,0.266,54.3,42.0,42.0,57.7,2,0,,,,0,,
SW WESTWOOD CT,4,2613.0,0.495,50.4,50.0,50.0,51.8,4,2,20.3,18.0,24.0,4,UL,PDXTRANS
SW WESTWOOD DR,10,7527.3,1.426,62.3,60.0,58.4,118.9,10,4,18.5,18.0,24.0,10,UL,PDXTRANS
SW WESTWOOD LN,1,902.4,0.171,20.0,20.0,20.0,20.0,1,1,13.6,13.6,13.6,1,UL,PDXTRANS
SW WESTWOOD VW,2,971.9,0.184,50.1,50.0,49.9,50.1,2,1,18.0,18.0,18.0,2,UL,PDXTRANS
SW WHITAKER ST,5,924.4,0.175,60.0,60.0,60.0,60.0,5,4,36.0,36.0,36.0,2,UL,PDXTRANS
SW WILBARD ST,11,4077.8,0.772,50.0,50.0,49.9,50.3,10,9,24.0,20.0,32.0,10,UL,PDXTRANS
SW WOOD PKWY,5,2570.9,0.487,61.8,50.0,50.0,151.0,5,1,26.1,25.0,28.0,3,UL,PDXTRANS
SW WOODLEE HEIGHTS AVE,2,443.3,0.084,50.2,50.0,50.0,50.4,2,1,32.0,32.0,32.0,2,UL,PDXTRANS
SW WOODLEE HEIGHTS CT,1,620.5,0.118,50.0,50.0,50.0,50.0,1,0,32.0,32.0,32.0,1,UL,PDXTRANS
SW WOODS CREEK CT,1,576.0,0.109,40.0,40.0,40.0,40.0,1,0,28.0,28.0,28.0,1,UL,PDXTRANS
SW WOODS ST,8,1369.2,0.259,54.2,60.0,40.0,60.0,7,7,28.1,16.0,36.0,5,UL,PDXTRANS
SW WRIGHT AVE,2,680.5,0.129,40.0,40.0,40.0,40.0,2,2,22.0,22.0,22.0,1,UL,PDXTRANS
SW WYNDHAM LN,1,32.7,0.006,97.3,102.0,97.3,97.3,1,0,,,,0,,
SW YAMHILL DR,1,567.1,0.107,29.2,29.0,29.2,29.2,1,0,20.0,20.0,20.0,1,UL,PDXTRANS
SW YAMHILL ST,24,5863.2,1.11,56.5,60.0,16.0,60.0,21,20,26.6,24.0,36.0,17,UC,PDXTRANS
SW ZOO RD,27,10589.3,2.006,175.8,176.0,175.8,175.8,1,0,,,,0,,
SW ZOO RD-SUNSET HWY RAMP,2,1994.5,0.378,312.7,269.0,269.1,341.4,2,0,,,,0,,
TILIKUM CROSSING BRG,3,1745.9,0.331,,,,,0,0,,,,0,,
W BURNSIDE RD,21,10515.1,1.991,91.8,80.0,60.0,160.3,21,6,38.2,34.0,44.0,4,UMiA,PDXTRANS
W BURNSIDE ST,46,10153.0,1.923,89.7,60.0,59.7,218.2,39,22,51.6,42.0,84.0,29,UMiA,PDXTRANS
YOUNG WAY,3,1725.4,0.327,,,,,0,0,,,,0,,
