{
"type": "FeatureCollection",
"name": "narrowings",
"crs": { "type": "name", "properties": { "name": "urn:ogc:def:crs:OGC:1.3:CRS84" } },
"features": [
{ "type": "Feature", "properties": { "pid": 1, "street": "NW 30TH AVE", "block_id": 281, "fclass": "UL", "w": 22.0, "s": 36.0, "d": 14.0, "l": 15.0, "lstyle": "STANDARD", "rstyle": "STANDARD" }, "geometry": { "type": "Point", "coordinates": [ -122.712481340146397, 45.537472315138935 ] } },
{ "type": "Feature", "properties": { "pid": 2, "street": "NW VAUGHN ST", "block_id": 317, "fclass": "UL", "w": 8.8, "s": 35.4, "d": 26.6, "l": 95.0, "lstyle": "UNKNOWN", "rstyle": "UNKNOWN" }, "geometry": { "type": "Point", "coordinates": [ -122.717154565607373, 45.537451679133284 ] } },
{ "type": "Feature", "properties": { "pid": 3, "street": "NW 27TH AVE", "block_id": 387, "fclass": "UL", "w": 20.0, "s": 36.0, "d": 16.0, "l": 10.0, "lstyle": "UNKNOWN", "rstyle": "UNKNOWN" }, "geometry": { "type": "Point", "coordinates": [ -122.706856007565506, 45.53595313091644 ] } },
{ "type": "Feature", "properties": { "pid": 4, "street": "NW SAVIER ST", "block_id": 418, "fclass": "UL", "w": 19.8, "s": 24.3, "d": 4.5, "l": 135.0, "lstyle": "UNKNOWN", "rstyle": "STANDARD" }, "geometry": { "type": "Point", "coordinates": [ -122.717446392155907, 45.534393526900693 ] } },
{ "type": "Feature", "properties": { "pid": 5, "street": "NW 23RD AVE", "block_id": 456, "fclass": "UC", "w": 22.9, "s": 36.0, "d": 13.1, "l": 35.0, "lstyle": "UNKNOWN", "rstyle": "UNKNOWN" }, "geometry": { "type": "Point", "coordinates": [ -122.698777048546745, 45.53392106986113 ] } },
{ "type": "Feature", "properties": { "pid": 6, "street": "NW 21ST AVE", "block_id": 459, "fclass": "UC", "w": 22.9, "s": 35.7, "d": 12.8, "l": 50.0, "lstyle": "STANDARD", "rstyle": "THICK" }, "geometry": { "type": "Point", "coordinates": [ -122.694721395937961, 45.534036918117089 ] } },
{ "type": "Feature", "properties": { "pid": 7, "street": "NW QUIMBY ST", "block_id": 460, "fclass": "UL", "w": 23.9, "s": 36.0, "d": 12.1, "l": 20.0, "lstyle": "COMBO", "rstyle": "COMBO" }, "geometry": { "type": "Point", "coordinates": [ -122.695771733476136, 45.533413996433922 ] } },
{ "type": "Feature", "properties": { "pid": 8, "street": "NW PETTYGROVE ST", "block_id": 471, "fclass": "UL", "w": 19.2, "s": 36.3, "d": 17.1, "l": 80.0, "lstyle": "COMBO", "rstyle": "UNKNOWN" }, "geometry": { "type": "Point", "coordinates": [ -122.704854104472346, 45.532533094915784 ] } },
{ "type": "Feature", "properties": { "pid": 9, "street": "NW PETTYGROVE ST", "block_id": 487, "fclass": "UL", "w": 23.4, "s": 28.4, "d": 5.0, "l": 75.0, "lstyle": "CONCRETE", "rstyle": "STANDARD" }, "geometry": { "type": "Point", "coordinates": [ -122.685933985566322, 45.532881347045688 ] } },
{ "type": "Feature", "properties": { "pid": 10, "street": "NW 23RD AVE", "block_id": 505, "fclass": "UC", "w": 23.3, "s": 36.0, "d": 12.7, "l": 35.0, "lstyle": "UNKNOWN", "rstyle": "MONOLITH" }, "geometry": { "type": "Point", "coordinates": [ -122.698709334569585, 45.532084109039545 ] } },
{ "type": "Feature", "properties": { "pid": 11, "street": "NW NORTHRUP ST", "block_id": 541, "fclass": "UC", "w": 20.8, "s": 35.8, "d": 15.0, "l": 15.0, "lstyle": "UNKNOWN", "rstyle": "UNKNOWN" }, "geometry": { "type": "Point", "coordinates": [ -122.694482750576796, 45.531297708916291 ] } },
{ "type": "Feature", "properties": { "pid": 12, "street": "NW LURAY TER", "block_id": 571, "fclass": null, "w": 22.2, "s": 28.6, "d": 6.4, "l": 25.0, "lstyle": "UNKNOWN", "rstyle": "UNKNOWN" }, "geometry": { "type": "Point", "coordinates": [ -122.713284413390184, 45.530248917067269 ] } },
{ "type": "Feature", "properties": { "pid": 13, "street": "NW LURAY TER", "block_id": 571, "fclass": "UL", "w": 20.3, "s": 24.0, "d": 3.7, "l": 165.0, "lstyle": "UNKNOWN", "rstyle": "UNKNOWN" }, "geometry": { "type": "Point", "coordinates": [ -122.714603352938781, 45.531280452154256 ] } },
{ "type": "Feature", "properties": { "pid": 14, "street": "NW LOVEJOY ST", "block_id": 614, "fclass": "UC", "w": 17.9, "s": 35.9, "d": 18.0, "l": 10.0, "lstyle": "MODCURB", "rstyle": "UNKNOWN" }, "geometry": { "type": "Point", "coordinates": [ -122.69698471671478, 45.529824972525979 ] } },
{ "type": "Feature", "properties": { "pid": 15, "street": "NW LOVEJOY ST", "block_id": 616, "fclass": "UC", "w": 10.7, "s": 36.0, "d": 25.3, "l": 20.0, "lstyle": "MODCURB", "rstyle": "UNKNOWN" }, "geometry": { "type": "Point", "coordinates": [ -122.694702715754232, 45.529866988507884 ] } },
{ "type": "Feature", "properties": { "pid": 16, "street": "NW LOVEJOY ST", "block_id": 619, "fclass": "UC", "w": 19.3, "s": 36.0, "d": 16.7, "l": 20.0, "lstyle": "MODCURB", "rstyle": "UNKNOWN" }, "geometry": { "type": "Point", "coordinates": [ -122.69444915998308, 45.529871654109627 ] } },
{ "type": "Feature", "properties": { "pid": 17, "street": "NW CORNELL RD", "block_id": 497, "fclass": null, "w": 21.8, "s": 31.8, "d": 10.0, "l": 105.0, "lstyle": "UNKNOWN", "rstyle": "UNKNOWN" }, "geometry": { "type": "Point", "coordinates": [ -122.721146472614834, 45.528833275157538 ] } },
{ "type": "Feature", "properties": { "pid": 18, "street": "NW 19TH AVE", "block_id": 692, "fclass": "UC", "w": 14.5, "s": 36.1, "d": 21.6, "l": 35.0, "lstyle": "MODCURB", "rstyle": "MODCURB" }, "geometry": { "type": "Point", "coordinates": [ -122.690459860687312, 45.528614337445305 ] } },
{ "type": "Feature", "properties": { "pid": 19, "street": "NW IRVING ST", "block_id": 713, "fclass": "UL", "w": 24.0, "s": 40.0, "d": 16.0, "l": 10.0, "lstyle": "COMBO", "rstyle": "COMBO" }, "geometry": { "type": "Point", "coordinates": [ -122.700688677191408, 45.527617182169571 ] } },
{ "type": "Feature", "properties": { "pid": 20, "street": "NW IRVING ST", "block_id": 728, "fclass": "UL", "w": 20.7, "s": 29.9, "d": 9.2, "l": 10.0, "lstyle": "UNKNOWN", "rstyle": "UNKNOWN" }, "geometry": { "type": "Point", "coordinates": [ -122.688518444985959, 45.527840617016658 ] } },
{ "type": "Feature", "properties": { "pid": 21, "street": "NW IRVING ST", "block_id": 728, "fclass": "UL", "w": 19.1, "s": 29.9, "d": 10.8, "l": 15.0, "lstyle": "UNKNOWN", "rstyle": "STANDARD" }, "geometry": { "type": "Point", "coordinates": [ -122.689279084699038, 45.527826655951955 ] } },
{ "type": "Feature", "properties": { "pid": 22, "street": "NW CORNELL RD", "block_id": 497, "fclass": null, "w": 22.0, "s": 32.0, "d": 10.0, "l": 140.0, "lstyle": "UNKNOWN", "rstyle": "UNKNOWN" }, "geometry": { "type": "Point", "coordinates": [ -122.721510892910416, 45.528623489908632 ] } },
{ "type": "Feature", "properties": { "pid": 23, "street": "NW HOYT ST", "block_id": 763, "fclass": "UL", "w": 20.7, "s": 28.2, "d": 7.5, "l": 10.0, "lstyle": "UNKNOWN", "rstyle": "UNKNOWN" }, "geometry": { "type": "Point", "coordinates": [ -122.688491974364013, 45.52712776505178 ] } },
{ "type": "Feature", "properties": { "pid": 24, "street": "NW HOYT ST", "block_id": 763, "fclass": "UL", "w": 19.1, "s": 28.2, "d": 9.1, "l": 15.0, "lstyle": "STANDARD", "rstyle": "UNKNOWN" }, "geometry": { "type": "Point", "coordinates": [ -122.689272105907349, 45.527113447699811 ] } },
{ "type": "Feature", "properties": { "pid": 25, "street": "NW FLANDERS ST", "block_id": 852, "fclass": "UL", "w": 23.9, "s": 36.0, "d": 12.1, "l": 10.0, "lstyle": "STANDARD", "rstyle": "STANDARD" }, "geometry": { "type": "Point", "coordinates": [ -122.675391521864441, 45.525940719851434 ] } },
{ "type": "Feature", "properties": { "pid": 26, "street": "NW WESTOVER RD", "block_id": 876, "fclass": "MiC", "w": 23.6, "s": 36.2, "d": 12.6, "l": 10.0, "lstyle": "STANDARD", "rstyle": "STANDARD" }, "geometry": { "type": "Point", "coordinates": [ -122.699761887634111, 45.52483985893037 ] } },
{ "type": "Feature", "properties": { "pid": 27, "street": "NW DAVIS ST", "block_id": 937, "fclass": "UL", "w": 22.9, "s": 29.0, "d": 6.1, "l": 25.0, "lstyle": "STANDARD", "rstyle": "STANDARD" }, "geometry": { "type": "Point", "coordinates": [ -122.68134570284839, 45.524405323271665 ] } },
{ "type": "Feature", "properties": { "pid": 28, "street": "NW DAVIS ST", "block_id": 946, "fclass": "UC", "w": 23.9, "s": 35.8, "d": 11.9, "l": 10.0, "lstyle": "UNKNOWN", "rstyle": "UNKNOWN" }, "geometry": { "type": "Point", "coordinates": [ -122.675611980481349, 45.524510166010579 ] } },
{ "type": "Feature", "properties": { "pid": 29, "street": "NW DAVIS ST", "block_id": 948, "fclass": "UC", "w": 23.9, "s": 36.0, "d": 12.1, "l": 10.0, "lstyle": "STANDARD", "rstyle": "UNKNOWN" }, "geometry": { "type": "Point", "coordinates": [ -122.675358418613229, 45.524514658899051 ] } },
{ "type": "Feature", "properties": { "pid": 30, "street": "NW 23RD PL", "block_id": 959, "fclass": "UL", "w": 18.3, "s": 23.9, "d": 5.6, "l": 10.0, "lstyle": "UNKNOWN", "rstyle": "UNKNOWN" }, "geometry": { "type": "Point", "coordinates": [ -122.699449352005047, 45.524386927415925 ] } },
{ "type": "Feature", "properties": { "pid": 31, "street": "NW COUCH ST", "block_id": 980, "fclass": "UC", "w": 23.9, "s": 36.0, "d": 12.1, "l": 10.0, "lstyle": "UNKNOWN", "rstyle": "UNKNOWN" }, "geometry": { "type": "Point", "coordinates": [ -122.675332110517246, 45.523801802983797 ] } },
{ "type": "Feature", "properties": { "pid": 32, "street": "SW ALDER ST", "block_id": 1036, "fclass": "UMiA", "w": 20.3, "s": 27.0, "d": 6.7, "l": 30.0, "lstyle": "UNKNOWN", "rstyle": "STANDARD" }, "geometry": { "type": "Point", "coordinates": [ -122.689411799764429, 45.52272760775552 ] } },
{ "type": "Feature", "properties": { "pid": 33, "street": "SW HARVEY MILK ST", "block_id": 1048, "fclass": "MiC", "w": 22.6, "s": 35.2, "d": 12.6, "l": 10.0, "lstyle": "MODCURB", "rstyle": "MONOLITH" }, "geometry": { "type": "Point", "coordinates": [ -122.682959946911737, 45.522528841791988 ] } },
{ "type": "Feature", "properties": { "pid": 34, "street": "NW SEBLAR DR", "block_id": 1068, "fclass": "UL", "w": 20.9, "s": 27.4, "d": 6.5, "l": 85.0, "lstyle": "UNKNOWN", "rstyle": "UNKNOWN" }, "geometry": { "type": "Point", "coordinates": [ -122.722986906469515, 45.521715942556192 ] } },
{ "type": "Feature", "properties": { "pid": 35, "street": "SW MORRISON ST", "block_id": 1073, "fclass": "MiC", "w": 23.9, "s": 29.8, "d": 5.9, "l": 10.0, "lstyle": "UNKNOWN", "rstyle": "UNKNOWN" }, "geometry": { "type": "Point", "coordinates": [ -122.688309328285442, 45.521673610187179 ] } },
{ "type": "Feature", "properties": { "pid": 36, "street": "SW 15TH AVE", "block_id": 1090, "fclass": "UC", "w": 21.2, "s": 39.9, "d": 18.7, "l": 15.0, "lstyle": "UNKNOWN", "rstyle": "UNKNOWN" }, "geometry": { "type": "Point", "coordinates": [ -122.687132020969813, 45.521459210952472 ] } },
{ "type": "Feature", "properties": { "pid": 37, "street": "SW 17TH AVE", "block_id": 1095, "fclass": "MiC", "w": 18.2, "s": 31.9, "d": 13.7, "l": 45.0, "lstyle": "UNKNOWN", "rstyle": "UNKNOWN" }, "geometry": { "type": "Point", "coordinates": [ -122.689459889329939, 45.521321172109225 ] } },
{ "type": "Feature", "properties": { "pid": 38, "street": "SW YAMHILL ST", "block_id": 1096, "fclass": null, "w": 9.8, "s": 15.4, "d": 5.6, "l": 10.0, "lstyle": "UNKNOWN", "rstyle": "UNKNOWN" }, "geometry": { "type": "Point", "coordinates": [ -122.690274173824307, 45.521436156949541 ] } },
{ "type": "Feature", "properties": { "pid": 39, "street": "SW BROADWAY", "block_id": 1102, "fclass": "UMiA", "w": 22.9, "s": 33.6, "d": 10.7, "l": 30.0, "lstyle": "MODCURB", "rstyle": "MODCURB" }, "geometry": { "type": "Point", "coordinates": [ -122.678469424882621, 45.521505338809391 ] } },
{ "type": "Feature", "properties": { "pid": 40, "street": "SW MORRISON ST", "block_id": 1106, "fclass": "MiC", "w": 22.1, "s": 30.1, "d": 8.0, "l": 20.0, "lstyle": "UNKNOWN", "rstyle": "UNKNOWN" }, "geometry": { "type": "Point", "coordinates": [ -122.686358761976408, 45.5211458294552 ] } },
{ "type": "Feature", "properties": { "pid": 41, "street": "SW YAMHILL ST", "block_id": 1110, "fclass": "MiC", "w": 23.9, "s": 31.5, "d": 7.6, "l": 10.0, "lstyle": "UNKNOWN", "rstyle": "UNKNOWN" }, "geometry": { "type": "Point", "coordinates": [ -122.688670187390301, 45.521007164116064 ] } },
{ "type": "Feature", "properties": { "pid": 42, "street": "SW 15TH AVE", "block_id": 1128, "fclass": "UC", "w": 22.0, "s": 35.9, "d": 13.9, "l": 10.0, "lstyle": "UNKNOWN", "rstyle": "UNKNOWN" }, "geometry": { "type": "Point", "coordinates": [ -122.687224304943172, 45.521289639376086 ] } },
{ "type": "Feature", "properties": { "pid": 43, "street": "SW YAMHILL ST", "block_id": 1129, "fclass": "MiC", "w": 23.9, "s": 29.9, "d": 6.0, "l": 20.0, "lstyle": "UNKNOWN", "rstyle": "UNKNOWN" }, "geometry": { "type": "Point", "coordinates": [ -122.68764881736432, 45.520733873106749 ] } },
{ "type": "Feature", "properties": { "pid": 44, "street": "SW YAMHILL ST", "block_id": 1129, "fclass": "MiC", "w": 23.6, "s": 29.9, "d": 6.3, "l": 25.0, "lstyle": "UNKNOWN", "rstyle": "UNKNOWN" }, "geometry": { "type": "Point", "coordinates": [ -122.688323415550016, 45.520914378382955 ] } },
{ "type": "Feature", "properties": { "pid": 45, "street": "SW 20TH AVE", "block_id": 1130, "fclass": "UL", "w": 21.8, "s": 28.9, "d": 7.1, "l": 100.0, "lstyle": "UNKNOWN", "rstyle": "STANDARD" }, "geometry": { "type": "Point", "coordinates": [ -122.693014598065986, 45.521687038502556 ] } },
{ "type": "Feature", "properties": { "pid": 46, "street": "SW 17TH AVE", "block_id": 1134, "fclass": "UL", "w": 19.8, "s": 36.0, "d": 16.2, "l": 20.0, "lstyle": "STANDARD", "rstyle": "UNKNOWN" }, "geometry": { "type": "Point", "coordinates": [ -122.689563979080106, 45.521128928542836 ] } },
{ "type": "Feature", "properties": { "pid": 47, "street": "SW YAMHILL ST", "block_id": 1145, "fclass": "MiC", "w": 23.6, "s": 29.9, "d": 6.3, "l": 30.0, "lstyle": "UNKNOWN", "rstyle": "UNKNOWN" }, "geometry": { "type": "Point", "coordinates": [ -122.686761857623466, 45.520493966286786 ] } },
{ "type": "Feature", "properties": { "pid": 48, "street": "SW 15TH AVE", "block_id": 1164, "fclass": "UC", "w": 23.7, "s": 36.1, "d": 12.4, "l": 10.0, "lstyle": "UNKNOWN", "rstyle": "UNKNOWN" }, "geometry": { "type": "Point", "coordinates": [ -122.687581062161115, 45.520627705579749 ] } },
{ "type": "Feature", "properties": { "pid": 49, "street": "SW WASHINGTON ST", "block_id": 1173, "fclass": "UMiA", "w": 23.9, "s": 35.9, "d": 12.0, "l": 25.0, "lstyle": "UNKNOWN", "rstyle": "UNKNOWN" }, "geometry": { "type": "Point", "coordinates": [ -122.677053503452569, 45.520187546673462 ] } },
{ "type": "Feature", "properties": { "pid": 50, "street": "SW WASHINGTON ST", "block_id": 1187, "fclass": "UMiA", "w": 24.0, "s": 36.0, "d": 12.0, "l": 10.0, "lstyle": "STANDARD", "rstyle": "UNKNOWN" }, "geometry": { "type": "Point", "coordinates": [ -122.676688820171535, 45.520089992493823 ] } },
{ "type": "Feature", "properties": { "pid": 51, "street": "SW BROADWAY", "block_id": 1202, "fclass": "UMiA", "w": 23.4, "s": 39.1, "d": 15.7, "l": 10.0, "lstyle": "MODCURB", "rstyle": "UNKNOWN" }, "geometry": { "type": "Point", "coordinates": [ -122.679593344233382, 45.519428998932945 ] } },
{ "type": "Feature", "properties": { "pid": 52, "street": "SW MADISON ST", "block_id": 1215, "fclass": "UL", "w": 23.9, "s": 35.9, "d": 12.0, "l": 10.0, "lstyle": "UNKNOWN", "rstyle": "UNKNOWN" }, "geometry": { "type": "Point", "coordinates": [ -122.69254128763852, 45.518724067427506 ] } },
{ "type": "Feature", "properties": { "pid": 53, "street": "SW 1ST AVE", "block_id": 1216, "fclass": "UC", "w": 4.1, "s": 28.9, "d": 24.8, "l": 90.0, "lstyle": "UNKNOWN", "rstyle": "UNKNOWN" }, "geometry": { "type": "Point", "coordinates": [ -122.672851750493706, 45.519166007916837 ] } },
{ "type": "Feature", "properties": { "pid": 54, "street": "SW MORRISON ST", "block_id": 1220, "fclass": "UC", "w": 23.9, "s": 29.8, "d": 5.9, "l": 20.0, "lstyle": "UNKNOWN", "rstyle": "UNKNOWN" }, "geometry": { "type": "Point", "coordinates": [ -122.677738594322832, 45.518844843887187 ] } },
{ "type": "Feature", "properties": { "pid": 55, "street": "SW BROADWAY", "block_id": 1223, "fclass": "UMiA", "w": 23.7, "s": 32.5, "d": 8.8, "l": 15.0, "lstyle": "MODCURB", "rstyle": "UNKNOWN" }, "geometry": { "type": "Point", "coordinates": [ -122.679676635992209, 45.519275215366619 ] } },
{ "type": "Feature", "properties": { "pid": 56, "street": "SW PARK AVE", "block_id": 1244, "fclass": "UC", "w": 13.3, "s": 20.4, "d": 7.1, "l": 30.0, "lstyle": "EDGE", "rstyle": "UNKNOWN" }, "geometry": { "type": "Point", "coordinates": [ -122.681010632177845, 45.518854469462021 ] } },
{ "type": "Feature", "properties": { "pid": 57, "street": "SW PARK AVE", "block_id": 1244, "fclass": "UC", "w": 13.3, "s": 20.4, "d": 7.1, "l": 15.0, "lstyle": "EDGE", "rstyle": "UNKNOWN" }, "geometry": { "type": "Point", "coordinates": [ -122.681108005106395, 45.51867513681546 ] } },
{ "type": "Feature", "properties": { "pid": 58, "street": "SW ALDER ST", "block_id": 1247, "fclass": "UC", "w": 2.4, "s": 32.5, "d": 30.1, "l": 40.0, "lstyle": "UNKNOWN", "rstyle": "UNKNOWN" }, "geometry": { "type": "Point", "coordinates": [ -122.673852036538918, 45.518560095311862 ] } },
{ "type": "Feature", "properties": { "pid": 59, "street": "SW BROADWAY", "block_id": 1257, "fclass": "UMiA", "w": 23.2, "s": 39.6, "d": 16.4, "l": 10.0, "lstyle": "MODCURB", "rstyle": "UNKNOWN" }, "geometry": { "type": "Point", "coordinates": [ -122.680065761973808, 45.51855771768237 ] } },
{ "type": "Feature", "properties": { "pid": 60, "street": "SW MADISON ST", "block_id": 1394, "fclass": "UC", "w": 22.7, "s": 28.6, "d": 5.9, "l": 10.0, "lstyle": "STANDARD", "rstyle": "STANDARD" }, "geometry": { "type": "Point", "coordinates": [ -122.679513579827017, 45.515498472153396 ] } },
{ "type": "Feature", "properties": { "pid": 61, "street": "SW MADISON ST", "block_id": 1394, "fclass": "UC", "w": 22.8, "s": 28.6, "d": 5.8, "l": 30.0, "lstyle": "STANDARD", "rstyle": "STANDARD" }, "geometry": { "type": "Point", "coordinates": [ -122.68029744394984, 45.515708298266212 ] } },
{ "type": "Feature", "properties": { "pid": 62, "street": "SW 5TH AVE-I405 FWY RAMP", "block_id": 1620, "fclass": null, "w": 23.4, "s": 29.2, "d": 5.8, "l": 55.0, "lstyle": "UNKNOWN", "rstyle": "STANDARD" }, "geometry": { "type": "Point", "coordinates": [ -122.683437448743263, 45.507772296690334 ] } },
{ "type": "Feature", "properties": { "pid": 63, "street": "SW MONTGOMERY DR", "block_id": 1683, "fclass": "UL", "w": 20.1, "s": 28.1, "d": 8.0, "l": 15.0, "lstyle": "UNKNOWN", "rstyle": "UNKNOWN" }, "geometry": { "type": "Point", "coordinates": [ -122.705327786973442, 45.504211096131314 ] } },
{ "type": "Feature", "properties": { "pid": 64, "street": "SW BEAVERTON AVE", "block_id": 1834, "fclass": "UL", "w": 17.2, "s": 24.0, "d": 6.8, "l": 60.0, "lstyle": "UNKNOWN", "rstyle": "UNKNOWN" }, "geometry": { "type": "Point", "coordinates": [ -122.703491547328923, 45.49520150977343 ] } },
{ "type": "Feature", "properties": { "pid": 65, "street": "SW WASHOUGA AVE", "block_id": 1881, "fclass": "UL", "w": 14.6, "s": 23.8, "d": 9.2, "l": 175.0, "lstyle": "UNKNOWN", "rstyle": "UNKNOWN" }, "geometry": { "type": "Point", "coordinates": [ -122.706510208916455, 45.493523224593375 ] } },
{ "type": "Feature", "properties": { "pid": 66, "street": "SW VIEW POINT TER", "block_id": 1983, "fclass": "UL", "w": 18.0, "s": 35.9, "d": 17.9, "l": 20.0, "lstyle": "UNKNOWN", "rstyle": "STANDARD" }, "geometry": { "type": "Point", "coordinates": [ -122.677815810320126, 45.491590575688342 ] } },
{ "type": "Feature", "properties": { "pid": 67, "street": "SW VIEW POINT TER", "block_id": 1983, "fclass": "UL", "w": 3.0, "s": 35.9, "d": 32.9, "l": 10.0, "lstyle": "STANDARD", "rstyle": "STANDARD" }, "geometry": { "type": "Point", "coordinates": [ -122.677817100851129, 45.491535734478646 ] } },
{ "type": "Feature", "properties": { "pid": 68, "street": "SW TYROL ST", "block_id": 2130, "fclass": "UL", "w": 17.9, "s": 23.7, "d": 5.8, "l": 25.0, "lstyle": "UNKNOWN", "rstyle": "UNKNOWN" }, "geometry": { "type": "Point", "coordinates": [ -122.698948441793718, 45.487359517613598 ] } },
{ "type": "Feature", "properties": { "pid": 69, "street": "SW VIEW POINT TER", "block_id": 2222, "fclass": "UL", "w": 20.4, "s": 24.0, "d": 3.6, "l": 10.0, "lstyle": "UNKNOWN", "rstyle": "UNKNOWN" }, "geometry": { "type": "Point", "coordinates": [ -122.677809858833925, 45.483880312798291 ] } },
{ "type": "Feature", "properties": { "pid": 70, "street": "SW CUSTER ST", "block_id": 2625, "fclass": "UL", "w": 23.3, "s": 27.0, "d": 3.7, "l": 50.0, "lstyle": "UNKNOWN", "rstyle": "UNKNOWN" }, "geometry": { "type": "Point", "coordinates": [ -122.713877401506338, 45.469685360837339 ] } },
{ "type": "Feature", "properties": { "pid": 71, "street": "SW 4TH AVE", "block_id": 2700, "fclass": "UL", "w": 18.0, "s": 27.1, "d": 9.1, "l": 300.0, "lstyle": "UNKNOWN", "rstyle": "UNKNOWN" }, "geometry": { "type": "Point", "coordinates": [ -122.68598032483861, 45.4690487173118 ] } },
{ "type": "Feature", "properties": { "pid": 72, "street": "SW 52ND AVE", "block_id": 2847, "fclass": "UL", "w": 22.0, "s": 27.4, "d": 5.4, "l": 140.0, "lstyle": "UNKNOWN", "rstyle": "UNKNOWN" }, "geometry": { "type": "Point", "coordinates": [ -122.730889315206156, 45.464273017899508 ] } },
{ "type": "Feature", "properties": { "pid": 73, "street": "SW 47TH AVE", "block_id": 7, "fclass": "UL", "w": 20.0, "s": 32.2, "d": 12.2, "l": 140.0, "lstyle": "UNKNOWN", "rstyle": "UNKNOWN" }, "geometry": { "type": "Point", "coordinates": [ -122.725135514816685, 45.463059006690926 ] } },
{ "type": "Feature", "properties": { "pid": 74, "street": "SW 50TH AVE", "block_id": 2890, "fclass": "UL", "w": 23.9, "s": 31.9, "d": 8.0, "l": 45.0, "lstyle": "UNKNOWN", "rstyle": "UNKNOWN" }, "geometry": { "type": "Point", "coordinates": [ -122.727825408319305, 45.463290740095545 ] } },
{ "type": "Feature", "properties": { "pid": 75, "street": "SW DOLPH CT", "block_id": 2912, "fclass": "UL", "w": 19.9, "s": 32.0, "d": 12.1, "l": 40.0, "lstyle": "UNKNOWN", "rstyle": "UNKNOWN" }, "geometry": { "type": "Point", "coordinates": [ -122.729547040091205, 45.461870330616335 ] } },
{ "type": "Feature", "properties": { "pid": 76, "street": "SW MARIGOLD ST", "block_id": 2982, "fclass": "UL", "w": 18.9, "s": 27.8, "d": 8.9, "l": 135.0, "lstyle": "COMBO", "rstyle": "STANDARD" }, "geometry": { "type": "Point", "coordinates": [ -122.708788482371389, 45.460778628795076 ] } },
{ "type": "Feature", "properties": { "pid": 77, "street": "SW MARIGOLD ST", "block_id": 2982, "fclass": "UL", "w": 23.9, "s": 27.8, "d": 3.9, "l": 15.0, "lstyle": "CUTOUT_S", "rstyle": "UNKNOWN" }, "geometry": { "type": "Point", "coordinates": [ -122.709730997832068, 45.460566953486428 ] } },
{ "type": "Feature", "properties": { "pid": 78, "street": "SW MARIGOLD ST", "block_id": 2982, "fclass": "UL", "w": 23.9, "s": 27.8, "d": 3.9, "l": 10.0, "lstyle": "CUTOUT_S", "rstyle": "UNKNOWN" }, "geometry": { "type": "Point", "coordinates": [ -122.709789856080491, 45.460531234241138 ] } },
{ "type": "Feature", "properties": { "pid": 79, "street": "SW MARIGOLD ST", "block_id": 2982, "fclass": "UL", "w": 23.9, "s": 27.8, "d": 3.9, "l": 10.0, "lstyle": "CUTOUT_S", "rstyle": "UNKNOWN" }, "geometry": { "type": "Point", "coordinates": [ -122.709903800839058, 45.460478736789611 ] } },
{ "type": "Feature", "properties": { "pid": 80, "street": "SW 7TH AVE", "block_id": 3008, "fclass": "UL", "w": 20.0, "s": 26.0, "d": 6.0, "l": 105.0, "lstyle": "UNKNOWN", "rstyle": "UNKNOWN" }, "geometry": { "type": "Point", "coordinates": [ -122.685960964512475, 45.460069137967771 ] } },
{ "type": "Feature", "properties": { "pid": 81, "street": "SW DICKINSON ST", "block_id": 3278, "fclass": "UL", "w": 22.8, "s": 40.9, "d": 18.1, "l": 25.0, "lstyle": "STANDARD", "rstyle": "COMBO" }, "geometry": { "type": "Point", "coordinates": [ -122.725470165470597, 45.447544822214965 ] } },
{ "type": "Feature", "properties": { "pid": 82, "street": "SW PASADENA ST", "block_id": 3327, "fclass": "UL", "w": 19.9, "s": 26.1, "d": 6.2, "l": 220.0, "lstyle": "UNKNOWN", "rstyle": "STANDARD" }, "geometry": { "type": "Point", "coordinates": [ -122.716988339899288, 45.446091518386545 ] } },
{ "type": "Feature", "properties": { "pid": 83, "street": "SW PASADENA ST", "block_id": 3329, "fclass": "UL", "w": 20.0, "s": 26.0, "d": 6.0, "l": 85.0, "lstyle": "UNKNOWN", "rstyle": "UNKNOWN" }, "geometry": { "type": "Point", "coordinates": [ -122.714992472648589, 45.446092049405927 ] } },
{ "type": "Feature", "properties": { "pid": 84, "street": "SW PALATINE ST", "block_id": 3389, "fclass": "UL", "w": 20.1, "s": 26.0, "d": 5.9, "l": 75.0, "lstyle": "UNKNOWN", "rstyle": "UNKNOWN" }, "geometry": { "type": "Point", "coordinates": [ -122.723428032946217, 45.443954828719889 ] } },
{ "type": "Feature", "properties": { "pid": 85, "street": "N COLUMBIA BLVD", "block_id": 3852, "fclass": "UPAO", "w": 11.9, "s": 63.9, "d": 52.0, "l": 15.0, "lstyle": "UNKNOWN", "rstyle": "UNKNOWN" }, "geometry": { "type": "Point", "coordinates": [ -122.727067214892941, 45.594722677615586 ] } },
{ "type": "Feature", "properties": { "pid": 86, "street": "N EDISON ST", "block_id": 4158, "fclass": "UL", "w": 22.6, "s": 27.2, "d": 4.6, "l": 15.0, "lstyle": "STANDARD", "rstyle": "STANDARD" }, "geometry": { "type": "Point", "coordinates": [ -122.755162596687143, 45.586401617578971 ] } },
{ "type": "Feature", "properties": { "pid": 87, "street": "N EDISON ST", "block_id": 4171, "fclass": "UL", "w": 22.6, "s": 28.3, "d": 5.7, "l": 55.0, "lstyle": "STANDARD", "rstyle": "STANDARD" }, "geometry": { "type": "Point", "coordinates": [ -122.754771754049045, 45.586276254716701 ] } },
{ "type": "Feature", "properties": { "pid": 88, "street": "N WINCHELL ST", "block_id": 4610, "fclass": "UL", "w": 20.6, "s": 26.6, "d": 6.0, "l": 70.0, "lstyle": "COMBO", "rstyle": "COMBO" }, "geometry": { "type": "Point", "coordinates": [ -122.679547575817381, 45.580694350228264 ] } },
{ "type": "Feature", "properties": { "pid": 89, "street": "N VAN HOUTEN AVE", "block_id": 4953, "fclass": "UL", "w": 21.0, "s": 32.1, "d": 11.1, "l": 10.0, "lstyle": "UNKNOWN", "rstyle": "UNKNOWN" }, "geometry": { "type": "Point", "coordinates": [ -122.730858774549034, 45.575957458252489 ] } },
{ "type": "Feature", "properties": { "pid": 90, "street": "N WARREN ST", "block_id": 4954, "fclass": "UL", "w": 19.2, "s": 42.9, "d": 23.7, "l": 15.0, "lstyle": "UNKNOWN", "rstyle": "UNKNOWN" }, "geometry": { "type": "Point", "coordinates": [ -122.731034136122204, 45.575928887996021 ] } },
{ "type": "Feature", "properties": { "pid": 91, "street": "N WARREN ST", "block_id": 4954, "fclass": "UL", "w": 19.1, "s": 42.9, "d": 23.8, "l": 15.0, "lstyle": "UNKNOWN", "rstyle": "UNKNOWN" }, "geometry": { "type": "Point", "coordinates": [ -122.732159418811207, 45.576341011779824 ] } },
{ "type": "Feature", "properties": { "pid": 92, "street": "N MONTEITH AVE", "block_id": 4934, "fclass": null, "w": 21.9, "s": 33.9, "d": 12.0, "l": 25.0, "lstyle": "UNKNOWN", "rstyle": "UNKNOWN" }, "geometry": { "type": "Point", "coordinates": [ -122.732740637214022, 45.575755832989529 ] } },
{ "type": "Feature", "properties": { "pid": 93, "street": "N WARREN ST", "block_id": 4969, "fclass": "UL", "w": 19.2, "s": 43.1, "d": 23.9, "l": 15.0, "lstyle": "UNKNOWN", "rstyle": "UNKNOWN" }, "geometry": { "type": "Point", "coordinates": [ -122.730783120060053, 45.575836957311331 ] } },
{ "type": "Feature", "properties": { "pid": 94, "street": "N WARREN ST", "block_id": 4969, "fclass": null, "w": 20.6, "s": 32.0, "d": 11.4, "l": 15.0, "lstyle": "STANDARD", "rstyle": "UNKNOWN" }, "geometry": { "type": "Point", "coordinates": [ -122.729548806961375, 45.575384913196814 ] } },
{ "type": "Feature", "properties": { "pid": 95, "street": "N STRONG ST", "block_id": 4934, "fclass": "UC", "w": 19.1, "s": 42.9, "d": 23.8, "l": 20.0, "lstyle": "UNKNOWN", "rstyle": "UNKNOWN" }, "geometry": { "type": "Point", "coordinates": [ -122.731563271371542, 45.575216379288463 ] } },
{ "type": "Feature", "properties": { "pid": 96, "street": "N STRONG ST", "block_id": 4934, "fclass": "UC", "w": 19.1, "s": 42.9, "d": 23.8, "l": 35.0, "lstyle": "UNKNOWN", "rstyle": "UNKNOWN" }, "geometry": { "type": "Point", "coordinates": [ -122.732636606955793, 45.575609474815309 ] } },
{ "type": "Feature", "properties": { "pid": 97, "street": "N BRYANT ST", "block_id": 5161, "fclass": "UL", "w": 14.0, "s": 27.4, "d": 13.4, "l": 10.0, "lstyle": "MODCURB", "rstyle": "UNKNOWN" }, "geometry": { "type": "Point", "coordinates": [ -122.702665126408561, 45.573602937057025 ] } },
{ "type": "Feature", "properties": { "pid": 98, "street": "NE HOLMAN ST", "block_id": 5707, "fclass": "UC", "w": 22.0, "s": 28.1, "d": 6.1, "l": 40.0, "lstyle": "UNKNOWN", "rstyle": "THICK" }, "geometry": { "type": "Point", "coordinates": [ -122.630510940485351, 45.568249555192189 ] } },
{ "type": "Feature", "properties": { "pid": 99, "street": "N MISSISSIPPI AVE", "block_id": 6088, "fclass": "UL", "w": 22.0, "s": 36.1, "d": 14.1, "l": 55.0, "lstyle": "STANDARD", "rstyle": "COMBO" }, "geometry": { "type": "Point", "coordinates": [ -122.675987266810409, 45.563532740589977 ] } },
{ "type": "Feature", "properties": { "pid": 100, "street": "N KERBY AVE", "block_id": 6172, "fclass": "UL", "w": 12.3, "s": 28.2, "d": 15.9, "l": 50.0, "lstyle": "THICK", "rstyle": "THICK" }, "geometry": { "type": "Point", "coordinates": [ -122.672954374761602, 45.562581993912183 ] } },
{ "type": "Feature", "properties": { "pid": 101, "street": "NE 91ST AVE", "block_id": 6338, "fclass": "UL", "w": 21.5, "s": 27.6, "d": 6.1, "l": 10.0, "lstyle": "UNKNOWN", "rstyle": "UNKNOWN" }, "geometry": { "type": "Point", "coordinates": [ -122.56893376282143, 45.561958643165795 ] } },
{ "type": "Feature", "properties": { "pid": 102, "street": "N ALBERTA ST", "block_id": 6444, "fclass": "UC", "w": 19.0, "s": 36.0, "d": 17.0, "l": 20.0, "lstyle": "UNKNOWN", "rstyle": "MODCURB" }, "geometry": { "type": "Point", "coordinates": [ -122.675191889969298, 45.559016994380471 ] } },
{ "type": "Feature", "properties": { "pid": 103, "street": "N ALBERTA ST", "block_id": 6447, "fclass": "UC", "w": 19.7, "s": 35.9, "d": 16.2, "l": 15.0, "lstyle": "UNKNOWN", "rstyle": "MODCURB" }, "geometry": { "type": "Point", "coordinates": [ -122.674880339701872, 45.559018284304727 ] } },
{ "type": "Feature", "properties": { "pid": 104, "street": "NE ALBERTA ST", "block_id": 6536, "fclass": "UC", "w": 20.7, "s": 33.4, "d": 12.7, "l": 10.0, "lstyle": "MONOLITH", "rstyle": "MONOLITH" }, "geometry": { "type": "Point", "coordinates": [ -122.638017133723167, 45.559054545577084 ] } },
{ "type": "Feature", "properties": { "pid": 105, "street": "NE ALBERTA ST", "block_id": 6542, "fclass": "UC", "w": 21.0, "s": 33.6, "d": 12.6, "l": 10.0, "lstyle": "MONOLITH", "rstyle": "MONOLITH" }, "geometry": { "type": "Point", "coordinates": [ -122.63778285067842, 45.559053511539126 ] } },
{ "type": "Feature", "properties": { "pid": 106, "street": "NE 31ST AVE", "block_id": 6554, "fclass": "UL", "w": 22.3, "s": 35.9, "d": 13.6, "l": 10.0, "lstyle": "STANDARD", "rstyle": "STANDARD" }, "geometry": { "type": "Point", "coordinates": [ -122.633839253930702, 45.559120410697737 ] } },
{ "type": "Feature", "properties": { "pid": 107, "street": "NE 32ND AVE", "block_id": 6558, "fclass": "UL", "w": 22.2, "s": 35.7, "d": 13.5, "l": 10.0, "lstyle": "UNKNOWN", "rstyle": "UNKNOWN" }, "geometry": { "type": "Point", "coordinates": [ -122.632784168229762, 45.559115411211756 ] } },
{ "type": "Feature", "properties": { "pid": 108, "street": "N GANTENBEIN AVE", "block_id": 6570, "fclass": "UL", "w": 18.3, "s": 41.4, "d": 23.1, "l": 10.0, "lstyle": "STANDARD", "rstyle": "STANDARD" }, "geometry": { "type": "Point", "coordinates": [ -122.668984750647837, 45.558322104181578 ] } },
{ "type": "Feature", "properties": { "pid": 109, "street": "NE 33RD AVE", "block_id": 6848, "fclass": null, "w": 23.9, "s": 29.8, "d": 5.9, "l": 10.0, "lstyle": "STANDARD", "rstyle": "MONOLITH" }, "geometry": { "type": "Point", "coordinates": [ -122.63067968745753, 45.556626798772314 ] } },
{ "type": "Feature", "properties": { "pid": 110, "street": "NE ALTON ST", "block_id": 7567, "fclass": "UL", "w": 23.9, "s": 27.9, "d": 4.0, "l": 230.0, "lstyle": "UNKNOWN", "rstyle": "UNKNOWN" }, "geometry": { "type": "Point", "coordinates": [ -122.598482388785371, 45.550359312260824 ] } },
{ "type": "Feature", "properties": { "pid": 111, "street": "NE 71ST AVE", "block_id": 7782, "fclass": "UL", "w": 23.9, "s": 33.3, "d": 9.4, "l": 140.0, "lstyle": "UNKNOWN", "rstyle": "UNKNOWN" }, "geometry": { "type": "Point", "coordinates": [ -122.590240709302364, 45.549565066105451 ] } },
{ "type": "Feature", "properties": { "pid": 112, "street": "NE 7TH AVE", "block_id": 7836, "fclass": "UC", "w": 22.4, "s": 34.5, "d": 12.1, "l": 25.0, "lstyle": "UNKNOWN", "rstyle": "UNKNOWN" }, "geometry": { "type": "Point", "coordinates": [ -122.658578968631062, 45.546470908183188 ] } },
{ "type": "Feature", "properties": { "pid": 113, "street": "NE KLICKITAT ST", "block_id": 7850, "fclass": "UL", "w": 22.3, "s": 28.5, "d": 6.2, "l": 20.0, "lstyle": "THICK", "rstyle": "UNKNOWN" }, "geometry": { "type": "Point", "coordinates": [ -122.63355246656181, 45.546717844783025 ] } },
{ "type": "Feature", "properties": { "pid": 114, "street": "NE 32ND PL", "block_id": 7854, "fclass": "UL", "w": 20.6, "s": 28.1, "d": 7.5, "l": 30.0, "lstyle": "THICK", "rstyle": "THICK" }, "geometry": { "type": "Point", "coordinates": [ -122.631719259847159, 45.546861137683194 ] } },
{ "type": "Feature", "properties": { "pid": 115, "street": "NE 7TH AVE", "block_id": 7906, "fclass": "UC", "w": 22.4, "s": 34.4, "d": 12.0, "l": 25.0, "lstyle": "UNKNOWN", "rstyle": "UNKNOWN" }, "geometry": { "type": "Point", "coordinates": [ -122.658584335753531, 45.545617685073189 ] } },
{ "type": "Feature", "properties": { "pid": 116, "street": "NE 7TH AVE", "block_id": 7906, "fclass": "UC", "w": 22.4, "s": 34.4, "d": 12.0, "l": 25.0, "lstyle": "UNKNOWN", "rstyle": "UNKNOWN" }, "geometry": { "type": "Point", "coordinates": [ -122.658580367546762, 45.546248489630727 ] } },
{ "type": "Feature", "properties": { "pid": 117, "street": "NE SISKIYOU ST", "block_id": 7940, "fclass": "UL", "w": 20.0, "s": 27.9, "d": 7.9, "l": 45.0, "lstyle": "THICK", "rstyle": "THICK" }, "geometry": { "type": "Point", "coordinates": [ -122.650295416528365, 45.545188787452382 ] } },
{ "type": "Feature", "properties": { "pid": 118, "street": "NE 21ST AVE", "block_id": 7954, "fclass": "MiC", "w": 23.9, "s": 36.1, "d": 12.2, "l": 10.0, "lstyle": "UNKNOWN", "rstyle": "STANDARD" }, "geometry": { "type": "Point", "coordinates": [ -122.644223827937353, 45.545248580234762 ] } },
{ "type": "Feature", "properties": { "pid": 119, "street": "NE SISKIYOU ST", "block_id": 7979, "fclass": "UL", "w": 14.1, "s": 28.1, "d": 14.0, "l": 50.0, "lstyle": "STANDARD", "rstyle": "STANDARD" }, "geometry": { "type": "Point", "coordinates": [ -122.62745502117663, 45.545348495076922 ] } },
{ "type": "Feature", "properties": { "pid": 120, "street": "NE 7TH AVE", "block_id": 7985, "fclass": "UC", "w": 22.3, "s": 34.4, "d": 12.1, "l": 20.0, "lstyle": "UNKNOWN", "rstyle": "STANDARD" }, "geometry": { "type": "Point", "coordinates": [ -122.658587539096473, 45.545107574972739 ] } },
{ "type": "Feature", "properties": { "pid": 121, "street": "NE 7TH AVE", "block_id": 8046, "fclass": "UC", "w": 22.3, "s": 34.2, "d": 11.9, "l": 25.0, "lstyle": "UNKNOWN", "rstyle": "UNKNOWN" }, "geometry": { "type": "Point", "coordinates": [ -122.658594492948311, 45.543916453279174 ] } },
{ "type": "Feature", "properties": { "pid": 122, "street": "NE KNOTT ST", "block_id": 8214, "fclass": "UL", "w": 22.0, "s": 27.7, "d": 5.7, "l": 25.0, "lstyle": "UNKNOWN", "rstyle": "UNKNOWN" }, "geometry": { "type": "Point", "coordinates": [ -122.663973902621379, 45.54189255229344 ] } },
{ "type": "Feature", "properties": { "pid": 123, "street": "NE KNOTT ST", "block_id": 8214, "fclass": "UL", "w": 21.9, "s": 27.7, "d": 5.8, "l": 35.0, "lstyle": "UNKNOWN", "rstyle": "UNKNOWN" }, "geometry": { "type": "Point", "coordinates": [ -122.662998173533097, 45.541889653912506 ] } },
{ "type": "Feature", "properties": { "pid": 124, "street": "NE KNOTT ST", "block_id": 8214, "fclass": "UL", "w": 21.7, "s": 27.7, "d": 6.0, "l": 110.0, "lstyle": "UNKNOWN", "rstyle": "UNKNOWN" }, "geometry": { "type": "Point", "coordinates": [ -122.661788269602212, 45.54188604841989 ] } },
{ "type": "Feature", "properties": { "pid": 125, "street": "NE 7TH AVE", "block_id": 8309, "fclass": "UC", "w": 22.6, "s": 34.6, "d": 12.0, "l": 10.0, "lstyle": "UNKNOWN", "rstyle": "UNKNOWN" }, "geometry": { "type": "Point", "coordinates": [ -122.658614892911913, 45.54063842585024 ] } },
{ "type": "Feature", "properties": { "pid": 126, "street": "NE 7TH AVE", "block_id": 8390, "fclass": "UC", "w": 23.8, "s": 36.1, "d": 12.3, "l": 15.0, "lstyle": "UNKNOWN", "rstyle": "MONOLITH" }, "geometry": { "type": "Point", "coordinates": [ -122.658617604349871, 45.540324711157432 ] } },
{ "type": "Feature", "properties": { "pid": 127, "street": "NE 7TH AVE", "block_id": 8400, "fclass": "UC", "w": 23.9, "s": 35.8, "d": 11.9, "l": 20.0, "lstyle": "UNKNOWN", "rstyle": "UNKNOWN" }, "geometry": { "type": "Point", "coordinates": [ -122.658625026148471, 45.539142961758614 ] } },
{ "type": "Feature", "properties": { "pid": 128, "street": "NE 33RD AVE", "block_id": 8455, "fclass": "UMiA", "w": 20.0, "s": 36.1, "d": 16.1, "l": 15.0, "lstyle": "STANDARD", "rstyle": "STANDARD" }, "geometry": { "type": "Point", "coordinates": [ -122.630683402682322, 45.539060904253269 ] } },
{ "type": "Feature", "properties": { "pid": 129, "street": "NE 33RD AVE", "block_id": 8455, "fclass": "UMiA", "w": 20.5, "s": 36.1, "d": 15.6, "l": 15.0, "lstyle": "STANDARD", "rstyle": "UNKNOWN" }, "geometry": { "type": "Point", "coordinates": [ -122.630688836617708, 45.540034622038469 ] } },
{ "type": "Feature", "properties": { "pid": 130, "street": "NE 49TH AVE", "block_id": 8471, "fclass": "UL", "w": 23.9, "s": 33.9, "d": 10.0, "l": 165.0, "lstyle": "UNKNOWN", "rstyle": "UNKNOWN" }, "geometry": { "type": "Point", "coordinates": [ -122.612958507423812, 45.540492024235881 ] } },
{ "type": "Feature", "properties": { "pid": 131, "street": "NE 46TH AVE", "block_id": 8472, "fclass": "UL", "w": 20.4, "s": 24.0, "d": 3.6, "l": 10.0, "lstyle": "UNKNOWN", "rstyle": "STANDARD" }, "geometry": { "type": "Point", "coordinates": [ -122.615971099500598, 45.539136201095786 ] } },
{ "type": "Feature", "properties": { "pid": 132, "street": "NE 33RD AVE", "block_id": 8527, "fclass": "UMiA", "w": 20.4, "s": 35.9, "d": 15.5, "l": 20.0, "lstyle": "UNKNOWN", "rstyle": "STANDARD" }, "geometry": { "type": "Point", "coordinates": [ -122.630683102406778, 45.538884824953072 ] } },
{ "type": "Feature", "properties": { "pid": 133, "street": "N VANCOUVER AVE", "block_id": 8620, "fclass": null, "w": 20.1, "s": 29.2, "d": 9.1, "l": 15.0, "lstyle": "UNKNOWN", "rstyle": "STANDARD" }, "geometry": { "type": "Point", "coordinates": [ -122.667738142494287, 45.536356345835515 ] } },
{ "type": "Feature", "properties": { "pid": 134, "street": "I5 FWY NB", "block_id": 8621, "fclass": null, "w": 17.4, "s": 44.6, "d": 27.2, "l": 15.0, "lstyle": "UNKNOWN", "rstyle": "STANDARD" }, "geometry": { "type": "Point", "coordinates": [ -122.667823224816303, 45.536299273280527 ] } },
{ "type": "Feature", "properties": { "pid": 135, "street": "NE WEIDLER ST", "block_id": 8879, "fclass": "UL", "w": 17.0, "s": 29.9, "d": 12.9, "l": 15.0, "lstyle": "UNKNOWN", "rstyle": "UNKNOWN" }, "geometry": { "type": "Point", "coordinates": [ -122.640944886294974, 45.534469370437321 ] } },
{ "type": "Feature", "properties": { "pid": 136, "street": "NE 84TH AVE", "block_id": 8986, "fclass": "UL", "w": 20.0, "s": 31.9, "d": 11.9, "l": 10.0, "lstyle": "UNKNOWN", "rstyle": "COMBO" }, "geometry": { "type": "Point", "coordinates": [ -122.576453542363225, 45.53488755027265 ] } },
{ "type": "Feature", "properties": { "pid": 137, "street": "NE 2ND AVE", "block_id": 9186, "fclass": "UL", "w": 22.5, "s": 36.0, "d": 13.5, "l": 65.0, "lstyle": "STANDARD", "rstyle": "STANDARD" }, "geometry": { "type": "Point", "coordinates": [ -122.663718826860702, 45.530322365886548 ] } },
{ "type": "Feature", "properties": { "pid": 138, "street": "NE 6TH AVE", "block_id": 9199, "fclass": "UL", "w": 15.6, "s": 36.0, "d": 20.4, "l": 35.0, "lstyle": "STANDARD", "rstyle": "STANDARD" }, "geometry": { "type": "Point", "coordinates": [ -122.659661412508584, 45.530165306023406 ] } },
{ "type": "Feature", "properties": { "pid": 139, "street": "NE OREGON ST", "block_id": 9302, "fclass": "UC", "w": 21.1, "s": 30.1, "d": 9.0, "l": 55.0, "lstyle": "UNKNOWN", "rstyle": "STANDARD" }, "geometry": { "type": "Point", "coordinates": [ -122.660485218867549, 45.528644390968068 ] } },
{ "type": "Feature", "properties": { "pid": 140, "street": "NE 24TH AVE", "block_id": 9320, "fclass": "UL", "w": 23.7, "s": 29.1, "d": 5.4, "l": 85.0, "lstyle": "UNKNOWN", "rstyle": "UNKNOWN" }, "geometry": { "type": "Point", "coordinates": [ -122.641401208367199, 45.528977616266076 ] } },
{ "type": "Feature", "properties": { "pid": 141, "street": "NE WILLOW ST", "block_id": 9375, "fclass": "UL", "w": 20.9, "s": 26.1, "d": 5.2, "l": 100.0, "lstyle": "UNKNOWN", "rstyle": "UNKNOWN" }, "geometry": { "type": "Point", "coordinates": [ -122.602057100897909, 45.528679010761458 ] } },
{ "type": "Feature", "properties": { "pid": 142, "street": "NE OREGON ST", "block_id": 9433, "fclass": "UL", "w": 21.0, "s": 30.0, "d": 9.0, "l": 35.0, "lstyle": "THICK", "rstyle": "THICK" }, "geometry": { "type": "Point", "coordinates": [ -122.579281254901403, 45.52839086702285 ] } },
{ "type": "Feature", "properties": { "pid": 143, "street": "NE 53RD AVE", "block_id": 9568, "fclass": "UC", "w": 19.0, "s": 31.3, "d": 12.3, "l": 10.0, "lstyle": "STANDARD", "rstyle": "MODCURB" }, "geometry": { "type": "Point", "coordinates": [ -122.608874423943902, 45.526384651645444 ] } },
{ "type": "Feature", "properties": { "pid": 144, "street": "NE COUCH ST", "block_id": 9682, "fclass": "UPAO", "w": 24.0, "s": 35.8, "d": 11.8, "l": 15.0, "lstyle": "STANDARD", "rstyle": "STANDARD" }, "geometry": { "type": "Point", "coordinates": [ -122.658531619953607, 45.523643322816959 ] } },
{ "type": "Feature", "properties": { "pid": 145, "street": "NE COUCH ST", "block_id": 9687, "fclass": "UPAO", "w": 24.0, "s": 35.8, "d": 11.8, "l": 15.0, "lstyle": "STANDARD", "rstyle": "STANDARD" }, "geometry": { "type": "Point", "coordinates": [ -122.657478159261089, 45.523639823276383 ] } },
{ "type": "Feature", "properties": { "pid": 146, "street": "NE 60TH AVE", "block_id": 9731, "fclass": "UC", "w": 23.8, "s": 29.2, "d": 5.4, "l": 10.0, "lstyle": "STANDARD", "rstyle": "STANDARD" }, "geometry": { "type": "Point", "coordinates": [ -122.602304656099719, 45.524333136560273 ] } },
{ "type": "Feature", "properties": { "pid": 147, "street": "SE ANKENY ST", "block_id": 9914, "fclass": null, "w": 17.0, "s": 29.1, "d": 12.1, "l": 50.0, "lstyle": "UNKNOWN", "rstyle": "UNKNOWN" }, "geometry": { "type": "Point", "coordinates": [ -122.605729096445401, 45.522024235884778 ] } },
{ "type": "Feature", "properties": { "pid": 148, "street": "SE 57TH AVE", "block_id": 10095, "fclass": null, "w": 18.8, "s": 23.5, "d": 4.7, "l": 50.0, "lstyle": "UNKNOWN", "rstyle": "STANDARD" }, "geometry": { "type": "Point", "coordinates": [ -122.604991404645375, 45.520556518932622 ] } },
{ "type": "Feature", "properties": { "pid": 149, "street": "SE 37TH AVE", "block_id": 10399, "fclass": "UL", "w": 24.0, "s": 29.9, "d": 5.9, "l": 20.0, "lstyle": "THICK", "rstyle": "UNKNOWN" }, "geometry": { "type": "Point", "coordinates": [ -122.625862878842938, 45.51735646468228 ] } },
{ "type": "Feature", "properties": { "pid": 150, "street": "SE BELMONT ST", "block_id": 10502, "fclass": "UC", "w": 23.4, "s": 35.7, "d": 12.3, "l": 15.0, "lstyle": "STANDARD", "rstyle": "STANDARD" }, "geometry": { "type": "Point", "coordinates": [ -122.619339785750654, 45.516573047946153 ] } },
{ "type": "Feature", "properties": { "pid": 151, "street": "SE 60TH AVE", "block_id": 10522, "fclass": "UC", "w": 18.7, "s": 26.0, "d": 7.3, "l": 20.0, "lstyle": "MODCURB", "rstyle": "UNKNOWN" }, "geometry": { "type": "Point", "coordinates": [ -122.60208167399955, 45.519134489461514 ] } },
{ "type": "Feature", "properties": { "pid": 152, "street": "SE 14TH AVE", "block_id": 10534, "fclass": "UL", "w": 23.9, "s": 36.0, "d": 12.1, "l": 15.0, "lstyle": "UNKNOWN", "rstyle": "UNKNOWN" }, "geometry": { "type": "Point", "coordinates": [ -122.651635181875164, 45.516379504297895 ] } },
{ "type": "Feature", "properties": { "pid": 153, "street": "SE YAMHILL ST", "block_id": 10599, "fclass": "UL", "w": 22.3, "s": 27.3, "d": 5.0, "l": 40.0, "lstyle": "THICK", "rstyle": "UNKNOWN" }, "geometry": { "type": "Point", "coordinates": [ -122.61386636765377, 45.515961025563485 ] } },
{ "type": "Feature", "properties": { "pid": 154, "street": "SE YAMHILL ST", "block_id": 10604, "fclass": "UL", "w": 22.1, "s": 27.9, "d": 5.8, "l": 35.0, "lstyle": "UNKNOWN", "rstyle": "THICK" }, "geometry": { "type": "Point", "coordinates": [ -122.613296795169674, 45.515961951828018 ] } },
{ "type": "Feature", "properties": { "pid": 155, "street": "SE YAMHILL ST", "block_id": 10607, "fclass": null, "w": 22.5, "s": 26.9, "d": 4.4, "l": 15.0, "lstyle": "UNKNOWN", "rstyle": "UNKNOWN" }, "geometry": { "type": "Point", "coordinates": [ -122.595723886699318, 45.516316745486982 ] } },
{ "type": "Feature", "properties": { "pid": 156, "street": "SE 11TH AVE", "block_id": 10621, "fclass": "UMiA", "w": 24.0, "s": 36.0, "d": 12.0, "l": 15.0, "lstyle": "STANDARD", "rstyle": "STANDARD" }, "geometry": { "type": "Point", "coordinates": [ -122.654682175224508, 45.515786359431999 ] } },
{ "type": "Feature", "properties": { "pid": 157, "street": "SE TAYLOR ST", "block_id": 10687, "fclass": "UL", "w": 20.3, "s": 30.3, "d": 10.0, "l": 25.0, "lstyle": "CUTOUT_C", "rstyle": "CUTOUT_C" }, "geometry": { "type": "Point", "coordinates": [ -122.611078335261098, 45.515418117048874 ] } },
{ "type": "Feature", "properties": { "pid": 158, "street": "SE TAYLOR ST", "block_id": 10693, "fclass": "UL", "w": 22.1, "s": 27.8, "d": 5.7, "l": 35.0, "lstyle": "UNKNOWN", "rstyle": "THICK" }, "geometry": { "type": "Point", "coordinates": [ -122.615173972862451, 45.515303465580843 ] } },
{ "type": "Feature", "properties": { "pid": 159, "street": "SE 57TH AVE", "block_id": 10780, "fclass": "UL", "w": 23.5, "s": 27.7, "d": 4.2, "l": 50.0, "lstyle": "UNKNOWN", "rstyle": "CUTOUT_C" }, "geometry": { "type": "Point", "coordinates": [ -122.604834527950288, 45.515252173391929 ] } },
{ "type": "Feature", "properties": { "pid": 160, "street": "SE SALMON ST", "block_id": 10794, "fclass": "UL", "w": 23.2, "s": 27.9, "d": 4.7, "l": 30.0, "lstyle": "THICK", "rstyle": "UNKNOWN" }, "geometry": { "type": "Point", "coordinates": [ -122.61369227572348, 45.514643962931423 ] } },
{ "type": "Feature", "properties": { "pid": 161, "street": "SE SALMON ST", "block_id": 10844, "fclass": "UL", "w": 23.9, "s": 28.1, "d": 4.2, "l": 25.0, "lstyle": "UNKNOWN", "rstyle": "CUTOUT_C" }, "geometry": { "type": "Point", "coordinates": [ -122.611108615465156, 45.514261137703635 ] } },
{ "type": "Feature", "properties": { "pid": 162, "street": "SE MADISON ST", "block_id": 10866, "fclass": null, "w": 5.9, "s": 36.9, "d": 31.0, "l": 10.0, "lstyle": "UNKNOWN", "rstyle": "UNKNOWN" }, "geometry": { "type": "Point", "coordinates": [ -122.664694048941428, 45.51300165977127 ] } },
{ "type": "Feature", "properties": { "pid": 163, "street": "SE 46TH AVE", "block_id": 10909, "fclass": "UL", "w": 19.2, "s": 24.3, "d": 5.1, "l": 40.0, "lstyle": "THICK", "rstyle": "UNKNOWN" }, "geometry": { "type": "Point", "coordinates": [ -122.615134776774937, 45.513708639616318 ] } },
{ "type": "Feature", "properties": { "pid": 164, "street": "SE HAWTHORNE BLVD", "block_id": 10935, "fclass": null, "w": 7.6, "s": 39.9, "d": 32.3, "l": 10.0, "lstyle": "MONOLITH", "rstyle": "UNKNOWN" }, "geometry": { "type": "Point", "coordinates": [ -122.664998348164701, 45.512290711441814 ] } },
{ "type": "Feature", "properties": { "pid": 165, "street": "SE HAWTHORNE BRG-HAWTHORNE BLVD RAMP", "block_id": 10940, "fclass": null, "w": 21.2, "s": 40.9, "d": 19.7, "l": 10.0, "lstyle": "UNKNOWN", "rstyle": "MONOLITH" }, "geometry": { "type": "Point", "coordinates": [ -122.664980657099335, 45.512238980803808 ] } },
{ "type": "Feature", "properties": { "pid": 166, "street": "SE 53RD AVE", "block_id": 11078, "fclass": "UL", "w": 19.9, "s": 27.9, "d": 8.0, "l": 30.0, "lstyle": "CUTOUT_C", "rstyle": "CUTOUT_C" }, "geometry": { "type": "Point", "coordinates": [ -122.608371799248886, 45.512199471231348 ] } },
{ "type": "Feature", "properties": { "pid": 167, "street": "SE MARKET ST", "block_id": 11154, "fclass": "UL", "w": 20.0, "s": 28.0, "d": 8.0, "l": 15.0, "lstyle": "UNKNOWN", "rstyle": "UNKNOWN" }, "geometry": { "type": "Point", "coordinates": [ -122.632631096068764, 45.510795467857697 ] } },
{ "type": "Feature", "properties": { "pid": 168, "street": "SE MARKET ST", "block_id": 11154, "fclass": "UL", "w": 20.6, "s": 28.0, "d": 7.4, "l": 10.0, "lstyle": "UNKNOWN", "rstyle": "UNKNOWN" }, "geometry": { "type": "Point", "coordinates": [ -122.631734002020792, 45.510793903351697 ] } },
{ "type": "Feature", "properties": { "pid": 169, "street": "SE MARKET ST", "block_id": 11156, "fclass": "UL", "w": 20.0, "s": 27.9, "d": 7.9, "l": 10.0, "lstyle": "UNKNOWN", "rstyle": "UNKNOWN" }, "geometry": { "type": "Point", "coordinates": [ -122.631488651996193, 45.510793478167749 ] } },
{ "type": "Feature", "properties": { "pid": 170, "street": "SE 30TH AVE", "block_id": 11175, "fclass": null, "w": 22.3, "s": 27.4, "d": 5.1, "l": 20.0, "lstyle": "THICK", "rstyle": "UNKNOWN" }, "geometry": { "type": "Point", "coordinates": [ -122.63477103026014, 45.51071277170297 ] } },
{ "type": "Feature", "properties": { "pid": 171, "street": "SE MARKET ST", "block_id": 11189, "fclass": "UL", "w": 20.0, "s": 26.9, "d": 6.9, "l": 10.0, "lstyle": "MONOLITH", "rstyle": "STANDARD" }, "geometry": { "type": "Point", "coordinates": [ -122.611378229609059, 45.510690985369763 ] } },
{ "type": "Feature", "properties": { "pid": 172, "street": "SE STEPHENS ST", "block_id": 11209, "fclass": "UL", "w": 22.6, "s": 26.5, "d": 3.9, "l": 25.0, "lstyle": "UNKNOWN", "rstyle": "CUTOUT_C" }, "geometry": { "type": "Point", "coordinates": [ -122.638962086126014, 45.509783009551107 ] } },
{ "type": "Feature", "properties": { "pid": 173, "street": "SE STEPHENS ST", "block_id": 11210, "fclass": null, "w": 23.7, "s": 27.6, "d": 3.9, "l": 20.0, "lstyle": "UNKNOWN", "rstyle": "CUTOUT_C" }, "geometry": { "type": "Point", "coordinates": [ -122.637909133958942, 45.509781487691896 ] } },
{ "type": "Feature", "properties": { "pid": 174, "street": "SE 29TH AVE", "block_id": 11223, "fclass": "UL", "w": 20.9, "s": 28.5, "d": 7.6, "l": 20.0, "lstyle": "CUTOUT_C", "rstyle": "CUTOUT_C" }, "geometry": { "type": "Point", "coordinates": [ -122.636138859732455, 45.510357462657424 ] } },
{ "type": "Feature", "properties": { "pid": 175, "street": "SE MILL ST", "block_id": 11242, "fclass": "UL", "w": 22.9, "s": 27.0, "d": 4.1, "l": 10.0, "lstyle": "STANDARD", "rstyle": "STANDARD" }, "geometry": { "type": "Point", "coordinates": [ -122.611331020930194, 45.510048158752952 ] } },
{ "type": "Feature", "properties": { "pid": 176, "street": "SE 80TH AVE", "block_id": 11268, "fclass": "UL", "w": 22.9, "s": 32.4, "d": 9.5, "l": 30.0, "lstyle": "STANDARD", "rstyle": "STANDARD" }, "geometry": { "type": "Point", "coordinates": [ -122.581180227490336, 45.510691785912854 ] } },
{ "type": "Feature", "properties": { "pid": 177, "street": "SE 27TH AVE", "block_id": 11310, "fclass": "UL", "w": 21.7, "s": 25.8, "d": 4.1, "l": 25.0, "lstyle": "UNKNOWN", "rstyle": "CUTOUT_C" }, "geometry": { "type": "Point", "coordinates": [ -122.638473739270523, 45.509646015508551 ] } },
{ "type": "Feature", "properties": { "pid": 178, "street": "SE HARRISON ST", "block_id": 11316, "fclass": null, "w": 22.6, "s": 36.0, "d": 13.4, "l": 15.0, "lstyle": "STANDARD", "rstyle": "UNKNOWN" }, "geometry": { "type": "Point", "coordinates": [ -122.639720941572321, 45.508464941067963 ] } },
{ "type": "Feature", "properties": { "pid": 179, "street": "SE 28TH AVE", "block_id": 11317, "fclass": "UL", "w": 21.5, "s": 25.6, "d": 4.1, "l": 30.0, "lstyle": "CUTOUT_C", "rstyle": "UNKNOWN" }, "geometry": { "type": "Point", "coordinates": [ -122.637572680615492, 45.509585953997565 ] } },
{ "type": "Feature", "properties": { "pid": 180, "street": "SE 28TH AVE", "block_id": 11317, "fclass": "UL", "w": 21.5, "s": 25.6, "d": 4.1, "l": 30.0, "lstyle": "UNKNOWN", "rstyle": "CUTOUT_C" }, "geometry": { "type": "Point", "coordinates": [ -122.637571819020607, 45.50943511916482 ] } },
{ "type": "Feature", "properties": { "pid": 181, "street": "SE GRANT ST", "block_id": 11466, "fclass": "UL", "w": 23.9, "s": 27.9, "d": 4.0, "l": 15.0, "lstyle": "UNKNOWN", "rstyle": "CUTOUT_C" }, "geometry": { "type": "Point", "coordinates": [ -122.636561168606335, 45.506780445539185 ] } },
{ "type": "Feature", "properties": { "pid": 182, "street": "SE GRANT ST", "block_id": 11466, "fclass": "UL", "w": 23.9, "s": 27.9, "d": 4.0, "l": 15.0, "lstyle": "CUTOUT_C", "rstyle": "UNKNOWN" }, "geometry": { "type": "Point", "coordinates": [ -122.636366156608588, 45.506780331032111 ] } },
{ "type": "Feature", "properties": { "pid": 183, "street": "SE DIVISION ST", "block_id": 11622, "fclass": "UC", "w": 23.1, "s": 35.9, "d": 12.8, "l": 10.0, "lstyle": "UNKNOWN", "rstyle": "COMBO" }, "geometry": { "type": "Point", "coordinates": [ -122.63483081487604, 45.504805736962155 ] } },
{ "type": "Feature", "properties": { "pid": 184, "street": "SE DIVISION ST", "block_id": 11625, "fclass": "UC", "w": 23.7, "s": 33.0, "d": 9.3, "l": 30.0, "lstyle": "MONOLITH", "rstyle": "MONOLITH" }, "geometry": { "type": "Point", "coordinates": [ -122.634367060411577, 45.504805156230468 ] } },
{ "type": "Feature", "properties": { "pid": 185, "street": "SE DIVISION ST", "block_id": 11634, "fclass": "UC", "w": 21.2, "s": 31.0, "d": 9.8, "l": 15.0, "lstyle": "MONOLITH", "rstyle": "COMBO" }, "geometry": { "type": "Point", "coordinates": [ -122.629209026312253, 45.504798598438207 ] } },
{ "type": "Feature", "properties": { "pid": 186, "street": "SE 40TH AVE", "block_id": 11645, "fclass": "UL", "w": 23.9, "s": 30.0, "d": 6.1, "l": 60.0, "lstyle": "UNKNOWN", "rstyle": "COMBO" }, "geometry": { "type": "Point", "coordinates": [ -122.621484130772799, 45.504876724508499 ] } },
{ "type": "Feature", "properties": { "pid": 187, "street": "SE IVON ST", "block_id": 11662, "fclass": "UL", "w": 24.0, "s": 36.0, "d": 12.0, "l": 15.0, "lstyle": "CUTOUT_C", "rstyle": "CUTOUT_C" }, "geometry": { "type": "Point", "coordinates": [ -122.643434403722324, 45.504108331737157 ] } },
{ "type": "Feature", "properties": { "pid": 188, "street": "SE IVON ST", "block_id": 11680, "fclass": "UL", "w": 20.4, "s": 28.0, "d": 7.6, "l": 30.0, "lstyle": "THICK", "rstyle": "THICK" }, "geometry": { "type": "Point", "coordinates": [ -122.622430384629567, 45.504079087217555 ] } },
{ "type": "Feature", "properties": { "pid": 189, "street": "SE 29TH AVE", "block_id": 11700, "fclass": "UL", "w": 22.3, "s": 29.4, "d": 7.1, "l": 30.0, "lstyle": "CUTOUT_C", "rstyle": "STANDARD" }, "geometry": { "type": "Point", "coordinates": [ -122.635611391589393, 45.5046832910324 ] } },
{ "type": "Feature", "properties": { "pid": 190, "street": "SE CLINTON ST", "block_id": 11730, "fclass": "UC", "w": 23.8, "s": 35.9, "d": 12.1, "l": 35.0, "lstyle": "UNKNOWN", "rstyle": "UNKNOWN" }, "geometry": { "type": "Point", "coordinates": [ -122.622788711212294, 45.503365825716877 ] } },
{ "type": "Feature", "properties": { "pid": 191, "street": "SE 41ST AVE", "block_id": 11731, "fclass": "UL", "w": 23.8, "s": 27.9, "d": 4.1, "l": 25.0, "lstyle": "UNKNOWN", "rstyle": "THICK" }, "geometry": { "type": "Point", "coordinates": [ -122.620441011562789, 45.503956874548457 ] } },
{ "type": "Feature", "properties": { "pid": 192, "street": "SE 34TH AVE", "block_id": 11827, "fclass": "UL", "w": 19.5, "s": 23.8, "d": 4.3, "l": 25.0, "lstyle": "CUTOUT_C", "rstyle": "CUTOUT_C" }, "geometry": { "type": "Point", "coordinates": [ -122.629567157123674, 45.503427720134361 ] } },
{ "type": "Feature", "properties": { "pid": 193, "street": "SE 35TH PL", "block_id": 11829, "fclass": "UL", "w": 22.3, "s": 28.2, "d": 5.9, "l": 10.0, "lstyle": "CUTOUT_C", "rstyle": "UNKNOWN" }, "geometry": { "type": "Point", "coordinates": [ -122.627263036652579, 45.502656715890417 ] } },
{ "type": "Feature", "properties": { "pid": 194, "street": "SE WOODWARD ST", "block_id": 11832, "fclass": "UL", "w": 23.5, "s": 27.9, "d": 4.4, "l": 15.0, "lstyle": "THICK", "rstyle": "UNKNOWN" }, "geometry": { "type": "Point", "coordinates": [ -122.626443420860554, 45.501942319137797 ] } },
{ "type": "Feature", "properties": { "pid": 195, "street": "SE TIBBETTS ST", "block_id": 11922, "fclass": "UL", "w": 21.9, "s": 29.8, "d": 7.9, "l": 20.0, "lstyle": "CUTOUT_C", "rstyle": "CUTOUT_C" }, "geometry": { "type": "Point", "coordinates": [ -122.639453450894464, 45.500530011940967 ] } },
{ "type": "Feature", "properties": { "pid": 196, "street": "SE FRANKLIN ST", "block_id": 11961, "fclass": "UL", "w": 20.9, "s": 27.1, "d": 6.2, "l": 35.0, "lstyle": "UNKNOWN", "rstyle": "UNKNOWN" }, "geometry": { "type": "Point", "coordinates": [ -122.651281459666521, 45.499546100263785 ] } },
{ "type": "Feature", "properties": { "pid": 197, "street": "SE KELLY ST", "block_id": 11964, "fclass": "UL", "w": 22.0, "s": 30.0, "d": 8.0, "l": 30.0, "lstyle": "CUTOUT_C", "rstyle": "CUTOUT_C" }, "geometry": { "type": "Point", "coordinates": [ -122.637440602200741, 45.499815628805251 ] } },
{ "type": "Feature", "properties": { "pid": 198, "street": "SE KELLY ST", "block_id": 11968, "fclass": "UL", "w": 22.5, "s": 30.0, "d": 7.5, "l": 10.0, "lstyle": "CUTOUT_C", "rstyle": "CUTOUT_C" }, "geometry": { "type": "Point", "coordinates": [ -122.635334670539038, 45.499813979841498 ] } },
{ "type": "Feature", "properties": { "pid": 199, "street": "SE FRANKLIN ST", "block_id": 12026, "fclass": "UL", "w": 21.7, "s": 30.0, "d": 8.3, "l": 25.0, "lstyle": "CUTOUT_C", "rstyle": "CUTOUT_C" }, "geometry": { "type": "Point", "coordinates": [ -122.635408761959113, 45.49910315443109 ] } },
{ "type": "Feature", "properties": { "pid": 200, "street": "SE 8TH AVE", "block_id": 12294, "fclass": "UL", "w": 21.8, "s": 26.5, "d": 4.7, "l": 15.0, "lstyle": "UNKNOWN", "rstyle": "UNKNOWN" }, "geometry": { "type": "Point", "coordinates": [ -122.657494692123493, 45.494723119702243 ] } },
{ "type": "Feature", "properties": { "pid": 201, "street": "SE CENTER ST", "block_id": 12353, "fclass": null, "w": 16.0, "s": 28.5, "d": 12.5, "l": 10.0, "lstyle": "UNKNOWN", "rstyle": "MODCURB" }, "geometry": { "type": "Point", "coordinates": [ -122.599285125687359, 45.493954111600772 ] } },
{ "type": "Feature", "properties": { "pid": 202, "street": "SE GLADSTONE ST", "block_id": 12370, "fclass": "UC", "w": 19.8, "s": 30.0, "d": 10.2, "l": 15.0, "lstyle": "COMBO", "rstyle": "COMBO" }, "geometry": { "type": "Point", "coordinates": [ -122.618721069317957, 45.493515660399915 ] } },
{ "type": "Feature", "properties": { "pid": 203, "street": "SE CENTER ST", "block_id": 12405, "fclass": null, "w": 14.0, "s": 24.6, "d": 10.6, "l": 15.0, "lstyle": "STANDARD", "rstyle": "UNKNOWN" }, "geometry": { "type": "Point", "coordinates": [ -122.589272124888154, 45.493842879564546 ] } },
{ "type": "Feature", "properties": { "pid": 204, "street": "SE FOSTER RD", "block_id": 12796, "fclass": "UMiA", "w": 22.8, "s": 60.7, "d": 37.9, "l": 25.0, "lstyle": "STANDARD", "rstyle": "STANDARD" }, "geometry": { "type": "Point", "coordinates": [ -122.59302541855925, 45.488080872376258 ] } },
{ "type": "Feature", "properties": { "pid": 205, "street": "SE SCHILLER ST", "block_id": 12797, "fclass": "UL", "w": 20.0, "s": 26.1, "d": 6.1, "l": 45.0, "lstyle": "UNKNOWN", "rstyle": "UNKNOWN" }, "geometry": { "type": "Point", "coordinates": [ -122.585662007336396, 45.488085082814244 ] } },
{ "type": "Feature", "properties": { "pid": 206, "street": "SE LIEBE ST", "block_id": 12882, "fclass": "UL", "w": 23.9, "s": 31.9, "d": 8.0, "l": 50.0, "lstyle": "UNKNOWN", "rstyle": "UNKNOWN" }, "geometry": { "type": "Point", "coordinates": [ -122.578575992296081, 45.486930492207904 ] } },
{ "type": "Feature", "properties": { "pid": 207, "street": "SE LIEBE ST", "block_id": 12882, "fclass": "UL", "w": 23.9, "s": 31.9, "d": 8.0, "l": 10.0, "lstyle": "UNKNOWN", "rstyle": "UNKNOWN" }, "geometry": { "type": "Point", "coordinates": [ -122.576957758255901, 45.486931447816993 ] } },
{ "type": "Feature", "properties": { "pid": 208, "street": "SE HAROLD ST", "block_id": 13086, "fclass": null, "w": 23.7, "s": 35.8, "d": 12.1, "l": 15.0, "lstyle": "UNKNOWN", "rstyle": "UNKNOWN" }, "geometry": { "type": "Point", "coordinates": [ -122.602306607540513, 45.483056244753264 ] } },
{ "type": "Feature", "properties": { "pid": 209, "street": "SE HAROLD ST", "block_id": 13089, "fclass": "MiC", "w": 23.5, "s": 35.4, "d": 11.9, "l": 20.0, "lstyle": "UNKNOWN", "rstyle": "UNKNOWN" }, "geometry": { "type": "Point", "coordinates": [ -122.60199707313231, 45.483055897950322 ] } },
{ "type": "Feature", "properties": { "pid": 210, "street": "SE HAROLD ST", "block_id": 13106, "fclass": "MiC", "w": 23.3, "s": 35.4, "d": 12.1, "l": 10.0, "lstyle": "UNKNOWN", "rstyle": "STANDARD" }, "geometry": { "type": "Point", "coordinates": [ -122.595833415239952, 45.483055499538615 ] } },
{ "type": "Feature", "properties": { "pid": 211, "street": "SE HAROLD ST", "block_id": 13109, "fclass": null, "w": 23.3, "s": 35.6, "d": 12.3, "l": 15.0, "lstyle": "UNKNOWN", "rstyle": "UNKNOWN" }, "geometry": { "type": "Point", "coordinates": [ -122.595570693143188, 45.483056545934652 ] } },
{ "type": "Feature", "properties": { "pid": 212, "street": "SE HAROLD ST", "block_id": 13113, "fclass": "MiC", "w": 23.5, "s": 35.1, "d": 11.6, "l": 15.0, "lstyle": "UNKNOWN", "rstyle": "UNKNOWN" }, "geometry": { "type": "Point", "coordinates": [ -122.594259955943627, 45.483056359557978 ] } },
{ "type": "Feature", "properties": { "pid": 213, "street": "SE 73RD AVE", "block_id": 13157, "fclass": "UL", "w": 18.3, "s": 35.7, "d": 17.4, "l": 10.0, "lstyle": "COMBO", "rstyle": "COMBO" }, "geometry": { "type": "Point", "coordinates": [ -122.587976234895208, 45.482432261990141 ] } },
{ "type": "Feature", "properties": { "pid": 214, "street": "SE 69TH AVE", "block_id": 13414, "fclass": null, "w": 16.6, "s": 32.0, "d": 15.4, "l": 10.0, "lstyle": "UNKNOWN", "rstyle": "MODCURB" }, "geometry": { "type": "Point", "coordinates": [ -122.591897483742798, 45.479414828449393 ] } },
{ "type": "Feature", "properties": { "pid": 215, "street": "SE 77TH AVE", "block_id": 13506, "fclass": "UL", "w": 21.6, "s": 28.4, "d": 6.8, "l": 70.0, "lstyle": "STANDARD", "rstyle": "UNKNOWN" }, "geometry": { "type": "Point", "coordinates": [ -122.584180455993632, 45.478688513348047 ] } },
{ "type": "Feature", "properties": { "pid": 216, "street": "SE MILWAUKIE AVE", "block_id": 13788, "fclass": "UC", "w": 21.7, "s": 34.9, "d": 13.2, "l": 15.0, "lstyle": "STANDARD", "rstyle": "UNKNOWN" }, "geometry": { "type": "Point", "coordinates": [ -122.648589432922464, 45.472424300945242 ] } },
{ "type": "Feature", "properties": { "pid": 217, "street": "SE CESAR E CHAVEZ BLVD", "block_id": 13992, "fclass": "MiC", "w": 23.6, "s": 32.0, "d": 8.4, "l": 10.0, "lstyle": "UNKNOWN", "rstyle": "UNKNOWN" }, "geometry": { "type": "Point", "coordinates": [ -122.622574518899711, 45.468527565252479 ] } },
{ "type": "Feature", "properties": { "pid": 218, "street": "SE CESAR E CHAVEZ BLVD", "block_id": 14104, "fclass": "MiC", "w": 23.9, "s": 40.0, "d": 16.1, "l": 25.0, "lstyle": "UNKNOWN", "rstyle": "UNKNOWN" }, "geometry": { "type": "Point", "coordinates": [ -122.62254523162747, 45.466539725248609 ] } },
{ "type": "Feature", "properties": { "pid": 219, "street": "SE CESAR E CHAVEZ BLVD", "block_id": 14154, "fclass": "MiC", "w": 23.9, "s": 32.0, "d": 8.1, "l": 10.0, "lstyle": "UNKNOWN", "rstyle": "UNKNOWN" }, "geometry": { "type": "Point", "coordinates": [ -122.622531793861938, 45.465624243420095 ] } },
{ "type": "Feature", "properties": { "pid": 220, "street": "SE HARNEY ST", "block_id": 14263, "fclass": "UL", "w": 24.0, "s": 31.6, "d": 7.6, "l": 10.0, "lstyle": "UNKNOWN", "rstyle": "UNKNOWN" }, "geometry": { "type": "Point", "coordinates": [ -122.591833345383847, 45.463274021206821 ] } },
{ "type": "Feature", "properties": { "pid": 221, "street": "SE HARNEY ST", "block_id": 14268, "fclass": "UL", "w": 24.0, "s": 31.8, "d": 7.8, "l": 10.0, "lstyle": "UNKNOWN", "rstyle": "UNKNOWN" }, "geometry": { "type": "Point", "coordinates": [ -122.589581353269764, 45.46327332159634 ] } },
{ "type": "Feature", "properties": { "pid": 222, "street": "N NEW YORK AVE", "block_id": 14390, "fclass": "UL", "w": 14.7, "s": 30.3, "d": 15.6, "l": 35.0, "lstyle": "STANDARD", "rstyle": "STANDARD" }, "geometry": { "type": "Point", "coordinates": [ -122.751691596767998, 45.595626033665006 ] } },
{ "type": "Feature", "properties": { "pid": 223, "street": "N CENTRAL ST", "block_id": 14428, "fclass": "UL", "w": 23.5, "s": 35.8, "d": 12.3, "l": 10.0, "lstyle": "THICK", "rstyle": "THICK" }, "geometry": { "type": "Point", "coordinates": [ -122.752461044384503, 45.591810066242708 ] } },
{ "type": "Feature", "properties": { "pid": 224, "street": "N IVANHOE ST", "block_id": 14434, "fclass": "UMiA", "w": 23.9, "s": 36.0, "d": 12.1, "l": 20.0, "lstyle": "THICK", "rstyle": "THICK" }, "geometry": { "type": "Point", "coordinates": [ -122.757738856597427, 45.591835066076548 ] } },
{ "type": "Feature", "properties": { "pid": 225, "street": "N CENTRAL ST", "block_id": 3881, "fclass": null, "w": 21.1, "s": 28.0, "d": 6.9, "l": 25.0, "lstyle": "THICK", "rstyle": "THICK" }, "geometry": { "type": "Point", "coordinates": [ -122.755350216629296, 45.593890261528117 ] } },
{ "type": "Feature", "properties": { "pid": 226, "street": "SE MITCHELL ST", "block_id": 14541, "fclass": "UL", "w": 22.9, "s": 28.8, "d": 5.9, "l": 10.0, "lstyle": "MONOLITH", "rstyle": "MONOLITH" }, "geometry": { "type": "Point", "coordinates": [ -122.649627141777813, 45.48580993587624 ] } },
{ "type": "Feature", "properties": { "pid": 227, "street": "SE MORELAND LN", "block_id": 14611, "fclass": "UL", "w": 16.2, "s": 24.0, "d": 7.8, "l": 130.0, "lstyle": "UNKNOWN", "rstyle": "UNKNOWN" }, "geometry": { "type": "Point", "coordinates": [ -122.632918998287479, 45.478534521403638 ] } },
{ "type": "Feature", "properties": { "pid": 228, "street": "SE HAROLD ST", "block_id": 14709, "fclass": "MiC", "w": 23.1, "s": 35.9, "d": 12.8, "l": 10.0, "lstyle": "UNKNOWN", "rstyle": "UNKNOWN" }, "geometry": { "type": "Point", "coordinates": [ -122.583971220387568, 45.483065815357755 ] } },
{ "type": "Feature", "properties": { "pid": 229, "street": "SE 65TH AVE", "block_id": 14720, "fclass": "UL", "w": 17.7, "s": 32.0, "d": 14.3, "l": 90.0, "lstyle": "UNKNOWN", "rstyle": "UNKNOWN" }, "geometry": { "type": "Point", "coordinates": [ -122.596589070682853, 45.485216218815218 ] } },
{ "type": "Feature", "properties": { "pid": 230, "street": "SE 86TH CT", "block_id": 14806, "fclass": "UL", "w": 23.0, "s": 30.6, "d": 7.6, "l": 130.0, "lstyle": "UNKNOWN", "rstyle": "UNKNOWN" }, "geometry": { "type": "Point", "coordinates": [ -122.57407828453232, 45.488353398395354 ] } },
{ "type": "Feature", "properties": { "pid": 231, "street": "SE CENTER ST", "block_id": 14825, "fclass": "UL", "w": 16.0, "s": 30.0, "d": 14.0, "l": 15.0, "lstyle": "UNKNOWN", "rstyle": "MODCURB" }, "geometry": { "type": "Point", "coordinates": [ -122.58899179295318, 45.493843407278796 ] } },
{ "type": "Feature", "properties": { "pid": 232, "street": "SE 34TH AVE", "block_id": 14938, "fclass": "UL", "w": 18.8, "s": 24.3, "d": 5.5, "l": 60.0, "lstyle": "MODCURB", "rstyle": "STANDARD" }, "geometry": { "type": "Point", "coordinates": [ -122.629562754556929, 45.50455311952534 ] } },
{ "type": "Feature", "properties": { "pid": 233, "street": "SE 57TH AVE", "block_id": 15109, "fclass": "UL", "w": 20.1, "s": 32.0, "d": 11.9, "l": 140.0, "lstyle": "UNKNOWN", "rstyle": "UNKNOWN" }, "geometry": { "type": "Point", "coordinates": [ -122.60475273836596, 45.47706494172391 ] } },
{ "type": "Feature", "properties": { "pid": 234, "street": "SE CESAR E CHAVEZ BLVD", "block_id": 15168, "fclass": "MiC", "w": 23.6, "s": 33.3, "d": 9.7, "l": 25.0, "lstyle": "UNKNOWN", "rstyle": "UNKNOWN" }, "geometry": { "type": "Point", "coordinates": [ -122.622584661885966, 45.469226183441407 ] } },
{ "type": "Feature", "properties": { "pid": 235, "street": "SE CESAR E CHAVEZ BLVD", "block_id": 15244, "fclass": "MiC", "w": 23.9, "s": 40.8, "d": 16.9, "l": 20.0, "lstyle": "UNKNOWN", "rstyle": "UNKNOWN" }, "geometry": { "type": "Point", "coordinates": [ -122.622690578299455, 45.474813627247123 ] } },
{ "type": "Feature", "properties": { "pid": 236, "street": "SE CESAR E CHAVEZ BLVD", "block_id": 15249, "fclass": "MiC", "w": 23.9, "s": 39.5, "d": 15.6, "l": 60.0, "lstyle": "UNKNOWN", "rstyle": "UNKNOWN" }, "geometry": { "type": "Point", "coordinates": [ -122.622632839920044, 45.472537712560957 ] } },
{ "type": "Feature", "properties": { "pid": 237, "street": "SE MILWAUKIE AVE", "block_id": 15326, "fclass": "UC", "w": 19.6, "s": 37.9, "d": 18.3, "l": 20.0, "lstyle": "MODCURB", "rstyle": "UNKNOWN" }, "geometry": { "type": "Point", "coordinates": [ -122.648735011190453, 45.473644086251475 ] } },
{ "type": "Feature", "properties": { "pid": 238, "street": "SE MILWAUKIE AVE", "block_id": 15327, "fclass": "UC", "w": 18.3, "s": 35.8, "d": 17.5, "l": 15.0, "lstyle": "MODCURB", "rstyle": "STANDARD" }, "geometry": { "type": "Point", "coordinates": [ -122.648758430092442, 45.473858687383341 ] } },
{ "type": "Feature", "properties": { "pid": 239, "street": "SE SELLWOOD BLVD", "block_id": 15335, "fclass": "UC", "w": 22.2, "s": 28.0, "d": 5.8, "l": 155.0, "lstyle": "UNKNOWN", "rstyle": "UNKNOWN" }, "geometry": { "type": "Point", "coordinates": [ -122.654284145031667, 45.471054814375812 ] } },
{ "type": "Feature", "properties": { "pid": 240, "street": "SE 70TH AVE", "block_id": 15345, "fclass": "UL", "w": 23.8, "s": 32.7, "d": 8.9, "l": 10.0, "lstyle": "UNKNOWN", "rstyle": "UNKNOWN" }, "geometry": { "type": "Point", "coordinates": [ -122.591954752519314, 45.46246437611051 ] } },
{ "type": "Feature", "properties": { "pid": 241, "street": "SE TENINO CT", "block_id": 15350, "fclass": null, "w": 19.6, "s": 27.9, "d": 8.3, "l": 125.0, "lstyle": "STANDARD", "rstyle": "STANDARD" }, "geometry": { "type": "Point", "coordinates": [ -122.611477283395459, 45.464990797978487 ] } },
{ "type": "Feature", "properties": { "pid": 242, "street": "SE MAIN ST", "block_id": 15438, "fclass": "UL", "w": 22.1, "s": 36.1, "d": 14.0, "l": 65.0, "lstyle": "UNKNOWN", "rstyle": "UNKNOWN" }, "geometry": { "type": "Point", "coordinates": [ -122.618131607925548, 45.513477513759078 ] } },
{ "type": "Feature", "properties": { "pid": 243, "street": "SE YAMHILL ST", "block_id": 15443, "fclass": "UL", "w": 22.4, "s": 28.5, "d": 6.1, "l": 25.0, "lstyle": "UNKNOWN", "rstyle": "UNKNOWN" }, "geometry": { "type": "Point", "coordinates": [ -122.618217564504363, 45.515814431288867 ] } },
{ "type": "Feature", "properties": { "pid": 244, "street": "SE 52ND AVE", "block_id": 15452, "fclass": "UL", "w": 23.9, "s": 28.1, "d": 4.2, "l": 30.0, "lstyle": "UNKNOWN", "rstyle": "CUTOUT_C" }, "geometry": { "type": "Point", "coordinates": [ -122.609308273457927, 45.514357799158851 ] } },
{ "type": "Feature", "properties": { "pid": 245, "street": "SE 52ND AVE", "block_id": 15453, "fclass": "UL", "w": 23.7, "s": 27.8, "d": 4.1, "l": 20.0, "lstyle": "CUTOUT_C", "rstyle": "UNKNOWN" }, "geometry": { "type": "Point", "coordinates": [ -122.609416182568665, 45.513099635238675 ] } },
{ "type": "Feature", "properties": { "pid": 246, "street": "SE 51ST AVE", "block_id": 15454, "fclass": "UL", "w": 23.7, "s": 28.0, "d": 4.3, "l": 20.0, "lstyle": "CUTOUT_C", "rstyle": "UNKNOWN" }, "geometry": { "type": "Point", "coordinates": [ -122.610283426900168, 45.514387536761689 ] } },
{ "type": "Feature", "properties": { "pid": 247, "street": "SE 52ND AVE", "block_id": 15459, "fclass": "UL", "w": 23.3, "s": 27.9, "d": 4.6, "l": 25.0, "lstyle": "CUTOUT_C", "rstyle": "UNKNOWN" }, "geometry": { "type": "Point", "coordinates": [ -122.609378564551776, 45.512200070191128 ] } },
{ "type": "Feature", "properties": { "pid": 248, "street": "SE 44TH AVE", "block_id": 15468, "fclass": "UL", "w": 23.9, "s": 28.1, "d": 4.2, "l": 15.0, "lstyle": "CUTOUT_C", "rstyle": "UNKNOWN" }, "geometry": { "type": "Point", "coordinates": [ -122.61717539257333, 45.511466507906725 ] } },
{ "type": "Feature", "properties": { "pid": 249, "street": "SE 59TH AVE", "block_id": 15472, "fclass": "UL", "w": 19.9, "s": 23.9, "d": 4.0, "l": 20.0, "lstyle": "STANDARD", "rstyle": "COMBO" }, "geometry": { "type": "Point", "coordinates": [ -122.602734652358336, 45.511219259187179 ] } },
{ "type": "Feature", "properties": { "pid": 250, "street": "SE 59TH AVE", "block_id": 15472, "fclass": "UL", "w": 19.9, "s": 23.9, "d": 4.0, "l": 20.0, "lstyle": "COMBO", "rstyle": "STANDARD" }, "geometry": { "type": "Point", "coordinates": [ -122.602728607104794, 45.510986164956741 ] } },
{ "type": "Feature", "properties": { "pid": 251, "street": "SE 59TH AVE", "block_id": 15472, "fclass": "UL", "w": 19.7, "s": 23.9, "d": 4.2, "l": 20.0, "lstyle": "STANDARD", "rstyle": "COMBO" }, "geometry": { "type": "Point", "coordinates": [ -122.602703004228005, 45.509998942161609 ] } },
{ "type": "Feature", "properties": { "pid": 252, "street": "SE 59TH AVE", "block_id": 15472, "fclass": "UL", "w": 19.6, "s": 23.9, "d": 4.3, "l": 20.0, "lstyle": "STANDARD", "rstyle": "COMBO" }, "geometry": { "type": "Point", "coordinates": [ -122.60268913637465, 45.509464196364647 ] } },
{ "type": "Feature", "properties": { "pid": 253, "street": "SE 59TH AVE", "block_id": 15472, "fclass": "UL", "w": 19.9, "s": 23.9, "d": 4.0, "l": 20.0, "lstyle": "STANDARD", "rstyle": "COMBO" }, "geometry": { "type": "Point", "coordinates": [ -122.602659979175627, 45.50833985878181 ] } },
{ "type": "Feature", "properties": { "pid": 254, "street": "SE 29TH AVE", "block_id": 15535, "fclass": "UL", "w": 20.3, "s": 28.0, "d": 7.7, "l": 35.0, "lstyle": "CUTOUT_C", "rstyle": "CUTOUT_C" }, "geometry": { "type": "Point", "coordinates": [ -122.636142625746189, 45.50959064542841 ] } },
{ "type": "Feature", "properties": { "pid": 255, "street": "SE 26TH AVE", "block_id": 15558, "fclass": "UL", "w": 20.9, "s": 28.2, "d": 7.3, "l": 25.0, "lstyle": "CUTOUT_C", "rstyle": "UNKNOWN" }, "geometry": { "type": "Point", "coordinates": [ -122.639422999368477, 45.508576067894069 ] } },
{ "type": "Feature", "properties": { "pid": 256, "street": "SE 36TH AVE", "block_id": 15576, "fclass": "UL", "w": 22.9, "s": 30.1, "d": 7.2, "l": 30.0, "lstyle": "MONOLITH", "rstyle": "UNKNOWN" }, "geometry": { "type": "Point", "coordinates": [ -122.626857974089774, 45.51218967714486 ] } },
{ "type": "Feature", "properties": { "pid": 257, "street": "SE 30TH AVE", "block_id": 15588, "fclass": "UC", "w": 23.9, "s": 27.9, "d": 4.0, "l": 25.0, "lstyle": "COMBO", "rstyle": "COMBO" }, "geometry": { "type": "Point", "coordinates": [ -122.634723103893663, 45.504970210718866 ] } },
{ "type": "Feature", "properties": { "pid": 258, "street": "SE 22ND AVE", "block_id": 15593, "fclass": "UL", "w": 24.0, "s": 36.0, "d": 12.0, "l": 10.0, "lstyle": "CUTOUT_C", "rstyle": "CUTOUT_C" }, "geometry": { "type": "Point", "coordinates": [ -122.643608861338251, 45.504246373863772 ] } },
{ "type": "Feature", "properties": { "pid": 259, "street": "SE WOODWARD ST", "block_id": 15595, "fclass": "UL", "w": 17.6, "s": 36.0, "d": 18.4, "l": 85.0, "lstyle": "UNKNOWN", "rstyle": "UNKNOWN" }, "geometry": { "type": "Point", "coordinates": [ -122.642242368647729, 45.501999522514808 ] } },
{ "type": "Feature", "properties": { "pid": 260, "street": "SE WOODWARD ST", "block_id": 15598, "fclass": "UL", "w": 23.9, "s": 26.9, "d": 3.0, "l": 10.0, "lstyle": "UNKNOWN", "rstyle": "UNKNOWN" }, "geometry": { "type": "Point", "coordinates": [ -122.647311573812985, 45.502062738036933 ] } },
{ "type": "Feature", "properties": { "pid": 261, "street": "SE WASHINGTON ST", "block_id": 15685, "fclass": "UMiA", "w": 23.9, "s": 36.6, "d": 12.7, "l": 25.0, "lstyle": "KEYED", "rstyle": "THICK" }, "geometry": { "type": "Point", "coordinates": [ -122.575153107856551, 45.518370713168828 ] } },
{ "type": "Feature", "properties": { "pid": 262, "street": "SE HAWTHORNE BLVD", "block_id": 15698, "fclass": "UL", "w": 23.4, "s": 27.9, "d": 4.5, "l": 35.0, "lstyle": "UNKNOWN", "rstyle": "UNKNOWN" }, "geometry": { "type": "Point", "coordinates": [ -122.586421868140476, 45.512234521879058 ] } },
{ "type": "Feature", "properties": { "pid": 263, "street": "NE 43RD AVE", "block_id": 15783, "fclass": "UL", "w": 23.9, "s": 28.9, "d": 5.0, "l": 10.0, "lstyle": "THICK", "rstyle": "UNKNOWN" }, "geometry": { "type": "Point", "coordinates": [ -122.618088308032597, 45.527304994963075 ] } },
{ "type": "Feature", "properties": { "pid": 264, "street": "NE FIR AVE", "block_id": 15787, "fclass": "UL", "w": 22.5, "s": 27.2, "d": 4.7, "l": 15.0, "lstyle": "COMBO", "rstyle": "COMBO" }, "geometry": { "type": "Point", "coordinates": [ -122.618437291705746, 45.528429985141912 ] } },
{ "type": "Feature", "properties": { "pid": 265, "street": "NE 43RD AVE", "block_id": 15788, "fclass": "UL", "w": 23.3, "s": 27.9, "d": 4.6, "l": 20.0, "lstyle": "UNKNOWN", "rstyle": "STANDARD" }, "geometry": { "type": "Point", "coordinates": [ -122.618327122330911, 45.528699778422599 ] } },
{ "type": "Feature", "properties": { "pid": 266, "street": "NE 43RD AVE", "block_id": 15788, "fclass": "UL", "w": 20.1, "s": 27.9, "d": 7.8, "l": 25.0, "lstyle": "THICK", "rstyle": "THICK" }, "geometry": { "type": "Point", "coordinates": [ -122.61832542220813, 45.529646086915342 ] } },
{ "type": "Feature", "properties": { "pid": 267, "street": "NE HAZELFERN PL", "block_id": 15790, "fclass": "UL", "w": 23.2, "s": 27.0, "d": 3.8, "l": 140.0, "lstyle": "UNKNOWN", "rstyle": "UNKNOWN" }, "geometry": { "type": "Point", "coordinates": [ -122.619581146084869, 45.530326759876417 ] } },
{ "type": "Feature", "properties": { "pid": 268, "street": "NE HAZELFERN PL", "block_id": 15790, "fclass": "UL", "w": 23.5, "s": 27.0, "d": 3.5, "l": 20.0, "lstyle": "UNKNOWN", "rstyle": "THICK" }, "geometry": { "type": "Point", "coordinates": [ -122.618811074411894, 45.530478732310314 ] } },
{ "type": "Feature", "properties": { "pid": 269, "street": "SE MAIN ST", "block_id": 15792, "fclass": "UL", "w": 22.5, "s": 25.8, "d": 3.3, "l": 15.0, "lstyle": "UNKNOWN", "rstyle": "UNKNOWN" }, "geometry": { "type": "Point", "coordinates": [ -122.619744116999826, 45.513547310454022 ] } },
{ "type": "Feature", "properties": { "pid": 270, "street": "SE MADISON ST", "block_id": 15828, "fclass": "UL", "w": 22.1, "s": 28.0, "d": 5.9, "l": 10.0, "lstyle": "UNKNOWN", "rstyle": "MONOLITH" }, "geometry": { "type": "Point", "coordinates": [ -122.65357183349613, 45.512930213304102 ] } },
{ "type": "Feature", "properties": { "pid": 271, "street": "SE 11TH AVE", "block_id": 15867, "fclass": "UC", "w": 21.3, "s": 35.7, "d": 14.4, "l": 70.0, "lstyle": "UNKNOWN", "rstyle": "UNKNOWN" }, "geometry": { "type": "Point", "coordinates": [ -122.654640691641262, 45.522017380812734 ] } },
{ "type": "Feature", "properties": { "pid": 272, "street": "NE DAVIS ST", "block_id": 16002, "fclass": "UL", "w": 19.0, "s": 36.0, "d": 17.0, "l": 15.0, "lstyle": "UNKNOWN", "rstyle": "MODCURB" }, "geometry": { "type": "Point", "coordinates": [ -122.602148277560516, 45.524178565680565 ] } },
{ "type": "Feature", "properties": { "pid": 273, "street": "NE WILLOW ST", "block_id": 16032, "fclass": "UL", "w": 18.0, "s": 33.4, "d": 15.4, "l": 85.0, "lstyle": "UNKNOWN", "rstyle": "UNKNOWN" }, "geometry": { "type": "Point", "coordinates": [ -122.599728798413551, 45.529880964347626 ] } },
{ "type": "Feature", "properties": { "pid": 274, "street": "NE 53RD AVE", "block_id": 16044, "fclass": "UC", "w": 15.2, "s": 27.9, "d": 12.7, "l": 15.0, "lstyle": "UNKNOWN", "rstyle": "MODCURB" }, "geometry": { "type": "Point", "coordinates": [ -122.608802142665965, 45.533613314970914 ] } },
{ "type": "Feature", "properties": { "pid": 275, "street": "NE PEERLESS PL", "block_id": 16086, "fclass": "UL", "w": 23.0, "s": 26.3, "d": 3.3, "l": 15.0, "lstyle": "UNKNOWN", "rstyle": "UNKNOWN" }, "geometry": { "type": "Point", "coordinates": [ -122.62878073213416, 45.530340474429352 ] } },
{ "type": "Feature", "properties": { "pid": 276, "street": "NE ROYAL CT", "block_id": 16162, "fclass": "UL", "w": 21.1, "s": 29.0, "d": 7.9, "l": 20.0, "lstyle": "THICK", "rstyle": "THICK" }, "geometry": { "type": "Point", "coordinates": [ -122.621317739836996, 45.528668972112435 ] } },
{ "type": "Feature", "properties": { "pid": 277, "street": "NE SISKIYOU ST", "block_id": 16336, "fclass": "UL", "w": 20.2, "s": 28.6, "d": 8.4, "l": 25.0, "lstyle": "UNKNOWN", "rstyle": "UNKNOWN" }, "geometry": { "type": "Point", "coordinates": [ -122.588083949029482, 45.544576234085262 ] } },
{ "type": "Feature", "properties": { "pid": 278, "street": "NE HANCOCK ST", "block_id": 16392, "fclass": "UC", "w": 6.2, "s": 28.3, "d": 22.1, "l": 30.0, "lstyle": "FLEXCURB", "rstyle": "COMBO" }, "geometry": { "type": "Point", "coordinates": [ -122.618744056208314, 45.536533576100844 ] } },
{ "type": "Feature", "properties": { "pid": 279, "street": "NE 50TH AVE", "block_id": 16405, "fclass": "UL", "w": 22.7, "s": 32.9, "d": 10.2, "l": 155.0, "lstyle": "UNKNOWN", "rstyle": "UNKNOWN" }, "geometry": { "type": "Point", "coordinates": [ -122.611945648781088, 45.540490130825816 ] } },
{ "type": "Feature", "properties": { "pid": 280, "street": "NE 46TH AVE", "block_id": 16421, "fclass": "UL", "w": 19.5, "s": 25.0, "d": 5.5, "l": 15.0, "lstyle": "UNKNOWN", "rstyle": "STANDARD" }, "geometry": { "type": "Point", "coordinates": [ -122.615969563896996, 45.540672091020326 ] } },
{ "type": "Feature", "properties": { "pid": 281, "street": "NE US GRANT PL", "block_id": 16478, "fclass": "UL", "w": 20.5, "s": 36.8, "d": 16.3, "l": 20.0, "lstyle": "UNKNOWN", "rstyle": "MODCURB" }, "geometry": { "type": "Point", "coordinates": [ -122.630882698313897, 45.537792679161583 ] } },
{ "type": "Feature", "properties": { "pid": 282, "street": "NE 43RD AVE", "block_id": 16577, "fclass": "UL", "w": 24.0, "s": 27.9, "d": 3.9, "l": 100.0, "lstyle": "UNKNOWN", "rstyle": "UNKNOWN" }, "geometry": { "type": "Point", "coordinates": [ -122.618784181058984, 45.546879619568344 ] } },
{ "type": "Feature", "properties": { "pid": 283, "street": "NE 7TH AVE", "block_id": 16620, "fclass": "UC", "w": 22.5, "s": 34.2, "d": 11.7, "l": 15.0, "lstyle": "UNKNOWN", "rstyle": "UNKNOWN" }, "geometry": { "type": "Point", "coordinates": [ -122.658596490590199, 45.54360735371386 ] } },
{ "type": "Feature", "properties": { "pid": 284, "street": "NE 57TH AVE", "block_id": 16792, "fclass": "UC", "w": 24.0, "s": 51.1, "d": 27.1, "l": 30.0, "lstyle": "UNKNOWN", "rstyle": "MODCURB" }, "geometry": { "type": "Point", "coordinates": [ -122.60454705913773, 45.548453655616356 ] } },
{ "type": "Feature", "properties": { "pid": 285, "street": "NE 32ND PL", "block_id": 16906, "fclass": "UL", "w": 21.6, "s": 35.5, "d": 13.9, "l": 10.0, "lstyle": "UNKNOWN", "rstyle": "STANDARD" }, "geometry": { "type": "Point", "coordinates": [ -122.631730835376302, 45.559110395612834 ] } },
{ "type": "Feature", "properties": { "pid": 286, "street": "NE 29TH AVE", "block_id": 16908, "fclass": "UL", "w": 23.7, "s": 27.5, "d": 3.8, "l": 15.0, "lstyle": "UNKNOWN", "rstyle": "UNKNOWN" }, "geometry": { "type": "Point", "coordinates": [ -122.635881804930335, 45.560198246343148 ] } },
{ "type": "Feature", "properties": { "pid": 287, "street": "NE EDGEHILL PL", "block_id": 16966, "fclass": "UL", "w": 23.8, "s": 28.8, "d": 5.0, "l": 10.0, "lstyle": "UNKNOWN", "rstyle": "UNKNOWN" }, "geometry": { "type": "Point", "coordinates": [ -122.637022102105618, 45.549325321131064 ] } },
{ "type": "Feature", "properties": { "pid": 288, "street": "NE 9TH AVE", "block_id": 16981, "fclass": "UL", "w": 20.6, "s": 30.0, "d": 9.4, "l": 15.0, "lstyle": "COMBO", "rstyle": "COMBO" }, "geometry": { "type": "Point", "coordinates": [ -122.656702303774566, 45.548343614750173 ] } },
{ "type": "Feature", "properties": { "pid": 289, "street": "N MARYLAND AVE", "block_id": 17121, "fclass": "UL", "w": 23.7, "s": 28.1, "d": 4.4, "l": 35.0, "lstyle": "UNKNOWN", "rstyle": "COMBO" }, "geometry": { "type": "Point", "coordinates": [ -122.68122076373615, 45.563291093320011 ] } },
{ "type": "Feature", "properties": { "pid": 290, "street": "N COMMERCIAL AVE", "block_id": 17126, "fclass": "UL", "w": 20.9, "s": 32.0, "d": 11.1, "l": 15.0, "lstyle": "UNKNOWN", "rstyle": "UNKNOWN" }, "geometry": { "type": "Point", "coordinates": [ -122.671174562255516, 45.559186015821453 ] } },
{ "type": "Feature", "properties": { "pid": 291, "street": "N COMMERCIAL AVE", "block_id": 17126, "fclass": "UL", "w": 21.0, "s": 32.0, "d": 11.0, "l": 10.0, "lstyle": "MODCURB", "rstyle": "MODCURB" }, "geometry": { "type": "Point", "coordinates": [ -122.671169485955517, 45.559665976038779 ] } },
{ "type": "Feature", "properties": { "pid": 292, "street": "N COMMERCIAL AVE", "block_id": 17126, "fclass": "UL", "w": 15.8, "s": 32.0, "d": 16.2, "l": 10.0, "lstyle": "MODCURB", "rstyle": "MODCURB" }, "geometry": { "type": "Point", "coordinates": [ -122.671163539323501, 45.560228215063816 ] } },
{ "type": "Feature", "properties": { "pid": 293, "street": "N MELROSE DR", "block_id": 17239, "fclass": "UL", "w": 19.2, "s": 22.3, "d": 3.1, "l": 20.0, "lstyle": "UNKNOWN", "rstyle": "UNKNOWN" }, "geometry": { "type": "Point", "coordinates": [ -122.685493901370862, 45.549882358728652 ] } },
{ "type": "Feature", "properties": { "pid": 294, "street": "N GOING ST-GREELEY AVE RAMP", "block_id": 17249, "fclass": "UMiA", "w": 8.0, "s": 17.1, "d": 9.1, "l": 15.0, "lstyle": "UNKNOWN", "rstyle": "UNKNOWN" }, "geometry": { "type": "Point", "coordinates": [ -122.692093695187509, 45.554349869762653 ] } },
{ "type": "Feature", "properties": { "pid": 295, "street": "N ALBINA AVE", "block_id": 17251, "fclass": "UC", "w": 22.2, "s": 36.0, "d": 13.8, "l": 55.0, "lstyle": "COMBO", "rstyle": "COMBO" }, "geometry": { "type": "Point", "coordinates": [ -122.674962777160147, 45.563536360542564 ] } },
{ "type": "Feature", "properties": { "pid": 296, "street": "NE HOLMAN ST", "block_id": 17283, "fclass": "UC", "w": 22.1, "s": 26.8, "d": 4.7, "l": 25.0, "lstyle": "COMBO", "rstyle": "THICK" }, "geometry": { "type": "Point", "coordinates": [ -122.620620406203898, 45.568564453106013 ] } },
{ "type": "Feature", "properties": { "pid": 297, "street": "NE 60TH AVE", "block_id": 5737, "fclass": "UPAO", "w": 20.3, "s": 26.5, "d": 6.2, "l": 10.0, "lstyle": "UNKNOWN", "rstyle": "UNKNOWN" }, "geometry": { "type": "Point", "coordinates": [ -122.600839303749709, 45.567312931652253 ] } },
{ "type": "Feature", "properties": { "pid": 298, "street": "NE I5 FWY-I84 FWY RAMP", "block_id": 17785, "fclass": null, "w": 15.4, "s": 24.3, "d": 8.9, "l": 10.0, "lstyle": "UNKNOWN", "rstyle": "UNKNOWN" }, "geometry": { "type": "Point", "coordinates": [ -122.661821769099902, 45.525095127547068 ] } },
{ "type": "Feature", "properties": { "pid": 299, "street": "SE LINCOLN ST", "block_id": 17820, "fclass": "UL", "w": 23.8, "s": 35.9, "d": 12.1, "l": 30.0, "lstyle": "UNKNOWN", "rstyle": "UNKNOWN" }, "geometry": { "type": "Point", "coordinates": [ -122.622571275045587, 45.508067717217109 ] } },
{ "type": "Feature", "properties": { "pid": 300, "street": "SE 15TH AVE", "block_id": 17883, "fclass": "UL", "w": 23.9, "s": 36.1, "d": 12.2, "l": 10.0, "lstyle": "UNKNOWN", "rstyle": "UNKNOWN" }, "geometry": { "type": "Point", "coordinates": [ -122.650601760726246, 45.519214704989935 ] } },
{ "type": "Feature", "properties": { "pid": 301, "street": "N COMMERCIAL AVE", "block_id": 17946, "fclass": "UL", "w": 24.0, "s": 40.9, "d": 16.9, "l": 10.0, "lstyle": "UNKNOWN", "rstyle": "MODCURB" }, "geometry": { "type": "Point", "coordinates": [ -122.671147355522379, 45.561836227233691 ] } },
{ "type": "Feature", "properties": { "pid": 302, "street": "N COMMERCIAL AVE", "block_id": 17946, "fclass": "UL", "w": 24.0, "s": 40.9, "d": 16.9, "l": 10.0, "lstyle": "UNKNOWN", "rstyle": "MODCURB" }, "geometry": { "type": "Point", "coordinates": [ -122.671144579468816, 45.562302497671752 ] } },
{ "type": "Feature", "properties": { "pid": 303, "street": "NE THOMPSON ST", "block_id": 18120, "fclass": "UL", "w": 20.9, "s": 31.1, "d": 10.2, "l": 35.0, "lstyle": "STANDARD", "rstyle": "STANDARD" }, "geometry": { "type": "Point", "coordinates": [ -122.666356557617902, 45.53901088663401 ] } },
{ "type": "Feature", "properties": { "pid": 304, "street": "N CENTRAL ST", "block_id": 18153, "fclass": "UL", "w": 23.2, "s": 35.1, "d": 11.9, "l": 25.0, "lstyle": "COMBO", "rstyle": "COMBO" }, "geometry": { "type": "Point", "coordinates": [ -122.758507580095255, 45.597112496748544 ] } },
{ "type": "Feature", "properties": { "pid": 305, "street": "NE 131ST PL", "block_id": 18309, "fclass": "UL", "w": 23.8, "s": 33.2, "d": 9.4, "l": 10.0, "lstyle": "THICK", "rstyle": "THICK" }, "geometry": { "type": "Point", "coordinates": [ -122.528921733654315, 45.552075548903126 ] } },
{ "type": "Feature", "properties": { "pid": 306, "street": "NE 110TH AVE", "block_id": 18395, "fclass": "UL", "w": 16.0, "s": 31.9, "d": 15.9, "l": 35.0, "lstyle": "UNKNOWN", "rstyle": "UNKNOWN" }, "geometry": { "type": "Point", "coordinates": [ -122.549287088995314, 45.546499567607341 ] } },
{ "type": "Feature", "properties": { "pid": 307, "street": "NE 97TH AVE", "block_id": 18868, "fclass": "UL", "w": 21.0, "s": 32.7, "d": 11.7, "l": 50.0, "lstyle": "THICK", "rstyle": "THICK" }, "geometry": { "type": "Point", "coordinates": [ -122.563554794295285, 45.525847079883249 ] } },
{ "type": "Feature", "properties": { "pid": 308, "street": "NE DAVIS ST", "block_id": 18904, "fclass": "UL", "w": 13.4, "s": 22.2, "d": 8.8, "l": 10.0, "lstyle": "UNKNOWN", "rstyle": "STANDARD" }, "geometry": { "type": "Point", "coordinates": [ -122.539581618898197, 45.524056202524321 ] } },
{ "type": "Feature", "properties": { "pid": 309, "street": "NE DAVIS ST", "block_id": 18906, "fclass": "UL", "w": 19.9, "s": 23.5, "d": 3.6, "l": 145.0, "lstyle": "COMBO", "rstyle": "STANDARD" }, "geometry": { "type": "Point", "coordinates": [ -122.538555947927222, 45.524054115760812 ] } },
{ "type": "Feature", "properties": { "pid": 310, "street": "SE ASH ST", "block_id": 18947, "fclass": "UL", "w": 22.4, "s": 31.9, "d": 9.5, "l": 10.0, "lstyle": "MONOLITH", "rstyle": "MONOLITH" }, "geometry": { "type": "Point", "coordinates": [ -122.540263752915621, 45.52108781969023 ] } },
{ "type": "Feature", "properties": { "pid": 311, "street": "SE ASH ST", "block_id": 18947, "fclass": "UL", "w": 22.1, "s": 31.9, "d": 9.8, "l": 10.0, "lstyle": "STANDARD", "rstyle": "STANDARD" }, "geometry": { "type": "Point", "coordinates": [ -122.538000715350961, 45.521098113608602 ] } },
{ "type": "Feature", "properties": { "pid": 312, "street": "SE 119TH AVE", "block_id": 18968, "fclass": "UL", "w": 22.2, "s": 32.3, "d": 10.1, "l": 10.0, "lstyle": "MONOLITH", "rstyle": "MONOLITH" }, "geometry": { "type": "Point", "coordinates": [ -122.540382078504805, 45.520483797913613 ] } },
{ "type": "Feature", "properties": { "pid": 313, "street": "SE PINE ST", "block_id": 18969, "fclass": "UL", "w": 22.8, "s": 32.0, "d": 9.2, "l": 10.0, "lstyle": "MONOLITH", "rstyle": "MONOLITH" }, "geometry": { "type": "Point", "coordinates": [ -122.54282067052354, 45.520390485243205 ] } },
{ "type": "Feature", "properties": { "pid": 314, "street": "SE PINE ST", "block_id": 18969, "fclass": "UL", "w": 22.2, "s": 32.0, "d": 9.8, "l": 10.0, "lstyle": "MONOLITH", "rstyle": "MONOLITH" }, "geometry": { "type": "Point", "coordinates": [ -122.540499296062819, 45.520400976349336 ] } },
{ "type": "Feature", "properties": { "pid": 315, "street": "SE PINE ST", "block_id": 18971, "fclass": "UL", "w": 22.3, "s": 28.0, "d": 5.7, "l": 10.0, "lstyle": "MONOLITH", "rstyle": "MONOLITH" }, "geometry": { "type": "Point", "coordinates": [ -122.53802199788457, 45.520411737667565 ] } },
{ "type": "Feature", "properties": { "pid": 316, "street": "SE 119TH AVE", "block_id": 18979, "fclass": "UL", "w": 22.2, "s": 32.0, "d": 9.8, "l": 10.0, "lstyle": "MONOLITH", "rstyle": "MONOLITH" }, "geometry": { "type": "Point", "coordinates": [ -122.540382573514052, 45.520319224345393 ] } },
{ "type": "Feature", "properties": { "pid": 317, "street": "SE 119TH AVE", "block_id": 18979, "fclass": "UL", "w": 22.1, "s": 32.0, "d": 9.9, "l": 10.0, "lstyle": "MONOLITH", "rstyle": "MONOLITH" }, "geometry": { "type": "Point", "coordinates": [ -122.540384610066653, 45.519798119372112 ] } },
{ "type": "Feature", "properties": { "pid": 318, "street": "SE OAK ST", "block_id": 18980, "fclass": "UL", "w": 22.2, "s": 32.0, "d": 9.8, "l": 10.0, "lstyle": "STANDARD", "rstyle": "MONOLITH" }, "geometry": { "type": "Point", "coordinates": [ -122.54050197413271, 45.519715311702534 ] } },
{ "type": "Feature", "properties": { "pid": 319, "street": "SE 119TH AVE", "block_id": 18999, "fclass": "UL", "w": 22.1, "s": 32.0, "d": 9.9, "l": 10.0, "lstyle": "STANDARD", "rstyle": "STANDARD" }, "geometry": { "type": "Point", "coordinates": [ -122.540385073292612, 45.519633566308677 ] } },
{ "type": "Feature", "properties": { "pid": 320, "street": "SE 119TH AVE", "block_id": 18999, "fclass": "UL", "w": 22.3, "s": 32.0, "d": 9.7, "l": 10.0, "lstyle": "STANDARD", "rstyle": "STANDARD" }, "geometry": { "type": "Point", "coordinates": [ -122.540385876072619, 45.519167350771035 ] } },
{ "type": "Feature", "properties": { "pid": 321, "street": "SE MAIN ST", "block_id": 19178, "fclass": "UC", "w": 20.9, "s": 27.4, "d": 6.5, "l": 15.0, "lstyle": "UNKNOWN", "rstyle": "MONOLITH" }, "geometry": { "type": "Point", "coordinates": [ -122.504922797804312, 45.512805280052028 ] } },
{ "type": "Feature", "properties": { "pid": 322, "street": "SE 102ND AVE", "block_id": 19651, "fclass": "UL", "w": 20.7, "s": 28.4, "d": 7.7, "l": 370.0, "lstyle": "UNKNOWN", "rstyle": "UNKNOWN" }, "geometry": { "type": "Point", "coordinates": [ -122.558292986569086, 45.495469939547668 ] } },
{ "type": "Feature", "properties": { "pid": 323, "street": "SE 100TH AVE", "block_id": 19741, "fclass": "UL", "w": 24.0, "s": 29.9, "d": 5.9, "l": 10.0, "lstyle": "COMBO", "rstyle": "COMBO" }, "geometry": { "type": "Point", "coordinates": [ -122.560916386797203, 45.489735530380564 ] } },
{ "type": "Feature", "properties": { "pid": 324, "street": "SE 104TH AVE", "block_id": 19743, "fclass": "UL", "w": 21.5, "s": 44.2, "d": 22.7, "l": 30.0, "lstyle": "MODCURB", "rstyle": "UNKNOWN" }, "geometry": { "type": "Point", "coordinates": [ -122.555773477740956, 45.489655241517902 ] } },
{ "type": "Feature", "properties": { "pid": 325, "street": "SE YUKON ST", "block_id": 19895, "fclass": "UL", "w": 23.0, "s": 26.0, "d": 3.0, "l": 10.0, "lstyle": "STANDARD", "rstyle": "STANDARD" }, "geometry": { "type": "Point", "coordinates": [ -122.556252539564085, 45.479056345164302 ] } },
{ "type": "Feature", "properties": { "pid": 326, "street": "NE BRAZEE ST", "block_id": 20234, "fclass": "UL", "w": 20.0, "s": 32.0, "d": 12.0, "l": 25.0, "lstyle": "STANDARD", "rstyle": "STANDARD" }, "geometry": { "type": "Point", "coordinates": [ -122.527234828598765, 45.540571840936089 ] } },
{ "type": "Feature", "properties": { "pid": 327, "street": "NE 157TH PL", "block_id": 20283, "fclass": "UL", "w": 17.8, "s": 28.1, "d": 10.3, "l": 20.0, "lstyle": "THICK", "rstyle": "THICK" }, "geometry": { "type": "Point", "coordinates": [ -122.501178361040928, 45.547834196971813 ] } },
{ "type": "Feature", "properties": { "pid": 328, "street": "NE 156TH AVE", "block_id": 20284, "fclass": "UL", "w": 22.5, "s": 28.0, "d": 5.5, "l": 25.0, "lstyle": "UNKNOWN", "rstyle": "THICK" }, "geometry": { "type": "Point", "coordinates": [ -122.502143613299154, 45.54769860554164 ] } },
{ "type": "Feature", "properties": { "pid": 329, "street": "NE 156TH AVE", "block_id": 20284, "fclass": "UL", "w": 22.6, "s": 28.0, "d": 5.4, "l": 20.0, "lstyle": "THICK", "rstyle": "UNKNOWN" }, "geometry": { "type": "Point", "coordinates": [ -122.502140937693071, 45.547794581257222 ] } },
{ "type": "Feature", "properties": { "pid": 330, "street": "NE 158TH AVE", "block_id": 20285, "fclass": "UL", "w": 23.4, "s": 31.9, "d": 8.5, "l": 15.0, "lstyle": "THICK", "rstyle": "THICK" }, "geometry": { "type": "Point", "coordinates": [ -122.499733611211724, 45.547883007979891 ] } },
{ "type": "Feature", "properties": { "pid": 331, "street": "SE MAIN ST", "block_id": 20544, "fclass": "UC", "w": 21.5, "s": 27.0, "d": 5.5, "l": 20.0, "lstyle": "UNKNOWN", "rstyle": "MONOLITH" }, "geometry": { "type": "Point", "coordinates": [ -122.506263078643158, 45.513546931563603 ] } },
{ "type": "Feature", "properties": { "pid": 332, "street": "SE MAIN ST", "block_id": 20655, "fclass": "UC", "w": 19.0, "s": 26.7, "d": 7.7, "l": 20.0, "lstyle": "UNKNOWN", "rstyle": "MONOLITH" }, "geometry": { "type": "Point", "coordinates": [ -122.503936360257228, 45.512419656774021 ] } },
{ "type": "Feature", "properties": { "pid": 333, "street": "SE 118TH AVE", "block_id": 20854, "fclass": "UL", "w": 23.2, "s": 28.4, "d": 5.2, "l": 35.0, "lstyle": "THICK", "rstyle": "UNKNOWN" }, "geometry": { "type": "Point", "coordinates": [ -122.541987741814538, 45.483812709553064 ] } },
{ "type": "Feature", "properties": { "pid": 334, "street": "SE 118TH AVE", "block_id": 20854, "fclass": "UL", "w": 23.2, "s": 28.4, "d": 5.2, "l": 25.0, "lstyle": "THICK", "rstyle": "UNKNOWN" }, "geometry": { "type": "Point", "coordinates": [ -122.541994347874294, 45.483579623582735 ] } },
{ "type": "Feature", "properties": { "pid": 335, "street": "SE 114TH AVE", "block_id": 20871, "fclass": "UL", "w": 16.6, "s": 23.8, "d": 7.2, "l": 15.0, "lstyle": "UNKNOWN", "rstyle": "UNKNOWN" }, "geometry": { "type": "Point", "coordinates": [ -122.546143352239767, 45.487573872100285 ] } },
{ "type": "Feature", "properties": { "pid": 336, "street": "NW TERRACEVIEW CT", "block_id": 21318, "fclass": "UL", "w": 20.2, "s": 23.3, "d": 3.1, "l": 10.0, "lstyle": "UNKNOWN", "rstyle": "UNKNOWN" }, "geometry": { "type": "Point", "coordinates": [ -122.766004625187051, 45.538115733414323 ] } },
{ "type": "Feature", "properties": { "pid": 337, "street": "NW TERRACEVIEW CT", "block_id": 21318, "fclass": "UL", "w": 19.7, "s": 23.3, "d": 3.6, "l": 135.0, "lstyle": "UNKNOWN", "rstyle": "UNKNOWN" }, "geometry": { "type": "Point", "coordinates": [ -122.766110133993877, 45.53817667059306 ] } },
{ "type": "Feature", "properties": { "pid": 338, "street": "SW BERTHA BLVD", "block_id": 21319, "fclass": "UL", "w": 19.8, "s": 24.9, "d": 5.1, "l": 215.0, "lstyle": "UNKNOWN", "rstyle": "UNKNOWN" }, "geometry": { "type": "Point", "coordinates": [ -122.710846495820732, 45.481083613646696 ] } },
{ "type": "Feature", "properties": { "pid": 339, "street": "SE ANKENY ST", "block_id": 21325, "fclass": "UL", "w": 22.5, "s": 32.0, "d": 9.5, "l": 10.0, "lstyle": "UNKNOWN", "rstyle": "COMBO" }, "geometry": { "type": "Point", "coordinates": [ -122.557164468564523, 45.521711080792741 ] } },
{ "type": "Feature", "properties": { "pid": 340, "street": "SE ANKENY ST", "block_id": 21326, "fclass": "UL", "w": 22.1, "s": 32.2, "d": 10.1, "l": 15.0, "lstyle": "UNKNOWN", "rstyle": "COMBO" }, "geometry": { "type": "Point", "coordinates": [ -122.556887072382168, 45.521709248325998 ] } },
{ "type": "Feature", "properties": { "pid": 341, "street": "SE ANKENY ST", "block_id": 21326, "fclass": "UL", "w": 21.8, "s": 32.2, "d": 10.4, "l": 20.0, "lstyle": "UNKNOWN", "rstyle": "UNKNOWN" }, "geometry": { "type": "Point", "coordinates": [ -122.555697221631604, 45.521700162776995 ] } },
{ "type": "Feature", "properties": { "pid": 342, "street": "SW SHEFFIELD AVE", "block_id": 1659, "fclass": null, "w": 12.7, "s": 18.0, "d": 5.3, "l": 15.0, "lstyle": "UNKNOWN", "rstyle": "UNKNOWN" }, "geometry": { "type": "Point", "coordinates": [ -122.686908806162691, 45.506791652423935 ] } },
{ "type": "Feature", "properties": { "pid": 343, "street": "SW BARBUR BLVD FRONTAGE RD", "block_id": 21635, "fclass": "UL", "w": 15.8, "s": 20.6, "d": 4.8, "l": 25.0, "lstyle": "UNKNOWN", "rstyle": "UNKNOWN" }, "geometry": { "type": "Point", "coordinates": [ -122.681667757754767, 45.47134767065635 ] } },
{ "type": "Feature", "properties": { "pid": 344, "street": "SW ZOO RD", "block_id": 21694, "fclass": null, "w": 22.1, "s": 25.2, "d": 3.1, "l": 105.0, "lstyle": "UNKNOWN", "rstyle": "UNKNOWN" }, "geometry": { "type": "Point", "coordinates": [ -122.716566766700495, 45.511359545373459 ] } },
{ "type": "Feature", "properties": { "pid": 345, "street": "SE 18TH AVE", "block_id": 21704, "fclass": "UL", "w": 19.3, "s": 35.9, "d": 16.6, "l": 20.0, "lstyle": "UNKNOWN", "rstyle": "UNKNOWN" }, "geometry": { "type": "Point", "coordinates": [ -122.647319264829363, 45.49806538707022 ] } },
{ "type": "Feature", "properties": { "pid": 346, "street": "NW 10TH AVE", "block_id": 21744, "fclass": "UC", "w": 21.9, "s": 29.0, "d": 7.1, "l": 65.0, "lstyle": "MONOLITH", "rstyle": "STANDARD" }, "geometry": { "type": "Point", "coordinates": [ -122.681407105923995, 45.530727345937265 ] } },
{ "type": "Feature", "properties": { "pid": 347, "street": "NW 10TH AVE", "block_id": 21746, "fclass": "UC", "w": 22.3, "s": 27.7, "d": 5.4, "l": 15.0, "lstyle": "MONOLITH", "rstyle": "STANDARD" }, "geometry": { "type": "Point", "coordinates": [ -122.68141513094173, 45.530925559013653 ] } },
{ "type": "Feature", "properties": { "pid": 348, "street": "NW 10TH AVE", "block_id": 21746, "fclass": "UC", "w": 20.2, "s": 27.7, "d": 7.5, "l": 60.0, "lstyle": "STANDARD", "rstyle": "STANDARD" }, "geometry": { "type": "Point", "coordinates": [ -122.681425180485093, 45.531240887791732 ] } },
{ "type": "Feature", "properties": { "pid": 349, "street": "NW 11TH AVE", "block_id": 21749, "fclass": "UC", "w": 19.8, "s": 35.8, "d": 16.0, "l": 20.0, "lstyle": "STANDARD", "rstyle": "STANDARD" }, "geometry": { "type": "Point", "coordinates": [ -122.682433191790224, 45.530909474385396 ] } },
{ "type": "Feature", "properties": { "pid": 350, "street": "NW 11TH AVE", "block_id": 21749, "fclass": "UC", "w": 22.3, "s": 35.8, "d": 13.5, "l": 10.0, "lstyle": "STANDARD", "rstyle": "STANDARD" }, "geometry": { "type": "Point", "coordinates": [ -122.68245269252408, 45.531416719619273 ] } },
{ "type": "Feature", "properties": { "pid": 351, "street": "NW 11TH AVE", "block_id": 21752, "fclass": "UC", "w": 22.0, "s": 36.0, "d": 14.0, "l": 10.0, "lstyle": "STANDARD", "rstyle": "MONOLITH" }, "geometry": { "type": "Point", "coordinates": [ -122.682424027671019, 45.530698392380998 ] } },
{ "type": "Feature", "properties": { "pid": 352, "street": "SE POWELL BLVD FRONTAGE RD", "block_id": 21777, "fclass": null, "w": 13.2, "s": 16.7, "d": 3.5, "l": 20.0, "lstyle": "UNKNOWN", "rstyle": "UNKNOWN" }, "geometry": { "type": "Point", "coordinates": [ -122.648222453793579, 45.50003807589065 ] } },
{ "type": "Feature", "properties": { "pid": 353, "street": "SE POWELL BLVD FRONTAGE RD", "block_id": 21789, "fclass": "UC", "w": 19.3, "s": 25.4, "d": 6.1, "l": 50.0, "lstyle": "UNKNOWN", "rstyle": "UNKNOWN" }, "geometry": { "type": "Point", "coordinates": [ -122.647574781622154, 45.49998306422092 ] } },
{ "type": "Feature", "properties": { "pid": 354, "street": "SW KNIGHTSBRIDGE DR", "block_id": 21802, "fclass": "UL", "w": 17.8, "s": 25.9, "d": 8.1, "l": 95.0, "lstyle": "UNKNOWN", "rstyle": "UNKNOWN" }, "geometry": { "type": "Point", "coordinates": [ -122.734975989236503, 45.458082692268277 ] } },
{ "type": "Feature", "properties": { "pid": 355, "street": "SW KNIGHTSBRIDGE DR", "block_id": 21802, "fclass": "UL", "w": 18.0, "s": 25.9, "d": 7.9, "l": 80.0, "lstyle": "UNKNOWN", "rstyle": "UNKNOWN" }, "geometry": { "type": "Point", "coordinates": [ -122.735323405300448, 45.458116676970981 ] } },
{ "type": "Feature", "properties": { "pid": 356, "street": "SE 21ST AVE", "block_id": 21986, "fclass": "UL", "w": 13.9, "s": 30.4, "d": 16.5, "l": 80.0, "lstyle": "UNKNOWN", "rstyle": "UNKNOWN" }, "geometry": { "type": "Point", "coordinates": [ -122.643143836784944, 45.463529901674107 ] } },
{ "type": "Feature", "properties": { "pid": 357, "street": "SE CORA ST", "block_id": 22270, "fclass": "UL", "w": 12.4, "s": 27.5, "d": 15.1, "l": 40.0, "lstyle": "UNKNOWN", "rstyle": "UNKNOWN" }, "geometry": { "type": "Point", "coordinates": [ -122.519583416491358, 45.491482206119784 ] } },
{ "type": "Feature", "properties": { "pid": 358, "street": "SE 134TH PL", "block_id": 19456, "fclass": "UL", "w": 13.7, "s": 28.3, "d": 14.6, "l": 85.0, "lstyle": "UNKNOWN", "rstyle": "UNKNOWN" }, "geometry": { "type": "Point", "coordinates": [ -122.524987697580357, 45.501986129756581 ] } },
{ "type": "Feature", "properties": { "pid": 359, "street": "SE 139TH AVE", "block_id": 22481, "fclass": "UL", "w": 19.7, "s": 27.9, "d": 8.2, "l": 145.0, "lstyle": "UNKNOWN", "rstyle": "UNKNOWN" }, "geometry": { "type": "Point", "coordinates": [ -122.520934400408677, 45.482173138416229 ] } },
{ "type": "Feature", "properties": { "pid": 360, "street": "NE SUNDERLAND AVE", "block_id": 22515, "fclass": "UC", "w": 20.6, "s": 24.8, "d": 4.2, "l": 10.0, "lstyle": "UNKNOWN", "rstyle": "UNKNOWN" }, "geometry": { "type": "Point", "coordinates": [ -122.635777470042498, 45.590511641069682 ] } },
{ "type": "Feature", "properties": { "pid": 361, "street": "NW FAIRFAX TER", "block_id": 22618, "fclass": null, "w": 21.2, "s": 28.0, "d": 6.8, "l": 10.0, "lstyle": "UNKNOWN", "rstyle": "UNKNOWN" }, "geometry": { "type": "Point", "coordinates": [ -122.708427564484296, 45.530696099426791 ] } },
{ "type": "Feature", "properties": { "pid": 362, "street": "NW FAIRFAX TER", "block_id": 22618, "fclass": null, "w": 20.1, "s": 28.0, "d": 7.9, "l": 45.0, "lstyle": "STANDARD", "rstyle": "UNKNOWN" }, "geometry": { "type": "Point", "coordinates": [ -122.708486067188289, 45.530697464722145 ] } },
{ "type": "Feature", "properties": { "pid": 363, "street": "NW 29TH AVE", "block_id": 22623, "fclass": null, "w": 16.9, "s": 27.8, "d": 10.9, "l": 20.0, "lstyle": "STANDARD", "rstyle": "STANDARD" }, "geometry": { "type": "Point", "coordinates": [ -122.710941464867048, 45.533761428417002 ] } },
{ "type": "Feature", "properties": { "pid": 364, "street": "NE 16TH AVE", "block_id": 22879, "fclass": "UL", "w": 19.4, "s": 27.9, "d": 8.5, "l": 35.0, "lstyle": "UNKNOWN", "rstyle": "STANDARD" }, "geometry": { "type": "Point", "coordinates": [ -122.64942891815376, 45.537499885793586 ] } },
{ "type": "Feature", "properties": { "pid": 365, "street": "NE TILLAMOOK ST", "block_id": 22879, "fclass": "UL", "w": 20.4, "s": 32.0, "d": 11.6, "l": 25.0, "lstyle": "STANDARD", "rstyle": "UNKNOWN" }, "geometry": { "type": "Point", "coordinates": [ -122.649416168773271, 45.537489502625348 ] } },
{ "type": "Feature", "properties": { "pid": 366, "street": "SE 97TH AVE", "block_id": 19951, "fclass": "UL", "w": 22.1, "s": 33.4, "d": 11.3, "l": 90.0, "lstyle": "UNKNOWN", "rstyle": "UNKNOWN" }, "geometry": { "type": "Point", "coordinates": [ -122.563565095451224, 45.474029438575521 ] } },
{ "type": "Feature", "properties": { "pid": 367, "street": "SW PALATINE ST", "block_id": 23091, "fclass": null, "w": 20.0, "s": 26.0, "d": 6.0, "l": 95.0, "lstyle": "UNKNOWN", "rstyle": "UNKNOWN" }, "geometry": { "type": "Point", "coordinates": [ -122.722768774136455, 45.443954852717553 ] } },
{ "type": "Feature", "properties": { "pid": 368, "street": "SW UNNAMED RD", "block_id": 23214, "fclass": "UC", "w": 6.7, "s": 20.1, "d": 13.4, "l": 20.0, "lstyle": "STANDARD", "rstyle": "UNKNOWN" }, "geometry": { "type": "Point", "coordinates": [ -122.71574642958376, 45.467281836138561 ] } },
{ "type": "Feature", "properties": { "pid": 369, "street": "SW TALBOT TER", "block_id": 23275, "fclass": "UC", "w": 18.3, "s": 24.2, "d": 5.9, "l": 35.0, "lstyle": "UNKNOWN", "rstyle": "UNKNOWN" }, "geometry": { "type": "Point", "coordinates": [ -122.70797269668337, 45.500881680563083 ] } },
{ "type": "Feature", "properties": { "pid": 370, "street": "SW HOWARDS WAY", "block_id": 23312, "fclass": "UL", "w": 21.2, "s": 28.0, "d": 6.8, "l": 20.0, "lstyle": "MONOLITH", "rstyle": "UNKNOWN" }, "geometry": { "type": "Point", "coordinates": [ -122.695359779035854, 45.518172144248283 ] } },
{ "type": "Feature", "properties": { "pid": 371, "street": "NE 53RD AVE", "block_id": 23355, "fclass": "UC", "w": 19.5, "s": 25.0, "d": 5.5, "l": 10.0, "lstyle": "MONOLITH", "rstyle": "MONOLITH" }, "geometry": { "type": "Point", "coordinates": [ -122.608870832609284, 45.522984199309022 ] } },
{ "type": "Feature", "properties": { "pid": 372, "street": "N BURLINGTON AVE", "block_id": 23366, "fclass": "UL", "w": 20.5, "s": 37.1, "d": 16.6, "l": 25.0, "lstyle": "UNKNOWN", "rstyle": "UNKNOWN" }, "geometry": { "type": "Point", "coordinates": [ -122.755403666882742, 45.589354499332842 ] } },
{ "type": "Feature", "properties": { "pid": 373, "street": "NW SKYVIEW DR", "block_id": 56, "fclass": null, "w": 21.1, "s": 28.0, "d": 6.9, "l": 60.0, "lstyle": "STANDARD", "rstyle": "STANDARD" }, "geometry": { "type": "Point", "coordinates": [ -122.826562074363011, 45.592558646896308 ] } },
{ "type": "Feature", "properties": { "pid": 374, "street": "SW 47TH AVE", "block_id": 23390, "fclass": null, "w": 20.2, "s": 27.9, "d": 7.7, "l": 30.0, "lstyle": "THICK", "rstyle": "THICK" }, "geometry": { "type": "Point", "coordinates": [ -122.725349579389871, 45.450795131927926 ] } },
{ "type": "Feature", "properties": { "pid": 375, "street": "SW 4TH AVE", "block_id": 2476, "fclass": "UL", "w": 20.7, "s": 26.9, "d": 6.2, "l": 140.0, "lstyle": "UNKNOWN", "rstyle": "UNKNOWN" }, "geometry": { "type": "Point", "coordinates": [ -122.682310837425646, 45.474553196984047 ] } },
{ "type": "Feature", "properties": { "pid": 376, "street": "N HOUGHTON ST", "block_id": 23506, "fclass": "UL", "w": 21.4, "s": 30.0, "d": 8.6, "l": 10.0, "lstyle": "UNKNOWN", "rstyle": "UNKNOWN" }, "geometry": { "type": "Point", "coordinates": [ -122.702344528979026, 45.587073792190438 ] } },
{ "type": "Feature", "properties": { "pid": 377, "street": "N HAMLIN AVE", "block_id": 23506, "fclass": "UL", "w": 21.3, "s": 30.9, "d": 9.6, "l": 10.0, "lstyle": "UNKNOWN", "rstyle": "UNKNOWN" }, "geometry": { "type": "Point", "coordinates": [ -122.702357673519685, 45.587065377717742 ] } },
{ "type": "Feature", "properties": { "pid": 378, "street": "N WILLIAMS AVE-I5 FWY RAMP", "block_id": 23553, "fclass": null, "w": 14.7, "s": 33.7, "d": 19.0, "l": 20.0, "lstyle": "STANDARD", "rstyle": "UNKNOWN" }, "geometry": { "type": "Point", "coordinates": [ -122.667657928704998, 45.536525950361643 ] } },
{ "type": "Feature", "properties": { "pid": 379, "street": "N WILLIAMS AVE-I5 FWY RAMP", "block_id": 23554, "fclass": null, "w": 18.6, "s": 28.0, "d": 9.4, "l": 10.0, "lstyle": "UNKNOWN", "rstyle": "STANDARD" }, "geometry": { "type": "Point", "coordinates": [ -122.667828052928215, 45.536705331945527 ] } },
{ "type": "Feature", "properties": { "pid": 380, "street": "N WILLIAMS AVE-I5 FWY RAMP", "block_id": 23554, "fclass": null, "w": 15.3, "s": 28.0, "d": 12.7, "l": 15.0, "lstyle": "STANDARD", "rstyle": "UNKNOWN" }, "geometry": { "type": "Point", "coordinates": [ -122.668662910868903, 45.537566778954137 ] } },
{ "type": "Feature", "properties": { "pid": 381, "street": "N WILLIAMS AVE-I5 FWY RAMP", "block_id": 23556, "fclass": null, "w": 13.7, "s": 51.9, "d": 38.2, "l": 15.0, "lstyle": "STANDARD", "rstyle": "UNKNOWN" }, "geometry": { "type": "Point", "coordinates": [ -122.668817357850443, 45.537727476156029 ] } },
{ "type": "Feature", "properties": { "pid": 382, "street": "NE I5 FWY-BROADWAY RAMP", "block_id": 23557, "fclass": null, "w": 12.2, "s": 31.7, "d": 19.5, "l": 35.0, "lstyle": "UNKNOWN", "rstyle": "UNKNOWN" }, "geometry": { "type": "Point", "coordinates": [ -122.668826918989481, 45.536983694048665 ] } },
{ "type": "Feature", "properties": { "pid": 383, "street": "NE I5 FWY-BROADWAY RAMP", "block_id": 23558, "fclass": null, "w": 20.6, "s": 28.7, "d": 8.1, "l": 10.0, "lstyle": "UNKNOWN", "rstyle": "UNKNOWN" }, "geometry": { "type": "Point", "coordinates": [ -122.668661575061918, 45.536752721939905 ] } },
{ "type": "Feature", "properties": { "pid": 384, "street": "NE I5 FWY-BROADWAY RAMP", "block_id": 23558, "fclass": null, "w": 13.5, "s": 28.7, "d": 15.2, "l": 10.0, "lstyle": "UNKNOWN", "rstyle": "UNKNOWN" }, "geometry": { "type": "Point", "coordinates": [ -122.668678289659283, 45.536777504846548 ] } },
{ "type": "Feature", "properties": { "pid": 385, "street": "SW I405 FWY-SALMON ST RAMP", "block_id": 23847, "fclass": null, "w": 22.3, "s": 26.7, "d": 4.4, "l": 95.0, "lstyle": "STANDARD", "rstyle": "STANDARD" }, "geometry": { "type": "Point", "coordinates": [ -122.687385310448562, 45.517006959133049 ] } },
{ "type": "Feature", "properties": { "pid": 386, "street": "SW I405 FWY-12TH AVE RAMP", "block_id": 23867, "fclass": null, "w": 17.6, "s": 25.3, "d": 7.7, "l": 140.0, "lstyle": "UNKNOWN", "rstyle": "UNKNOWN" }, "geometry": { "type": "Point", "coordinates": [ -122.688533001064044, 45.511885778307253 ] } },
{ "type": "Feature", "properties": { "pid": 387, "street": "SW I405 FWY-SUNSET HWY RAMP", "block_id": 23870, "fclass": null, "w": 17.9, "s": 29.1, "d": 11.2, "l": 10.0, "lstyle": "UNKNOWN", "rstyle": "STANDARD" }, "geometry": { "type": "Point", "coordinates": [ -122.688740757246393, 45.512034675445875 ] } },
{ "type": "Feature", "properties": { "pid": 388, "street": "SW DICKINSON ST", "block_id": 23917, "fclass": null, "w": 22.5, "s": 28.1, "d": 5.6, "l": 35.0, "lstyle": "UNKNOWN", "rstyle": "UNKNOWN" }, "geometry": { "type": "Point", "coordinates": [ -122.725035311240575, 45.447495427201787 ] } },
{ "type": "Feature", "properties": { "pid": 389, "street": "SE 155TH AVE", "block_id": 23961, "fclass": null, "w": 19.5, "s": 25.3, "d": 5.8, "l": 70.0, "lstyle": "STANDARD", "rstyle": "STANDARD" }, "geometry": { "type": "Point", "coordinates": [ -122.503903492086081, 45.472938765665319 ] } },
{ "type": "Feature", "properties": { "pid": 390, "street": "N UNNAMED RD", "block_id": 24053, "fclass": null, "w": 19.5, "s": 23.7, "d": 4.2, "l": 10.0, "lstyle": "COMBO", "rstyle": "COMBO" }, "geometry": { "type": "Point", "coordinates": [ -122.771119086755249, 45.619000139062457 ] } },
{ "type": "Feature", "properties": { "pid": 391, "street": "N STRONG ST", "block_id": 24153, "fclass": null, "w": 19.1, "s": 43.0, "d": 23.9, "l": 20.0, "lstyle": "UNKNOWN", "rstyle": "UNKNOWN" }, "geometry": { "type": "Point", "coordinates": [ -122.730095285238477, 45.574678753295437 ] } },
{ "type": "Feature", "properties": { "pid": 392, "street": "N STRONG ST", "block_id": 24153, "fclass": null, "w": 19.2, "s": 43.0, "d": 23.8, "l": 15.0, "lstyle": "UNKNOWN", "rstyle": "UNKNOWN" }, "geometry": { "type": "Point", "coordinates": [ -122.731307373169273, 45.575122660572504 ] } },
{ "type": "Feature", "properties": { "pid": 393, "street": "N VAN HOUTEN AVE", "block_id": 24154, "fclass": null, "w": 20.6, "s": 32.1, "d": 11.5, "l": 10.0, "lstyle": "UNKNOWN", "rstyle": "UNKNOWN" }, "geometry": { "type": "Point", "coordinates": [ -122.73138791207343, 45.57524495004661 ] } },
{ "type": "Feature", "properties": { "pid": 394, "street": "N VAN HOUTEN AVE", "block_id": 24154, "fclass": null, "w": 20.2, "s": 32.1, "d": 11.9, "l": 20.0, "lstyle": "UNKNOWN", "rstyle": "UNKNOWN" }, "geometry": { "type": "Point", "coordinates": [ -122.730990608476873, 45.575779938935412 ] } },
{ "type": "Feature", "properties": { "pid": 395, "street": "NE 119TH AVE", "block_id": 24626, "fclass": null, "w": 17.8, "s": 27.8, "d": 10.0, "l": 50.0, "lstyle": "UNKNOWN", "rstyle": "COMBO" }, "geometry": { "type": "Point", "coordinates": [ -122.540261914600336, 45.53276023118876 ] } },
{ "type": "Feature", "properties": { "pid": 396, "street": "NE OREGON ST", "block_id": 24734, "fclass": "UC", "w": 21.7, "s": 28.0, "d": 6.3, "l": 25.0, "lstyle": "UNKNOWN", "rstyle": "STANDARD" }, "geometry": { "type": "Point", "coordinates": [ -122.65894898194513, 45.528635882101085 ] } },
{ "type": "Feature", "properties": { "pid": 397, "street": "NE WEIDLER ST", "block_id": 24736, "fclass": "UL", "w": 21.3, "s": 29.7, "d": 8.4, "l": 25.0, "lstyle": "STANDARD", "rstyle": "UNKNOWN" }, "geometry": { "type": "Point", "coordinates": [ -122.63653824125754, 45.534467094474913 ] } },
{ "type": "Feature", "properties": { "pid": 398, "street": "SW US VETERANS HOSPITAL RD", "block_id": 24762, "fclass": null, "w": 23.4, "s": 32.3, "d": 8.9, "l": 65.0, "lstyle": "UNKNOWN", "rstyle": "UNKNOWN" }, "geometry": { "type": "Point", "coordinates": [ -122.68449196926295, 45.496001179349697 ] } },
{ "type": "Feature", "properties": { "pid": 399, "street": "NE COLUMBIA CT", "block_id": 24804, "fclass": "UC", "w": 17.8, "s": 23.9, "d": 6.1, "l": 15.0, "lstyle": "UNKNOWN", "rstyle": "UNKNOWN" }, "geometry": { "type": "Point", "coordinates": [ -122.633728379310881, 45.575175273982993 ] } },
{ "type": "Feature", "properties": { "pid": 400, "street": "N MICHIGAN AVE", "block_id": 24884, "fclass": null, "w": 16.5, "s": 28.4, "d": 11.9, "l": 40.0, "lstyle": "UNKNOWN", "rstyle": "UNKNOWN" }, "geometry": { "type": "Point", "coordinates": [ -122.676981115200306, 45.555543712833071 ] } },
{ "type": "Feature", "properties": { "pid": 401, "street": "N I5 FWY-LOMBARD ST RAMP", "block_id": 24926, "fclass": null, "w": 21.2, "s": 61.1, "d": 39.9, "l": 15.0, "lstyle": "UNKNOWN", "rstyle": "UNKNOWN" }, "geometry": { "type": "Point", "coordinates": [ -122.677655432251797, 45.577073181817845 ] } },
{ "type": "Feature", "properties": { "pid": 402, "street": "NE 14TH AVE", "block_id": 24949, "fclass": "UL", "w": 19.7, "s": 27.9, "d": 8.2, "l": 45.0, "lstyle": "STANDARD", "rstyle": "STANDARD" }, "geometry": { "type": "Point", "coordinates": [ -122.651447487486621, 45.545014353594382 ] } },
{ "type": "Feature", "properties": { "pid": 403, "street": "NE 157TH AVE", "block_id": 24988, "fclass": "UL", "w": 20.2, "s": 39.8, "d": 19.6, "l": 45.0, "lstyle": "UNKNOWN", "rstyle": "UNKNOWN" }, "geometry": { "type": "Point", "coordinates": [ -122.501079985593705, 45.536577341001383 ] } },
{ "type": "Feature", "properties": { "pid": 404, "street": "SE 60TH AVE", "block_id": 25071, "fclass": "UC", "w": 16.8, "s": 30.5, "d": 13.7, "l": 15.0, "lstyle": "MODCURB", "rstyle": "UNKNOWN" }, "geometry": { "type": "Point", "coordinates": [ -122.602384418116173, 45.519385389324498 ] } },
{ "type": "Feature", "properties": { "pid": 405, "street": "NE 71ST AVE", "block_id": 25112, "fclass": "UL", "w": 14.9, "s": 27.9, "d": 13.0, "l": 15.0, "lstyle": "UNKNOWN", "rstyle": "MODCURB" }, "geometry": { "type": "Point", "coordinates": [ -122.589877045568244, 45.52323462063773 ] } },
{ "type": "Feature", "properties": { "pid": 406, "street": "NE 86TH AVE", "block_id": 25115, "fclass": "UL", "w": 20.1, "s": 28.0, "d": 7.9, "l": 40.0, "lstyle": "THICK", "rstyle": "THICK" }, "geometry": { "type": "Point", "coordinates": [ -122.574995574377425, 45.522910377042152 ] } },
{ "type": "Feature", "properties": { "pid": 407, "street": "NE US GRANT PL", "block_id": 25127, "fclass": "UC", "w": 18.1, "s": 36.0, "d": 17.9, "l": 20.0, "lstyle": "MODCURB", "rstyle": "UNKNOWN" }, "geometry": { "type": "Point", "coordinates": [ -122.630548367199452, 45.537787663664666 ] } },
{ "type": "Feature", "properties": { "pid": 408, "street": "NE 33RD AVE", "block_id": 25130, "fclass": "UMiA", "w": 20.4, "s": 36.5, "d": 16.1, "l": 25.0, "lstyle": "UNKNOWN", "rstyle": "STANDARD" }, "geometry": { "type": "Point", "coordinates": [ -122.630689509016662, 45.54020604508537 ] } },
{ "type": "Feature", "properties": { "pid": 409, "street": "SE 149TH PL", "block_id": 25202, "fclass": null, "w": 16.1, "s": 32.0, "d": 15.9, "l": 115.0, "lstyle": "UNKNOWN", "rstyle": "UNKNOWN" }, "geometry": { "type": "Point", "coordinates": [ -122.509397003408225, 45.51615342497815 ] } },
{ "type": "Feature", "properties": { "pid": 410, "street": "NW 10TH AVE", "block_id": 25557, "fclass": "UC", "w": 16.1, "s": 28.6, "d": 12.5, "l": 20.0, "lstyle": "MONOLITH", "rstyle": "MONOLITH" }, "geometry": { "type": "Point", "coordinates": [ -122.681437733942232, 45.53162806309134 ] } },
{ "type": "Feature", "properties": { "pid": 411, "street": "NW 10TH AVE", "block_id": 25557, "fclass": "UC", "w": 16.3, "s": 28.6, "d": 12.3, "l": 10.0, "lstyle": "MONOLITH", "rstyle": "STANDARD" }, "geometry": { "type": "Point", "coordinates": [ -122.68145550088984, 45.532149075908656 ] } },
{ "type": "Feature", "properties": { "pid": 412, "street": "SE DUKE ST", "block_id": 25601, "fclass": null, "w": 23.9, "s": 32.0, "d": 8.1, "l": 50.0, "lstyle": "UNKNOWN", "rstyle": "UNKNOWN" }, "geometry": { "type": "Point", "coordinates": [ -122.513969533059139, 45.475667767096667 ] } },
{ "type": "Feature", "properties": { "pid": 413, "street": "SE DUKE ST", "block_id": 25601, "fclass": null, "w": 23.9, "s": 32.0, "d": 8.1, "l": 15.0, "lstyle": "UNKNOWN", "rstyle": "UNKNOWN" }, "geometry": { "type": "Point", "coordinates": [ -122.513526397530214, 45.475641016049195 ] } },
{ "type": "Feature", "properties": { "pid": 414, "street": "NE 111TH AVE", "block_id": 25611, "fclass": "UL", "w": 22.3, "s": 27.0, "d": 4.7, "l": 25.0, "lstyle": "COMBO", "rstyle": "STANDARD" }, "geometry": { "type": "Point", "coordinates": [ -122.548565464195661, 45.555957252455784 ] } },
{ "type": "Feature", "properties": { "pid": 415, "street": "SW 64TH PL", "block_id": 25615, "fclass": "UL", "w": 19.6, "s": 23.1, "d": 3.5, "l": 210.0, "lstyle": "UNKNOWN", "rstyle": "UNKNOWN" }, "geometry": { "type": "Point", "coordinates": [ -122.742371688322706, 45.470332715216415 ] } },
{ "type": "Feature", "properties": { "pid": 416, "street": "NW RED CEDAR CT", "block_id": 25648, "fclass": null, "w": 19.8, "s": 27.9, "d": 8.1, "l": 390.0, "lstyle": "STANDARD", "rstyle": "STANDARD" }, "geometry": { "type": "Point", "coordinates": [ -122.830956458830258, 45.591947214305819 ] } },
{ "type": "Feature", "properties": { "pid": 417, "street": "N EMERSON DR", "block_id": 25664, "fclass": "UL", "w": 18.0, "s": 25.0, "d": 7.0, "l": 95.0, "lstyle": "UNKNOWN", "rstyle": "UNKNOWN" }, "geometry": { "type": "Point", "coordinates": [ -122.69601843403521, 45.561256890767744 ] } },
{ "type": "Feature", "properties": { "pid": 418, "street": "NE CASCADES PKWY", "block_id": 25682, "fclass": null, "w": 20.6, "s": 26.1, "d": 5.5, "l": 120.0, "lstyle": "COMBO", "rstyle": "COMBO" }, "geometry": { "type": "Point", "coordinates": [ -122.567405251507324, 45.576801722887424 ] } },
{ "type": "Feature", "properties": { "pid": 419, "street": "NE MULTNOMAH ST", "block_id": 25684, "fclass": "UL", "w": 22.8, "s": 28.0, "d": 5.2, "l": 10.0, "lstyle": "STANDARD", "rstyle": "STANDARD" }, "geometry": { "type": "Point", "coordinates": [ -122.563444578134025, 45.531271496008848 ] } },
{ "type": "Feature", "properties": { "pid": 420, "street": "SW 3RD AVE", "block_id": 25702, "fclass": "UC", "w": 24.0, "s": 39.3, "d": 15.3, "l": 20.0, "lstyle": "UNKNOWN", "rstyle": "UNKNOWN" }, "geometry": { "type": "Point", "coordinates": [ -122.678766825904972, 45.512372558307689 ] } },
{ "type": "Feature", "properties": { "pid": 421, "street": "SW HALL ST", "block_id": 25744, "fclass": "UL", "w": 21.7, "s": 35.9, "d": 14.2, "l": 15.0, "lstyle": "UNKNOWN", "rstyle": "UNKNOWN" }, "geometry": { "type": "Point", "coordinates": [ -122.689928632204982, 45.512132438796989 ] } },
{ "type": "Feature", "properties": { "pid": 422, "street": "SE 118TH AVE", "block_id": 19774, "fclass": null, "w": 22.0, "s": 27.9, "d": 5.9, "l": 30.0, "lstyle": "THICK", "rstyle": "UNKNOWN" }, "geometry": { "type": "Point", "coordinates": [ -122.541906478965501, 45.485408463631209 ] } },
{ "type": "Feature", "properties": { "pid": 423, "street": "SE 118TH AVE", "block_id": 25782, "fclass": null, "w": 22.2, "s": 28.3, "d": 6.1, "l": 25.0, "lstyle": "THICK", "rstyle": "UNKNOWN" }, "geometry": { "type": "Point", "coordinates": [ -122.541928254706178, 45.485005301549947 ] } },
{ "type": "Feature", "properties": { "pid": 424, "street": "SE SALMON ST", "block_id": 25839, "fclass": null, "w": 22.1, "s": 28.0, "d": 5.9, "l": 20.0, "lstyle": "THICK", "rstyle": "STANDARD" }, "geometry": { "type": "Point", "coordinates": [ -122.619179592509369, 45.514301613310018 ] } },
{ "type": "Feature", "properties": { "pid": 425, "street": "N HOUGHTON ST", "block_id": 25878, "fclass": null, "w": 21.9, "s": 32.0, "d": 10.1, "l": 35.0, "lstyle": "COMBO", "rstyle": "COMBO" }, "geometry": { "type": "Point", "coordinates": [ -122.712543072356127, 45.586626776375404 ] } },
{ "type": "Feature", "properties": { "pid": 426, "street": "N WOOLSEY AVE", "block_id": 25879, "fclass": null, "w": 22.2, "s": 32.2, "d": 10.0, "l": 35.0, "lstyle": "COMBO", "rstyle": "COMBO" }, "geometry": { "type": "Point", "coordinates": [ -122.713468271188134, 45.58708671029374 ] } },
{ "type": "Feature", "properties": { "pid": 427, "street": "N WOOLSEY AVE", "block_id": 25880, "fclass": null, "w": 20.1, "s": 32.1, "d": 12.0, "l": 20.0, "lstyle": "COMBO", "rstyle": "COMBO" }, "geometry": { "type": "Point", "coordinates": [ -122.713469360776756, 45.588125272554606 ] } },
{ "type": "Feature", "properties": { "pid": 428, "street": "N WOOLSEY AVE", "block_id": 25880, "fclass": null, "w": 22.2, "s": 32.1, "d": 9.9, "l": 10.0, "lstyle": "COMBO", "rstyle": "COMBO" }, "geometry": { "type": "Point", "coordinates": [ -122.713468371545801, 45.588564106946201 ] } },
{ "type": "Feature", "properties": { "pid": 429, "street": "N DWIGHT AVE", "block_id": 25882, "fclass": null, "w": 19.4, "s": 31.3, "d": 11.9, "l": 20.0, "lstyle": "COMBO", "rstyle": "COMBO" }, "geometry": { "type": "Point", "coordinates": [ -122.714537568965582, 45.588114073238714 ] } },
{ "type": "Feature", "properties": { "pid": 430, "street": "N DWIGHT AVE", "block_id": 25882, "fclass": null, "w": 21.3, "s": 31.3, "d": 10.0, "l": 20.0, "lstyle": "COMBO", "rstyle": "COMBO" }, "geometry": { "type": "Point", "coordinates": [ -122.714528945086599, 45.588566485299793 ] } },
{ "type": "Feature", "properties": { "pid": 431, "street": "N DWIGHT AVE", "block_id": 25883, "fclass": "UL", "w": 22.2, "s": 31.7, "d": 9.5, "l": 10.0, "lstyle": "COMBO", "rstyle": "COMBO" }, "geometry": { "type": "Point", "coordinates": [ -122.714553900816711, 45.586732663649677 ] } },
{ "type": "Feature", "properties": { "pid": 432, "street": "N DWIGHT AVE", "block_id": 25883, "fclass": "UL", "w": 21.8, "s": 31.7, "d": 9.9, "l": 30.0, "lstyle": "COMBO", "rstyle": "COMBO" }, "geometry": { "type": "Point", "coordinates": [ -122.714551519059768, 45.587075458619594 ] } },
{ "type": "Feature", "properties": { "pid": 433, "street": "N NEWMAN AVE", "block_id": 25886, "fclass": null, "w": 19.3, "s": 31.3, "d": 12.0, "l": 20.0, "lstyle": "COMBO", "rstyle": "COMBO" }, "geometry": { "type": "Point", "coordinates": [ -122.715656585285899, 45.588129336974042 ] } },
{ "type": "Feature", "properties": { "pid": 434, "street": "N NEWMAN AVE", "block_id": 25886, "fclass": null, "w": 21.4, "s": 31.3, "d": 9.9, "l": 20.0, "lstyle": "COMBO", "rstyle": "COMBO" }, "geometry": { "type": "Point", "coordinates": [ -122.715674258854449, 45.588581701315313 ] } },
{ "type": "Feature", "properties": { "pid": 435, "street": "N FISKE AVE", "block_id": 25887, "fclass": "UL", "w": 22.0, "s": 31.7, "d": 9.7, "l": 10.0, "lstyle": "COMBO", "rstyle": "COMBO" }, "geometry": { "type": "Point", "coordinates": [ -122.716373890686384, 45.586722511927142 ] } },
{ "type": "Feature", "properties": { "pid": 436, "street": "N FISKE AVE", "block_id": 25887, "fclass": "UL", "w": 21.7, "s": 31.7, "d": 10.0, "l": 35.0, "lstyle": "COMBO", "rstyle": "COMBO" }, "geometry": { "type": "Point", "coordinates": [ -122.716368412865222, 45.587092672328893 ] } },
{ "type": "Feature", "properties": { "pid": 437, "street": "N MCCOY CT", "block_id": 25894, "fclass": "UL", "w": 23.7, "s": 27.9, "d": 4.2, "l": 35.0, "lstyle": "COMBO", "rstyle": "STANDARD" }, "geometry": { "type": "Point", "coordinates": [ -122.712638385565413, 45.587157815792928 ] } },
{ "type": "Feature", "properties": { "pid": 438, "street": "N MCCOY CT", "block_id": 25894, "fclass": "UL", "w": 22.9, "s": 27.9, "d": 5.0, "l": 10.0, "lstyle": "MONOLITH", "rstyle": "STANDARD" }, "geometry": { "type": "Point", "coordinates": [ -122.713341439965291, 45.587167287284039 ] } },
{ "type": "Feature", "properties": { "pid": 439, "street": "N MCCOY CT", "block_id": 25895, "fclass": "UL", "w": 22.1, "s": 27.7, "d": 5.6, "l": 35.0, "lstyle": "COMBO", "rstyle": "STANDARD" }, "geometry": { "type": "Point", "coordinates": [ -122.717041756789044, 45.587190689368263 ] } },
{ "type": "Feature", "properties": { "pid": 440, "street": "N MCCOY CT", "block_id": 25895, "fclass": "UL", "w": 22.6, "s": 27.7, "d": 5.1, "l": 30.0, "lstyle": "COMBO", "rstyle": "STANDARD" }, "geometry": { "type": "Point", "coordinates": [ -122.718213655995129, 45.587189795732428 ] } },
{ "type": "Feature", "properties": { "pid": 441, "street": "N TRENTON ST", "block_id": 25896, "fclass": "UC", "w": 23.0, "s": 36.2, "d": 13.2, "l": 20.0, "lstyle": "COMBO", "rstyle": "COMBO" }, "geometry": { "type": "Point", "coordinates": [ -122.714702776291176, 45.588668798092478 ] } },
{ "type": "Feature", "properties": { "pid": 442, "street": "N TRENTON ST", "block_id": 25896, "fclass": "UC", "w": 22.1, "s": 36.2, "d": 14.1, "l": 15.0, "lstyle": "COMBO", "rstyle": "COMBO" }, "geometry": { "type": "Point", "coordinates": [ -122.715522842742317, 45.5886817778999 ] } },
{ "type": "Feature", "properties": { "pid": 443, "street": "N TRENTON ST", "block_id": 25897, "fclass": null, "w": 21.2, "s": 35.9, "d": 14.7, "l": 15.0, "lstyle": "COMBO", "rstyle": "STANDARD" }, "geometry": { "type": "Point", "coordinates": [ -122.713326806245192, 45.588662015103829 ] } },
{ "type": "Feature", "properties": { "pid": 444, "street": "N TRENTON ST", "block_id": 25898, "fclass": "UC", "w": 21.8, "s": 36.2, "d": 14.4, "l": 25.0, "lstyle": "COMBO", "rstyle": "COMBO" }, "geometry": { "type": "Point", "coordinates": [ -122.713624381602344, 45.588665417432068 ] } },
{ "type": "Feature", "properties": { "pid": 445, "street": "N TRENTON ST", "block_id": 25898, "fclass": "UC", "w": 22.3, "s": 36.2, "d": 13.9, "l": 10.0, "lstyle": "COMBO", "rstyle": "COMBO" }, "geometry": { "type": "Point", "coordinates": [ -122.714405572611525, 45.588665935813019 ] } },
{ "type": "Feature", "properties": { "pid": 446, "street": "N MCCOY CT", "block_id": 25904, "fclass": null, "w": 23.1, "s": 27.8, "d": 4.7, "l": 30.0, "lstyle": "COMBO", "rstyle": "STANDARD" }, "geometry": { "type": "Point", "coordinates": [ -122.716562337728391, 45.587181548598636 ] } },
{ "type": "Feature", "properties": { "pid": 447, "street": "SE CLATSOP ST", "block_id": 26181, "fclass": "UL", "w": 20.0, "s": 24.0, "d": 4.0, "l": 165.0, "lstyle": "UNKNOWN", "rstyle": "UNKNOWN" }, "geometry": { "type": "Point", "coordinates": [ -122.565978702128646, 45.461297044804816 ] } },
{ "type": "Feature", "properties": { "pid": 448, "street": "NE 149TH PL", "block_id": 18913, "fclass": "UL", "w": 18.4, "s": 32.1, "d": 13.7, "l": 10.0, "lstyle": "ACBERM", "rstyle": "CUTOUT_C" }, "geometry": { "type": "Point", "coordinates": [ -122.509388152166622, 45.52367250209285 ] } },
{ "type": "Feature", "properties": { "pid": 449, "street": "SE 137TH AVE", "block_id": 26375, "fclass": "UL", "w": 21.8, "s": 34.1, "d": 12.3, "l": 30.0, "lstyle": "UNKNOWN", "rstyle": "UNKNOWN" }, "geometry": { "type": "Point", "coordinates": [ -122.522160785196036, 45.502518471266384 ] } },
{ "type": "Feature", "properties": { "pid": 450, "street": "N TRENTON ST", "block_id": 25897, "fclass": null, "w": 22.0, "s": 35.9, "d": 13.9, "l": 15.0, "lstyle": "COMBO", "rstyle": "STANDARD" }, "geometry": { "type": "Point", "coordinates": [ -122.712534467189784, 45.588652420736537 ] } },
{ "type": "Feature", "properties": { "pid": 451, "street": "NW 10TH AVE", "block_id": 26631, "fclass": null, "w": 21.8, "s": 28.9, "d": 7.1, "l": 25.0, "lstyle": "UNKNOWN", "rstyle": "COMBO" }, "geometry": { "type": "Point", "coordinates": [ -122.681332690086222, 45.528809011634706 ] } },
{ "type": "Feature", "properties": { "pid": 452, "street": "NW 10TH AVE", "block_id": 26631, "fclass": null, "w": 22.1, "s": 28.9, "d": 6.8, "l": 20.0, "lstyle": "COMBO", "rstyle": "COMBO" }, "geometry": { "type": "Point", "coordinates": [ -122.68135243951042, 45.529384720874702 ] } },
{ "type": "Feature", "properties": { "pid": 453, "street": "NW 10TH AVE", "block_id": 26631, "fclass": null, "w": 22.1, "s": 28.9, "d": 6.8, "l": 20.0, "lstyle": "COMBO", "rstyle": "COMBO" }, "geometry": { "type": "Point", "coordinates": [ -122.68135352138691, 45.529416255470728 ] } },
{ "type": "Feature", "properties": { "pid": 454, "street": "NW 11TH AVE", "block_id": 26633, "fclass": "UC", "w": 20.1, "s": 36.1, "d": 16.0, "l": 20.0, "lstyle": "STANDARD", "rstyle": "UNKNOWN" }, "geometry": { "type": "Point", "coordinates": [ -122.682353845097779, 45.528771947258228 ] } },
{ "type": "Feature", "properties": { "pid": 455, "street": "NW 11TH AVE", "block_id": 26633, "fclass": "UC", "w": 21.8, "s": 36.1, "d": 14.3, "l": 15.0, "lstyle": "STANDARD", "rstyle": "UNKNOWN" }, "geometry": { "type": "Point", "coordinates": [ -122.682372278219063, 45.529361506358754 ] } },
{ "type": "Feature", "properties": { "pid": 456, "street": "NW 11TH AVE", "block_id": 26633, "fclass": null, "w": 21.8, "s": 36.0, "d": 14.2, "l": 20.0, "lstyle": "STANDARD", "rstyle": "UNKNOWN" }, "geometry": { "type": "Point", "coordinates": [ -122.68237338908402, 45.529396883624223 ] } },
{ "type": "Feature", "properties": { "pid": 457, "street": "SE 130TH AVE", "block_id": 26664, "fclass": "UL", "w": 22.8, "s": 28.2, "d": 5.4, "l": 60.0, "lstyle": "UNKNOWN", "rstyle": "UNKNOWN" }, "geometry": { "type": "Point", "coordinates": [ -122.529963205932532, 45.50047513401573 ] } },
{ "type": "Feature", "properties": { "pid": 458, "street": "NW GLISAN ST", "block_id": 26760, "fclass": "UL", "w": 21.7, "s": 35.9, "d": 14.2, "l": 25.0, "lstyle": "STANDARD", "rstyle": "UNKNOWN" }, "geometry": { "type": "Point", "coordinates": [ -122.673266668847745, 45.526685948993091 ] } },
{ "type": "Feature", "properties": { "pid": 459, "street": "NW GLISAN ST", "block_id": 21690, "fclass": "UL", "w": 16.7, "s": 31.7, "d": 15.0, "l": 20.0, "lstyle": "STANDARD", "rstyle": "UNKNOWN" }, "geometry": { "type": "Point", "coordinates": [ -122.671621774300107, 45.526669231495262 ] } },
{ "type": "Feature", "properties": { "pid": 460, "street": "SW CEDAR ST", "block_id": 26896, "fclass": null, "w": 18.3, "s": 23.2, "d": 4.9, "l": 40.0, "lstyle": "UNKNOWN", "rstyle": "UNKNOWN" }, "geometry": { "type": "Point", "coordinates": [ -122.700228743563571, 45.522083214138675 ] } },
{ "type": "Feature", "properties": { "pid": 461, "street": "N ALTA AVE", "block_id": 26944, "fclass": null, "w": 20.0, "s": 31.8, "d": 11.8, "l": 65.0, "lstyle": "STANDARD", "rstyle": "STANDARD" }, "geometry": { "type": "Point", "coordinates": [ -122.759692300948288, 45.58843683234003 ] } },
{ "type": "Feature", "properties": { "pid": 462, "street": "N SUMNER ST", "block_id": 27063, "fclass": "UL", "w": 21.2, "s": 35.1, "d": 13.9, "l": 25.0, "lstyle": "COMBO", "rstyle": "COMBO" }, "geometry": { "type": "Point", "coordinates": [ -122.668587030257825, 45.560525225209986 ] } },
{ "type": "Feature", "properties": { "pid": 463, "street": "N SUMNER ST", "block_id": 27063, "fclass": "UL", "w": 21.3, "s": 35.1, "d": 13.8, "l": 25.0, "lstyle": "STANDARD", "rstyle": "CUTOUT_C" }, "geometry": { "type": "Point", "coordinates": [ -122.669055579976515, 45.560525639281678 ] } },
{ "type": "Feature", "properties": { "pid": 464, "street": "N SUMNER ST", "block_id": 27063, "fclass": "UL", "w": 22.1, "s": 35.1, "d": 13.0, "l": 15.0, "lstyle": "COMBO", "rstyle": "COMBO" }, "geometry": { "type": "Point", "coordinates": [ -122.669875542000625, 45.560526359313876 ] } },
{ "type": "Feature", "properties": { "pid": 465, "street": "SE HOLGATE BLVD", "block_id": 27084, "fclass": null, "w": 18.0, "s": 36.2, "d": 18.2, "l": 20.0, "lstyle": "MODCURB", "rstyle": "UNKNOWN" }, "geometry": { "type": "Point", "coordinates": [ -122.632529434108676, 45.490603778014574 ] } },
{ "type": "Feature", "properties": { "pid": 466, "street": "N WYGANT ST", "block_id": 27167, "fclass": null, "w": 22.2, "s": 30.0, "d": 7.8, "l": 30.0, "lstyle": "CUTOUT_C", "rstyle": "CUTOUT_C" }, "geometry": { "type": "Point", "coordinates": [ -122.684672858505834, 45.557686775122882 ] } },
{ "type": "Feature", "properties": { "pid": 467, "street": "N WATTS ST", "block_id": 27216, "fclass": "UL", "w": 23.8, "s": 27.7, "d": 3.9, "l": 15.0, "lstyle": "UNKNOWN", "rstyle": "STANDARD" }, "geometry": { "type": "Point", "coordinates": [ -122.682329024823844, 45.580966725079314 ] } },
{ "type": "Feature", "properties": { "pid": 468, "street": "SE ROSS ISLAND BRG-MCLOUGHLIN BLVD RAMP", "block_id": 26341, "fclass": null, "w": 5.1, "s": 22.4, "d": 17.3, "l": 55.0, "lstyle": "UNKNOWN", "rstyle": "UNKNOWN" }, "geometry": { "type": "Point", "coordinates": [ -122.660669199701232, 45.500632255241449 ] } },
{ "type": "Feature", "properties": { "pid": 469, "street": "SE 7TH AVE", "block_id": 27238, "fclass": "UL", "w": 23.7, "s": 36.2, "d": 12.5, "l": 65.0, "lstyle": "UNKNOWN", "rstyle": "STANDARD" }, "geometry": { "type": "Point", "coordinates": [ -122.658860017080599, 45.497055114004255 ] } },
{ "type": "Feature", "properties": { "pid": 470, "street": "N HARBOUR DR", "block_id": 27270, "fclass": null, "w": 21.9, "s": 32.0, "d": 10.1, "l": 45.0, "lstyle": "COMBO", "rstyle": "COMBO" }, "geometry": { "type": "Point", "coordinates": [ -122.675334633301162, 45.603972811596236 ] } },
{ "type": "Feature", "properties": { "pid": 471, "street": "N HAIGHT AVE", "block_id": 27063, "fclass": null, "w": 22.5, "s": 28.1, "d": 5.6, "l": 10.0, "lstyle": "COMBO", "rstyle": "CUTOUT_C" }, "geometry": { "type": "Point", "coordinates": [ -122.67007102673756, 45.560883037717353 ] } },
{ "type": "Feature", "properties": { "pid": 472, "street": "SW MAIN ST", "block_id": 27370, "fclass": "UC", "w": 23.9, "s": 36.0, "d": 12.1, "l": 20.0, "lstyle": "UNKNOWN", "rstyle": "UNKNOWN" }, "geometry": { "type": "Point", "coordinates": [ -122.679220257063619, 45.516194137768586 ] } },
{ "type": "Feature", "properties": { "pid": 473, "street": "SW ALDER ST", "block_id": 27374, "fclass": "UMiA", "w": 23.9, "s": 36.0, "d": 12.1, "l": 10.0, "lstyle": "UNKNOWN", "rstyle": "UNKNOWN" }, "geometry": { "type": "Point", "coordinates": [ -122.678396365341285, 45.519785910406732 ] } },
{ "type": "Feature", "properties": { "pid": 474, "street": "SW PINE ST", "block_id": 27379, "fclass": "UC", "w": 17.2, "s": 27.3, "d": 10.1, "l": 50.0, "lstyle": "STANDARD", "rstyle": "UNKNOWN" }, "geometry": { "type": "Point", "coordinates": [ -122.677149804167428, 45.522487201560622 ] } },
{ "type": "Feature", "properties": { "pid": 475, "street": "NW FLANDERS ST", "block_id": 27391, "fclass": "UL", "w": 23.9, "s": 36.0, "d": 12.1, "l": 10.0, "lstyle": "STANDARD", "rstyle": "STANDARD" }, "geometry": { "type": "Point", "coordinates": [ -122.675664571529936, 45.525935901410655 ] } },
{ "type": "Feature", "properties": { "pid": 476, "street": "SW ALDER ST", "block_id": 27406, "fclass": "UMiA", "w": 23.9, "s": 36.0, "d": 12.1, "l": 20.0, "lstyle": "UNKNOWN", "rstyle": "STANDARD" }, "geometry": { "type": "Point", "coordinates": [ -122.678082569171764, 45.519703197127065 ] } },
{ "type": "Feature", "properties": { "pid": 477, "street": "SW ALDER ST", "block_id": 27408, "fclass": "UMiA", "w": 24.0, "s": 36.1, "d": 12.1, "l": 15.0, "lstyle": "UNKNOWN", "rstyle": "UNKNOWN" }, "geometry": { "type": "Point", "coordinates": [ -122.677082869608654, 45.519439143859906 ] } },
{ "type": "Feature", "properties": { "pid": 478, "street": "SE ELLIS ST", "block_id": 21721, "fclass": "UL", "w": 19.3, "s": 22.6, "d": 3.3, "l": 20.0, "lstyle": "STANDARD", "rstyle": "STANDARD" }, "geometry": { "type": "Point", "coordinates": [ -122.526411854094164, 45.482312732188397 ] } },
{ "type": "Feature", "properties": { "pid": 479, "street": "N NEWARK ST", "block_id": 27723, "fclass": "UL", "w": 22.2, "s": 31.5, "d": 9.3, "l": 30.0, "lstyle": "COMBO", "rstyle": "COMBO" }, "geometry": { "type": "Point", "coordinates": [ -122.715655393729662, 45.589906373146341 ] } },
{ "type": "Feature", "properties": { "pid": 480, "street": "N DWIGHT AVE", "block_id": 27727, "fclass": "UL", "w": 19.1, "s": 31.1, "d": 12.0, "l": 30.0, "lstyle": "COMBO", "rstyle": "COMBO" }, "geometry": { "type": "Point", "coordinates": [ -122.715627334354451, 45.591990784759361 ] } },
{ "type": "Feature", "properties": { "pid": 481, "street": "N DWIGHT AVE", "block_id": 27741, "fclass": null, "w": 21.6, "s": 31.4, "d": 9.8, "l": 10.0, "lstyle": "COMBO", "rstyle": "COMBO" }, "geometry": { "type": "Point", "coordinates": [ -122.714530313254741, 45.588775686128443 ] } },
{ "type": "Feature", "properties": { "pid": 482, "street": "N DWIGHT AVE", "block_id": 27741, "fclass": null, "w": 19.5, "s": 31.4, "d": 11.9, "l": 20.0, "lstyle": "COMBO", "rstyle": "COMBO" }, "geometry": { "type": "Point", "coordinates": [ -122.714559345068764, 45.589240635459277 ] } },
{ "type": "Feature", "properties": { "pid": 483, "street": "N NEWMAN AVE", "block_id": 27743, "fclass": null, "w": 22.9, "s": 30.8, "d": 7.9, "l": 10.0, "lstyle": "COMBO", "rstyle": "COMBO" }, "geometry": { "type": "Point", "coordinates": [ -122.715676885559418, 45.588766498878897 ] } },
{ "type": "Feature", "properties": { "pid": 484, "street": "N NEWMAN AVE", "block_id": 27743, "fclass": null, "w": 18.4, "s": 30.8, "d": 12.4, "l": 25.0, "lstyle": "COMBO", "rstyle": "COMBO" }, "geometry": { "type": "Point", "coordinates": [ -122.715668609417051, 45.589260068766819 ] } },
{ "type": "Feature", "properties": { "pid": 485, "street": "N NEWMAN AVE", "block_id": 27743, "fclass": "UL", "w": 18.4, "s": 30.6, "d": 12.2, "l": 10.0, "lstyle": "COMBO", "rstyle": "COMBO" }, "geometry": { "type": "Point", "coordinates": [ -122.715668393315866, 45.58927295642399 ] } },
{ "type": "Feature", "properties": { "pid": 486, "street": "N NEWMAN AVE", "block_id": 27743, "fclass": "UL", "w": 20.8, "s": 30.6, "d": 9.8, "l": 40.0, "lstyle": "COMBO", "rstyle": "COMBO" }, "geometry": { "type": "Point", "coordinates": [ -122.715796545974641, 45.589714896742649 ] } },
{ "type": "Feature", "properties": { "pid": 487, "street": "SE 127TH AVE", "block_id": 27934, "fclass": null, "w": 22.0, "s": 28.0, "d": 6.0, "l": 40.0, "lstyle": "STANDARD", "rstyle": "STANDARD" }, "geometry": { "type": "Point", "coordinates": [ -122.532539558199531, 45.500805369684564 ] } },
{ "type": "Feature", "properties": { "pid": 488, "street": "NW HOYT ST", "block_id": 27979, "fclass": "UC", "w": 17.7, "s": 26.3, "d": 8.6, "l": 90.0, "lstyle": "STANDARD", "rstyle": "STANDARD" }, "geometry": { "type": "Point", "coordinates": [ -122.673743518959881, 45.527294440751696 ] } },
{ "type": "Feature", "properties": { "pid": 489, "street": "SW NAITO PKWY-MORRISON BRG RAMP", "block_id": 28020, "fclass": null, "w": 18.5, "s": 25.1, "d": 6.6, "l": 70.0, "lstyle": "STANDARD", "rstyle": "UNKNOWN" }, "geometry": { "type": "Point", "coordinates": [ -122.672997058048267, 45.517715364186401 ] } },
{ "type": "Feature", "properties": { "pid": 490, "street": "SW YAMHILL ST", "block_id": 28022, "fclass": "UC", "w": 23.9, "s": 36.1, "d": 12.2, "l": 10.0, "lstyle": "UNKNOWN", "rstyle": "UNKNOWN" }, "geometry": { "type": "Point", "coordinates": [ -122.673857725117529, 45.517043566057026 ] } },
{ "type": "Feature", "properties": { "pid": 491, "street": "NE I84 FWY-I205 FWY RAMP", "block_id": 28156, "fclass": null, "w": 6.6, "s": 32.3, "d": 25.7, "l": 95.0, "lstyle": "STANDARD", "rstyle": "STANDARD" }, "geometry": { "type": "Point", "coordinates": [ -122.565573077563869, 45.528807891200493 ] } },
{ "type": "Feature", "properties": { "pid": 492, "street": "NE GERTZ RD", "block_id": 28272, "fclass": null, "w": 21.5, "s": 28.6, "d": 7.1, "l": 10.0, "lstyle": "UNKNOWN", "rstyle": "UNKNOWN" }, "geometry": { "type": "Point", "coordinates": [ -122.655162729187765, 45.590700106947168 ] } },
{ "type": "Feature", "properties": { "pid": 493, "street": "NE GERTZ RD", "block_id": 28273, "fclass": null, "w": 21.7, "s": 28.8, "d": 7.1, "l": 10.0, "lstyle": "UNKNOWN", "rstyle": "UNKNOWN" }, "geometry": { "type": "Point", "coordinates": [ -122.65516457305597, 45.590714824766216 ] } },
{ "type": "Feature", "properties": { "pid": 494, "street": "SE 103RD AVE", "block_id": 28347, "fclass": "UL", "w": 19.5, "s": 32.0, "d": 12.5, "l": 65.0, "lstyle": "CUTOUT_C", "rstyle": "CUTOUT_C" }, "geometry": { "type": "Point", "coordinates": [ -122.557016417504357, 45.522443762789564 ] } },
{ "type": "Feature", "properties": { "pid": 495, "street": "SE 103RD AVE", "block_id": 28347, "fclass": "UL", "w": 22.2, "s": 32.0, "d": 9.8, "l": 10.0, "lstyle": "COMBO", "rstyle": "COMBO" }, "geometry": { "type": "Point", "coordinates": [ -122.55702260631513, 45.521812877574689 ] } },
{ "type": "Feature", "properties": { "pid": 496, "street": "SE OGDEN ST", "block_id": 28372, "fclass": "UL", "w": 20.3, "s": 26.2, "d": 5.9, "l": 95.0, "lstyle": "UNKNOWN", "rstyle": "UNKNOWN" }, "geometry": { "type": "Point", "coordinates": [ -122.54795307354685, 45.471533377117559 ] } },
{ "type": "Feature", "properties": { "pid": 497, "street": "SW COLLEGE ST", "block_id": 25744, "fclass": "UL", "w": 8.1, "s": 15.9, "d": 7.8, "l": 45.0, "lstyle": "UNKNOWN", "rstyle": "UNKNOWN" }, "geometry": { "type": "Point", "coordinates": [ -122.690053912312194, 45.511533115665578 ] } },
{ "type": "Feature", "properties": { "pid": 498, "street": "N DWIGHT AVE", "block_id": 28565, "fclass": null, "w": 20.9, "s": 30.9, "d": 10.0, "l": 10.0, "lstyle": "COMBO", "rstyle": "COMBO" }, "geometry": { "type": "Point", "coordinates": [ -122.71538952238383, 45.591412231411688 ] } },
{ "type": "Feature", "properties": { "pid": 499, "street": "N WOOLSEY AVE", "block_id": 28567, "fclass": null, "w": 19.8, "s": 31.7, "d": 11.9, "l": 20.0, "lstyle": "COMBO", "rstyle": "COMBO" }, "geometry": { "type": "Point", "coordinates": [ -122.71408569385747, 45.590957893610138 ] } },
{ "type": "Feature", "properties": { "pid": 500, "street": "N WOOLSEY AVE", "block_id": 28571, "fclass": null, "w": 21.2, "s": 31.7, "d": 10.5, "l": 10.0, "lstyle": "COMBO", "rstyle": "COMBO" }, "geometry": { "type": "Point", "coordinates": [ -122.714351422638728, 45.591613609174665 ] } },
{ "type": "Feature", "properties": { "pid": 501, "street": "N FESSENDEN ST", "block_id": 28572, "fclass": "UL", "w": 21.9, "s": 32.0, "d": 10.1, "l": 35.0, "lstyle": "COMBO", "rstyle": "COMBO" }, "geometry": { "type": "Point", "coordinates": [ -122.714430548537706, 45.59151238545941 ] } },
{ "type": "Feature", "properties": { "pid": 502, "street": "N FESSENDEN ST", "block_id": 28578, "fclass": "UL", "w": 21.3, "s": 31.1, "d": 9.8, "l": 25.0, "lstyle": "COMBO", "rstyle": "COMBO" }, "geometry": { "type": "Point", "coordinates": [ -122.715997821947312, 45.591214415177895 ] } },
{ "type": "Feature", "properties": { "pid": 503, "street": "N NEWARK ST", "block_id": 28584, "fclass": "UL", "w": 21.8, "s": 31.6, "d": 9.8, "l": 35.0, "lstyle": "COMBO", "rstyle": "COMBO" }, "geometry": { "type": "Point", "coordinates": [ -122.713965785366227, 45.590225935437701 ] } },
{ "type": "Feature", "properties": { "pid": 504, "street": "N WOOLSEY AVE", "block_id": 28585, "fclass": "UL", "w": 22.1, "s": 31.9, "d": 9.8, "l": 15.0, "lstyle": "COMBO", "rstyle": "COMBO" }, "geometry": { "type": "Point", "coordinates": [ -122.713850160488306, 45.590347787992435 ] } },
{ "type": "Feature", "properties": { "pid": 505, "street": "N WOOLSEY AVE", "block_id": 28589, "fclass": null, "w": 22.2, "s": 32.2, "d": 10.0, "l": 10.0, "lstyle": "COMBO", "rstyle": "COMBO" }, "geometry": { "type": "Point", "coordinates": [ -122.713458998257352, 45.588761113922494 ] } },
{ "type": "Feature", "properties": { "pid": 506, "street": "N WOOLSEY AVE", "block_id": 28591, "fclass": null, "w": 19.9, "s": 31.5, "d": 11.6, "l": 15.0, "lstyle": "COMBO", "rstyle": "COMBO" }, "geometry": { "type": "Point", "coordinates": [ -122.713444838637017, 45.589211916511523 ] } },
{ "type": "Feature", "properties": { "pid": 507, "street": "N HAVEN AVE", "block_id": 28602, "fclass": null, "w": 22.3, "s": 32.4, "d": 10.1, "l": 15.0, "lstyle": "COMBO", "rstyle": "COMBO" }, "geometry": { "type": "Point", "coordinates": [ -122.717909398900673, 45.592612901196603 ] } },
{ "type": "Feature", "properties": { "pid": 508, "street": "N HAVEN AVE", "block_id": 28606, "fclass": null, "w": 20.8, "s": 32.1, "d": 11.3, "l": 25.0, "lstyle": "COMBO", "rstyle": "COMBO" }, "geometry": { "type": "Point", "coordinates": [ -122.717914560615171, 45.591866134374897 ] } },
{ "type": "Feature", "properties": { "pid": 509, "street": "N HAVEN AVE", "block_id": 28606, "fclass": null, "w": 20.5, "s": 28.8, "d": 8.3, "l": 35.0, "lstyle": "COMBO", "rstyle": "COMBO" }, "geometry": { "type": "Point", "coordinates": [ -122.717914438681362, 45.591785466579445 ] } },
{ "type": "Feature", "properties": { "pid": 510, "street": "N HAVEN AVE", "block_id": 28610, "fclass": null, "w": 21.8, "s": 32.6, "d": 10.8, "l": 40.0, "lstyle": "COMBO", "rstyle": "COMBO" }, "geometry": { "type": "Point", "coordinates": [ -122.717936757704564, 45.590436175539217 ] } },
{ "type": "Feature", "properties": { "pid": 511, "street": "N CECELIA ST", "block_id": 28619, "fclass": "UL", "w": 21.4, "s": 30.8, "d": 9.4, "l": 45.0, "lstyle": "COMBO", "rstyle": "COMBO" }, "geometry": { "type": "Point", "coordinates": [ -122.718165520660662, 45.592748600560355 ] } },
{ "type": "Feature", "properties": { "pid": 512, "street": "N HAVEN AVE", "block_id": 28610, "fclass": null, "w": 21.6, "s": 31.7, "d": 10.1, "l": 15.0, "lstyle": "COMBO", "rstyle": "COMBO" }, "geometry": { "type": "Point", "coordinates": [ -122.717936379028188, 45.590459213610814 ] } },
{ "type": "Feature", "properties": { "pid": 513, "street": "N HAVEN AVE", "block_id": 28610, "fclass": null, "w": 22.8, "s": 31.7, "d": 8.9, "l": 30.0, "lstyle": "COMBO", "rstyle": "COMBO" }, "geometry": { "type": "Point", "coordinates": [ -122.717927675164276, 45.591117373736942 ] } },
{ "type": "Feature", "properties": { "pid": 514, "street": "N HAVEN AVE", "block_id": 28642, "fclass": null, "w": 23.5, "s": 33.3, "d": 9.8, "l": 10.0, "lstyle": "COMBO", "rstyle": "COMBO" }, "geometry": { "type": "Point", "coordinates": [ -122.717922724447106, 45.59132330807077 ] } },
{ "type": "Feature", "properties": { "pid": 515, "street": "N FESSENDEN ST", "block_id": 28643, "fclass": null, "w": 21.9, "s": 36.0, "d": 14.1, "l": 40.0, "lstyle": "COMBO", "rstyle": "COMBO" }, "geometry": { "type": "Point", "coordinates": [ -122.718102216639508, 45.591213476638707 ] } },
{ "type": "Feature", "properties": { "pid": 516, "street": "N FISKE AVE", "block_id": 28646, "fclass": null, "w": 22.5, "s": 32.2, "d": 9.7, "l": 10.0, "lstyle": "COMBO", "rstyle": "COMBO" }, "geometry": { "type": "Point", "coordinates": [ -122.716890579119237, 45.591332812996882 ] } },
{ "type": "Feature", "properties": { "pid": 517, "street": "N FISKE AVE", "block_id": 28646, "fclass": null, "w": 21.5, "s": 32.2, "d": 10.7, "l": 40.0, "lstyle": "COMBO", "rstyle": "COMBO" }, "geometry": { "type": "Point", "coordinates": [ -122.716667705940523, 45.59183969942162 ] } },
{ "type": "Feature", "properties": { "pid": 518, "street": "N FISKE AVE", "block_id": 28646, "fclass": null, "w": 21.4, "s": 31.7, "d": 10.3, "l": 15.0, "lstyle": "COMBO", "rstyle": "COMBO" }, "geometry": { "type": "Point", "coordinates": [ -122.716658677394449, 45.59186190761649 ] } },
{ "type": "Feature", "properties": { "pid": 519, "street": "N FISKE AVE", "block_id": 28646, "fclass": null, "w": 21.8, "s": 31.7, "d": 9.9, "l": 30.0, "lstyle": "COMBO", "rstyle": "COMBO" }, "geometry": { "type": "Point", "coordinates": [ -122.716648544719121, 45.592470864960994 ] } },
{ "type": "Feature", "properties": { "pid": 520, "street": "N FESSENDEN ST", "block_id": 28649, "fclass": "UL", "w": 21.6, "s": 31.7, "d": 10.1, "l": 10.0, "lstyle": "COMBO", "rstyle": "COMBO" }, "geometry": { "type": "Point", "coordinates": [ -122.716272131700734, 45.591204880042334 ] } },
{ "type": "Feature", "properties": { "pid": 521, "street": "N FESSENDEN ST", "block_id": 28649, "fclass": "UL", "w": 21.8, "s": 31.7, "d": 9.9, "l": 30.0, "lstyle": "COMBO", "rstyle": "COMBO" }, "geometry": { "type": "Point", "coordinates": [ -122.716682250147372, 45.591207898121063 ] } },
{ "type": "Feature", "properties": { "pid": 522, "street": "SW 19TH AVE", "block_id": 28693, "fclass": null, "w": 18.2, "s": 29.5, "d": 11.3, "l": 10.0, "lstyle": "UNKNOWN", "rstyle": "STANDARD" }, "geometry": { "type": "Point", "coordinates": [ -122.697340400592537, 45.464285554701675 ] } },
{ "type": "Feature", "properties": { "pid": 523, "street": "N LARRABEE AVE", "block_id": 28810, "fclass": "UL", "w": 22.0, "s": 34.9, "d": 12.9, "l": 50.0, "lstyle": "MONOLITH", "rstyle": "STANDARD" }, "geometry": { "type": "Point", "coordinates": [ -122.67426477577726, 45.536274759012862 ] } },
{ "type": "Feature", "properties": { "pid": 524, "street": "N I405 FWY-I5 FWY RAMP", "block_id": 28825, "fclass": null, "w": 13.4, "s": 44.8, "d": 31.4, "l": 10.0, "lstyle": "UNKNOWN", "rstyle": "UNKNOWN" }, "geometry": { "type": "Point", "coordinates": [ -122.674555701926025, 45.542919839508556 ] } },
{ "type": "Feature", "properties": { "pid": 525, "street": "SW I5 FWY-TAYLORS FERRY RD RAMP", "block_id": 28977, "fclass": null, "w": 22.0, "s": 55.4, "d": 33.4, "l": 110.0, "lstyle": "UNKNOWN", "rstyle": "UNKNOWN" }, "geometry": { "type": "Point", "coordinates": [ -122.710586591855147, 45.456779409045801 ] } },
{ "type": "Feature", "properties": { "pid": 526, "street": "I5 FWY NB", "block_id": 28999, "fclass": null, "w": 15.8, "s": 44.4, "d": 28.6, "l": 15.0, "lstyle": "STANDARD", "rstyle": "STANDARD" }, "geometry": { "type": "Point", "coordinates": [ -122.66687420755143, 45.535183022133843 ] } },
{ "type": "Feature", "properties": { "pid": 527, "street": "N FLINT AVE", "block_id": 29001, "fclass": null, "w": 11.7, "s": 20.5, "d": 8.8, "l": 20.0, "lstyle": "STANDARD", "rstyle": "UNKNOWN" }, "geometry": { "type": "Point", "coordinates": [ -122.66874054757497, 45.537039450145066 ] } },
{ "type": "Feature", "properties": { "pid": 528, "street": "N FLINT AVE", "block_id": 29002, "fclass": null, "w": 19.5, "s": 28.0, "d": 8.5, "l": 10.0, "lstyle": "UNKNOWN", "rstyle": "STANDARD" }, "geometry": { "type": "Point", "coordinates": [ -122.668731207692232, 45.537306777195212 ] } },
{ "type": "Feature", "properties": { "pid": 529, "street": "SW 32ND AVE", "block_id": 29345, "fclass": "UL", "w": 20.8, "s": 35.7, "d": 14.9, "l": 15.0, "lstyle": "STANDARD", "rstyle": "STANDARD" }, "geometry": { "type": "Point", "coordinates": [ -122.709382249431101, 45.468856256373634 ] } },
{ "type": "Feature", "properties": { "pid": 530, "street": "NE I84 FWY-CESAR E CHAVEZ BLVD RAMP", "block_id": 29350, "fclass": null, "w": 9.0, "s": 49.1, "d": 40.1, "l": 15.0, "lstyle": "UNKNOWN", "rstyle": "UNKNOWN" }, "geometry": { "type": "Point", "coordinates": [ -122.626031384721202, 45.533701707425095 ] } },
{ "type": "Feature", "properties": { "pid": 531, "street": "NE LAURELHURST PL", "block_id": 29498, "fclass": "UL", "w": 19.5, "s": 27.9, "d": 8.4, "l": 40.0, "lstyle": "THICK", "rstyle": "THICK" }, "geometry": { "type": "Point", "coordinates": [ -122.620183294832088, 45.529488568424782 ] } },
{ "type": "Feature", "properties": { "pid": 532, "street": "NE LAURELHURST PL", "block_id": 29503, "fclass": "UL", "w": 21.1, "s": 29.0, "d": 7.9, "l": 25.0, "lstyle": "THICK", "rstyle": "THICK" }, "geometry": { "type": "Point", "coordinates": [ -122.621698926530485, 45.529356276479653 ] } },
{ "type": "Feature", "properties": { "pid": 533, "street": "SE 119TH AVE", "block_id": 29546, "fclass": null, "w": 22.1, "s": 31.8, "d": 9.7, "l": 15.0, "lstyle": "MONOLITH", "rstyle": "STANDARD" }, "geometry": { "type": "Point", "coordinates": [ -122.540377441757926, 45.521676821274596 ] } },
{ "type": "Feature", "properties": { "pid": 534, "street": "SE CLINTON ST", "block_id": 29561, "fclass": "UL", "w": 22.8, "s": 35.1, "d": 12.3, "l": 30.0, "lstyle": "THICK", "rstyle": "THICK" }, "geometry": { "type": "Point", "coordinates": [ -122.647398187882004, 45.503483265416527 ] } },
{ "type": "Feature", "properties": { "pid": 535, "street": "SE CLAY ST", "block_id": 29581, "fclass": "UL", "w": 23.7, "s": 28.0, "d": 4.3, "l": 45.0, "lstyle": "UNKNOWN", "rstyle": "CUTOUT_C" }, "geometry": { "type": "Point", "coordinates": [ -122.61694215222461, 45.511295823379996 ] } },
{ "type": "Feature", "properties": { "pid": 536, "street": "I5 FWY SB", "block_id": 29659, "fclass": null, "w": 19.5, "s": 46.7, "d": 27.2, "l": 10.0, "lstyle": "UNKNOWN", "rstyle": "STANDARD" }, "geometry": { "type": "Point", "coordinates": [ -122.667815896585452, 45.536105694664556 ] } },
{ "type": "Feature", "properties": { "pid": 537, "street": "I5 FWY SB", "block_id": 29660, "fclass": null, "w": 19.6, "s": 44.4, "d": 24.8, "l": 10.0, "lstyle": "UNKNOWN", "rstyle": "STANDARD" }, "geometry": { "type": "Point", "coordinates": [ -122.667659649895768, 45.535921187483929 ] } },
{ "type": "Feature", "properties": { "pid": 538, "street": "N VANCOUVER AVE", "block_id": 29689, "fclass": null, "w": 20.8, "s": 40.1, "d": 19.3, "l": 15.0, "lstyle": "UNKNOWN", "rstyle": "STANDARD" }, "geometry": { "type": "Point", "coordinates": [ -122.667741326129089, 45.535873453754661 ] } },
{ "type": "Feature", "properties": { "pid": 539, "street": "SE RHINE ST", "block_id": 29808, "fclass": "UL", "w": 15.4, "s": 26.5, "d": 11.1, "l": 40.0, "lstyle": "STANDARD", "rstyle": "STANDARD" }, "geometry": { "type": "Point", "coordinates": [ -122.655946433530957, 45.497402552995908 ] } },
{ "type": "Feature", "properties": { "pid": 540, "street": "NE SULLIVAN ST", "block_id": 29874, "fclass": null, "w": 12.2, "s": 25.8, "d": 13.6, "l": 15.0, "lstyle": "UNKNOWN", "rstyle": "UNKNOWN" }, "geometry": { "type": "Point", "coordinates": [ -122.635489529251117, 45.530721935743962 ] } },
{ "type": "Feature", "properties": { "pid": 541, "street": "NE SULLIVAN ST", "block_id": 29874, "fclass": null, "w": 16.4, "s": 20.4, "d": 4.0, "l": 15.0, "lstyle": "UNKNOWN", "rstyle": "UNKNOWN" }, "geometry": { "type": "Point", "coordinates": [ -122.635459866204826, 45.530893384022583 ] } },
{ "type": "Feature", "properties": { "pid": 542, "street": "SE 18TH AVE", "block_id": 29981, "fclass": "UC", "w": 16.6, "s": 28.2, "d": 11.6, "l": 10.0, "lstyle": "STANDARD", "rstyle": "STANDARD" }, "geometry": { "type": "Point", "coordinates": [ -122.647366605210209, 45.486206517992784 ] } },
{ "type": "Feature", "properties": { "pid": 543, "street": "N ALLEGHENY AVE", "block_id": 30345, "fclass": "UL", "w": 23.9, "s": 32.0, "d": 8.1, "l": 90.0, "lstyle": "UNKNOWN", "rstyle": "UNKNOWN" }, "geometry": { "type": "Point", "coordinates": [ -122.743765572283621, 45.596321359161294 ] } },
{ "type": "Feature", "properties": { "pid": 544, "street": "I84 FWY EB", "block_id": 30360, "fclass": null, "w": 17.7, "s": 45.8, "d": 28.1, "l": 10.0, "lstyle": "UNKNOWN", "rstyle": "MODCURB" }, "geometry": { "type": "Point", "coordinates": [ -122.557727004340578, 45.545675984335951 ] } },
{ "type": "Feature", "properties": { "pid": 545, "street": "I84 FWY EB", "block_id": 30360, "fclass": null, "w": 18.9, "s": 45.8, "d": 26.9, "l": 10.0, "lstyle": "STANDARD", "rstyle": "UNKNOWN" }, "geometry": { "type": "Point", "coordinates": [ -122.557701434149536, 45.545696706050919 ] } },
{ "type": "Feature", "properties": { "pid": 546, "street": "N MCCOY CT", "block_id": 30400, "fclass": "UL", "w": 23.0, "s": 28.0, "d": 5.0, "l": 35.0, "lstyle": "COMBO", "rstyle": "STANDARD" }, "geometry": { "type": "Point", "coordinates": [ -122.714668033424587, 45.587172451396661 ] } },
{ "type": "Feature", "properties": { "pid": 547, "street": "N MCCOY CT", "block_id": 30401, "fclass": null, "w": 22.9, "s": 27.7, "d": 4.8, "l": 35.0, "lstyle": "COMBO", "rstyle": "STANDARD" }, "geometry": { "type": "Point", "coordinates": [ -122.713622224002748, 45.587170587542666 ] } },
{ "type": "Feature", "properties": { "pid": 548, "street": "N NEWMAN AVE", "block_id": 30403, "fclass": null, "w": 21.5, "s": 31.5, "d": 10.0, "l": 10.0, "lstyle": "MONOLITH", "rstyle": "MONOLITH" }, "geometry": { "type": "Point", "coordinates": [ -122.715664081671051, 45.587265288098699 ] } },
{ "type": "Feature", "properties": { "pid": 549, "street": "N NEWMAN AVE", "block_id": 25886, "fclass": "UL", "w": 19.3, "s": 31.4, "d": 12.1, "l": 40.0, "lstyle": "COMBO", "rstyle": "COMBO" }, "geometry": { "type": "Point", "coordinates": [ -122.715655570071576, 45.588097259635518 ] } },
{ "type": "Feature", "properties": { "pid": 550, "street": "NE I205 FWY-I84 FWY RAMP", "block_id": 30412, "fclass": null, "w": 18.4, "s": 34.9, "d": 16.5, "l": 10.0, "lstyle": "STANDARD", "rstyle": "STANDARD" }, "geometry": { "type": "Point", "coordinates": [ -122.560523099165181, 45.547754388958317 ] } },
{ "type": "Feature", "properties": { "pid": 551, "street": "N NEWMAN AVE", "block_id": 30428, "fclass": null, "w": 19.2, "s": 31.2, "d": 12.0, "l": 50.0, "lstyle": "COMBO", "rstyle": "COMBO" }, "geometry": { "type": "Point", "coordinates": [ -122.716110194827053, 45.590528900822292 ] } },
{ "type": "Feature", "properties": { "pid": 552, "street": "N NEWMAN AVE", "block_id": 30428, "fclass": "UL", "w": 18.9, "s": 31.3, "d": 12.4, "l": 15.0, "lstyle": "COMBO", "rstyle": "COMBO" }, "geometry": { "type": "Point", "coordinates": [ -122.716139228947242, 45.59061699510886 ] } },
{ "type": "Feature", "properties": { "pid": 553, "street": "N NEWMAN AVE", "block_id": 30428, "fclass": "UL", "w": 21.4, "s": 31.3, "d": 9.9, "l": 25.0, "lstyle": "COMBO", "rstyle": "COMBO" }, "geometry": { "type": "Point", "coordinates": [ -122.716151348490214, 45.591069394412436 ] } },
{ "type": "Feature", "properties": { "pid": 554, "street": "N DWIGHT AVE", "block_id": 30430, "fclass": null, "w": 19.0, "s": 31.1, "d": 12.1, "l": 35.0, "lstyle": "COMBO", "rstyle": "COMBO" }, "geometry": { "type": "Point", "coordinates": [ -122.715130601433003, 45.590744105387543 ] } },
{ "type": "Feature", "properties": { "pid": 555, "street": "N DWIGHT AVE", "block_id": 30430, "fclass": null, "w": 18.9, "s": 30.9, "d": 12.0, "l": 25.0, "lstyle": "COMBO", "rstyle": "COMBO" }, "geometry": { "type": "Point", "coordinates": [ -122.715149909977413, 45.590796109878639 ] } },
{ "type": "Feature", "properties": { "pid": 556, "street": "N FISKE AVE", "block_id": 30444, "fclass": null, "w": 21.6, "s": 35.9, "d": 14.3, "l": 10.0, "lstyle": "COMBO", "rstyle": "COMBO" }, "geometry": { "type": "Point", "coordinates": [ -122.716895072480725, 45.590438432419624 ] } },
{ "type": "Feature", "properties": { "pid": 557, "street": "NE SENATE ST", "block_id": 30446, "fclass": null, "w": 20.1, "s": 26.5, "d": 6.4, "l": 50.0, "lstyle": "UNKNOWN", "rstyle": "UNKNOWN" }, "geometry": { "type": "Point", "coordinates": [ -122.618020673990259, 45.53168563647241 ] } },
{ "type": "Feature", "properties": { "pid": 558, "street": "N DWIGHT AVE", "block_id": 25882, "fclass": null, "w": 19.4, "s": 30.1, "d": 10.7, "l": 45.0, "lstyle": "COMBO", "rstyle": "COMBO" }, "geometry": { "type": "Point", "coordinates": [ -122.71453801549427, 45.588092962498749 ] } },
{ "type": "Feature", "properties": { "pid": 559, "street": "SE SHERMAN ST", "block_id": 30593, "fclass": null, "w": 23.4, "s": 27.7, "d": 4.3, "l": 10.0, "lstyle": "MONOLITH", "rstyle": "MONOLITH" }, "geometry": { "type": "Point", "coordinates": [ -122.658606956662794, 45.50652793182055 ] } },
{ "type": "Feature", "properties": { "pid": 560, "street": "SW TERWILLIGER BLVD", "block_id": 30652, "fclass": null, "w": 23.8, "s": 31.9, "d": 8.1, "l": 10.0, "lstyle": "UNKNOWN", "rstyle": "UNKNOWN" }, "geometry": { "type": "Point", "coordinates": [ -122.68676416621544, 45.502385011887988 ] } },
{ "type": "Feature", "properties": { "pid": 561, "street": "SW TERWILLIGER BLVD", "block_id": 30652, "fclass": null, "w": 23.8, "s": 31.9, "d": 8.1, "l": 10.0, "lstyle": "UNKNOWN", "rstyle": "UNKNOWN" }, "geometry": { "type": "Point", "coordinates": [ -122.686491935338537, 45.502396385193762 ] } },
{ "type": "Feature", "properties": { "pid": 562, "street": "SW BRIER PL", "block_id": 30734, "fclass": null, "w": 21.9, "s": 36.1, "d": 14.2, "l": 10.0, "lstyle": "UNKNOWN", "rstyle": "STANDARD" }, "geometry": { "type": "Point", "coordinates": [ -122.678466160843541, 45.469973298601488 ] } },
{ "type": "Feature", "properties": { "pid": 563, "street": "SW BRIER PL", "block_id": 30735, "fclass": "UC", "w": 19.3, "s": 35.9, "d": 16.6, "l": 10.0, "lstyle": "UNKNOWN", "rstyle": "STANDARD" }, "geometry": { "type": "Point", "coordinates": [ -122.678464498144436, 45.470328400523073 ] } },
{ "type": "Feature", "properties": { "pid": 564, "street": "SW I5 FWY-TAYLORS FERRY RD RAMP", "block_id": 30766, "fclass": null, "w": 5.6, "s": 50.2, "d": 44.6, "l": 85.0, "lstyle": "UNKNOWN", "rstyle": "UNKNOWN" }, "geometry": { "type": "Point", "coordinates": [ -122.72044986745145, 45.453705294329616 ] } },
{ "type": "Feature", "properties": { "pid": 565, "street": "I5 FWY SB", "block_id": 30782, "fclass": null, "w": 18.2, "s": 53.1, "d": 34.9, "l": 10.0, "lstyle": "STANDARD", "rstyle": "STANDARD" }, "geometry": { "type": "Point", "coordinates": [ -122.740041865421432, 45.443569167274958 ] } },
{ "type": "Feature", "properties": { "pid": 566, "street": "SW I5 FWY-BARBUR BLVD RAMP", "block_id": 30787, "fclass": null, "w": 23.1, "s": 28.1, "d": 5.0, "l": 70.0, "lstyle": "STANDARD", "rstyle": "STANDARD" }, "geometry": { "type": "Point", "coordinates": [ -122.743330361737392, 45.438863388294429 ] } },
{ "type": "Feature", "properties": { "pid": 567, "street": "SE 118TH AVE", "block_id": 30799, "fclass": null, "w": 20.9, "s": 26.9, "d": 6.0, "l": 10.0, "lstyle": "MONOLITH", "rstyle": "STANDARD" }, "geometry": { "type": "Point", "coordinates": [ -122.542111125185087, 45.487414391050386 ] } },
{ "type": "Feature", "properties": { "pid": 568, "street": "NW GLISAN ST-I405 FWY RAMP", "block_id": 30801, "fclass": null, "w": 1.9, "s": 24.9, "d": 23.0, "l": 40.0, "lstyle": "UNKNOWN", "rstyle": "STANDARD" }, "geometry": { "type": "Point", "coordinates": [ -122.686670349396849, 45.527946733053909 ] } },
{ "type": "Feature", "properties": { "pid": 569, "street": "SE MORRISON ST-I5 FWY RAMP", "block_id": 30823, "fclass": null, "w": 20.7, "s": 38.7, "d": 18.0, "l": 100.0, "lstyle": "UNKNOWN", "rstyle": "UNKNOWN" }, "geometry": { "type": "Point", "coordinates": [ -122.665980986199074, 45.519606647453735 ] } },
{ "type": "Feature", "properties": { "pid": 570, "street": "SW DOLPH CT", "block_id": 30942, "fclass": "UC", "w": 23.0, "s": 29.1, "d": 6.1, "l": 25.0, "lstyle": "MONOLITH", "rstyle": "CUTOUT_C" }, "geometry": { "type": "Point", "coordinates": [ -122.707954879951188, 45.461715748536747 ] } },
{ "type": "Feature", "properties": { "pid": 571, "street": "SW DOLPH CT", "block_id": 30942, "fclass": "UC", "w": 23.2, "s": 29.1, "d": 5.9, "l": 75.0, "lstyle": "MONOLITH", "rstyle": "CUTOUT_C" }, "geometry": { "type": "Point", "coordinates": [ -122.708383544418183, 45.461720773593441 ] } },
{ "type": "Feature", "properties": { "pid": 572, "street": "NE CULLY BLVD", "block_id": 30965, "fclass": "UC", "w": 23.9, "s": 31.4, "d": 7.5, "l": 85.0, "lstyle": "MOUNT_BK", "rstyle": "MOUNT_BK" }, "geometry": { "type": "Point", "coordinates": [ -122.598660146084882, 45.55811266519553 ] } },
{ "type": "Feature", "properties": { "pid": 573, "street": "NE EMERSON ST", "block_id": 16805, "fclass": "UL", "w": 16.0, "s": 31.9, "d": 15.9, "l": 15.0, "lstyle": "MODCURB", "rstyle": "MONOLITH" }, "geometry": { "type": "Point", "coordinates": [ -122.595764187832259, 45.561334171611747 ] } },
{ "type": "Feature", "properties": { "pid": 574, "street": "NE CULLY BLVD", "block_id": 31004, "fclass": "UC", "w": 23.9, "s": 31.4, "d": 7.5, "l": 35.0, "lstyle": "MOUNT_BK", "rstyle": "MOUNT_BK" }, "geometry": { "type": "Point", "coordinates": [ -122.596507348258072, 45.56042190537093 ] } },
{ "type": "Feature", "properties": { "pid": 575, "street": "SW CAPITOL HWY", "block_id": 31009, "fclass": "UC", "w": 17.5, "s": 39.8, "d": 22.3, "l": 20.0, "lstyle": "MONOLITH", "rstyle": "MONOLITH" }, "geometry": { "type": "Point", "coordinates": [ -122.713001652276532, 45.468056301646804 ] } },
{ "type": "Feature", "properties": { "pid": 576, "street": "SW 36TH AVE", "block_id": 31010, "fclass": "UC", "w": 22.8, "s": 28.2, "d": 5.4, "l": 15.0, "lstyle": "MONOLITH", "rstyle": "MONOLITH" }, "geometry": { "type": "Point", "coordinates": [ -122.714140733237073, 45.4678415426079 ] } },
{ "type": "Feature", "properties": { "pid": 577, "street": "SE LAFAYETTE ST", "block_id": 31085, "fclass": "UL", "w": 22.8, "s": 27.9, "d": 5.1, "l": 185.0, "lstyle": "UNKNOWN", "rstyle": "UNKNOWN" }, "geometry": { "type": "Point", "coordinates": [ -122.60463203510804, 45.496812975979331 ] } },
{ "type": "Feature", "properties": { "pid": 578, "street": "SE 69TH AVE", "block_id": 31099, "fclass": "UL", "w": 23.1, "s": 27.5, "d": 4.4, "l": 10.0, "lstyle": "STANDARD", "rstyle": "STANDARD" }, "geometry": { "type": "Point", "coordinates": [ -122.592303392232878, 45.497313318541828 ] } },
{ "type": "Feature", "properties": { "pid": 579, "street": "NE I84 FWY-CESAR E CHAVEZ BLVD RAMP", "block_id": 31217, "fclass": null, "w": 10.5, "s": 42.3, "d": 31.8, "l": 15.0, "lstyle": "UNKNOWN", "rstyle": "UNKNOWN" }, "geometry": { "type": "Point", "coordinates": [ -122.625728708270941, 45.53361253104147 ] } },
{ "type": "Feature", "properties": { "pid": 580, "street": "NE DAVIS ST", "block_id": 31234, "fclass": "UL", "w": 19.9, "s": 24.1, "d": 4.2, "l": 35.0, "lstyle": "THICK", "rstyle": "THICK" }, "geometry": { "type": "Point", "coordinates": [ -122.614889124017466, 45.524390993579757 ] } },
{ "type": "Feature", "properties": { "pid": 581, "street": "NE EVERETT ST", "block_id": 31240, "fclass": "UL", "w": 10.8, "s": 27.7, "d": 16.9, "l": 25.0, "lstyle": "MODCURB", "rstyle": "THICK" }, "geometry": { "type": "Point", "coordinates": [ -122.614863866704965, 45.525096018046412 ] } },
{ "type": "Feature", "properties": { "pid": 582, "street": "SE YAMHILL ST", "block_id": 31281, "fclass": "UC", "w": 21.1, "s": 34.6, "d": 13.5, "l": 10.0, "lstyle": "UNKNOWN", "rstyle": "UNKNOWN" }, "geometry": { "type": "Point", "coordinates": [ -122.661311088187688, 45.515809427496819 ] } },
{ "type": "Feature", "properties": { "pid": 583, "street": "NW STEEL BRG-GLISAN ST RAMP", "block_id": 31315, "fclass": null, "w": 19.3, "s": 26.8, "d": 7.5, "l": 70.0, "lstyle": "UNKNOWN", "rstyle": "STANDARD" }, "geometry": { "type": "Point", "coordinates": [ -122.672802268465475, 45.526843084825288 ] } },
{ "type": "Feature", "properties": { "pid": 584, "street": "NW STEEL BRG-GLISAN ST RAMP", "block_id": 31321, "fclass": null, "w": 17.1, "s": 27.8, "d": 10.7, "l": 10.0, "lstyle": "STANDARD", "rstyle": "UNKNOWN" }, "geometry": { "type": "Point", "coordinates": [ -122.671437752483016, 45.52681289004974 ] } },
{ "type": "Feature", "properties": { "pid": 585, "street": "SE TACOMA ST", "block_id": 31327, "fclass": "UL", "w": 17.8, "s": 28.1, "d": 10.3, "l": 145.0, "lstyle": "UNKNOWN", "rstyle": "UNKNOWN" }, "geometry": { "type": "Point", "coordinates": [ -122.6368497890154, 45.465114963438303 ] } },
{ "type": "Feature", "properties": { "pid": 586, "street": "SW KINGSTON AVE", "block_id": 31471, "fclass": null, "w": 22.9, "s": 45.4, "d": 22.5, "l": 20.0, "lstyle": "UNKNOWN", "rstyle": "UNKNOWN" }, "geometry": { "type": "Point", "coordinates": [ -122.706763533843656, 45.518307255423537 ] } },
{ "type": "Feature", "properties": { "pid": 587, "street": "SW SHERWOOD BLVD", "block_id": 30208, "fclass": null, "w": 23.8, "s": 36.7, "d": 12.9, "l": 50.0, "lstyle": "UNKNOWN", "rstyle": "UNKNOWN" }, "geometry": { "type": "Point", "coordinates": [ -122.70612314725642, 45.517857575541818 ] } },
{ "type": "Feature", "properties": { "pid": 588, "street": "SW SHERWOOD BLVD", "block_id": 30208, "fclass": null, "w": 23.9, "s": 36.7, "d": 12.8, "l": 15.0, "lstyle": "UNKNOWN", "rstyle": "UNKNOWN" }, "geometry": { "type": "Point", "coordinates": [ -122.706385581304261, 45.517946269976967 ] } },
{ "type": "Feature", "properties": { "pid": 589, "street": "SW SHERWOOD BLVD", "block_id": 30208, "fclass": null, "w": 23.8, "s": 36.7, "d": 12.9, "l": 40.0, "lstyle": "UNKNOWN", "rstyle": "UNKNOWN" }, "geometry": { "type": "Point", "coordinates": [ -122.706463233442221, 45.517986871708651 ] } },
{ "type": "Feature", "properties": { "pid": 590, "street": "SW VISTA AVE", "block_id": 31518, "fclass": "UC", "w": 20.3, "s": 36.0, "d": 15.7, "l": 10.0, "lstyle": "MODCURB", "rstyle": "UNKNOWN" }, "geometry": { "type": "Point", "coordinates": [ -122.699043381215816, 45.509403029598744 ] } },
{ "type": "Feature", "properties": { "pid": 591, "street": "NE SANDY BLVD-I205 FWY RAMP", "block_id": 30721, "fclass": null, "w": 19.8, "s": 27.6, "d": 7.8, "l": 115.0, "lstyle": "STANDARD", "rstyle": "STANDARD" }, "geometry": { "type": "Point", "coordinates": [ -122.560462779744867, 45.562432927793523 ] } },
{ "type": "Feature", "properties": { "pid": 592, "street": "NE I84 FWY-I205 FWY RAMP", "block_id": 31638, "fclass": null, "w": 18.3, "s": 42.5, "d": 24.2, "l": 10.0, "lstyle": "STANDARD", "rstyle": "STANDARD" }, "geometry": { "type": "Point", "coordinates": [ -122.559863470094612, 45.547467660767097 ] } },
{ "type": "Feature", "properties": { "pid": 593, "street": "NE I84 FWY-FARGO ST RAMP", "block_id": 31676, "fclass": null, "w": 13.1, "s": 21.7, "d": 8.6, "l": 10.0, "lstyle": "STANDARD", "rstyle": "UNKNOWN" }, "geometry": { "type": "Point", "coordinates": [ -122.557918137179001, 45.545310209464461 ] } },
{ "type": "Feature", "properties": { "pid": 594, "street": "SE BYBEE BLVD", "block_id": 31803, "fclass": "UC", "w": 20.0, "s": 27.1, "d": 7.1, "l": 90.0, "lstyle": "UNKNOWN", "rstyle": "UNKNOWN" }, "geometry": { "type": "Point", "coordinates": [ -122.635517257972637, 45.474185332490833 ] } },
{ "type": "Feature", "properties": { "pid": 595, "street": "SE MORRISON ST", "block_id": 31899, "fclass": "UL", "w": 22.7, "s": 29.3, "d": 6.6, "l": 15.0, "lstyle": "STANDARD", "rstyle": "UNKNOWN" }, "geometry": { "type": "Point", "coordinates": [ -122.661631148053175, 45.517398386629033 ] } },
{ "type": "Feature", "properties": { "pid": 596, "street": "SE MORRISON ST", "block_id": 31899, "fclass": "UL", "w": 15.3, "s": 29.3, "d": 14.0, "l": 30.0, "lstyle": "FLEXCURB", "rstyle": "UNKNOWN" }, "geometry": { "type": "Point", "coordinates": [ -122.660967956192451, 45.517393026127756 ] } },
{ "type": "Feature", "properties": { "pid": 597, "street": "SE GRAND AVE", "block_id": 31881, "fclass": null, "w": 18.2, "s": 31.0, "d": 12.8, "l": 10.0, "lstyle": "MONOLITH", "rstyle": "MONOLITH" }, "geometry": { "type": "Point", "coordinates": [ -122.66084098950185, 45.50759676236963 ] } },
{ "type": "Feature", "properties": { "pid": 598, "street": "SE GRAND AVE", "block_id": 31908, "fclass": null, "w": 16.7, "s": 31.3, "d": 14.6, "l": 10.0, "lstyle": "UNKNOWN", "rstyle": "STANDARD" }, "geometry": { "type": "Point", "coordinates": [ -122.6608391126329, 45.507416047822097 ] } },
{ "type": "Feature", "properties": { "pid": 599, "street": "SW SUNSET HWY-I405 FWY RAMP", "block_id": 32086, "fclass": null, "w": 18.4, "s": 22.9, "d": 4.5, "l": 110.0, "lstyle": "STANDARD", "rstyle": "STANDARD" }, "geometry": { "type": "Point", "coordinates": [ -122.690840354279686, 45.514570397609518 ] } },
{ "type": "Feature", "properties": { "pid": 600, "street": "SW 14TH AVE", "block_id": 32138, "fclass": null, "w": 8.2, "s": 15.2, "d": 7.0, "l": 10.0, "lstyle": "STANDARD", "rstyle": "STANDARD" }, "geometry": { "type": "Point", "coordinates": [ -122.685679212955549, 45.522120575748964 ] } },
{ "type": "Feature", "properties": { "pid": 601, "street": "I405 FWY NB", "block_id": 32142, "fclass": null, "w": 16.8, "s": 49.4, "d": 32.6, "l": 15.0, "lstyle": "UNKNOWN", "rstyle": "STANDARD" }, "geometry": { "type": "Point", "coordinates": [ -122.685665739174524, 45.522305259219671 ] } },
{ "type": "Feature", "properties": { "pid": 602, "street": "NW EVERETT ST-I405 FWY RAMP", "block_id": 32148, "fclass": null, "w": 15.8, "s": 26.7, "d": 10.9, "l": 20.0, "lstyle": "STANDARD", "rstyle": "UNKNOWN" }, "geometry": { "type": "Point", "coordinates": [ -122.685826688411282, 45.522002674411524 ] } },
{ "type": "Feature", "properties": { "pid": 603, "street": "I405 FWY NB", "block_id": 32152, "fclass": null, "w": 13.5, "s": 52.7, "d": 39.2, "l": 20.0, "lstyle": "UNKNOWN", "rstyle": "STANDARD" }, "geometry": { "type": "Point", "coordinates": [ -122.685594420555489, 45.522047424460453 ] } },
{ "type": "Feature", "properties": { "pid": 604, "street": "I405 FWY SB", "block_id": 32154, "fclass": null, "w": 16.8, "s": 50.7, "d": 33.9, "l": 10.0, "lstyle": "UNKNOWN", "rstyle": "STANDARD" }, "geometry": { "type": "Point", "coordinates": [ -122.685708158716778, 45.521836308714477 ] } },
{ "type": "Feature", "properties": { "pid": 605, "street": "SW 4TH AVE", "block_id": 32227, "fclass": null, "w": 13.7, "s": 25.7, "d": 12.0, "l": 10.0, "lstyle": "STANDARD", "rstyle": "STANDARD" }, "geometry": { "type": "Point", "coordinates": [ -122.682022103380433, 45.506326589851717 ] } },
{ "type": "Feature", "properties": { "pid": 606, "street": "SW 5TH AVE-I405 FWY RAMP", "block_id": 32231, "fclass": null, "w": 18.7, "s": 29.7, "d": 11.0, "l": 10.0, "lstyle": "STANDARD", "rstyle": "STANDARD" }, "geometry": { "type": "Point", "coordinates": [ -122.683556472746801, 45.50698600397822 ] } },
{ "type": "Feature", "properties": { "pid": 607, "street": "SW BROADWAY-I405 FWY RAMP", "block_id": 32256, "fclass": null, "w": 22.4, "s": 52.2, "d": 29.8, "l": 35.0, "lstyle": "UNKNOWN", "rstyle": "UNKNOWN" }, "geometry": { "type": "Point", "coordinates": [ -122.685197979456518, 45.508881361339391 ] } },
{ "type": "Feature", "properties": { "pid": 608, "street": "N WILLIAMS AVE", "block_id": 32308, "fclass": "UC", "w": 18.5, "s": 28.2, "d": 9.7, "l": 10.0, "lstyle": "COMBO", "rstyle": "COMBO" }, "geometry": { "type": "Point", "coordinates": [ -122.666934462915634, 45.56280466268975 ] } },
{ "type": "Feature", "properties": { "pid": 609, "street": "N CHURCH ST", "block_id": 32326, "fclass": "UL", "w": 23.8, "s": 28.0, "d": 4.2, "l": 45.0, "lstyle": "THICK", "rstyle": "UNKNOWN" }, "geometry": { "type": "Point", "coordinates": [ -122.681981218400267, 45.563373724740693 ] } },
{ "type": "Feature", "properties": { "pid": 610, "street": "NW HAWKINS BLVD", "block_id": 32491, "fclass": "UL", "w": 22.9, "s": 26.0, "d": 3.1, "l": 10.0, "lstyle": "UNKNOWN", "rstyle": "UNKNOWN" }, "geometry": { "type": "Point", "coordinates": [ -122.763644598944296, 45.533530340377808 ] } },
{ "type": "Feature", "properties": { "pid": 611, "street": "NW HAWKINS BLVD", "block_id": 32491, "fclass": "UL", "w": 22.9, "s": 26.0, "d": 3.1, "l": 20.0, "lstyle": "UNKNOWN", "rstyle": "UNKNOWN" }, "geometry": { "type": "Point", "coordinates": [ -122.763919004126706, 45.533463463256098 ] } },
{ "type": "Feature", "properties": { "pid": 612, "street": "NW HAWKINS BLVD", "block_id": 32491, "fclass": "UL", "w": 22.8, "s": 26.0, "d": 3.2, "l": 10.0, "lstyle": "UNKNOWN", "rstyle": "UNKNOWN" }, "geometry": { "type": "Point", "coordinates": [ -122.764098732653238, 45.533360078269325 ] } },
{ "type": "Feature", "properties": { "pid": 613, "street": "NW THOMPSON RD", "block_id": 32530, "fclass": null, "w": 19.7, "s": 28.1, "d": 8.4, "l": 65.0, "lstyle": "UNKNOWN", "rstyle": "UNKNOWN" }, "geometry": { "type": "Point", "coordinates": [ -122.763898553872366, 45.545788707516841 ] } },
{ "type": "Feature", "properties": { "pid": 614, "street": "SW MONTGOMERY DR", "block_id": 32536, "fclass": null, "w": 22.3, "s": 30.4, "d": 8.1, "l": 15.0, "lstyle": "UNKNOWN", "rstyle": "UNKNOWN" }, "geometry": { "type": "Point", "coordinates": [ -122.696871858632505, 45.515573717746875 ] } },
{ "type": "Feature", "properties": { "pid": 615, "street": "NE BROADWAY", "block_id": 32578, "fclass": "UMiA", "w": 20.3, "s": 36.3, "d": 16.0, "l": 15.0, "lstyle": "COMBO", "rstyle": "UNKNOWN" }, "geometry": { "type": "Point", "coordinates": [ -122.621846604268569, 45.535130908270823 ] } },
{ "type": "Feature", "properties": { "pid": 616, "street": "SW I405 FWY-6TH AVE RAMP", "block_id": 32663, "fclass": null, "w": 19.1, "s": 26.6, "d": 7.5, "l": 90.0, "lstyle": "UNKNOWN", "rstyle": "UNKNOWN" }, "geometry": { "type": "Point", "coordinates": [ -122.68373817052921, 45.507820197133718 ] } },
{ "type": "Feature", "properties": { "pid": 617, "street": "SE MARTINS ST", "block_id": 32806, "fclass": "UL", "w": 14.9, "s": 28.0, "d": 13.1, "l": 60.0, "lstyle": "UNKNOWN", "rstyle": "UNKNOWN" }, "geometry": { "type": "Point", "coordinates": [ -122.633856986612784, 45.477691687340098 ] } },
{ "type": "Feature", "properties": { "pid": 618, "street": "SE TENINO DR", "block_id": 32834, "fclass": "UL", "w": 23.4, "s": 28.2, "d": 4.8, "l": 20.0, "lstyle": "STANDARD", "rstyle": "STANDARD" }, "geometry": { "type": "Point", "coordinates": [ -122.615714479437429, 45.464577867050501 ] } },
{ "type": "Feature", "properties": { "pid": 619, "street": "SE 92ND AVE", "block_id": 32890, "fclass": "UC", "w": 19.8, "s": 38.0, "d": 18.2, "l": 10.0, "lstyle": "STANDARD", "rstyle": "UNKNOWN" }, "geometry": { "type": "Point", "coordinates": [ -122.568615934921297, 45.464279389468793 ] } },
{ "type": "Feature", "properties": { "pid": 620, "street": "SW ROSE GARDEN WAY", "block_id": 33102, "fclass": null, "w": 20.5, "s": 25.4, "d": 4.9, "l": 230.0, "lstyle": "UNKNOWN", "rstyle": "UNKNOWN" }, "geometry": { "type": "Point", "coordinates": [ -122.705701895034423, 45.520630607666554 ] } },
{ "type": "Feature", "properties": { "pid": 621, "street": "SW WASHINGTON WAY", "block_id": 33106, "fclass": null, "w": 22.1, "s": 26.9, "d": 4.8, "l": 25.0, "lstyle": "UNKNOWN", "rstyle": "UNKNOWN" }, "geometry": { "type": "Point", "coordinates": [ -122.703030891528357, 45.521430465237685 ] } },
{ "type": "Feature", "properties": { "pid": 622, "street": "SW WASHINGTON WAY", "block_id": 33107, "fclass": null, "w": 15.2, "s": 19.1, "d": 3.9, "l": 40.0, "lstyle": "UNKNOWN", "rstyle": "UNKNOWN" }, "geometry": { "type": "Point", "coordinates": [ -122.703422332678684, 45.52221941736201 ] } },
{ "type": "Feature", "properties": { "pid": 623, "street": "SW WASHINGTON WAY", "block_id": 33107, "fclass": null, "w": 15.2, "s": 19.1, "d": 3.9, "l": 65.0, "lstyle": "UNKNOWN", "rstyle": "UNKNOWN" }, "geometry": { "type": "Point", "coordinates": [ -122.702993697246598, 45.522508170550921 ] } },
{ "type": "Feature", "properties": { "pid": 624, "street": "SW WASHINGTON WAY", "block_id": 33107, "fclass": null, "w": 13.5, "s": 19.1, "d": 5.6, "l": 105.0, "lstyle": "UNKNOWN", "rstyle": "UNKNOWN" }, "geometry": { "type": "Point", "coordinates": [ -122.702622721653952, 45.523146323557313 ] } },
{ "type": "Feature", "properties": { "pid": 625, "street": "SW WASHINGTON WAY", "block_id": 33107, "fclass": null, "w": 12.3, "s": 19.1, "d": 6.8, "l": 200.0, "lstyle": "UNKNOWN", "rstyle": "UNKNOWN" }, "geometry": { "type": "Point", "coordinates": [ -122.704252420123922, 45.521977786247433 ] } },
{ "type": "Feature", "properties": { "pid": 626, "street": "NW ARIEL TER", "block_id": 33152, "fclass": "UL", "w": 16.7, "s": 21.9, "d": 5.2, "l": 20.0, "lstyle": "UNKNOWN", "rstyle": "UNKNOWN" }, "geometry": { "type": "Point", "coordinates": [ -122.711349911952084, 45.527996923472536 ] } },
{ "type": "Feature", "properties": { "pid": 627, "street": "SW PATTON LN", "block_id": 33254, "fclass": "UL", "w": 18.5, "s": 24.0, "d": 5.5, "l": 15.0, "lstyle": "UNKNOWN", "rstyle": "UNKNOWN" }, "geometry": { "type": "Point", "coordinates": [ -122.710100305610169, 45.502821619209989 ] } },
{ "type": "Feature", "properties": { "pid": 628, "street": "NW I405 FWY-14TH AVE RAMP", "block_id": 33297, "fclass": null, "w": 23.1, "s": 30.5, "d": 7.4, "l": 25.0, "lstyle": "UNKNOWN", "rstyle": "UNKNOWN" }, "geometry": { "type": "Point", "coordinates": [ -122.685270213539994, 45.524390140433837 ] } },
{ "type": "Feature", "properties": { "pid": 629, "street": "SE MORRISON BRG-I84 FWY RAMP", "block_id": 33363, "fclass": null, "w": 20.4, "s": 35.5, "d": 15.1, "l": 85.0, "lstyle": "UNKNOWN", "rstyle": "UNKNOWN" }, "geometry": { "type": "Point", "coordinates": [ -122.665922319488203, 45.518742481240629 ] } },
{ "type": "Feature", "properties": { "pid": 630, "street": "SE MORRISON BRG-I84 FWY RAMP", "block_id": 33363, "fclass": null, "w": 23.6, "s": 35.5, "d": 11.9, "l": 15.0, "lstyle": "UNKNOWN", "rstyle": "UNKNOWN" }, "geometry": { "type": "Point", "coordinates": [ -122.665862295585129, 45.518929452339698 ] } },
{ "type": "Feature", "properties": { "pid": 631, "street": "SE MORRISON BRG-WATER AVE RAMP", "block_id": 33368, "fclass": null, "w": 17.1, "s": 21.8, "d": 4.7, "l": 50.0, "lstyle": "STANDARD", "rstyle": "STANDARD" }, "geometry": { "type": "Point", "coordinates": [ -122.666619850872493, 45.516323266089593 ] } },
{ "type": "Feature", "properties": { "pid": 632, "street": "I5 FWY-CORBETT AVE RAMP", "block_id": 33392, "fclass": null, "w": 21.2, "s": 25.1, "d": 3.9, "l": 25.0, "lstyle": "UNKNOWN", "rstyle": "UNKNOWN" }, "geometry": { "type": "Point", "coordinates": [ -122.677063532881093, 45.488009776283398 ] } },
{ "type": "Feature", "properties": { "pid": 633, "street": "SW I5 FWY-TERWILLIGER BLVD RAMP", "block_id": 33404, "fclass": null, "w": 20.3, "s": 45.6, "d": 25.3, "l": 195.0, "lstyle": "STANDARD", "rstyle": "STANDARD" }, "geometry": { "type": "Point", "coordinates": [ -122.693340516673018, 45.466416458511027 ] } },
{ "type": "Feature", "properties": { "pid": 634, "street": "N INTERSTATE AVE-LARRABEE AVE RAMP", "block_id": 33437, "fclass": null, "w": 21.5, "s": 30.0, "d": 8.5, "l": 10.0, "lstyle": "STANDARD", "rstyle": "STANDARD" }, "geometry": { "type": "Point", "coordinates": [ -122.67403029058363, 45.53535672532194 ] } },
{ "type": "Feature", "properties": { "pid": 635, "street": "SW ROSS ISLAND WAY", "block_id": 30416, "fclass": null, "w": 17.0, "s": 26.0, "d": 9.0, "l": 10.0, "lstyle": "UNKNOWN", "rstyle": "UNKNOWN" }, "geometry": { "type": "Point", "coordinates": [ -122.677944583317682, 45.503579228080831 ] } },
{ "type": "Feature", "properties": { "pid": 636, "street": "SW CAPITOL HWY", "block_id": 33589, "fclass": "UC", "w": 22.5, "s": 35.0, "d": 12.5, "l": 15.0, "lstyle": "MONOLITH", "rstyle": "MONOLITH" }, "geometry": { "type": "Point", "coordinates": [ -122.710398120556761, 45.468574466774648 ] } },
{ "type": "Feature", "properties": { "pid": 637, "street": "SE MORRISON ST", "block_id": 33682, "fclass": "UPAO", "w": 21.1, "s": 44.1, "d": 23.0, "l": 15.0, "lstyle": "MONOLITH", "rstyle": "UNKNOWN" }, "geometry": { "type": "Point", "coordinates": [ -122.664687736116775, 45.517235567870038 ] } },
{ "type": "Feature", "properties": { "pid": 638, "street": "NE CASCADES PKWY", "block_id": 33690, "fclass": "UC", "w": 23.6, "s": 34.1, "d": 10.5, "l": 10.0, "lstyle": "COMBO", "rstyle": "COMBO" }, "geometry": { "type": "Point", "coordinates": [ -122.557283297242833, 45.572168378711545 ] } },
{ "type": "Feature", "properties": { "pid": 639, "street": "NE CASCADES PKWY", "block_id": 33711, "fclass": null, "w": 10.0, "s": 20.0, "d": 10.0, "l": 10.0, "lstyle": "COMBO", "rstyle": "COMBO" }, "geometry": { "type": "Point", "coordinates": [ -122.567959260391177, 45.577035058233477 ] } },
{ "type": "Feature", "properties": { "pid": 640, "street": "N WHEELER AVE-I5 FWY RAMP", "block_id": 33887, "fclass": null, "w": 17.8, "s": 31.0, "d": 13.2, "l": 85.0, "lstyle": "STANDARD", "rstyle": "STANDARD" }, "geometry": { "type": "Point", "coordinates": [ -122.665688853243239, 45.53236120347426 ] } },
{ "type": "Feature", "properties": { "pid": 641, "street": "I5 FWY NB", "block_id": 33892, "fclass": null, "w": 20.4, "s": 44.3, "d": 23.9, "l": 10.0, "lstyle": "UNKNOWN", "rstyle": "STANDARD" }, "geometry": { "type": "Point", "coordinates": [ -122.666665972467214, 45.53490913038371 ] } },
{ "type": "Feature", "properties": { "pid": 642, "street": "NE OREGON ST", "block_id": 33916, "fclass": null, "w": 23.9, "s": 40.0, "d": 16.1, "l": 20.0, "lstyle": "UNKNOWN", "rstyle": "UNKNOWN" }, "geometry": { "type": "Point", "coordinates": [ -122.657822179106489, 45.528641297333841 ] } },
{ "type": "Feature", "properties": { "pid": 643, "street": "SE OAK ST", "block_id": 34019, "fclass": "UL", "w": 22.3, "s": 32.0, "d": 9.7, "l": 10.0, "lstyle": "STANDARD", "rstyle": "MONOLITH" }, "geometry": { "type": "Point", "coordinates": [ -122.540267888508453, 45.519715924459746 ] } },
{ "type": "Feature", "properties": { "pid": 644, "street": "SE 17TH AVE", "block_id": 34075, "fclass": "UC", "w": 18.8, "s": 29.1, "d": 10.3, "l": 50.0, "lstyle": "COMBO", "rstyle": "STANDARD" }, "geometry": { "type": "Point", "coordinates": [ -122.648369339925381, 45.49613433142062 ] } },
{ "type": "Feature", "properties": { "pid": 645, "street": "N SEWARD AVE", "block_id": 34128, "fclass": null, "w": 23.9, "s": 32.2, "d": 8.3, "l": 15.0, "lstyle": "UNKNOWN", "rstyle": "UNKNOWN" }, "geometry": { "type": "Point", "coordinates": [ -122.703418280517695, 45.584154099813681 ] } },
{ "type": "Feature", "properties": { "pid": 646, "street": "N HAMLIN AVE", "block_id": 34131, "fclass": "UL", "w": 23.9, "s": 32.2, "d": 8.3, "l": 10.0, "lstyle": "UNKNOWN", "rstyle": "UNKNOWN" }, "geometry": { "type": "Point", "coordinates": [ -122.702442750269014, 45.584163377057472 ] } },
{ "type": "Feature", "properties": { "pid": 647, "street": "N ENDICOTT AVE", "block_id": 34134, "fclass": "UL", "w": 23.9, "s": 31.8, "d": 7.9, "l": 20.0, "lstyle": "UNKNOWN", "rstyle": "UNKNOWN" }, "geometry": { "type": "Point", "coordinates": [ -122.701460592047425, 45.584152497370916 ] } },
{ "type": "Feature", "properties": { "pid": 648, "street": "SW TAYLOR ST-I405 FWY RAMP", "block_id": 34181, "fclass": null, "w": 14.8, "s": 24.9, "d": 10.1, "l": 15.0, "lstyle": "UNKNOWN", "rstyle": "STANDARD" }, "geometry": { "type": "Point", "coordinates": [ -122.687184402993694, 45.518966868536303 ] } },
{ "type": "Feature", "properties": { "pid": 649, "street": "SW TAYLOR ST-I405 FWY RAMP", "block_id": 34181, "fclass": null, "w": 16.0, "s": 24.9, "d": 8.9, "l": 10.0, "lstyle": "UNKNOWN", "rstyle": "STANDARD" }, "geometry": { "type": "Point", "coordinates": [ -122.687334389749282, 45.518669598265305 ] } },
{ "type": "Feature", "properties": { "pid": 650, "street": "SE MORRISON BRG-BELMONT ST RAMP", "block_id": 34199, "fclass": null, "w": 20.0, "s": 45.9, "d": 25.9, "l": 20.0, "lstyle": "UNKNOWN", "rstyle": "UNKNOWN" }, "geometry": { "type": "Point", "coordinates": [ -122.664986948867295, 45.516550888554995 ] } },
{ "type": "Feature", "properties": { "pid": 651, "street": "SE 17TH AVE", "block_id": 34212, "fclass": null, "w": 19.9, "s": 28.0, "d": 8.1, "l": 75.0, "lstyle": "COMBO", "rstyle": "COMBO" }, "geometry": { "type": "Point", "coordinates": [ -122.648605283219851, 45.499192693074292 ] } },
{ "type": "Feature", "properties": { "pid": 652, "street": "SE 17TH AVE", "block_id": 34226, "fclass": null, "w": 18.5, "s": 21.8, "d": 3.3, "l": 80.0, "lstyle": "CUTOUT_C", "rstyle": "STANDARD" }, "geometry": { "type": "Point", "coordinates": [ -122.648452505126528, 45.495686704646381 ] } },
{ "type": "Feature", "properties": { "pid": 653, "street": "SE 17TH AVE", "block_id": 34228, "fclass": null, "w": 19.0, "s": 34.3, "d": 15.3, "l": 30.0, "lstyle": "COMBO", "rstyle": "COMBO" }, "geometry": { "type": "Point", "coordinates": [ -122.648037579242768, 45.496884246082331 ] } },
{ "type": "Feature", "properties": { "pid": 654, "street": "SE 17TH AVE", "block_id": 34233, "fclass": null, "w": 19.6, "s": 23.6, "d": 4.0, "l": 10.0, "lstyle": "COMBO", "rstyle": "COMBO" }, "geometry": { "type": "Point", "coordinates": [ -122.648068408340222, 45.496651884901205 ] } },
{ "type": "Feature", "properties": { "pid": 655, "street": "SE 17TH AVE", "block_id": 34233, "fclass": null, "w": 19.4, "s": 23.6, "d": 4.2, "l": 345.0, "lstyle": "STANDARD", "rstyle": "COMBO" }, "geometry": { "type": "Point", "coordinates": [ -122.648153251530232, 45.496272554045561 ] } },
{ "type": "Feature", "properties": { "pid": 656, "street": "SE 17TH AVE", "block_id": 34235, "fclass": null, "w": 20.4, "s": 27.0, "d": 6.6, "l": 70.0, "lstyle": "CUTOUT_C", "rstyle": "STANDARD" }, "geometry": { "type": "Point", "coordinates": [ -122.648552547674015, 45.493450313128051 ] } },
{ "type": "Feature", "properties": { "pid": 657, "street": "SE 103RD AVE", "block_id": 34312, "fclass": "UL", "w": 22.2, "s": 31.9, "d": 9.7, "l": 10.0, "lstyle": "UNKNOWN", "rstyle": "UNKNOWN" }, "geometry": { "type": "Point", "coordinates": [ -122.557025776524895, 45.521614301446043 ] } },
{ "type": "Feature", "properties": { "pid": 658, "street": "SE 103RD AVE", "block_id": 34312, "fclass": "UL", "w": 21.8, "s": 31.9, "d": 10.1, "l": 40.0, "lstyle": "UNKNOWN", "rstyle": "UNKNOWN" }, "geometry": { "type": "Point", "coordinates": [ -122.557039068698302, 45.521024656540888 ] } },
{ "type": "Feature", "properties": { "pid": 659, "street": "SE 103RD AVE", "block_id": 34312, "fclass": "UL", "w": 23.2, "s": 31.9, "d": 8.7, "l": 10.0, "lstyle": "UNKNOWN", "rstyle": "UNKNOWN" }, "geometry": { "type": "Point", "coordinates": [ -122.557051124151812, 45.520489862238108 ] } },
{ "type": "Feature", "properties": { "pid": 660, "street": "SE PINE ST", "block_id": 34313, "fclass": "UL", "w": 21.8, "s": 32.0, "d": 10.2, "l": 10.0, "lstyle": "UNKNOWN", "rstyle": "UNKNOWN" }, "geometry": { "type": "Point", "coordinates": [ -122.557194274860393, 45.52038869665283 ] } },
{ "type": "Feature", "properties": { "pid": 661, "street": "SE PINE ST", "block_id": 34314, "fclass": "UL", "w": 22.7, "s": 31.9, "d": 9.2, "l": 15.0, "lstyle": "UNKNOWN", "rstyle": "UNKNOWN" }, "geometry": { "type": "Point", "coordinates": [ -122.556916875685843, 45.520387875972808 ] } },
{ "type": "Feature", "properties": { "pid": 662, "street": "SE PINE ST", "block_id": 34314, "fclass": "UL", "w": 22.0, "s": 31.9, "d": 9.9, "l": 15.0, "lstyle": "UNKNOWN", "rstyle": "UNKNOWN" }, "geometry": { "type": "Point", "coordinates": [ -122.555746568198288, 45.52038347675996 ] } },
{ "type": "Feature", "properties": { "pid": 663, "street": "NE 103RD AVE", "block_id": 18705, "fclass": "UL", "w": 14.3, "s": 29.7, "d": 15.4, "l": 10.0, "lstyle": "STANDARD", "rstyle": "STANDARD" }, "geometry": { "type": "Point", "coordinates": [ -122.556820062442213, 45.533234203299344 ] } },
{ "type": "Feature", "properties": { "pid": 664, "street": "NE 103RD AVE", "block_id": 18705, "fclass": "UL", "w": 13.9, "s": 29.7, "d": 15.8, "l": 25.0, "lstyle": "STANDARD", "rstyle": "STANDARD" }, "geometry": { "type": "Point", "coordinates": [ -122.556820468792424, 45.533439972459725 ] } },
{ "type": "Feature", "properties": { "pid": 665, "street": "NE 102ND AVE-I84 FWY RAMP", "block_id": 34378, "fclass": null, "w": 18.5, "s": 23.3, "d": 4.8, "l": 25.0, "lstyle": "STANDARD", "rstyle": "STANDARD" }, "geometry": { "type": "Point", "coordinates": [ -122.559053239258276, 45.544316086650376 ] } },
{ "type": "Feature", "properties": { "pid": 666, "street": "SE HAWTHORNE BRG-MARTIN LUTHER KING JR BLVD RAMP", "block_id": 34572, "fclass": null, "w": 16.0, "s": 22.4, "d": 6.4, "l": 10.0, "lstyle": "UNKNOWN", "rstyle": "UNKNOWN" }, "geometry": { "type": "Point", "coordinates": [ -122.662615447922519, 45.512167874093848 ] } },
{ "type": "Feature", "properties": { "pid": 667, "street": "SE HAWTHORNE BRG-MARTIN LUTHER KING JR BLVD RAMP", "block_id": 34572, "fclass": null, "w": 17.9, "s": 22.4, "d": 4.5, "l": 55.0, "lstyle": "UNKNOWN", "rstyle": "UNKNOWN" }, "geometry": { "type": "Point", "coordinates": [ -122.661987075347241, 45.511758951291831 ] } },
{ "type": "Feature", "properties": { "pid": 668, "street": "NW HOGE AVE", "block_id": 59, "fclass": null, "w": 20.6, "s": 26.1, "d": 5.5, "l": 10.0, "lstyle": "UNKNOWN", "rstyle": "UNKNOWN" }, "geometry": { "type": "Point", "coordinates": [ -122.781009555965326, 45.592421546020553 ] } },
{ "type": "Feature", "properties": { "pid": 669, "street": "SW 9TH AVE", "block_id": 34614, "fclass": "UC", "w": 17.0, "s": 20.5, "d": 3.5, "l": 30.0, "lstyle": "EDGE", "rstyle": "UNKNOWN" }, "geometry": { "type": "Point", "coordinates": [ -122.68158865820935, 45.518944372847621 ] } },
{ "type": "Feature", "properties": { "pid": 670, "street": "SW 9TH AVE", "block_id": 34614, "fclass": "UC", "w": 13.6, "s": 20.5, "d": 6.9, "l": 10.0, "lstyle": "UNKNOWN", "rstyle": "EDGE" }, "geometry": { "type": "Point", "coordinates": [ -122.681636848211113, 45.518854550909062 ] } },
{ "type": "Feature", "properties": { "pid": 671, "street": "SW 9TH AVE", "block_id": 34614, "fclass": "UC", "w": 13.5, "s": 20.5, "d": 7.0, "l": 15.0, "lstyle": "UNKNOWN", "rstyle": "EDGE" }, "geometry": { "type": "Point", "coordinates": [ -122.681740111987395, 45.518662075250731 ] } },
{ "type": "Feature", "properties": { "pid": 672, "street": "SW 9TH AVE", "block_id": 34614, "fclass": "UC", "w": 13.4, "s": 20.5, "d": 7.1, "l": 15.0, "lstyle": "UNKNOWN", "rstyle": "EDGE" }, "geometry": { "type": "Point", "coordinates": [ -122.681788301510124, 45.518572253241494 ] } },
{ "type": "Feature", "properties": { "pid": 673, "street": "N WILLAMETTE LN", "block_id": 34741, "fclass": "UL", "w": 18.5, "s": 24.2, "d": 5.7, "l": 140.0, "lstyle": "UNKNOWN", "rstyle": "UNKNOWN" }, "geometry": { "type": "Point", "coordinates": [ -122.736675030396114, 45.579339355148441 ] } },
{ "type": "Feature", "properties": { "pid": 674, "street": "SW MYRTLE DR", "block_id": 23153, "fclass": null, "w": 20.1, "s": 23.7, "d": 3.6, "l": 65.0, "lstyle": "UNKNOWN", "rstyle": "UNKNOWN" }, "geometry": { "type": "Point", "coordinates": [ -122.692224399805056, 45.509626193260758 ] } },
{ "type": "Feature", "properties": { "pid": 675, "street": "SW 1ST AVE", "block_id": 34937, "fclass": null, "w": 18.3, "s": 37.7, "d": 19.4, "l": 10.0, "lstyle": "UNKNOWN", "rstyle": "UNKNOWN" }, "geometry": { "type": "Point", "coordinates": [ -122.678953484230703, 45.497653396585882 ] } },
{ "type": "Feature", "properties": { "pid": 676, "street": "NE HALSEY ST", "block_id": 29825, "fclass": null, "w": 16.9, "s": 29.1, "d": 12.2, "l": 10.0, "lstyle": "UNKNOWN", "rstyle": "UNKNOWN" }, "geometry": { "type": "Point", "coordinates": [ -122.580168112329829, 45.533984323357352 ] } },
{ "type": "Feature", "properties": { "pid": 677, "street": "SE 29TH AVE", "block_id": 35181, "fclass": "UL", "w": 20.0, "s": 28.0, "d": 8.0, "l": 35.0, "lstyle": "CUTOUT_C", "rstyle": "CUTOUT_C" }, "geometry": { "type": "Point", "coordinates": [ -122.635739867869205, 45.506939315668454 ] } },
{ "type": "Feature", "properties": { "pid": 678, "street": "SE MADISON ST", "block_id": 35183, "fclass": "UL", "w": 23.6, "s": 35.5, "d": 11.9, "l": 10.0, "lstyle": "UNKNOWN", "rstyle": "UNKNOWN" }, "geometry": { "type": "Point", "coordinates": [ -122.614242656602912, 45.512746936157349 ] } },
{ "type": "Feature", "properties": { "pid": 679, "street": "SE MORRISON ST", "block_id": 35186, "fclass": "UL", "w": 23.8, "s": 28.1, "d": 4.3, "l": 70.0, "lstyle": "UNKNOWN", "rstyle": "UNKNOWN" }, "geometry": { "type": "Point", "coordinates": [ -122.616924921803914, 45.51728418130336 ] } },
{ "type": "Feature", "properties": { "pid": 680, "street": "SE MORRISON ST", "block_id": 35186, "fclass": "UL", "w": 23.9, "s": 28.1, "d": 4.2, "l": 60.0, "lstyle": "UNKNOWN", "rstyle": "UNKNOWN" }, "geometry": { "type": "Point", "coordinates": [ -122.616281158221923, 45.517283409488378 ] } },
{ "type": "Feature", "properties": { "pid": 681, "street": "NE 45TH AVE", "block_id": 35192, "fclass": "UL", "w": 20.5, "s": 27.7, "d": 7.2, "l": 35.0, "lstyle": "CUTOUT_C", "rstyle": "CUTOUT_C" }, "geometry": { "type": "Point", "coordinates": [ -122.616177383879702, 45.524100978919016 ] } },
{ "type": "Feature", "properties": { "pid": 682, "street": "SE 62ND AVE", "block_id": 35274, "fclass": "UL", "w": 21.4, "s": 25.9, "d": 4.5, "l": 20.0, "lstyle": "STANDARD", "rstyle": "COMBO" }, "geometry": { "type": "Point", "coordinates": [ -122.59946420819152, 45.501523511462203 ] } },
{ "type": "Feature", "properties": { "pid": 683, "street": "SW WASHINGTON ST", "block_id": 35344, "fclass": "UMiA", "w": 23.9, "s": 36.0, "d": 12.1, "l": 15.0, "lstyle": "UNKNOWN", "rstyle": "UNKNOWN" }, "geometry": { "type": "Point", "coordinates": [ -122.67803806020585, 45.520451103370846 ] } },
{ "type": "Feature", "properties": { "pid": 684, "street": "SW 9TH AVE", "block_id": 35349, "fclass": "UC", "w": 20.1, "s": 26.1, "d": 6.0, "l": 25.0, "lstyle": "UNKNOWN", "rstyle": "UNKNOWN" }, "geometry": { "type": "Point", "coordinates": [ -122.681105399560963, 45.519834737364071 ] } },
{ "type": "Feature", "properties": { "pid": 685, "street": "NW 12TH AVE", "block_id": 35357, "fclass": "UC", "w": 22.0, "s": 36.0, "d": 14.0, "l": 15.0, "lstyle": "STANDARD", "rstyle": "STANDARD" }, "geometry": { "type": "Point", "coordinates": [ -122.683182109059715, 45.523747149105844 ] } },
{ "type": "Feature", "properties": { "pid": 686, "street": "NW 12TH AVE", "block_id": 35357, "fclass": "UC", "w": 22.0, "s": 36.0, "d": 14.0, "l": 10.0, "lstyle": "STANDARD", "rstyle": "STANDARD" }, "geometry": { "type": "Point", "coordinates": [ -122.683198007728421, 45.52428189163701 ] } },
{ "type": "Feature", "properties": { "pid": 687, "street": "NW COUCH ST", "block_id": 35358, "fclass": "UC", "w": 22.0, "s": 36.1, "d": 14.1, "l": 15.0, "lstyle": "STANDARD", "rstyle": "STANDARD" }, "geometry": { "type": "Point", "coordinates": [ -122.683296665466642, 45.523662575105455 ] } },
{ "type": "Feature", "properties": { "pid": 688, "street": "NW COUCH ST", "block_id": 35358, "fclass": "UC", "w": 22.2, "s": 36.1, "d": 13.9, "l": 15.0, "lstyle": "STANDARD", "rstyle": "STANDARD" }, "geometry": { "type": "Point", "coordinates": [ -122.684057180375916, 45.523647583778924 ] } },
{ "type": "Feature", "properties": { "pid": 689, "street": "NW 11TH AVE", "block_id": 35362, "fclass": "UC", "w": 19.6, "s": 36.0, "d": 16.4, "l": 20.0, "lstyle": "STANDARD", "rstyle": "STANDARD" }, "geometry": { "type": "Point", "coordinates": [ -122.682159021266813, 45.523775368137855 ] } },
{ "type": "Feature", "properties": { "pid": 690, "street": "NW COUCH ST", "block_id": 35363, "fclass": "UC", "w": 22.0, "s": 36.0, "d": 14.0, "l": 15.0, "lstyle": "STANDARD", "rstyle": "STANDARD" }, "geometry": { "type": "Point", "coordinates": [ -122.68229158145013, 45.523677483062002 ] } },
{ "type": "Feature", "properties": { "pid": 691, "street": "NW COUCH ST", "block_id": 35363, "fclass": "UC", "w": 22.0, "s": 36.0, "d": 14.0, "l": 15.0, "lstyle": "STANDARD", "rstyle": "STANDARD" }, "geometry": { "type": "Point", "coordinates": [ -122.683032624606724, 45.523666967995403 ] } },
{ "type": "Feature", "properties": { "pid": 692, "street": "NW 12TH AVE", "block_id": 35364, "fclass": "UC", "w": 22.0, "s": 35.9, "d": 13.9, "l": 20.0, "lstyle": "STANDARD", "rstyle": "STANDARD" }, "geometry": { "type": "Point", "coordinates": [ -122.683156238222949, 45.523046343883323 ] } },
{ "type": "Feature", "properties": { "pid": 693, "street": "NW 12TH AVE", "block_id": 35364, "fclass": "UC", "w": 22.0, "s": 35.9, "d": 13.9, "l": 20.0, "lstyle": "STANDARD", "rstyle": "STANDARD" }, "geometry": { "type": "Point", "coordinates": [ -122.683175966618649, 45.523567274987265 ] } },
{ "type": "Feature", "properties": { "pid": 694, "street": "SW YAMHILL ST", "block_id": 35605, "fclass": null, "w": 22.2, "s": 27.2, "d": 5.0, "l": 25.0, "lstyle": "UNKNOWN", "rstyle": "UNKNOWN" }, "geometry": { "type": "Point", "coordinates": [ -122.685682881891282, 45.52020276131541 ] } },
{ "type": "Feature", "properties": { "pid": 695, "street": "SE FOSTER RD", "block_id": 35782, "fclass": "UMiA", "w": 8.1, "s": 59.9, "d": 51.8, "l": 45.0, "lstyle": "STANDARD", "rstyle": "STANDARD" }, "geometry": { "type": "Point", "coordinates": [ -122.603959895904609, 45.493289195222225 ] } },
{ "type": "Feature", "properties": { "pid": 696, "street": "NE 97TH AVE", "block_id": 35883, "fclass": null, "w": 20.5, "s": 33.0, "d": 12.5, "l": 15.0, "lstyle": "THICK", "rstyle": "THICK" }, "geometry": { "type": "Point", "coordinates": [ -122.563580391749085, 45.525202888988588 ] } },
{ "type": "Feature", "properties": { "pid": 697, "street": "NE 108TH AVE", "block_id": 36094, "fclass": "UL", "w": 21.6, "s": 28.0, "d": 6.4, "l": 10.0, "lstyle": "STANDARD", "rstyle": "STANDARD" }, "geometry": { "type": "Point", "coordinates": [ -122.551609698769994, 45.534243690834678 ] } },
{ "type": "Feature", "properties": { "pid": 698, "street": "SW STEPHENSON CT", "block_id": 36133, "fclass": "UL", "w": 20.2, "s": 26.3, "d": 6.1, "l": 40.0, "lstyle": "STANDARD", "rstyle": "STANDARD" }, "geometry": { "type": "Point", "coordinates": [ -122.686429929331538, 45.440188923819015 ] } },
{ "type": "Feature", "properties": { "pid": 699, "street": "SE MALDEN DR", "block_id": 36152, "fclass": null, "w": 20.2, "s": 25.4, "d": 5.2, "l": 15.0, "lstyle": "STANDARD", "rstyle": "STANDARD" }, "geometry": { "type": "Point", "coordinates": [ -122.610193409750792, 45.465554506301963 ] } },
{ "type": "Feature", "properties": { "pid": 700, "street": "N FISKE AVE", "block_id": 36264, "fclass": null, "w": 22.6, "s": 32.5, "d": 9.9, "l": 40.0, "lstyle": "COMBO", "rstyle": "COMBO" }, "geometry": { "type": "Point", "coordinates": [ -122.71690542438688, 45.587822647201357 ] } },
{ "type": "Feature", "properties": { "pid": 701, "street": "N FISKE AVE", "block_id": 36268, "fclass": null, "w": 22.2, "s": 25.4, "d": 3.2, "l": 30.0, "lstyle": "COMBO", "rstyle": "COMBO" }, "geometry": { "type": "Point", "coordinates": [ -122.716892109538378, 45.588536800170061 ] } },
{ "type": "Feature", "properties": { "pid": 702, "street": "N TRENTON ST", "block_id": 36269, "fclass": "UC", "w": 23.6, "s": 36.2, "d": 12.6, "l": 15.0, "lstyle": "COMBO", "rstyle": "COMBO" }, "geometry": { "type": "Point", "coordinates": [ -122.715795437758175, 45.588683825836746 ] } },
{ "type": "Feature", "properties": { "pid": 703, "street": "N FISKE AVE", "block_id": 30444, "fclass": "UC", "w": 21.7, "s": 35.4, "d": 13.7, "l": 15.0, "lstyle": "COMBO", "rstyle": "MONOLITH" }, "geometry": { "type": "Point", "coordinates": [ -122.716891852788024, 45.589784051587934 ] } },
{ "type": "Feature", "properties": { "pid": 704, "street": "N FISKE AVE", "block_id": 30444, "fclass": "UC", "w": 21.0, "s": 35.4, "d": 14.4, "l": 45.0, "lstyle": "COMBO", "rstyle": "COMBO" }, "geometry": { "type": "Point", "coordinates": [ -122.716894551603374, 45.590332568639262 ] } },
{ "type": "Feature", "properties": { "pid": 705, "street": "N NEWARK ST", "block_id": 36280, "fclass": null, "w": 22.3, "s": 32.3, "d": 10.0, "l": 35.0, "lstyle": "COMBO", "rstyle": "COMBO" }, "geometry": { "type": "Point", "coordinates": [ -122.717125690240223, 45.5896730397806 ] } },
{ "type": "Feature", "properties": { "pid": 706, "street": "N FISKE AVE", "block_id": 36281, "fclass": "UC", "w": 21.5, "s": 36.0, "d": 14.5, "l": 25.0, "lstyle": "COMBO", "rstyle": "COMBO" }, "geometry": { "type": "Point", "coordinates": [ -122.716891425699018, 45.589584947212813 ] } },
{ "type": "Feature", "properties": { "pid": 707, "street": "N TRENTON ST", "block_id": 36283, "fclass": null, "w": 21.6, "s": 31.2, "d": 9.6, "l": 10.0, "lstyle": "UNKNOWN", "rstyle": "COMBO" }, "geometry": { "type": "Point", "coordinates": [ -122.718335917994807, 45.588682858845331 ] } },
{ "type": "Feature", "properties": { "pid": 708, "street": "N TRENTON ST", "block_id": 36285, "fclass": "UL", "w": 22.3, "s": 25.5, "d": 3.2, "l": 30.0, "lstyle": "COMBO", "rstyle": "COMBO" }, "geometry": { "type": "Point", "coordinates": [ -122.717146390356817, 45.588681691394953 ] } },
{ "type": "Feature", "properties": { "pid": 709, "street": "SE STEPHENS ST", "block_id": 36389, "fclass": "UL", "w": 12.2, "s": 28.0, "d": 15.8, "l": 15.0, "lstyle": "STANDARD", "rstyle": "UNKNOWN" }, "geometry": { "type": "Point", "coordinates": [ -122.585132464618042, 45.509423525919829 ] } },
{ "type": "Feature", "properties": { "pid": 710, "street": "SW SKYLINE BLVD", "block_id": 36467, "fclass": "UC", "w": 22.2, "s": 35.1, "d": 12.9, "l": 45.0, "lstyle": "UNKNOWN", "rstyle": "UNKNOWN" }, "geometry": { "type": "Point", "coordinates": [ -122.733997229637396, 45.511335448667467 ] } },
{ "type": "Feature", "properties": { "pid": 711, "street": "SW SPRING GARDEN ST", "block_id": 30761, "fclass": null, "w": 13.2, "s": 24.5, "d": 11.3, "l": 20.0, "lstyle": "STANDARD", "rstyle": "STANDARD" }, "geometry": { "type": "Point", "coordinates": [ -122.699590436778564, 45.46349578841108 ] } },
{ "type": "Feature", "properties": { "pid": 712, "street": "SW SPRING GARDEN ST", "block_id": 36503, "fclass": null, "w": 14.5, "s": 26.0, "d": 11.5, "l": 25.0, "lstyle": "STANDARD", "rstyle": "STANDARD" }, "geometry": { "type": "Point", "coordinates": [ -122.698861059311184, 45.463494255984884 ] } },
{ "type": "Feature", "properties": { "pid": 713, "street": "SW 13TH AVE", "block_id": 25744, "fclass": null, "w": 11.4, "s": 20.1, "d": 8.7, "l": 20.0, "lstyle": "UNKNOWN", "rstyle": "UNKNOWN" }, "geometry": { "type": "Point", "coordinates": [ -122.690093199626872, 45.511597208391564 ] } },
{ "type": "Feature", "properties": { "pid": 714, "street": "N WOOLSEY AVE", "block_id": 36711, "fclass": null, "w": 22.4, "s": 32.1, "d": 9.7, "l": 10.0, "lstyle": "COMBO", "rstyle": "COMBO" }, "geometry": { "type": "Point", "coordinates": [ -122.713468480630922, 45.587264952017776 ] } },
{ "type": "Feature", "properties": { "pid": 715, "street": "N WOOLSEY AVE", "block_id": 25880, "fclass": "UL", "w": 20.1, "s": 30.1, "d": 10.0, "l": 40.0, "lstyle": "COMBO", "rstyle": "COMBO" }, "geometry": { "type": "Point", "coordinates": [ -122.713469718536075, 45.588089892132977 ] } },
{ "type": "Feature", "properties": { "pid": 716, "street": "NW 11TH AVE", "block_id": 36733, "fclass": null, "w": 23.1, "s": 36.0, "d": 12.9, "l": 10.0, "lstyle": "UNKNOWN", "rstyle": "UNKNOWN" }, "geometry": { "type": "Point", "coordinates": [ -122.682345077741729, 45.528572649457274 ] } },
{ "type": "Feature", "properties": { "pid": 717, "street": "NW 11TH AVE", "block_id": 36735, "fclass": null, "w": 20.0, "s": 36.0, "d": 16.0, "l": 10.0, "lstyle": "UNKNOWN", "rstyle": "UNKNOWN" }, "geometry": { "type": "Point", "coordinates": [ -122.682313558476537, 45.527940483122656 ] } },
{ "type": "Feature", "properties": { "pid": 718, "street": "NW 11TH AVE", "block_id": 36735, "fclass": null, "w": 20.0, "s": 35.7, "d": 15.7, "l": 15.0, "lstyle": "UNKNOWN", "rstyle": "UNKNOWN" }, "geometry": { "type": "Point", "coordinates": [ -122.682314449853365, 45.527963240859577 ] } },
{ "type": "Feature", "properties": { "pid": 719, "street": "NE COOK ST", "block_id": 36876, "fclass": "UL", "w": 22.1, "s": 30.0, "d": 7.9, "l": 10.0, "lstyle": "COMBO", "rstyle": "MONOLITH" }, "geometry": { "type": "Point", "coordinates": [ -122.666558929243507, 45.546787318400611 ] } },
{ "type": "Feature", "properties": { "pid": 720, "street": "SE COOPER ST", "block_id": 36929, "fclass": "UL", "w": 15.5, "s": 19.2, "d": 3.7, "l": 30.0, "lstyle": "STANDARD", "rstyle": "THICK" }, "geometry": { "type": "Point", "coordinates": [ -122.54847178191369, 45.473210760932204 ] } },
{ "type": "Feature", "properties": { "pid": 721, "street": "SW I5 FWY-TAYLORS FERRY RD RAMP", "block_id": 36932, "fclass": null, "w": 4.2, "s": 22.2, "d": 18.0, "l": 50.0, "lstyle": "UNKNOWN", "rstyle": "UNKNOWN" }, "geometry": { "type": "Point", "coordinates": [ -122.721151735148652, 45.453794625370847 ] } },
{ "type": "Feature", "properties": { "pid": 722, "street": "SW CAPITOL HWY", "block_id": 36967, "fclass": null, "w": 12.5, "s": 30.1, "d": 17.6, "l": 25.0, "lstyle": "UNKNOWN", "rstyle": "UNKNOWN" }, "geometry": { "type": "Point", "coordinates": [ -122.715650583166379, 45.467276633226298 ] } },
{ "type": "Feature", "properties": { "pid": 723, "street": "NW 11TH AVE", "block_id": 25561, "fclass": "UL", "w": 23.2, "s": 36.0, "d": 12.8, "l": 10.0, "lstyle": "STANDARD", "rstyle": "MONOLITH" }, "geometry": { "type": "Point", "coordinates": [ -122.682522548629137, 45.533568389851638 ] } },
{ "type": "Feature", "properties": { "pid": 724, "street": "NW PETTYGROVE ST", "block_id": 36977, "fclass": "UL", "w": 22.0, "s": 28.0, "d": 6.0, "l": 30.0, "lstyle": "KEYED", "rstyle": "STANDARD" }, "geometry": { "type": "Point", "coordinates": [ -122.683655681536536, 45.532922748378674 ] } },
{ "type": "Feature", "properties": { "pid": 725, "street": "NW PETTYGROVE ST", "block_id": 36977, "fclass": "UL", "w": 23.0, "s": 28.0, "d": 5.0, "l": 15.0, "lstyle": "THICK", "rstyle": "STANDARD" }, "geometry": { "type": "Point", "coordinates": [ -122.684396950289596, 45.532909453995067 ] } },
{ "type": "Feature", "properties": { "pid": 726, "street": "SW PROSPECT DR", "block_id": 37181, "fclass": "UL", "w": 9.6, "s": 16.1, "d": 6.5, "l": 55.0, "lstyle": "UNKNOWN", "rstyle": "UNKNOWN" }, "geometry": { "type": "Point", "coordinates": [ -122.697232421708961, 45.51669037954624 ] } },
{ "type": "Feature", "properties": { "pid": 727, "street": "NE STANTON ST", "block_id": 37283, "fclass": null, "w": 16.1, "s": 36.9, "d": 20.8, "l": 20.0, "lstyle": "MODCURB", "rstyle": "MODCURB" }, "geometry": { "type": "Point", "coordinates": [ -122.666341327171835, 45.543834534579688 ] } },
{ "type": "Feature", "properties": { "pid": 728, "street": "SE 61ST AVE", "block_id": 37308, "fclass": "UL", "w": 21.2, "s": 25.4, "d": 4.2, "l": 25.0, "lstyle": "STANDARD", "rstyle": "STANDARD" }, "geometry": { "type": "Point", "coordinates": [ -122.600655323787947, 45.498238082331497 ] } },
{ "type": "Feature", "properties": { "pid": 729, "street": "SE NORTH TABOR DR", "block_id": 37745, "fclass": null, "w": 14.3, "s": 28.1, "d": 13.8, "l": 10.0, "lstyle": "UNKNOWN", "rstyle": "UNKNOWN" }, "geometry": { "type": "Point", "coordinates": [ -122.595552396738015, 45.515389923515954 ] } },
{ "type": "Feature", "properties": { "pid": 730, "street": "NW SAVIER ST", "block_id": 37765, "fclass": null, "w": 23.9, "s": 34.5, "d": 10.6, "l": 10.0, "lstyle": "MONOLITH", "rstyle": "MONOLITH" }, "geometry": { "type": "Point", "coordinates": [ -122.692840481995262, 45.534924248152919 ] } },
{ "type": "Feature", "properties": { "pid": 731, "street": "NW RALEIGH ST", "block_id": 37768, "fclass": null, "w": 23.9, "s": 36.0, "d": 12.1, "l": 40.0, "lstyle": "STANDARD", "rstyle": "STANDARD" }, "geometry": { "type": "Point", "coordinates": [ -122.69570076741438, 45.534128637138799 ] } },
{ "type": "Feature", "properties": { "pid": 732, "street": "SE 70TH AVE", "block_id": 37805, "fclass": null, "w": 23.9, "s": 32.0, "d": 8.1, "l": 30.0, "lstyle": "UNKNOWN", "rstyle": "UNKNOWN" }, "geometry": { "type": "Point", "coordinates": [ -122.591954626820453, 45.462187353993521 ] } },
{ "type": "Feature", "properties": { "pid": 733, "street": "S FULTON PARK PL", "block_id": 37988, "fclass": null, "w": 11.9, "s": 18.8, "d": 6.9, "l": 60.0, "lstyle": "UNKNOWN", "rstyle": "UNKNOWN" }, "geometry": { "type": "Point", "coordinates": [ -122.673952048922814, 45.469439711586951 ] } },
{ "type": "Feature", "properties": { "pid": 734, "street": "S PENDLETON ST", "block_id": 38109, "fclass": null, "w": 22.0, "s": 28.0, "d": 6.0, "l": 10.0, "lstyle": "UNKNOWN", "rstyle": "STANDARD" }, "geometry": { "type": "Point", "coordinates": [ -122.674716804851073, 45.481138432311653 ] } },
{ "type": "Feature", "properties": { "pid": 735, "street": "S RIVERIDGE LN", "block_id": 38117, "fclass": null, "w": 19.8, "s": 40.1, "d": 20.3, "l": 105.0, "lstyle": "UNKNOWN", "rstyle": "UNKNOWN" }, "geometry": { "type": "Point", "coordinates": [ -122.672972556075408, 45.48089174010817 ] } },
{ "type": "Feature", "properties": { "pid": 736, "street": "S RIVERIDGE LN", "block_id": 38118, "fclass": null, "w": 12.5, "s": 34.9, "d": 22.4, "l": 10.0, "lstyle": "UNKNOWN", "rstyle": "UNKNOWN" }, "geometry": { "type": "Point", "coordinates": [ -122.673372410190595, 45.482112004983961 ] } },
{ "type": "Feature", "properties": { "pid": 737, "street": "S RIVERIDGE LN", "block_id": 38118, "fclass": null, "w": 18.2, "s": 34.9, "d": 16.7, "l": 25.0, "lstyle": "UNKNOWN", "rstyle": "UNKNOWN" }, "geometry": { "type": "Point", "coordinates": [ -122.673292823169419, 45.481794604382969 ] } },
{ "type": "Feature", "properties": { "pid": 738, "street": "S RIVERIDGE LN", "block_id": 38118, "fclass": null, "w": 19.9, "s": 34.9, "d": 15.0, "l": 30.0, "lstyle": "UNKNOWN", "rstyle": "UNKNOWN" }, "geometry": { "type": "Point", "coordinates": [ -122.673195079761101, 45.481616913226681 ] } },
{ "type": "Feature", "properties": { "pid": 739, "street": "S CORBETT AVE", "block_id": 38166, "fclass": null, "w": 19.7, "s": 29.1, "d": 9.4, "l": 10.0, "lstyle": "STANDARD", "rstyle": "UNKNOWN" }, "geometry": { "type": "Point", "coordinates": [ -122.67627367217888, 45.489343108982474 ] } },
{ "type": "Feature", "properties": { "pid": 740, "street": "S CORBETT AVE", "block_id": 38168, "fclass": null, "w": 20.1, "s": 33.2, "d": 13.1, "l": 15.0, "lstyle": "UNKNOWN", "rstyle": "STANDARD" }, "geometry": { "type": "Point", "coordinates": [ -122.676323960753933, 45.488889688827605 ] } },
{ "type": "Feature", "properties": { "pid": 741, "street": "S MOODY AVE", "block_id": 31306, "fclass": null, "w": 16.1, "s": 21.0, "d": 4.9, "l": 10.0, "lstyle": "STANDARD", "rstyle": "STANDARD" }, "geometry": { "type": "Point", "coordinates": [ -122.672203530464571, 45.490407437594286 ] } },
{ "type": "Feature", "properties": { "pid": 742, "street": "S BANCROFT ST", "block_id": 38195, "fclass": null, "w": 21.1, "s": 27.9, "d": 6.8, "l": 15.0, "lstyle": "UNKNOWN", "rstyle": "UNKNOWN" }, "geometry": { "type": "Point", "coordinates": [ -122.677231601184346, 45.492386260190855 ] } },
{ "type": "Feature", "properties": { "pid": 743, "street": "SW TERWILLIGER BLVD", "block_id": 25203, "fclass": null, "w": 17.0, "s": 36.5, "d": 19.5, "l": 20.0, "lstyle": "MODCURB", "rstyle": "UNKNOWN" }, "geometry": { "type": "Point", "coordinates": [ -122.68356146670196, 45.464311207849043 ] } },
{ "type": "Feature", "properties": { "pid": 744, "street": "S WATER AVE", "block_id": 38232, "fclass": null, "w": 16.9, "s": 36.0, "d": 19.1, "l": 20.0, "lstyle": "MONOLITH", "rstyle": "MONOLITH" }, "geometry": { "type": "Point", "coordinates": [ -122.677105538775692, 45.494770568073342 ] } },
{ "type": "Feature", "properties": { "pid": 745, "street": "S RIVER PKWY", "block_id": 38264, "fclass": null, "w": 23.7, "s": 35.8, "d": 12.1, "l": 50.0, "lstyle": "COMBO", "rstyle": "COMBO" }, "geometry": { "type": "Point", "coordinates": [ -122.669680476893319, 45.498350887123514 ] } },
{ "type": "Feature", "properties": { "pid": 746, "street": "S RIVER PKWY", "block_id": 38264, "fclass": null, "w": 21.8, "s": 35.8, "d": 14.0, "l": 10.0, "lstyle": "COMBO", "rstyle": "COMBO" }, "geometry": { "type": "Point", "coordinates": [ -122.669693536942546, 45.497912068557852 ] } },
{ "type": "Feature", "properties": { "pid": 747, "street": "S RIVER PKWY", "block_id": 38266, "fclass": null, "w": 23.9, "s": 35.8, "d": 11.9, "l": 50.0, "lstyle": "COMBO", "rstyle": "COMBO" }, "geometry": { "type": "Point", "coordinates": [ -122.66973800564412, 45.496623788227168 ] } },
{ "type": "Feature", "properties": { "pid": 748, "street": "S RIVER PKWY", "block_id": 38289, "fclass": null, "w": 23.7, "s": 35.7, "d": 12.0, "l": 55.0, "lstyle": "COMBO", "rstyle": "COMBO" }, "geometry": { "type": "Point", "coordinates": [ -122.669670920777136, 45.498627575820571 ] } },
{ "type": "Feature", "properties": { "pid": 749, "street": "S MOODY AVE", "block_id": 38290, "fclass": null, "w": 23.4, "s": 34.5, "d": 11.1, "l": 20.0, "lstyle": "STANDARD", "rstyle": "COMBO" }, "geometry": { "type": "Point", "coordinates": [ -122.671775545808828, 45.499249550786359 ] } },
{ "type": "Feature", "properties": { "pid": 750, "street": "S MEADE ST", "block_id": 38341, "fclass": null, "w": 22.0, "s": 29.1, "d": 7.1, "l": 30.0, "lstyle": "COMBO", "rstyle": "COMBO" }, "geometry": { "type": "Point", "coordinates": [ -122.67273719689976, 45.503464348707126 ] } },
{ "type": "Feature", "properties": { "pid": 751, "street": "S MEADE ST", "block_id": 38341, "fclass": null, "w": 21.9, "s": 29.1, "d": 7.2, "l": 60.0, "lstyle": "COMBO", "rstyle": "COMBO" }, "geometry": { "type": "Point", "coordinates": [ -122.671968677467135, 45.503700285684815 ] } },
{ "type": "Feature", "properties": { "pid": 752, "street": "S MEADE ST", "block_id": 38341, "fclass": null, "w": 21.8, "s": 29.1, "d": 7.3, "l": 75.0, "lstyle": "COMBO", "rstyle": "COMBO" }, "geometry": { "type": "Point", "coordinates": [ -122.671325260939938, 45.503897810351923 ] } },
{ "type": "Feature", "properties": { "pid": 753, "street": "S MEADE ST", "block_id": 38341, "fclass": null, "w": 21.8, "s": 31.1, "d": 9.3, "l": 35.0, "lstyle": "COMBO", "rstyle": "COMBO" }, "geometry": { "type": "Point", "coordinates": [ -122.671231131531997, 45.503927147760898 ] } },
{ "type": "Feature", "properties": { "pid": 754, "street": "S WATER AVE", "block_id": 38352, "fclass": null, "w": 17.9, "s": 39.6, "d": 21.7, "l": 105.0, "lstyle": "UNKNOWN", "rstyle": "UNKNOWN" }, "geometry": { "type": "Point", "coordinates": [ -122.676812593676402, 45.502908511493253 ] } },
{ "type": "Feature", "properties": { "pid": 755, "street": "S HARBOR WAY", "block_id": 38395, "fclass": null, "w": 23.8, "s": 33.9, "d": 10.1, "l": 25.0, "lstyle": "UNKNOWN", "rstyle": "UNKNOWN" }, "geometry": { "type": "Point", "coordinates": [ -122.674753892360769, 45.510975771923803 ] } },
{ "type": "Feature", "properties": { "pid": 756, "street": "S WATER AVE", "block_id": 38408, "fclass": null, "w": 21.1, "s": 37.1, "d": 16.0, "l": 20.0, "lstyle": "UNKNOWN", "rstyle": "UNKNOWN" }, "geometry": { "type": "Point", "coordinates": [ -122.676071008519017, 45.507044884643932 ] } },
{ "type": "Feature", "properties": { "pid": 757, "street": "S MEADE ST", "block_id": 38352, "fclass": null, "w": 18.8, "s": 36.0, "d": 17.2, "l": 15.0, "lstyle": "UNKNOWN", "rstyle": "UNKNOWN" }, "geometry": { "type": "Point", "coordinates": [ -122.67684118462266, 45.502928684501562 ] } },
{ "type": "Feature", "properties": { "pid": 758, "street": "S CORBETT AVE", "block_id": 38436, "fclass": null, "w": 17.4, "s": 35.6, "d": 18.2, "l": 10.0, "lstyle": "MONOLITH", "rstyle": "MONOLITH" }, "geometry": { "type": "Point", "coordinates": [ -122.675513699866244, 45.502347979789747 ] } },
{ "type": "Feature", "properties": { "pid": 759, "street": "S GROVER ST", "block_id": 38299, "fclass": null, "w": 19.4, "s": 46.2, "d": 26.8, "l": 20.0, "lstyle": "UNKNOWN", "rstyle": "UNKNOWN" }, "geometry": { "type": "Point", "coordinates": [ -122.674762316872716, 45.500071972532744 ] } },
{ "type": "Feature", "properties": { "pid": 760, "street": "S HOOD AVE-MACADAM AVE RAMP", "block_id": 38465, "fclass": null, "w": 11.6, "s": 28.3, "d": 16.7, "l": 10.0, "lstyle": "UNKNOWN", "rstyle": "UNKNOWN" }, "geometry": { "type": "Point", "coordinates": [ -122.673699174723637, 45.492941951523385 ] } },
{ "type": "Feature", "properties": { "pid": 761, "street": "SE MADISON ST", "block_id": 38737, "fclass": "UL", "w": 15.1, "s": 40.0, "d": 24.9, "l": 85.0, "lstyle": "MONOLITH", "rstyle": "UNKNOWN" }, "geometry": { "type": "Point", "coordinates": [ -122.666295266282631, 45.512977239396754 ] } },
{ "type": "Feature", "properties": { "pid": 762, "street": "SE HAWTHORNE BRG-HAWTHORNE BLVD RAMP", "block_id": 38754, "fclass": null, "w": 16.9, "s": 40.1, "d": 23.2, "l": 10.0, "lstyle": "UNKNOWN", "rstyle": "UNKNOWN" }, "geometry": { "type": "Point", "coordinates": [ -122.666194931021295, 45.512244474705128 ] } },
{ "type": "Feature", "properties": { "pid": 763, "street": "SE MADISON ST-HAWTHORNE BRG RAMP", "block_id": 38760, "fclass": "UMiA", "w": 18.4, "s": 40.0, "d": 21.6, "l": 25.0, "lstyle": "UNKNOWN", "rstyle": "MONOLITH" }, "geometry": { "type": "Point", "coordinates": [ -122.666049222915589, 45.512942177292913 ] } },
{ "type": "Feature", "properties": { "pid": 764, "street": "SE MADISON ST-HAWTHORNE BRG RAMP", "block_id": 38760, "fclass": "UMiA", "w": 21.0, "s": 40.0, "d": 19.0, "l": 10.0, "lstyle": "UNKNOWN", "rstyle": "UNKNOWN" }, "geometry": { "type": "Point", "coordinates": [ -122.66601107462327, 45.512947902857597 ] } },
{ "type": "Feature", "properties": { "pid": 765, "street": "NE 55TH AVE", "block_id": 38880, "fclass": null, "w": 22.2, "s": 31.9, "d": 9.7, "l": 80.0, "lstyle": "STANDARD", "rstyle": "STANDARD" }, "geometry": { "type": "Point", "coordinates": [ -122.606994777882562, 45.56095492274266 ] } },
{ "type": "Feature", "properties": { "pid": 766, "street": "NE I84 FWY-FARGO ST RAMP", "block_id": 38885, "fclass": null, "w": 11.3, "s": 27.6, "d": 16.3, "l": 110.0, "lstyle": "STANDARD", "rstyle": "UNKNOWN" }, "geometry": { "type": "Point", "coordinates": [ -122.557705410518153, 45.54550156127663 ] } },
{ "type": "Feature", "properties": { "pid": 767, "street": "S ABERNETHY ST", "block_id": 38895, "fclass": null, "w": 23.9, "s": 36.4, "d": 12.5, "l": 15.0, "lstyle": "COMBO", "rstyle": "COMBO" }, "geometry": { "type": "Point", "coordinates": [ -122.670781919833189, 45.494996089075208 ] } },
{ "type": "Feature", "properties": { "pid": 768, "street": "NW I405 FWY-COUCH ST RAMP", "block_id": 38929, "fclass": null, "w": 22.9, "s": 30.3, "d": 7.4, "l": 45.0, "lstyle": "UNKNOWN", "rstyle": "STANDARD" }, "geometry": { "type": "Point", "coordinates": [ -122.68706863458344, 45.524931816535286 ] } },
{ "type": "Feature", "properties": { "pid": 769, "street": "NE I84 FWY-I205 FWY RAMP", "block_id": 38952, "fclass": null, "w": 9.4, "s": 42.9, "d": 33.5, "l": 15.0, "lstyle": "STANDARD", "rstyle": "STANDARD" }, "geometry": { "type": "Point", "coordinates": [ -122.560699356504713, 45.547181909413787 ] } },
{ "type": "Feature", "properties": { "pid": 770, "street": "SE DIVISION ST", "block_id": 39043, "fclass": null, "w": 23.0, "s": 38.2, "d": 15.2, "l": 10.0, "lstyle": "MONOLITH", "rstyle": "MONOLITH" }, "geometry": { "type": "Point", "coordinates": [ -122.556528626904196, 45.504237647466937 ] } },
{ "type": "Feature", "properties": { "pid": 771, "street": "NW EVERETT ST", "block_id": 39139, "fclass": null, "w": 19.7, "s": 32.0, "d": 12.3, "l": 20.0, "lstyle": "UNKNOWN", "rstyle": "UNKNOWN" }, "geometry": { "type": "Point", "coordinates": [ -122.671218500417311, 45.52530659357955 ] } },
{ "type": "Feature", "properties": { "pid": 772, "street": "NW EVERETT ST", "block_id": 39139, "fclass": null, "w": 3.1, "s": 32.0, "d": 28.9, "l": 15.0, "lstyle": "UNKNOWN", "rstyle": "UNKNOWN" }, "geometry": { "type": "Point", "coordinates": [ -122.671296452215955, 45.525304235494659 ] } },
{ "type": "Feature", "properties": { "pid": 773, "street": "SW SAM JACKSON PARK RD", "block_id": 30653, "fclass": null, "w": 22.6, "s": 37.9, "d": 15.3, "l": 35.0, "lstyle": "STANDARD", "rstyle": "STANDARD" }, "geometry": { "type": "Point", "coordinates": [ -122.684095375525743, 45.501264970907656 ] } },
{ "type": "Feature", "properties": { "pid": 774, "street": "N UNNAMED RD", "block_id": 39205, "fclass": null, "w": 13.0, "s": 37.5, "d": 24.5, "l": 15.0, "lstyle": "COMBO", "rstyle": "MONOLITH" }, "geometry": { "type": "Point", "coordinates": [ -122.771708460950819, 45.617812802123638 ] } },
{ "type": "Feature", "properties": { "pid": 775, "street": "SE MARKET ST", "block_id": 39228, "fclass": "UL", "w": 23.1, "s": 37.9, "d": 14.8, "l": 45.0, "lstyle": "CUTOUT_S", "rstyle": "KEYED" }, "geometry": { "type": "Point", "coordinates": [ -122.663693829967883, 45.51084006138845 ] } },
{ "type": "Feature", "properties": { "pid": 776, "street": "SE TENINO CT", "block_id": 39246, "fclass": null, "w": 19.7, "s": 28.1, "d": 8.4, "l": 20.0, "lstyle": "STANDARD", "rstyle": "STANDARD" }, "geometry": { "type": "Point", "coordinates": [ -122.613116643569725, 45.465116521959018 ] } },
{ "type": "Feature", "properties": { "pid": 777, "street": "SW HEWETT BLVD", "block_id": 39415, "fclass": null, "w": 22.4, "s": 26.2, "d": 3.8, "l": 10.0, "lstyle": "UNKNOWN", "rstyle": "UNKNOWN" }, "geometry": { "type": "Point", "coordinates": [ -122.736470168210289, 45.507584270412082 ] } },
{ "type": "Feature", "properties": { "pid": 778, "street": "SE 152ND AVE", "block_id": 39526, "fclass": "UL", "w": 20.0, "s": 25.9, "d": 5.9, "l": 95.0, "lstyle": "CUTOUT_C", "rstyle": "CUTOUT_C" }, "geometry": { "type": "Point", "coordinates": [ -122.506921540799866, 45.469172878740068 ] } },
{ "type": "Feature", "properties": { "pid": 779, "street": "SE 152ND AVE", "block_id": 39527, "fclass": "UL", "w": 20.3, "s": 26.0, "d": 5.7, "l": 25.0, "lstyle": "CUTOUT_C", "rstyle": "STANDARD" }, "geometry": { "type": "Point", "coordinates": [ -122.506923837506037, 45.468731321040508 ] } },
{ "type": "Feature", "properties": { "pid": 780, "street": "SE KNIGHT ST", "block_id": 39541, "fclass": null, "w": 20.0, "s": 27.1, "d": 7.1, "l": 130.0, "lstyle": "STANDARD", "rstyle": "STANDARD" }, "geometry": { "type": "Point", "coordinates": [ -122.514826653792312, 45.479486370587601 ] } },
{ "type": "Feature", "properties": { "pid": 781, "street": "SE 85TH AVE", "block_id": 39610, "fclass": null, "w": 16.0, "s": 28.2, "d": 12.2, "l": 15.0, "lstyle": "MODCURB", "rstyle": "UNKNOWN" }, "geometry": { "type": "Point", "coordinates": [ -122.575008428710746, 45.500596245352448 ] } },
{ "type": "Feature", "properties": { "pid": 782, "street": "NE 97TH AVE", "block_id": 35883, "fclass": null, "w": 21.0, "s": 28.7, "d": 7.7, "l": 50.0, "lstyle": "THICK", "rstyle": "THICK" }, "geometry": { "type": "Point", "coordinates": [ -122.563594174574916, 45.524634680915888 ] } },
{ "type": "Feature", "properties": { "pid": 783, "street": "NW STATION WAY", "block_id": 39635, "fclass": null, "w": 14.9, "s": 41.2, "d": 26.3, "l": 30.0, "lstyle": "UNKNOWN", "rstyle": "COMBO" }, "geometry": { "type": "Point", "coordinates": [ -122.677645474357519, 45.529696611126603 ] } }
]
}
